id,name,brand,kind,boardDatasheets,hardwareGuides,schematics,componentDatasheets,visualCount,websiteStatus,missing,website
guition-cyd-esp32-1732s019,ESP32-1732S019,Guition,board,0,0,0,0,1,missing,Board datasheet not yet recorded; Original manufacturer website not yet identified,
guition-cyd-esp32-2424s012,ESP32-2424S012,Guition,board,0,0,0,0,1,missing,Board datasheet not yet recorded; Original manufacturer website not yet identified,
guition-cyd-esp32-2432s024,ESP32-2432S024,Guition,board,0,0,0,0,1,missing,Board datasheet not yet recorded; Original manufacturer website not yet identified,
guition-cyd-esp32-2432s028,ESP32-2432S028,Guition,board,0,0,0,0,1,missing,Board datasheet not yet recorded; Original manufacturer website not yet identified,
guition-cyd-esp32-2432s032,ESP32-2432S032,Guition,board,0,0,0,0,1,missing,Board datasheet not yet recorded; Original manufacturer website not yet identified,
guition-cyd-esp32-3248s035,ESP32-3248S035,Guition,board,0,0,0,0,1,missing,Board datasheet not yet recorded; Original manufacturer website not yet identified,
guition-cyd-esp32-4827s043,ESP32-4827S043,Guition,board,0,0,0,0,1,missing,Board datasheet not yet recorded; Original manufacturer website not yet identified,
guition-cyd-esp32-4848s040,ESP32-4848S040,Guition,board,0,0,0,0,1,missing,Board datasheet not yet recorded; Original manufacturer website not yet identified,
guition-cyd-esp32-8048s050,ESP32-8048S050,Guition,board,0,0,0,0,1,missing,Board datasheet not yet recorded; Original manufacturer website not yet identified,
guition-cyd-esp32-8048s070,ESP32-8048S070,Guition,board,0,0,0,0,1,missing,Board datasheet not yet recorded; Original manufacturer website not yet identified,
guition-cyd-esp32-8048s550c,esp32-8048S550C,Guition,board,0,0,0,0,0,missing,Board datasheet not yet recorded; Original manufacturer website not yet identified; Board/device visual reference still needed,
guition-cyd-jc1060p470c-i-w,JC1060P470C_I_W,Guition,board,0,0,0,0,1,missing,Board datasheet not yet recorded; Original manufacturer website not yet identified,
guition-cyd-jc1060p470c-i-w-y,JC1060P470C_I_W_Y,Guition,board,0,0,0,0,1,missing,Board datasheet not yet recorded; Original manufacturer website not yet identified,
guition-cyd-jc2432w328,JC2432W328,Guition,board,0,0,0,0,2,missing,Board datasheet not yet recorded; Original manufacturer website not yet identified,
guition-cyd-jc2432w328c,JC2432W328C,Guition,board,0,0,0,0,0,missing,Board datasheet not yet recorded; Original manufacturer website not yet identified; Board/device visual reference still needed,
guition-cyd-jc3248w535,JC3248W535,Guition,board,0,0,0,0,1,missing,Board datasheet not yet recorded; Original manufacturer website not yet identified,
guition-cyd-jc3248w535n,JC3248W535N,Guition,board,0,0,0,0,0,missing,Board datasheet not yet recorded; Original manufacturer website not yet identified; Board/device visual reference still needed,
guition-cyd-jc3636k518,JC3636K518,Guition,board,0,0,0,0,0,missing,Board datasheet not yet recorded; Original manufacturer website not yet identified; Board/device visual reference still needed,
guition-cyd-jc3636w518,JC3636W518,Guition,board,0,0,0,0,0,missing,Board datasheet not yet recorded; Original manufacturer website not yet identified; Board/device visual reference still needed,
guition-cyd-jc4827w543,JC4827W543,Guition,board,0,0,0,0,1,missing,Board datasheet not yet recorded; Original manufacturer website not yet identified,
guition-cyd-jc4827w543c,JC4827W543C,Guition,board,0,0,0,0,0,missing,Board datasheet not yet recorded; Original manufacturer website not yet identified; Board/device visual reference still needed,
guition-cyd-jc4880p443c-i-w,JC4880P443C_I_W,Guition,board,0,0,0,0,1,missing,Board datasheet not yet recorded; Original manufacturer website not yet identified,
guition-cyd-jc8012p4a1c-i-w,JC8012P4A1C_I_W,Guition,board,0,0,0,0,1,missing,Board datasheet not yet recorded; Original manufacturer website not yet identified,
guition-cyd-jc8048w550,JC8048W550,Guition,board,0,0,0,0,1,missing,Board datasheet not yet recorded; Original manufacturer website not yet identified,
guition-cyd-jc8048w550c,JC8048W550C,Guition,board,0,0,0,0,0,missing,Board datasheet not yet recorded; Original manufacturer website not yet identified; Board/device visual reference still needed,
sunton-cyd-esp32-1732s019c,esp32-1732S019C,Sunton,board,0,0,0,0,0,missing,Board datasheet not yet recorded; Original manufacturer website not yet identified; Board/device visual reference still needed,
sunton-cyd-esp32-1732s019n,esp32-1732S019N,Sunton,board,0,0,0,0,0,missing,Board datasheet not yet recorded; Original manufacturer website not yet identified; Board/device visual reference still needed,
sunton-cyd-esp32-2424s012c,esp32-2424S012C,Sunton,board,0,0,0,0,0,missing,Board datasheet not yet recorded; Original manufacturer website not yet identified; Board/device visual reference still needed,
sunton-cyd-esp32-2424s012n,esp32-2424S012N,Sunton,board,0,0,0,0,0,missing,Board datasheet not yet recorded; Original manufacturer website not yet identified; Board/device visual reference still needed,
sunton-cyd-esp32-2432s022c,esp32-2432S022C,Sunton,board,0,0,0,0,0,missing,Board datasheet not yet recorded; Original manufacturer website not yet identified; Board/device visual reference still needed,
sunton-cyd-esp32-2432s022n,esp32-2432S022N,Sunton,board,0,0,0,0,0,missing,Board datasheet not yet recorded; Original manufacturer website not yet identified; Board/device visual reference still needed,
sunton-cyd-esp32-2432s024,ESP32-2432S024,Sunton,board,0,0,0,0,1,missing,Board datasheet not yet recorded; Original manufacturer website not yet identified,
sunton-cyd-esp32-2432s024c,esp32-2432S024C,Sunton,board,0,0,0,0,0,missing,Board datasheet not yet recorded; Original manufacturer website not yet identified; Board/device visual reference still needed,
sunton-cyd-esp32-2432s024n,esp32-2432S024N,Sunton,board,0,0,0,0,0,missing,Board datasheet not yet recorded; Original manufacturer website not yet identified; Board/device visual reference still needed,
sunton-cyd-esp32-2432s024r,esp32-2432S024R,Sunton,board,0,0,0,0,0,missing,Board datasheet not yet recorded; Original manufacturer website not yet identified; Board/device visual reference still needed,
sunton-cyd-esp32-2432s028,ESP32-2432S028,Sunton,board,0,0,0,0,1,missing,Board datasheet not yet recorded; Original manufacturer website not yet identified,
sunton-cyd-esp32-2432s028r,ESP32-2432S028R,Sunton,board,0,0,0,0,5,missing,Board datasheet not yet recorded; Original manufacturer website not yet identified,
sunton-cyd-esp32-2432s028rv2,esp32-2432S028Rv2,Sunton,board,0,0,0,0,0,missing,Board datasheet not yet recorded; Original manufacturer website not yet identified; Board/device visual reference still needed,
sunton-cyd-esp32-2432s028rv3,esp32-2432S028Rv3,Sunton,board,0,0,0,0,0,missing,Board datasheet not yet recorded; Original manufacturer website not yet identified; Board/device visual reference still needed,
sunton-cyd-esp32-2432s032c,esp32-2432S032C,Sunton,board,0,0,0,0,0,missing,Board datasheet not yet recorded; Original manufacturer website not yet identified; Board/device visual reference still needed,
sunton-cyd-esp32-2432s032c-i,ESP32-2432S032C-I,Sunton,board,0,0,0,0,1,missing,Board datasheet not yet recorded; Original manufacturer website not yet identified,
sunton-cyd-esp32-2432s032n,esp32-2432S032N,Sunton,board,0,0,0,0,0,missing,Board datasheet not yet recorded; Original manufacturer website not yet identified; Board/device visual reference still needed,
sunton-cyd-esp32-2432s032r,esp32-2432S032R,Sunton,board,0,0,0,0,0,missing,Board datasheet not yet recorded; Original manufacturer website not yet identified; Board/device visual reference still needed,
sunton-cyd-esp32-3248s035c,ESP32-3248S035C,Sunton,board,0,0,0,0,0,missing,Board datasheet not yet recorded; Original manufacturer website not yet identified; Board/device visual reference still needed,
sunton-cyd-esp32-3248s035r,ESP32-3248S035R,Sunton,board,0,0,0,0,1,missing,Board datasheet not yet recorded; Original manufacturer website not yet identified,
sunton-cyd-esp32-4827s043c,esp32-4827S043C,Sunton,board,0,0,0,0,0,missing,Board datasheet not yet recorded; Original manufacturer website not yet identified; Board/device visual reference still needed,
sunton-cyd-esp32-4827s043n,esp32-4827S043N,Sunton,board,0,0,0,0,0,missing,Board datasheet not yet recorded; Original manufacturer website not yet identified; Board/device visual reference still needed,
sunton-cyd-esp32-4827s043r,esp32-4827S043R,Sunton,board,0,0,0,0,0,missing,Board datasheet not yet recorded; Original manufacturer website not yet identified; Board/device visual reference still needed,
sunton-cyd-esp32-4848s040ciy1,esp32-4848S040CIY1,Sunton,board,0,0,0,0,0,missing,Board datasheet not yet recorded; Original manufacturer website not yet identified; Board/device visual reference still needed,
sunton-cyd-esp32-4848s040ciy3,esp32-4848S040CIY3,Sunton,board,0,0,0,0,0,missing,Board datasheet not yet recorded; Original manufacturer website not yet identified; Board/device visual reference still needed,
sunton-cyd-esp32-8048s043c,esp32-8048S043C,Sunton,board,0,0,0,0,0,missing,Board datasheet not yet recorded; Original manufacturer website not yet identified; Board/device visual reference still needed,
sunton-cyd-esp32-8048s043n,esp32-8048S043N,Sunton,board,0,0,0,0,0,missing,Board datasheet not yet recorded; Original manufacturer website not yet identified; Board/device visual reference still needed,
sunton-cyd-esp32-8048s043r,esp32-8048S043R,Sunton,board,0,0,0,0,0,missing,Board datasheet not yet recorded; Original manufacturer website not yet identified; Board/device visual reference still needed,
sunton-cyd-esp32-8048s050c,esp32-8048S050C,Sunton,board,0,0,0,0,0,missing,Board datasheet not yet recorded; Original manufacturer website not yet identified; Board/device visual reference still needed,
sunton-cyd-esp32-8048s050n,esp32-8048S050N,Sunton,board,0,0,0,0,0,missing,Board datasheet not yet recorded; Original manufacturer website not yet identified; Board/device visual reference still needed,
sunton-cyd-esp32-8048s050r,esp32-8048S050R,Sunton,board,0,0,0,0,0,missing,Board datasheet not yet recorded; Original manufacturer website not yet identified; Board/device visual reference still needed,
sunton-cyd-esp32-8048s070c,esp32-8048S070C,Sunton,board,0,0,0,0,0,missing,Board datasheet not yet recorded; Original manufacturer website not yet identified; Board/device visual reference still needed,
sunton-cyd-esp32-8048s070n,esp32-8048S070N,Sunton,board,0,0,0,0,0,missing,Board datasheet not yet recorded; Original manufacturer website not yet identified; Board/device visual reference still needed,
sunton-cyd-esp32-8048s070r,esp32-8048S070R,Sunton,board,0,0,0,0,0,missing,Board datasheet not yet recorded; Original manufacturer website not yet identified; Board/device visual reference still needed,
01space-esp32-esp32-c3-0-42lcd,ESP32-C3-0.42LCD,01space,board,0,0,0,0,0,missing,Board datasheet not yet recorded; Original manufacturer website not yet identified; Board/device visual reference still needed,
adafruit-esp32-feather-huzzah32,Adafruit Feather HUZZAH32,Adafruit,board,0,0,0,0,1,recorded-not-rechecked,Board datasheet not yet recorded,https://learn.adafruit.com/adafruit-huzzah32-esp32-feather/pinouts
adafruit-esp32-huzzah32-breakout,Adafruit HUZZAH32 Breakout,Adafruit,board,0,0,0,0,1,recorded-not-rechecked,Board datasheet not yet recorded,https://www.adafruit.com/product/4172
adafruit-esp32-itsybitsy-esp32,Adafruit ItsyBitsy ESP32,Adafruit,board,0,0,0,0,1,recorded-not-rechecked,Board datasheet not yet recorded,https://learn.adafruit.com/adafruit-itsybitsy-esp32/pinouts
adafruit-esp32-mini-sparkle-motion,Adafruit Mini Sparkle Motion,Adafruit,board,0,0,0,0,1,recorded-not-rechecked,Board datasheet not yet recorded,https://learn.adafruit.com/adafruit-sparkle-motion-mini/pinouts
adafruit-esp32-p4-gpio,Adafruit P4 GPIO,Adafruit,board,0,0,0,0,0,recorded-not-rechecked,Board datasheet not yet recorded; Board/device visual reference still needed,https://github.com/adafruit/circuitpython/tree/main/ports/espressif/boards/adafruit_p4gpio
adafruit-esp32-qt-py-esp32-pico,Adafruit QT Py ESP32 Pico,Adafruit,board,0,0,0,0,1,recorded-not-rechecked,Board datasheet not yet recorded,https://www.adafruit.com/product/5395
adafruit-esp32-qt-py-esp32-s2-including-ufl-version,Adafruit QT Py ESP32-S2 (including uFL version),Adafruit,board,0,0,0,0,1,recorded-not-rechecked,Board datasheet not yet recorded,https://learn.adafruit.com/adafruit-qt-py-esp32-s2/pinouts
adafruit-esp32-qt-py-esp32-s3-4mb-flash-2mb-psram,Adafruit QT Py ESP32-S3 4MB Flash/2MB PSRAM,Adafruit,board,0,0,0,0,0,recorded-not-rechecked,Board datasheet not yet recorded; Board/device visual reference still needed,https://www.adafruit.com/product/5700
adafruit-esp32-qt-py-esp32-s3-8mb-flash-no-psram,Adafruit QT Py ESP32-S3 8MB Flash No PSRAM,Adafruit,board,0,0,0,0,0,recorded-not-rechecked,Board datasheet not yet recorded; Board/device visual reference still needed,https://www.adafruit.com/product/5426
adafruit-esp32-sparkle-motion,Adafruit Sparkle Motion,Adafruit,board,0,0,0,0,1,recorded-not-rechecked,Board datasheet not yet recorded,https://learn.adafruit.com/adafruit-sparkle-motion/pinouts
adafruit-esp32-vindie-s2,Adafruit Vindie S2,Adafruit,board,0,0,0,0,0,missing,Board datasheet not yet recorded; Original manufacturer website not yet identified; Board/device visual reference still needed,
adafruit-esp32-esp32-s2-reverse-tft-feather,ESP32-S2 Reverse TFT Feather,Adafruit,board,0,0,0,0,2,recorded-not-rechecked,Board datasheet not yet recorded,https://learn.adafruit.com/esp32-s2-reverse-tft-feather/pinouts
adafruit-esp32-esp32-s3-reverse-tft-feather,ESP32-S3 Reverse TFT Feather,Adafruit,board,0,0,0,0,4,recorded-not-rechecked,Board datasheet not yet recorded,https://www.adafruit.com/product/5691
adafruit-esp32-feather-esp32-v2,Feather ESP32 V2,Adafruit,board,0,0,0,0,1,recorded-not-rechecked,Board datasheet not yet recorded,https://learn.adafruit.com/adafruit-esp32-feather-v2/pinouts
adafruit-esp32-feather-esp32-c6-4mb-flash-no-psram,Feather ESP32-C6 4MB Flash No PSRAM,Adafruit,board,0,0,0,0,1,recorded-not-rechecked,Board datasheet not yet recorded,https://learn.adafruit.com/adafruit-esp32-c6-feather/pinouts
adafruit-esp32-feather-esp32-s2,Feather ESP32-S2,Adafruit,board,0,0,0,0,1,recorded-not-rechecked,Board datasheet not yet recorded,https://learn.adafruit.com/adafruit-esp32-s2-feather/pinouts
adafruit-esp32-feather-esp32-s2-with-bme280-sensor,Feather ESP32-S2 with BME280 Sensor,Adafruit,board,0,0,0,0,0,recorded-not-rechecked,Board datasheet not yet recorded; Board/device visual reference still needed,https://www.adafruit.com/product/5303
adafruit-esp32-feather-esp32-s2-with-tft,Feather ESP32-S2 with TFT,Adafruit,board,0,0,0,0,1,recorded-not-rechecked,Board datasheet not yet recorded,https://learn.adafruit.com/adafruit-esp32-s2-tft-feather/pinouts
adafruit-esp32-feather-esp32-s3,Feather ESP32-S3,Adafruit,board,0,0,0,0,1,recorded-not-rechecked,Board datasheet not yet recorded,https://learn.adafruit.com/adafruit-esp32-s3-feather/pinouts
adafruit-esp32-feather-esp32-s3-4mb-flash-2mb-psram,Feather ESP32-S3 4MB Flash 2MB PSRAM,Adafruit,board,0,0,0,0,1,recorded-not-rechecked,Board datasheet not yet recorded,https://learn.adafruit.com/adafruit-esp32-s3-feather/pinouts
adafruit-esp32-feather-esp32-s3-8mb-flash-no-psram,Feather ESP32-S3 8MB Flash No PSRAM,Adafruit,board,0,0,0,0,0,recorded-not-rechecked,Board datasheet not yet recorded; Board/device visual reference still needed,https://www.adafruit.com/product/5323
adafruit-esp32-feather-esp32-s3-tft-psram,Feather ESP32-S3 TFT PSRAM,Adafruit,board,0,0,0,0,1,recorded-not-rechecked,Board datasheet not yet recorded,https://learn.adafruit.com/adafruit-esp32-s3-tft-feather/pinouts
adafruit-esp32-feather-huzzah-esp8266,Feather HUZZAH ESP8266,Adafruit,board,0,0,0,0,1,recorded-not-rechecked,Board datasheet not yet recorded,https://learn.adafruit.com/adafruit-feather-huzzah-esp8266/downloads
adafruit-esp32-funhouse-wifi-home-automation-development-board,FunHouse - WiFi Home Automation Development Board,Adafruit,board,0,0,0,0,1,recorded-not-rechecked,Board datasheet not yet recorded,https://learn.adafruit.com/adafruit-funhouse/pinouts
adafruit-esp32-magtag-2-9-grayscale-e-ink-wifi-display,"MagTag - 2.9\"" Grayscale E-Ink WiFi Display",Adafruit,board,0,0,0,0,1,recorded-not-rechecked,Board datasheet not yet recorded,https://learn.adafruit.com/adafruit-magtag/pinouts
adafruit-esp32-matrixportal-s3,MatrixPortal S3,Adafruit,board,0,0,0,0,2,recorded-not-rechecked,Board datasheet not yet recorded,https://www.adafruit.com/product/5778
adafruit-esp32-memento-python-programmable-diy-camera,MEMENTO - Python Programmable DIY Camera,Adafruit,board,0,0,0,0,0,recorded-not-rechecked,Board datasheet not yet recorded; Board/device visual reference still needed,https://www.adafruit.com/product/5420
adafruit-esp32-metro-esp32-s2,Metro ESP32-S2,Adafruit,board,0,0,0,0,1,recorded-not-rechecked,Board datasheet not yet recorded,https://learn.adafruit.com/adafruit-metro-esp32-s2/pinouts
adafruit-esp32-metro-esp32-s3,Metro ESP32-S3,Adafruit,board,0,0,0,0,1,recorded-not-rechecked,Board datasheet not yet recorded,https://learn.adafruit.com/adafruit-metro-esp32-s3/pinouts
adafruit-esp32-qt-py-esp32-c3,QT Py ESP32-C3,Adafruit,board,0,0,0,0,1,recorded-not-rechecked,Board datasheet not yet recorded,https://learn.adafruit.com/adafruit-qt-py-esp32-c3-wifi-dev-board/pinouts
adafruit-esp32-qt-py-esp32-s3,QT Py ESP32-S3,Adafruit,board,0,0,0,0,1,recorded-not-rechecked,Board datasheet not yet recorded,https://learn.adafruit.com/adafruit-qt-py-esp32-s3/pinouts
adafruit-esp32-qualia-esp32-s3-for-ttl-rgb-666-displays,Qualia ESP32-S3 for TTL RGB-666 Displays,Adafruit,board,0,0,0,0,0,recorded-not-rechecked,Board datasheet not yet recorded; Board/device visual reference still needed,https://www.adafruit.com/product/5800
ai-thinker-esp32-ai-thinker-esp32-cam,Ai Thinker ESP32-CAM,Ai-Thinker,board,0,0,0,0,0,missing,Board datasheet not yet recorded; Original manufacturer website not yet identified; Board/device visual reference still needed,
ai-thinker-esp32-esp-c3-32s,ESP-C3-32S,Ai-Thinker,board,0,0,0,0,0,missing,Board datasheet not yet recorded; Original manufacturer website not yet identified; Board/device visual reference still needed,
ai-thinker-esp32-esp-c3-32s-2m,ESP-C3-32S (2M),Ai-Thinker,board,0,0,0,0,0,missing,Board datasheet not yet recorded; Original manufacturer website not yet identified; Board/device visual reference still needed,
ai-thinker-esp32-nodemcu-esp-12k,NodeMCU ESP-12K,Ai-Thinker,board,0,0,0,0,0,missing,Board datasheet not yet recorded; Original manufacturer website not yet identified; Board/device visual reference still needed,
arduino-esp32-nano-esp32,Nano ESP32,Arduino,board,0,0,0,0,8,recorded-not-rechecked,Board datasheet not yet recorded,https://docs.arduino.cc/hardware/alvik/
arduino-esp32-nano-esp32-with-inverted-status-led,Nano ESP32 with inverted Status LED,Arduino,board,0,0,0,0,0,recorded-not-rechecked,Board datasheet not yet recorded; Board/device visual reference still needed,https://store.arduino.cc/pages/nano-esp32
atmegazero-esp32-esp32-s2,ATMegaZero ESP32-S2,ATMegaZero,board,0,0,0,0,0,missing,Board datasheet not yet recorded; Original manufacturer website not yet identified; Board/device visual reference still needed,
autosport-labs-esp32-esp32-can-x2,Autosport Labs ESP32-CAN-X2,Autosport Labs,board,0,0,0,0,0,missing,Board datasheet not yet recorded; Original manufacturer website not yet identified; Board/device visual reference still needed,
banana-pi-esp32-bpi-bit,BPI-Bit,Banana Pi,board,0,0,0,0,0,recorded-not-rechecked,Board datasheet not yet recorded; Board/device visual reference still needed,https://docs.banana-pi.org/en/BPI-Bit/BananaPi_BPI-Bit
banana-pi-esp32-bpi-bit-s2,BPI-Bit-S2,Banana Pi,board,0,0,0,0,1,recorded-not-rechecked,Board datasheet not yet recorded,https://docs.banana-pi.org/en/BPI-Bit-S2/BananaPi_BPI-Bit-S2
banana-pi-esp32-bpi-centi-s3,BPI-Centi-S3,Banana Pi,board,0,0,0,0,0,recorded-not-rechecked,Board datasheet not yet recorded; Board/device visual reference still needed,https://docs.banana-pi.org/en/BPI-Centi-S3/BananaPi_BPI-Centi-S3
banana-pi-esp32-bpi-leaf-s3,BPI-Leaf-S3,Banana Pi,board,0,0,0,0,0,recorded-not-rechecked,Board datasheet not yet recorded; Board/device visual reference still needed,https://docs.banana-pi.org/en/BPI-Leaf-S3/BananaPi_BPI-Leaf-S3
banana-pi-esp32-bpi-picow-s3,BPI-PicoW-S3,Banana Pi,board,0,0,0,0,0,recorded-not-rechecked,Board datasheet not yet recorded; Board/device visual reference still needed,https://docs.banana-pi.org/en/BPI-PicoW-S3/BananaPi_BPI-PicoW-S3
brainboardz-inc-esp32-brainboardz-neuron,BrainBoardz Neuron,BrainBoardz Inc.,board,0,0,0,0,0,missing,Board datasheet not yet recorded; Original manufacturer website not yet identified; Board/device visual reference still needed,
cezerio-esp32-dev-esp32c6,cezerio dev ESP32C6,cezerio,board,0,0,0,0,0,missing,Board datasheet not yet recorded; Original manufacturer website not yet identified; Board/device visual reference still needed,
cezerio-esp32-mini-dev-esp32c6,cezerio mini dev ESP32C6,cezerio,board,0,0,0,0,0,missing,Board datasheet not yet recorded; Original manufacturer website not yet identified; Board/device visual reference still needed,
circuitart-esp32-esp32s3-zero,CircuitArt ESP32S3 Zero,CircuitArt,board,0,0,0,0,0,missing,Board datasheet not yet recorded; Original manufacturer website not yet identified; Board/device visual reference still needed,
community-esp32-alpstuga-drop-in-esp32-s3,ALPSTUGA Drop-In ESP32-S3,Community,board,0,0,0,0,0,missing,Board datasheet not yet recorded; Original manufacturer website not yet identified; Board/device visual reference still needed,
crcibernetica-esp32-ideaboard,CRCibernetica IdeaBoard,CRCibernetica,board,0,0,0,0,1,missing,Board datasheet not yet recorded; Original manufacturer website not yet identified,
crumpspace-esp32-crumps2,CrumpSpace CrumpS2,CrumpSpace,board,0,0,0,0,0,missing,Board datasheet not yet recorded; Original manufacturer website not yet identified; Board/device visual reference still needed,
cytron-technologies-esp32-maker-feather-aiot-s3,Maker Feather AIoT S3,Cytron Technologies,board,0,0,0,0,0,missing,Board datasheet not yet recorded; Original manufacturer website not yet identified; Board/device visual reference still needed,
czech-maker-make-more-esp32-maker-badge,Maker badge,Czech maker & Make More,board,0,0,0,0,0,missing,Board datasheet not yet recorded; Original manufacturer website not yet identified; Board/device visual reference still needed,
dfrobot-esp32-beetle-esp32-c3,Beetle ESP32-C3 IoT Development Board / DFR0868,DFRobot,board,0,1,0,0,2,checked-model-page,Board datasheet not yet recorded,https://wiki.dfrobot.com/dfr0868/
dfrobot-esp32-firebeetle-2-esp32-c5-dfr1222,FireBeetle 2 ESP32-C5 IoT Development Board / DFR1222,DFRobot,board,0,1,1,0,1,checked-model-page,Board datasheet not yet recorded,https://wiki.dfrobot.com/dfr1222/
dfrobot-esp32-firebeetle-2-esp32-s3,FireBeetle 2 ESP32-S3 AI Acceleration Board / DFR0975,DFRobot,board,0,1,0,0,3,checked-model-page,Board datasheet not yet recorded,https://wiki.dfrobot.com/dfr0975/
doit-esp32-esp32-development-board,DOIT ESP32 Development Board,DOIT,board,0,0,0,0,0,missing,Board datasheet not yet recorded; Original manufacturer website not yet identified; Board/device visual reference still needed,
doit-esp32-esp32-devkit-v1,ESP32 DEVKIT V1,DOIT,board,0,0,0,0,1,missing,Board datasheet not yet recorded; Original manufacturer website not yet identified,
double-take-labs-esp32-columbia-dsl-sensor,Columbia DSL Sensor,Double Take Labs,board,0,0,0,0,0,missing,Board datasheet not yet recorded; Original manufacturer website not yet identified; Board/device visual reference still needed,
dronecz-esp32-es3ink,ES3ink,dronecz,board,0,0,0,0,0,missing,Board datasheet not yet recorded; Original manufacturer website not yet identified; Board/device visual reference still needed,
elecrow-esp32-crowpanel-advance-2-4-hmi-esp32-ai-display,CrowPanel Advance 2.4-HMI ESP32 AI Display,Elecrow,board,0,0,0,0,1,recorded-not-rechecked,Board datasheet not yet recorded,https://www.elecrow.com/wiki/CrowPanel_Advance_2.4-HMI_ESP32_AI_Display.html
elecrow-esp32-crowpanel-advance-2-8-hmi-esp32-ai-display,CrowPanel Advance 2.8-HMI ESP32 AI Display,Elecrow,board,0,0,0,0,1,recorded-not-rechecked,Board datasheet not yet recorded,https://www.elecrow.com/wiki/CrowPanel_Advance_2.8-HMI_ESP32_AI_Display.html
elecrow-esp32-crowpanel-advance-3-5-hmi-esp32-ai-display,CrowPanel Advance 3.5-HMI ESP32 AI Display,Elecrow,board,0,0,0,0,1,recorded-not-rechecked,Board datasheet not yet recorded,https://www.elecrow.com/wiki/CrowPanel_Advance_3.5-HMI_ESP32_AI_Display.html
elecrow-esp32-crowpanel-advance-4-3-hmi-esp32-ai-display,CrowPanel Advance 4.3-HMI ESP32 AI Display,Elecrow,board,0,0,0,0,1,recorded-not-rechecked,Board datasheet not yet recorded,https://www.elecrow.com/wiki/CrowPanel_Advance_4.3-HMI_ESP32_AI_Display.html
elecrow-esp32-crowpanel-advance-5-0-hmi-esp32-ai-display,CrowPanel Advance 5.0-HMI ESP32 AI Display,Elecrow,board,0,0,0,0,1,recorded-not-rechecked,Board datasheet not yet recorded,https://www.elecrow.com/wiki/CrowPanel_Advance_5.0-HMI_ESP32_AI_Display.html
elecrow-esp32-crowpanel-advance-7-0-hmi-esp32-ai-display,CrowPanel Advance 7.0-HMI ESP32 AI Display,Elecrow,board,0,0,0,0,1,recorded-not-rechecked,Board datasheet not yet recorded,https://www.elecrow.com/wiki/ESP32_Display-7.0_inch%28Advance_Series%29wiki.html
elecrow-esp32-crowpanel-advanced-esp32-p4-10-1-inch,CrowPanel Advanced ESP32-P4 10.1-inch,Elecrow,board,0,1,0,0,0,checked-model-page,Board datasheet not yet recorded; Board/device visual reference still needed,https://www.elecrow.com/wiki/CrowPanel_Advanced_10.1inch_ESP32-P4_HMI_AI_Display_1024x600_IPS.html
elecrow-esp32-crowpanel-advanced-esp32-p4-5-inch,CrowPanel Advanced ESP32-P4 5-inch,Elecrow,board,0,1,0,0,0,checked-model-page,Board datasheet not yet recorded; Board/device visual reference still needed,https://www.elecrow.com/wiki/CrowPanel_Advanced_5inch_ESP32-P4_HMI_AI_Display_800x480_IPS_Touch_Screen_with_WiFi_6.html
elecrow-esp32-crowpanel-advanced-esp32-p4-7-inch,CrowPanel Advanced ESP32-P4 7-inch,Elecrow,board,0,1,0,0,0,checked-model-page,Board datasheet not yet recorded; Board/device visual reference still needed,https://www.elecrow.com/wiki/CrowPanel_Advanced_7inch_ESP32-P4_HMI_AI_Display_1024x600_IPS_Touch_Screen_with_WiFi6_Compatible_with_ArduinoLVGL.html
elecrow-esp32-crowpanel-advanced-esp32-p4-9-inch,CrowPanel Advanced ESP32-P4 9-inch,Elecrow,board,0,1,0,0,0,checked-model-page,Board datasheet not yet recorded; Board/device visual reference still needed,https://www.elecrow.com/wiki/CrowPanel_Advanced_9inch_ESP32-P4_HMI_AI_Display_1024x600_IPS.html
elecrow-esp32-crowpanel-esp32-1-28-inch-round-display,CrowPanel ESP32 1.28-inch Round Display,Elecrow,board,0,0,0,0,1,recorded-not-rechecked,Board datasheet not yet recorded,https://www.elecrow.com/wiki/CrowPanel_ESP32_1.28-inch_Round_Display.html
elecrow-esp32-crowpanel-esp32-e-paper-hmi-5-79-inch-display,CrowPanel ESP32 E-Paper HMI 5.79-inch Display,Elecrow,board,0,0,0,0,1,recorded-not-rechecked,Board datasheet not yet recorded,https://www.elecrow.com/wiki/CrowPanel_ESP32_E-paper_5.79-inch_HMI_Display.html
elecrow-esp32-crowpanel-esp32-hmi-2-4-inch-display,CrowPanel ESP32 HMI 2.4-inch Display,Elecrow,board,0,0,0,0,1,recorded-not-rechecked,Board datasheet not yet recorded,https://www.elecrow.com/wiki/esp32-display-242727-intelligent-touch-screen-wi-fi26ble-240320-hmi-display.html
elecrow-esp32-crowpanel-esp32-hmi-2-8-inch-display,CrowPanel ESP32 HMI 2.8-inch Display,Elecrow,board,0,0,0,0,1,recorded-not-rechecked,Board datasheet not yet recorded,https://www.elecrow.com/wiki/esp32-display-282727-intelligent-touch-screen-wi-fi26ble-240320-hmi-display.html
elecrow-esp32-crowpanel-esp32-hmi-3-5-inch-display,CrowPanel ESP32 HMI 3.5-inch Display,Elecrow,board,0,0,0,0,1,recorded-not-rechecked,Board datasheet not yet recorded,https://www.elecrow.com/wiki/esp32-display-352727-intelligent-touch-screen-wi-fi26ble-320480-hmi-display.html
elecrow-esp32-crowpanel-esp32-hmi-4-3-inch-display,CrowPanel ESP32 HMI 4.3-inch Display,Elecrow,board,0,0,0,0,1,recorded-not-rechecked,Board datasheet not yet recorded,https://www.elecrow.com/wiki/esp32-display-432727-intelligent-touch-screen-wi-fi26ble-480272-hmi-display.html
elecrow-esp32-crowpanel-esp32-hmi-5-0-inch-display,CrowPanel ESP32 HMI 5.0-inch Display,Elecrow,board,0,0,0,0,1,recorded-not-rechecked,Board datasheet not yet recorded,https://www.elecrow.com/wiki/esp32-display-502727-intelligent-touch-screen-wi-fi26ble-800480-hmi-display.html
elecrow-esp32-crowpanel-esp32-hmi-7-0-inch-display,CrowPanel ESP32 HMI 7.0-inch Display,Elecrow,board,0,0,0,0,1,recorded-not-rechecked,Board datasheet not yet recorded,https://www.elecrow.com/wiki/esp32-display-702727-intelligent-touch-screen-wi-fi26ble-800480-hmi-display.html
elecrow-esp32-crowpanel-3-5,Elecrow CrowPanel 3.5,Elecrow,board,0,0,0,0,0,recorded-not-rechecked,Board datasheet not yet recorded; Board/device visual reference still needed,https://www.elecrow.com/esp32-display-3-5-inch-hmi-display-spi-tft-lcd-touch-screen.html
elecrow-esp32-crowpanel-4-2,Elecrow CrowPanel 4.2,Elecrow,board,0,0,0,0,0,recorded-not-rechecked,Board datasheet not yet recorded; Board/device visual reference still needed,https://www.elecrow.com/crowpanel-esp32-4-2-e-paper-hmi-display-with-400-300-resolution-black-white-color-driven-by-spi-interface.html/
elecrow-esp32-esp32-wi-fi-halow-camera-board,ESP32 Wi-Fi HaLow Camera Board,Elecrow,board,0,0,0,0,0,recorded-not-rechecked,Board datasheet not yet recorded; Board/device visual reference still needed,https://www.elecrow.com/wiki/ESP32_Wi-Fi_HaLow_Module_with_2MP_Camera_32Mbps_High_Speed_Long-distance_transmission-915MHz.html
electronic-cats-esp32-bast-wifi,Bast Wifi,Electronic Cats,board,0,0,0,0,0,missing,Board datasheet not yet recorded; Original manufacturer website not yet identified; Board/device visual reference still needed,
espressif-esp32-esp-eye,ESP-EYE,Espressif,board,0,0,0,0,0,missing,Board datasheet not yet recorded; Original manufacturer website not yet identified; Board/device visual reference still needed,
espressif-esp32-esp32-c3-devkit-rust-2,ESP32-C3-DEVKIT-RUST-2,Espressif,board,0,0,0,0,1,missing,Board datasheet not yet recorded; Original manufacturer website not yet identified,
espressif-esp32-esp32-c3-devkitc-02,ESP32-C3-DEVKITC-02,Espressif,board,0,0,0,0,2,missing,Board datasheet not yet recorded; Original manufacturer website not yet identified,
espressif-esp32-esp32-c3-devkitm-1,ESP32-C3-DEVKITM-1,Espressif,board,0,0,0,0,1,missing,Board datasheet not yet recorded; Original manufacturer website not yet identified,
espressif-esp32-esp32-c3-devkitm-1-n4,ESP32-C3-DevKitM-1-N4,Espressif,board,0,0,0,0,0,recorded-not-rechecked,Board datasheet not yet recorded; Board/device visual reference still needed,https://docs.espressif.com/projects/esp-idf/en/latest/esp32c3/hw-reference/esp32c3/user-guide-devkitm-1.html
espressif-esp32-esp32-c3-lyra-v2-0,ESP32-C3-Lyra V2.0,Espressif,board,0,0,0,0,0,recorded-not-rechecked,Board datasheet not yet recorded; Board/device visual reference still needed,https://docs.espressif.com/projects/esp-adf/en/latest/design-guide/dev-boards/user-guide-esp32-c3-lyra.html
espressif-esp32-esp32-c5-devkitc-1,ESP32-C5-DEVKITC-1,Espressif,board,0,0,0,0,2,missing,Board datasheet not yet recorded; Original manufacturer website not yet identified,
espressif-esp32-esp32-c5-devkitc-1-v1-1,ESP32-C5-DEVKITC-1 v1.1,Espressif,board,0,0,0,0,1,missing,Board datasheet not yet recorded; Original manufacturer website not yet identified,
espressif-esp32-esp32-c5-devkitc-1-v1-2,ESP32-C5-DEVKITC-1 v1.2,Espressif,board,0,0,0,0,1,missing,Board datasheet not yet recorded; Original manufacturer website not yet identified,
espressif-esp32-esp32-c5-devkitc-1-n8r8,ESP32-C5-DevKitC-1-N8R8,Espressif,board,0,0,0,0,0,recorded-not-rechecked,Board datasheet not yet recorded; Board/device visual reference still needed,https://docs.espressif.com/projects/esp-dev-kits/en/latest/esp32c5/esp32-c5-devkitc-1/user_guide.html
espressif-esp32-esp32-c6-devkitc-1,ESP32-C6-DEVKITC-1,Espressif,board,0,0,0,0,2,missing,Board datasheet not yet recorded; Original manufacturer website not yet identified,
espressif-esp32-esp32-c6-devkitc-1-n8,ESP32-C6-DevKitC-1-N8,Espressif,board,0,0,0,0,1,missing,Board datasheet not yet recorded; Original manufacturer website not yet identified,
espressif-esp32-esp32-c6-devkitm-1,ESP32-C6-DEVKITM-1,Espressif,board,0,0,0,0,1,missing,Board datasheet not yet recorded; Original manufacturer website not yet identified,
espressif-esp32-esp32-c6-devkitm-1-n4,ESP32-C6-DevKitM-1-N4,Espressif,board,0,0,0,0,0,recorded-not-rechecked,Board datasheet not yet recorded; Board/device visual reference still needed,https://docs.espressif.com/projects/espressif-esp-dev-kits/en/latest/esp32c6/esp32-c6-devkitm-1/user_guide.html
espressif-esp32-esp32-c61-devkitc-1,ESP32-C61-DEVKITC-1,Espressif,board,0,0,0,0,2,missing,Board datasheet not yet recorded; Original manufacturer website not yet identified,
espressif-esp32-esp32-c61-devkitc-1-v1-0,ESP32-C61-DEVKITC-1 v1.0,Espressif,board,0,0,0,0,1,missing,Board datasheet not yet recorded; Original manufacturer website not yet identified,
espressif-esp32-esp32-c61-devkitc-1-v2-0,ESP32-C61-DEVKITC-1 v2.0,Espressif,board,0,0,0,0,1,missing,Board datasheet not yet recorded; Original manufacturer website not yet identified,
espressif-esp32-esp32-c61-devkitc-1-n8r2,ESP32-C61-DevKitC-1-N8R2,Espressif,board,0,0,0,0,0,recorded-not-rechecked,Board datasheet not yet recorded; Board/device visual reference still needed,https://docs.espressif.com/projects/esp-dev-kits/en/latest/esp32c61/esp32-c61-devkitc-1/user_guide.html
espressif-esp32-esp32-devkitc-v4,ESP32-DevKitC V4,Espressif,board,0,0,0,0,2,missing,Board datasheet not yet recorded; Original manufacturer website not yet identified,
espressif-esp32-esp32-devkitc-v4-wroom-32e,ESP32-DevKitC-V4-WROOM-32E,Espressif,board,0,0,0,0,1,recorded-not-rechecked,Board datasheet not yet recorded,https://docs.espressif.com/projects/esp-idf/en/latest/esp32/hw-reference/esp32/get-started-devkitc.html
espressif-esp32-esp32-devkitc-ve-wrover,ESP32-DevKitC-VE-WROVER,Espressif,board,0,0,0,0,0,recorded-not-rechecked,Board datasheet not yet recorded; Board/device visual reference still needed,https://docs.espressif.com/projects/esp-idf/en/latest/esp32/hw-reference/esp32/get-started-devkitc.html
espressif-esp32-esp32-devkitm-1,ESP32-DEVKITM-1,Espressif,board,0,0,0,0,1,missing,Board datasheet not yet recorded; Original manufacturer website not yet identified,
espressif-esp32-esp32-h2-devkitm-1,ESP32-H2-DEVKITM-1,Espressif,board,0,0,0,0,1,missing,Board datasheet not yet recorded; Original manufacturer website not yet identified,
espressif-esp32-esp32-h2-devkitm-1-n4,ESP32-H2-DevKitM-1-N4,Espressif,board,0,0,0,0,0,missing,Board datasheet not yet recorded; Original manufacturer website not yet identified; Board/device visual reference still needed,
espressif-esp32-esp32-lyrat,ESP32-LyraT,Espressif,board,0,0,0,0,0,recorded-not-rechecked,Board datasheet not yet recorded; Board/device visual reference still needed,https://www.espressif.com/en/products/devkits/esp32-lyrat
espressif-esp32-esp32-p4-eye,ESP32-P4-EYE,Espressif,board,0,0,0,0,1,missing,Board datasheet not yet recorded; Original manufacturer website not yet identified,
espressif-esp32-esp32-p4-function-ev-board,ESP32-P4-Function-EV-Board v1.5.2,Espressif,board,0,0,0,0,1,recorded-not-rechecked,Board datasheet not yet recorded,https://docs.espressif.com/projects/esp-dev-kits/en/latest/esp32p4/esp32-p4-function-ev-board/user_guide.html
espressif-esp32-esp32-p4x-function-ev,ESP32-P4X-Function-EV-Board,Espressif,board,0,1,0,0,2,checked-model-page,Board datasheet not yet recorded,https://docs.espressif.com/projects/esp-dev-kits/en/latest/esp32p4/esp32-p4x-function-ev-board/user_guide.html
espressif-esp32-esp32-pico-devkitm-2,ESP32-PICO-DEVKITM-2,Espressif,board,0,0,0,0,1,missing,Board datasheet not yet recorded; Original manufacturer website not yet identified,
espressif-esp32-esp32-pico-kit,ESP32-PICO-KIT,Espressif,board,0,0,0,0,1,missing,Board datasheet not yet recorded; Original manufacturer website not yet identified,
espressif-esp32-esp32-pico-kit-1,ESP32-PICO-KIT-1,Espressif,board,0,0,0,0,1,missing,Board datasheet not yet recorded; Original manufacturer website not yet identified,
espressif-esp32-esp32-s2-human-machine-interface-dev-kit,ESP32-S2 Human Machine Interface Dev Kit,Espressif,board,0,0,0,0,0,missing,Board datasheet not yet recorded; Original manufacturer website not yet identified; Board/device visual reference still needed,
espressif-esp32-esp32-s2-kaluga-dev-kit-v1-2-featuring-wrover,ESP32-S2 Kaluga Dev Kit (v1.2) featuring WROVER,Espressif,board,0,0,0,0,0,missing,Board datasheet not yet recorded; Original manufacturer website not yet identified; Board/device visual reference still needed,
espressif-esp32-esp32-s2-kaluga-dev-kit-v1-3-featuring-wrover,ESP32-S2 Kaluga Dev Kit (v1.3) featuring WROVER,Espressif,board,0,0,0,0,0,missing,Board datasheet not yet recorded; Original manufacturer website not yet identified; Board/device visual reference still needed,
espressif-esp32-esp32-s2-devkitc-1,ESP32-S2-DEVKITC-1,Espressif,board,0,0,0,0,1,missing,Board datasheet not yet recorded; Original manufacturer website not yet identified,
espressif-esp32-esp32-s2-devkitc-1-n4,ESP32-S2-DevKitC-1-N4,Espressif,board,0,0,0,0,0,recorded-not-rechecked,Board datasheet not yet recorded; Board/device visual reference still needed,https://docs.espressif.com/projects/esp-idf/en/latest/esp32s2/hw-reference/esp32s2/user-guide-s2-devkitc-1.html
espressif-esp32-esp32-s2-devkitc-1-n8r2,ESP32-S2-DevKitC-1-N8R2,Espressif,board,0,0,0,0,0,recorded-not-rechecked,Board datasheet not yet recorded; Board/device visual reference still needed,https://docs.espressif.com/projects/esp-idf/en/latest/esp32s2/hw-reference/esp32s2/user-guide-s2-devkitc-1.html
espressif-esp32-esp32-s2-devkitc-1r-4mb-flash-2mb-psram,ESP32-S2-DEVKITC-1R (4MB flash/2MB PSRAM),Espressif,board,0,0,0,0,0,recorded-not-rechecked,Board datasheet not yet recorded; Board/device visual reference still needed,https://docs.espressif.com/projects/esp-idf/en/latest/esp32s2/hw-reference/esp32s2/user-guide-s2-devkitc-1.html
espressif-esp32-esp32-s2-devkitm-1,ESP32-S2-DEVKITM-1,Espressif,board,0,0,0,0,1,missing,Board datasheet not yet recorded; Original manufacturer website not yet identified,
espressif-esp32-esp32-s2-saola-1,ESP32-S2-SAOLA-1,Espressif,board,0,0,0,0,1,missing,Board datasheet not yet recorded; Original manufacturer website not yet identified,
espressif-esp32-esp32-s2-saola-1mi,ESP32-S2-Saola-1MI,Espressif,board,0,0,0,0,1,missing,Board datasheet not yet recorded; Original manufacturer website not yet identified,
espressif-esp32-esp32-s3-box,ESP32-S3 Box,Espressif,board,0,0,0,0,0,missing,Board datasheet not yet recorded; Original manufacturer website not yet identified; Board/device visual reference still needed,
espressif-esp32-esp32-s3-box-3,ESP32-S3 Box 3,Espressif,board,0,0,0,0,0,missing,Board datasheet not yet recorded; Original manufacturer website not yet identified; Board/device visual reference still needed,
espressif-esp32-esp32-s3-box-lite,ESP32-S3 Box Lite,Espressif,board,0,0,0,0,0,missing,Board datasheet not yet recorded; Original manufacturer website not yet identified; Board/device visual reference still needed,
espressif-esp32-esp32-s3-lcd-evaluation-kit,ESP32-S3 LCD Evaluation Kit,Espressif,board,0,0,0,0,0,recorded-not-rechecked,Board datasheet not yet recorded; Board/device visual reference still needed,https://docs.espressif.com/projects/espressif-esp-dev-kits/en/latest/esp32s3/esp32-s3-lcd-ev-board/user_guide.html
espressif-esp32-esp32-s3-lcd-evaluation-kit-v1-5,ESP32-S3 LCD Evaluation Kit v1.5,Espressif,board,0,0,0,0,0,recorded-not-rechecked,Board datasheet not yet recorded; Board/device visual reference still needed,https://docs.espressif.com/projects/esp-dev-kits/en/latest/esp32s3/esp32-s3-lcd-ev-board/user_guide.html
espressif-esp32-esp32-s3-devkitc-1,ESP32-S3-DEVKITC-1,Espressif,board,0,0,0,0,3,missing,Board datasheet not yet recorded; Original manufacturer website not yet identified,
espressif-esp32-esp32-s3-devkitc-1-v1-1,ESP32-S3-DEVKITC-1 v1.1,Espressif,board,0,0,0,0,1,missing,Board datasheet not yet recorded; Original manufacturer website not yet identified,
espressif-esp32-esp32-s3-devkitc-1-n16,ESP32-S3-DevKitC-1-N16,Espressif,board,0,0,0,0,0,missing,Board datasheet not yet recorded; Original manufacturer website not yet identified; Board/device visual reference still needed,
espressif-esp32-esp32-s3-devkitc-1-n32r16,ESP32-S3-DevKitC-1-N32R16,Espressif,board,0,0,0,0,0,missing,Board datasheet not yet recorded; Original manufacturer website not yet identified; Board/device visual reference still needed,
espressif-esp32-esp32-s3-devkitc-1-n32r8,ESP32-S3-DevKitC-1-N32R8,Espressif,board,0,0,0,0,0,missing,Board datasheet not yet recorded; Original manufacturer website not yet identified; Board/device visual reference still needed,
espressif-esp32-esp32-s3-devkitc-1-n8,ESP32-S3-DevKitC-1-N8,Espressif,board,0,0,0,0,0,missing,Board datasheet not yet recorded; Original manufacturer website not yet identified; Board/device visual reference still needed,
espressif-esp32-esp32-s3-devkitc-1-n8r2,ESP32-S3-DevKitC-1-N8R2,Espressif,board,0,0,0,0,0,missing,Board datasheet not yet recorded; Original manufacturer website not yet identified; Board/device visual reference still needed,
espressif-esp32-esp32-s3-devkitc-1-n8r2-microros,ESP32-S3-DevKitC-1-N8R2 (MicroROS),Espressif,board,0,0,0,0,0,missing,Board datasheet not yet recorded; Original manufacturer website not yet identified; Board/device visual reference still needed,
espressif-esp32-esp32-s3-devkitc-1-n8r8,ESP32-S3-DevKitC-1-N8R8,Espressif,board,0,0,0,0,0,missing,Board datasheet not yet recorded; Original manufacturer website not yet identified; Board/device visual reference still needed,
espressif-esp32-esp32-s3-devkitm-1,ESP32-S3-DEVKITM-1,Espressif,board,0,0,0,0,1,missing,Board datasheet not yet recorded; Original manufacturer website not yet identified,
espressif-esp32-esp32-s3-devkitm-1-n8,ESP32-S3-DevKitM-1-N8,Espressif,board,0,0,0,0,0,missing,Board datasheet not yet recorded; Original manufacturer website not yet identified; Board/device visual reference still needed,
espressif-esp32-esp32-s3-eye,ESP32-S3-EYE,Espressif,board,0,0,0,0,0,recorded-not-rechecked,Board datasheet not yet recorded; Board/device visual reference still needed,https://github.com/espressif/esp-who/blob/master/docs/en/get-started/ESP32-S3-EYE_Getting_Started_Guide.md
espressif-esp32-esp32-s3-usb-otg-n8,ESP32-S3-USB-OTG-N8,Espressif,board,0,0,0,0,0,recorded-not-rechecked,Board datasheet not yet recorded; Board/device visual reference still needed,https://docs.espressif.com/projects/espressif-esp-dev-kits/en/latest/esp32s3/esp32-s3-usb-otg/user_guide.html
espressif-esp32-esp32-s31-function-coreboard-1,ESP32-S31-FUNCTION-COREBOARD-1,Espressif,board,0,0,0,0,2,missing,Board datasheet not yet recorded; Original manufacturer website not yet identified,
espressif-esp32-esp32-s31-korvo-1,ESP32-S31-KORVO-1,Espressif,board,0,0,0,0,1,missing,Board datasheet not yet recorded; Original manufacturer website not yet identified,
espressif-esp32-esp8684-devkitc-02,ESP8684-DEVKITC-02,Espressif,board,0,0,0,0,1,missing,Board datasheet not yet recorded; Original manufacturer website not yet identified,
espressif-esp32-esp8684-devkitc-02c-n4,ESP8684-DevKitC-02C-N4,Espressif,board,0,0,0,0,0,recorded-not-rechecked,Board datasheet not yet recorded; Board/device visual reference still needed,https://docs.espressif.com/projects/espressif-esp-dev-kits/en/latest/esp8684/esp8684-devkitc-02/user_guide.html
espressif-esp32-esp8684-devkitm-1,ESP8684-DEVKITM-1,Espressif,board,0,0,0,0,2,missing,Board datasheet not yet recorded; Original manufacturer website not yet identified,
espressif-esp32-esp8684-devkitm-1-v1-1,ESP8684-DEVKITM-1 v1.1,Espressif,board,0,0,0,0,1,missing,Board datasheet not yet recorded; Original manufacturer website not yet identified,
espressif-esp32-saola-1-w-wroom,Saola 1 w/WROOM,Espressif,board,0,1,0,0,0,checked-model-page,Board datasheet not yet recorded; Board/device visual reference still needed,https://docs.espressif.com/projects/esp-dev-kits/en/latest/esp32s2/esp32-s2-saola-1/user_guide_v1.2.html
espressif-esp32-saola-1-w-wrover,Saola 1 w/WROVER,Espressif,board,0,0,0,0,0,missing,Board datasheet not yet recorded; Original manufacturer website not yet identified; Board/device visual reference still needed,
fablab-barcelona-esp32-barduino,Barduino,Fablab Barcelona,board,0,0,0,0,0,missing,Board datasheet not yet recorded; Original manufacturer website not yet identified; Board/device visual reference still needed,
flipper-zero-esp32-wifi-dev,Flipper Zero WiFi Dev,Flipper Zero,board,0,0,0,0,0,missing,Board datasheet not yet recorded; Original manufacturer website not yet identified; Board/device visual reference still needed,
franzininho-esp32-wifi-wroom,Franzininho WiFi Wroom,Franzininho,board,0,0,0,0,1,missing,Board datasheet not yet recorded; Original manufacturer website not yet identified,
franzininho-esp32-wifi-wrover,Franzininho WiFi Wrover,Franzininho,board,0,0,0,0,0,missing,Board datasheet not yet recorded; Original manufacturer website not yet identified; Board/device visual reference still needed,
freenove-esp32-esp32-wroom-board,ESP32 WROOM Board,Freenove,board,0,0,0,0,1,missing,Board datasheet not yet recorded; Original manufacturer website not yet identified,
freenove-esp32-esp32-wrover-board-v1-6,ESP32 WROVER Board v1.6,Freenove,board,0,0,0,0,1,missing,Board datasheet not yet recorded; Original manufacturer website not yet identified,
freenove-esp32-esp32-wrover-board-v3-0,ESP32 WROVER Board v3.0,Freenove,board,0,0,0,0,1,missing,Board datasheet not yet recorded; Original manufacturer website not yet identified,
freenove-esp32-esp32-s3-wroom-board,ESP32-S3 WROOM Board,Freenove,board,0,0,0,0,2,missing,Board datasheet not yet recorded; Original manufacturer website not yet identified,
freenove-esp32-esp32-s3-wroom-board-media-kit-red-pcb,ESP32-S3 WROOM Board (Media Kit red PCB),Freenove,board,0,0,0,0,1,missing,Board datasheet not yet recorded; Original manufacturer website not yet identified,
freenove-esp32-esp32-s3-wroom-board-lite,ESP32-S3 WROOM Board Lite,Freenove,board,0,0,0,0,1,missing,Board datasheet not yet recorded; Original manufacturer website not yet identified,
freenove-esp32-esp32-wrover-cam-dev-board,ESP32-WRover Cam Dev Board,Freenove,board,0,0,0,0,0,missing,Board datasheet not yet recorded; Original manufacturer website not yet identified; Board/device visual reference still needed,
futurekeys-esp32-hexky-s2,HexKy S2,FutureKeys,board,0,0,0,0,0,missing,Board datasheet not yet recorded; Original manufacturer website not yet identified; Board/device visual reference still needed,
generic-esp32-red-s2-wroom-board,Red S2 WROOM Board,Generic,board,0,0,0,0,0,missing,Board datasheet not yet recorded; Original manufacturer website not yet identified; Board/device visual reference still needed,
generic-manufacturer-unconfirmed-esp32-esp32-c3-plus-mini-1-esp32-c3-mini-v1,ESP32-C3 Plus Mini 1 (ESP32-C3_MINI_V1),Generic - manufacturer unconfirmed,board,0,0,0,0,1,missing,Board datasheet not yet recorded; Original manufacturer website not yet identified,
generic-manufacturer-unconfirmed-esp32-esp32-c3-supermini,ESP32-C3 SuperMini,Generic - manufacturer unconfirmed,board,0,0,0,0,1,missing,Board datasheet not yet recorded; Original manufacturer website not yet identified,
generic-manufacturer-unconfirmed-esp32-esp32-c3-supermini-plus-v2,ESP32-C3 SuperMini Plus (v2),Generic - manufacturer unconfirmed,board,0,0,0,0,1,missing,Board datasheet not yet recorded; Original manufacturer website not yet identified,
generic-manufacturer-unconfirmed-esp32-esp32-cam,ESP32-CAM,Generic - manufacturer unconfirmed,board,0,0,0,0,1,missing,Board datasheet not yet recorded; Original manufacturer website not yet identified,
generic-manufacturer-unconfirmed-esp32-esp32c3-mini-dk,ESP32C3-MINI-DK,Generic - manufacturer unconfirmed,board,0,0,0,0,1,missing,Board datasheet not yet recorded; Original manufacturer website not yet identified,
generic-manufacturer-unconfirmed-esp32-nodemcu-32s,NodeMCU-32S,Generic - manufacturer unconfirmed,board,0,0,0,0,1,missing,Board datasheet not yet recorded; Original manufacturer website not yet identified,
gravitech-esp32-cucumber-m,Cucumber M,Gravitech,board,0,0,0,0,0,missing,Board datasheet not yet recorded; Original manufacturer website not yet identified; Board/device visual reference still needed,
gravitech-esp32-cucumber-ms,Cucumber MS,Gravitech,board,0,0,0,0,0,missing,Board datasheet not yet recorded; Original manufacturer website not yet identified; Board/device visual reference still needed,
gravitech-esp32-cucumber-r,Cucumber R,Gravitech,board,0,0,0,0,0,missing,Board datasheet not yet recorded; Original manufacturer website not yet identified; Board/device visual reference still needed,
gravitech-esp32-cucumber-rs,Cucumber RS,Gravitech,board,0,0,0,0,0,missing,Board datasheet not yet recorded; Original manufacturer website not yet identified; Board/device visual reference still needed,
guition-esp32-jc-esp32p4-m3-c6,JC-ESP32P4-M3-C6,Guition,board,0,0,0,0,0,missing,Board datasheet not yet recorded; Original manufacturer website not yet identified; Board/device visual reference still needed,
guition-esp32-jc-esp32p4-m3-dev,JC-ESP32P4-M3-DEV,Guition,board,0,0,0,0,0,missing,Board datasheet not yet recorded; Original manufacturer website not yet identified; Board/device visual reference still needed,
hangzhou-leban-esp32-hiibot-iots2,HiiBot IoTs2,Hangzhou LeBan,board,0,0,0,0,0,missing,Board datasheet not yet recorded; Original manufacturer website not yet identified; Board/device visual reference still needed,
hardkernel-esp32-odroid-go,ODROID Go,HardKernel,board,0,0,0,0,0,recorded-not-rechecked,Board datasheet not yet recorded; Board/device visual reference still needed,https://www.hardkernel.com/shop/odroid-go/
heltec-esp32-esp32-c3-devboard,ESP32-C3 DevBoard,Heltec,board,0,0,0,0,2,missing,Board datasheet not yet recorded; Original manufacturer website not yet identified,
heltec-esp32-wireless-paper,Heltec Wireless Paper,Heltec,board,1,0,1,0,0,checked-model-page,Board/device visual reference still needed,https://wiki.heltec.org/docs/devices/open-source-hardware/esp32-series/lora-32/wireless-paper/
heltec-esp32-ht-dev-esp-v2,HT-DEV-ESP V2,Heltec,board,0,0,0,0,2,missing,Board datasheet not yet recorded; Original manufacturer website not yet identified,
heltec-esp32-ht-vme213,HT-VME213,Heltec,board,0,0,0,0,1,missing,Board datasheet not yet recorded; Original manufacturer website not yet identified,
heltec-esp32-ht-vme290,HT-VME290,Heltec,board,0,0,0,0,1,missing,Board datasheet not yet recorded; Original manufacturer website not yet identified,
heltec-esp32-ht-vmt190,HT-VMT190,Heltec,board,0,0,0,0,2,missing,Board datasheet not yet recorded; Original manufacturer website not yet identified,
heltec-esp32-vision-master-e290,Vision Master E290,Heltec,board,0,0,0,0,0,recorded-not-rechecked,Board datasheet not yet recorded; Board/device visual reference still needed,https://heltec.org/project/vision-master-e290/
heltec-esp32-wifi-kit-32-v1,WiFi Kit 32 V1,Heltec,board,0,0,0,0,1,missing,Board datasheet not yet recorded; Original manufacturer website not yet identified,
heltec-esp32-wifi-kit-32-v2,WiFi Kit 32 V2,Heltec,board,0,0,0,0,1,missing,Board datasheet not yet recorded; Original manufacturer website not yet identified,
heltec-esp32-wifi-kit-32-v2-1,WiFi Kit 32 V2.1,Heltec,board,0,0,0,0,1,missing,Board datasheet not yet recorded; Original manufacturer website not yet identified,
heltec-esp32-wifi-kit-32-v3,WiFi Kit 32 V3,Heltec,board,0,0,0,0,1,missing,Board datasheet not yet recorded; Original manufacturer website not yet identified,
heltec-esp32-wifi-kit-8,WiFi Kit 8,Heltec,board,0,0,0,0,1,missing,Board datasheet not yet recorded; Original manufacturer website not yet identified,
heltec-esp32-wifi-lora-32,WiFi LoRa 32,Heltec,board,0,0,0,0,0,missing,Board datasheet not yet recorded; Original manufacturer website not yet identified; Board/device visual reference still needed,
heltec-esp32-wifi-lora-32-expansion-kit,WiFi LoRa 32 Expansion Kit,Heltec,board,0,0,0,0,1,missing,Board datasheet not yet recorded; Original manufacturer website not yet identified,
heltec-esp32-wifi-lora-32-v1,WiFi LoRa 32 V1,Heltec,board,0,0,0,0,1,missing,Board datasheet not yet recorded; Original manufacturer website not yet identified,
heltec-esp32-wifi-lora-32-v2,WiFi LoRa 32 V2,Heltec,board,0,0,0,0,1,missing,Board datasheet not yet recorded; Original manufacturer website not yet identified,
heltec-esp32-wifi-lora-32-v2-1,WiFi LoRa 32 V2.1,Heltec,board,0,0,0,0,1,missing,Board datasheet not yet recorded; Original manufacturer website not yet identified,
heltec-esp32-wifi-lora-32-v3,WiFi LoRa 32 V3,Heltec,board,0,0,0,0,1,recorded-not-rechecked,Board datasheet not yet recorded,https://heltec.org/project/wifi-lora-32-v3/
heltec-esp32-wifi-lora-32-v3-2,WiFi LoRa 32 V3.2,Heltec,board,0,0,0,0,1,missing,Board datasheet not yet recorded; Original manufacturer website not yet identified,
heltec-esp32-wifi-lora-32-v4,WiFi LoRa 32 V4,Heltec,board,0,0,0,0,1,missing,Board datasheet not yet recorded; Original manufacturer website not yet identified,
heltec-esp32-wifi-lora-32-v4-r8,WiFi LoRa 32 V4-R8,Heltec,board,0,0,0,0,1,missing,Board datasheet not yet recorded; Original manufacturer website not yet identified,
heltec-esp32-wireless-shell-v3,Wireless Shell V3,Heltec,board,0,0,0,0,1,missing,Board datasheet not yet recorded; Original manufacturer website not yet identified,
heltec-esp32-wireless-stick-lite-v3,Wireless Stick Lite V3,Heltec,board,0,0,0,0,1,missing,Board datasheet not yet recorded; Original manufacturer website not yet identified,
heltec-esp32-wireless-stick-v3,Wireless Stick V3,Heltec,board,0,0,0,0,1,missing,Board datasheet not yet recorded; Original manufacturer website not yet identified,
heltec-esp32-wireless-tracker,Wireless Tracker,Heltec,board,0,0,0,0,1,missing,Board datasheet not yet recorded; Original manufacturer website not yet identified,
heltec-esp32-wireless-tracker-v2-3,Wireless Tracker V2.3,Heltec,board,0,0,0,0,1,missing,Board datasheet not yet recorded; Original manufacturer website not yet identified,
kevin-matocha-esp32-esp32-s3-hacktablet,ESP32-S3 HackTablet,Kevin Matocha,board,0,0,0,0,0,missing,Board datasheet not yet recorded; Original manufacturer website not yet identified; Board/device visual reference still needed,
lilygo-esp32-lora32-v1-0,LoRa32 V1.0,LILYGO,board,0,0,0,0,1,missing,Board datasheet not yet recorded; Original manufacturer website not yet identified,
lilygo-esp32-lora32-v1-3,LoRa32 V1.3,LILYGO,board,0,0,0,0,1,missing,Board datasheet not yet recorded; Original manufacturer website not yet identified,
lilygo-esp32-lora32-v2-0,LoRa32 V2.0,LILYGO,board,0,0,0,0,1,missing,Board datasheet not yet recorded; Original manufacturer website not yet identified,
lilygo-esp32-lora32-v2-1-6-t3-v1-6-1,LoRa32 V2.1.6 (T3 V1.6.1),LILYGO,board,0,0,0,0,2,recorded-not-rechecked,Board datasheet not yet recorded,https://wiki.lilygo.cc/products/t3-series/t3-lora32/
lilygo-esp32-mini-e-paper-1-02-core,Mini E-Paper 1.02 Core,LILYGO,board,0,0,0,0,1,missing,Board datasheet not yet recorded; Original manufacturer website not yet identified,
lilygo-esp32-t-01c3,T-01C3,LILYGO,board,0,0,0,0,2,missing,Board datasheet not yet recorded; Original manufacturer website not yet identified,
lilygo-esp32-t-2can,T-2Can,LILYGO,board,0,0,0,0,1,recorded-not-rechecked,Board datasheet not yet recorded,https://wiki.lilygo.cc/products/industrial-series/t-2can/
lilygo-esp32-t-2can-fd,T-2Can-FD,LILYGO,board,0,0,0,0,1,recorded-not-rechecked,Board datasheet not yet recorded,https://wiki.lilygo.cc/products/industrial-series/t-2can-fd/
lilygo-esp32-t-a7670e-r2,T-A7670E R2,LILYGO,board,0,0,0,0,1,recorded-not-rechecked,Board datasheet not yet recorded,https://wiki.lilygo.cc/products/t-sim-series/t-a7670/
lilygo-esp32-t-a7670g-r2,T-A7670G R2,LILYGO,board,0,0,0,0,1,recorded-not-rechecked,Board datasheet not yet recorded,https://wiki.lilygo.cc/products/t-sim-series/t-a7670/
lilygo-esp32-t-a7670sa-r2,T-A7670SA R2,LILYGO,board,0,0,0,0,1,recorded-not-rechecked,Board datasheet not yet recorded,https://wiki.lilygo.cc/products/t-sim-series/t-a7670/
lilygo-esp32-t-bao,T-Bao,LILYGO,board,0,0,0,0,1,recorded-not-rechecked,Board datasheet not yet recorded,https://wiki.lilygo.cc/products/other/t-bao/
lilygo-esp32-t-beam,T-Beam,LILYGO,board,0,0,0,0,1,recorded-not-rechecked,Board datasheet not yet recorded,https://wiki.lilygo.cc/products/t-beam-series/t-beam/
lilygo-esp32-t-beam-1w,T-Beam 1W,LILYGO,board,0,0,0,0,2,recorded-not-rechecked,Board datasheet not yet recorded,https://wiki.lilygo.cc/products/t-beam-series/t-beam-1w/
lilygo-esp32-t-beam-s3-core,T-Beam S3 Core,LILYGO,board,0,0,0,0,1,missing,Board datasheet not yet recorded; Original manufacturer website not yet identified,
lilygo-esp32-t-beam-supreme,T-Beam Supreme,LILYGO,board,0,0,0,0,3,recorded-not-rechecked,Board datasheet not yet recorded,https://wiki.lilygo.cc/products/t-beam-series/t-beam-supreme/
lilygo-esp32-t-beam-v1-1,T-Beam V1.1,LILYGO,board,0,0,0,0,1,missing,Board datasheet not yet recorded; Original manufacturer website not yet identified,
lilygo-esp32-t-beam-bpf,T-Beam-BPF,LILYGO,board,0,0,0,0,1,recorded-not-rechecked,Board datasheet not yet recorded,https://wiki.lilygo.cc/products/t-beam-series/t-beam-bpf/
lilygo-esp32-t-call-sim800c,T-Call SIM800C,LILYGO,board,0,0,0,0,1,missing,Board datasheet not yet recorded; Original manufacturer website not yet identified,
lilygo-esp32-t-call-sim800l-axp192,T-Call SIM800L AXP192,LILYGO,board,0,0,0,0,1,missing,Board datasheet not yet recorded; Original manufacturer website not yet identified,
lilygo-esp32-t-call-sim800l-v1-3,T-Call SIM800L V1.3,LILYGO,board,0,0,0,0,2,missing,Board datasheet not yet recorded; Original manufacturer website not yet identified,
lilygo-esp32-t-camera-plus-s3,T-Camera Plus S3,LILYGO,board,0,0,0,0,1,recorded-not-rechecked,Board datasheet not yet recorded,https://wiki.lilygo.cc/products/t-camera-series/t-camera-plus-s3/
lilygo-esp32-t-camera-s3,T-Camera-S3,LILYGO,board,0,0,0,0,1,recorded-not-rechecked,Board datasheet not yet recorded,https://wiki.lilygo.cc/products/t-camera-series/t-camera-s3/
lilygo-esp32-t-can485-ch340k,T-CAN485 (CH340K),LILYGO,board,0,0,0,0,2,missing,Board datasheet not yet recorded; Original manufacturer website not yet identified,
lilygo-esp32-t-can485-ch9102,T-CAN485 (CH9102),LILYGO,board,0,0,0,0,1,missing,Board datasheet not yet recorded; Original manufacturer website not yet identified,
lilygo-esp32-t-circle,T-Circle,LILYGO,board,0,0,0,0,1,recorded-not-rechecked,Board datasheet not yet recorded,https://wiki.lilygo.cc/products/other/t-circle/
lilygo-esp32-t-circle-s3,T-Circle S3,LILYGO,board,0,0,0,0,0,recorded-not-rechecked,Board datasheet not yet recorded; Board/device visual reference still needed,https://wiki.lilygo.cc/products/other/t-circle-s3/
lilygo-esp32-t-connect,T-Connect,LILYGO,board,0,0,0,0,1,recorded-not-rechecked,Board datasheet not yet recorded,https://wiki.lilygo.cc/products/t-connect-series/t-connect/
lilygo-esp32-t-connect-pro,T-Connect Pro,LILYGO,board,0,0,0,0,1,recorded-not-rechecked,Board datasheet not yet recorded,https://wiki.lilygo.cc/products/t-connect-series/t-connect-pro/
lilygo-esp32-t-deck-plus,T-Deck (Plus),LILYGO,board,0,0,0,0,0,recorded-not-rechecked,Board datasheet not yet recorded; Board/device visual reference still needed,https://www.lilygo.cc/products/t-deck
lilygo-esp32-t-display,T-Display,LILYGO,board,0,0,0,0,1,recorded-not-rechecked,Board datasheet not yet recorded,https://wiki.lilygo.cc/products/t-display-series/t-display/
lilygo-esp32-t-display-bar,T-Display Bar,LILYGO,board,0,0,0,0,1,recorded-not-rechecked,Board datasheet not yet recorded,https://wiki.lilygo.cc/products/t-display-series/t-display-bar/
lilygo-esp32-t-display-c5,T-Display C5,LILYGO,board,0,0,0,0,1,recorded-not-rechecked,Board datasheet not yet recorded,https://wiki.lilygo.cc/products/t-display-series/t-display-c5/
lilygo-esp32-t-display-p4-amoled,T-Display P4 AMOLED,LILYGO,board,0,0,0,0,1,recorded-not-rechecked,Board datasheet not yet recorded,https://wiki.lilygo.cc/products/t-display-series/t-display-p4/
lilygo-esp32-t-display-p4-tft,T-Display P4 TFT,LILYGO,board,0,0,0,0,1,recorded-not-rechecked,Board datasheet not yet recorded,https://wiki.lilygo.cc/products/t-display-series/t-display-p4/
lilygo-esp32-t-display-s3-amoled-1-43,T-Display S3 AMOLED 1.43,LILYGO,board,0,0,0,0,1,recorded-not-rechecked,Board datasheet not yet recorded,https://wiki.lilygo.cc/products/t-display-series/t-display-s3-amoled-1.43/
lilygo-esp32-t-display-s3-amoled-1-64,T-Display S3 AMOLED 1.64,LILYGO,board,0,0,0,0,1,recorded-not-rechecked,Board datasheet not yet recorded,https://wiki.lilygo.cc/products/t-display-series/t-display-s3-amoled-1.64/
lilygo-esp32-t-display-s3-amoled-1-75,T-Display S3 AMOLED 1.75,LILYGO,board,0,0,0,0,0,recorded-not-rechecked,Board datasheet not yet recorded; Board/device visual reference still needed,https://wiki.lilygo.cc/products/t-display-series/t-display-s3-amoled-1.75/
lilygo-esp32-t-display-s3-amoled-plus,T-Display S3 AMOLED Plus,LILYGO,board,0,0,0,0,1,recorded-not-rechecked,Board datasheet not yet recorded,https://wiki.lilygo.cc/products/t-display-series/t-display-s3-amoled-plus/
lilygo-esp32-t-display-s3-long,T-Display S3 Long,LILYGO,board,0,0,0,0,1,recorded-not-rechecked,Board datasheet not yet recorded,https://wiki.lilygo.cc/products/t-display-series/t-display-s3-long/
lilygo-esp32-t-display-s3-pro,T-Display S3 Pro,LILYGO,board,0,0,0,0,2,recorded-not-rechecked,Board datasheet not yet recorded,https://wiki.lilygo.cc/products/t-display-series/t-display-s3-pro/
lilygo-esp32-t-display-s3-pro-lr1121,T-Display S3 Pro LR1121,LILYGO,board,0,0,0,0,1,recorded-not-rechecked,Board datasheet not yet recorded,https://wiki.lilygo.cc/products/t-display-series/t-display-s3-pro-lr1121/
lilygo-esp32-t-display-s3,T-Display-S3,LILYGO,board,0,0,0,0,1,recorded-not-rechecked,Board datasheet not yet recorded,https://wiki.lilygo.cc/products/t-display-series/t-display-s3/
lilygo-esp32-t-display-s3-amoled,T-Display-S3-AMOLED,LILYGO,board,0,0,0,0,1,recorded-not-rechecked,Board datasheet not yet recorded,https://wiki.lilygo.cc/products/t-display-series/t-display-s3-amoled/
lilygo-esp32-t-dongle,T-Dongle,LILYGO,board,0,0,0,0,1,recorded-not-rechecked,Board datasheet not yet recorded,https://wiki.lilygo.cc/products/t-dongle-series/t-dongle/
lilygo-esp32-t-dongle-c5,T-Dongle-C5,LILYGO,board,0,0,0,0,1,recorded-not-rechecked,Board datasheet not yet recorded,https://wiki.lilygo.cc/products/t-dongle-series/t-dongle-c5/
lilygo-esp32-t-dongle-s3,T-Dongle-S3,LILYGO,board,0,0,0,0,1,recorded-not-rechecked,Board datasheet not yet recorded,https://wiki.lilygo.cc/products/t-dongle-series/t-dongle-s3/
lilygo-esp32-t-embed,T-Embed,LILYGO,board,0,0,0,0,1,recorded-not-rechecked,Board datasheet not yet recorded,https://wiki.lilygo.cc/products/t-embed-series/t-embed/
lilygo-esp32-t-embed-cc1101,T-Embed CC1101,LILYGO,board,0,0,0,0,1,recorded-not-rechecked,Board datasheet not yet recorded,https://wiki.lilygo.cc/products/t-embed-series/t-embed-cc1101/
lilygo-esp32-t-embed-si4732,T-Embed SI4732,LILYGO,board,0,0,0,0,1,recorded-not-rechecked,Board datasheet not yet recorded,https://wiki.lilygo.cc/products/t-embed-series/t-embed-si4732/
lilygo-esp32-t-encoder,T-Encoder,LILYGO,board,0,0,0,0,1,recorded-not-rechecked,Board datasheet not yet recorded,https://wiki.lilygo.cc/products/t-encoder-series/t-encoder/
lilygo-esp32-t-encoder-pro,T-Encoder Pro,LILYGO,board,0,0,0,0,1,recorded-not-rechecked,Board datasheet not yet recorded,https://wiki.lilygo.cc/products/t-encoder-series/t-encoder-pro/
lilygo-esp32-t-eth-elite,T-ETH Elite,LILYGO,board,0,0,0,0,1,recorded-not-rechecked,Board datasheet not yet recorded,https://wiki.lilygo.cc/products/t-eth-series/t-eth-elite/
lilygo-esp32-t-eth-lite,T-ETH Lite,LILYGO,board,0,0,0,0,1,recorded-not-rechecked,Board datasheet not yet recorded,https://wiki.lilygo.cc/products/t-eth-series/t-eth-lite/
lilygo-esp32-t-eth-lite-s3,T-ETH Lite S3,LILYGO,board,0,0,0,0,1,recorded-not-rechecked,Board datasheet not yet recorded,https://wiki.lilygo.cc/products/t-eth-series/t-eth-lite-s3/
lilygo-esp32-t-halow,T-Halow,LILYGO,board,0,0,0,0,1,recorded-not-rechecked,Board datasheet not yet recorded,https://wiki.lilygo.cc/products/t-halow-series/t-halow/
lilygo-esp32-t-halow-p4,T-Halow P4,LILYGO,board,0,0,0,0,1,recorded-not-rechecked,Board datasheet not yet recorded,https://wiki.lilygo.cc/products/t-halow-series/t-halow-p4/
lilygo-esp32-t-higrow-v1-1-bme280,T-HiGrow V1.1 BME280,LILYGO,board,0,0,0,0,1,missing,Board datasheet not yet recorded; Original manufacturer website not yet identified,
lilygo-esp32-t-higrow-v1-1-dht11,T-HiGrow V1.1 DHT11,LILYGO,board,0,0,0,0,1,missing,Board datasheet not yet recorded; Original manufacturer website not yet identified,
lilygo-esp32-t-internet-com,T-Internet-COM,LILYGO,board,0,0,0,0,1,missing,Board datasheet not yet recorded; Original manufacturer website not yet identified,
lilygo-esp32-t-knob,T-Knob,LILYGO,board,0,0,0,0,1,recorded-not-rechecked,Board datasheet not yet recorded,https://wiki.lilygo.cc/products/other/t-knob/
lilygo-esp32-t-lora-c6,T-LoRa C6,LILYGO,board,0,0,0,0,1,recorded-not-rechecked,Board datasheet not yet recorded,https://wiki.lilygo.cc/products/t-lora-series/t-lora-c6/
lilygo-esp32-t-lora-dual,T-LoRa Dual,LILYGO,board,0,0,0,0,1,recorded-not-rechecked,Board datasheet not yet recorded,https://wiki.lilygo.cc/products/t-lora-series/t-lora-dual/
lilygo-esp32-t-mini-e-paper-s3,T-Mini E-Paper S3,LILYGO,board,0,0,0,0,1,recorded-not-rechecked,Board datasheet not yet recorded,https://wiki.lilygo.cc/products/other/t-mini-e-paper-s3/
lilygo-esp32-t-motor,T-Motor,LILYGO,board,0,0,0,0,1,missing,Board datasheet not yet recorded; Original manufacturer website not yet identified,
lilygo-esp32-t-oi-plus-v1-3,T-OI-Plus V1.3,LILYGO,board,0,0,0,0,1,missing,Board datasheet not yet recorded; Original manufacturer website not yet identified,
lilygo-esp32-t-panel-s3,T-Panel S3,LILYGO,board,0,0,0,0,1,recorded-not-rechecked,Board datasheet not yet recorded,https://wiki.lilygo.cc/products/t-panel-series/t-panel-s3/
lilygo-esp32-t-panel-s3-lite,T-Panel S3 Lite,LILYGO,board,0,0,0,0,1,recorded-not-rechecked,Board datasheet not yet recorded,https://wiki.lilygo.cc/products/t-panel-series/t-panel-s3-lite/
lilygo-esp32-t-qt-c6,T-QT C6,LILYGO,board,0,0,0,0,1,recorded-not-rechecked,Board datasheet not yet recorded,https://wiki.lilygo.cc/products/other/t-qt-c6/
lilygo-esp32-t-qt-pro-n4r2,T-QT Pro (N4R2),LILYGO,board,0,0,0,0,1,missing,Board datasheet not yet recorded; Original manufacturer website not yet identified,
lilygo-esp32-t-relay-8,T-Relay-8,LILYGO,board,0,0,0,0,1,recorded-not-rechecked,Board datasheet not yet recorded,https://wiki.lilygo.cc/products/t-relay-series/t-relay/
lilygo-esp32-t-relay-s3,T-Relay-S3,LILYGO,board,0,0,0,0,1,recorded-not-rechecked,Board datasheet not yet recorded,https://wiki.lilygo.cc/products/t-relay-series/t-relay-s3/
lilygo-esp32-t-sim7000g-s3-standard,T-SIM7000G-S3 Standard,LILYGO,board,0,0,0,0,1,recorded-not-rechecked,Board datasheet not yet recorded,https://wiki.lilygo.cc/products/t-sim-series/t-sim7000/
lilygo-esp32-t-sim7080x-s3,T-SIM7080X-S3,LILYGO,board,0,0,0,0,1,recorded-not-rechecked,Board datasheet not yet recorded,https://wiki.lilygo.cc/products/t-sim-series/t-sim7080x-s3/
lilygo-esp32-t-spe,T-Spe,LILYGO,board,0,0,0,0,1,recorded-not-rechecked,Board datasheet not yet recorded,https://wiki.lilygo.cc/products/industrial-series/t-spe/
lilygo-esp32-t-twr,T-TWR,LILYGO,board,0,0,0,0,1,recorded-not-rechecked,Board datasheet not yet recorded,https://wiki.lilygo.cc/products/t-twr-series/t-twr/
lilygo-esp32-t-twr-plus,T-TWR-Plus,LILYGO,board,0,0,0,0,1,recorded-not-rechecked,Board datasheet not yet recorded,https://wiki.lilygo.cc/products/t-twr-series/t-twr-plus/
lilygo-esp32-t-watch-2020-v3,T-Watch 2020 V3,LILYGO,board,0,0,0,0,0,recorded-not-rechecked,Board datasheet not yet recorded; Board/device visual reference still needed,https://www.lilygo.cc/products/t-watch-2020-v3
lilygo-esp32-t-watch-s3,T-Watch S3,LILYGO,board,0,0,0,0,0,recorded-not-rechecked,Board datasheet not yet recorded; Board/device visual reference still needed,https://www.lilygo.cc/products/t-watch-s3
lilygo-esp32-t-weigh,T-Weigh,LILYGO,board,0,0,0,0,1,missing,Board datasheet not yet recorded; Original manufacturer website not yet identified,
lilygo-esp32-t3-v1-8-sx1280-2-4ghz,T3 V1.8 SX1280 2.4GHz,LILYGO,board,0,0,0,0,1,missing,Board datasheet not yet recorded; Original manufacturer website not yet identified,
lilygo-esp32-t3-s3-e-paper,T3-S3 E-Paper,LILYGO,board,0,0,0,0,1,recorded-not-rechecked,Board datasheet not yet recorded,https://wiki.lilygo.cc/products/t3-series/t3-s3-e-paper/
lilygo-esp32-t3-s3-lr1121,T3-S3 LR1121,LILYGO,board,0,0,0,0,1,recorded-not-rechecked,Board datasheet not yet recorded,https://wiki.lilygo.cc/products/t3-series/t3-s3-lr1121/
lilygo-esp32-t3-s3-mvsr-board,T3-S3 MVSR Board,LILYGO,board,0,0,0,0,1,recorded-not-rechecked,Board datasheet not yet recorded,https://wiki.lilygo.cc/products/t3-series/t3-s3-mvsr/
lilygo-esp32-t3-s3-v1-2,T3-S3 V1.2,LILYGO,board,0,0,0,0,1,recorded-not-rechecked,Board datasheet not yet recorded,https://wiki.lilygo.cc/products/t3-series/t3-s3/
lilygo-esp32-t3-s3-v1-3,T3-S3 V1.3,LILYGO,board,0,0,0,0,1,recorded-not-rechecked,Board datasheet not yet recorded,https://wiki.lilygo.cc/products/t3-series/t3-s3-v1.3/
lilygo-esp32-t3-tcxo,T3-TCXO,LILYGO,board,0,0,0,0,1,recorded-not-rechecked,Board datasheet not yet recorded,https://wiki.lilygo.cc/products/t3-series/t3-txco/
lilygo-esp32-t4-s3-2-41,T4-S3-2.41,LILYGO,board,0,0,0,0,1,recorded-not-rechecked,Board datasheet not yet recorded,https://wiki.lilygo.cc/products/t4-series/t4-s3/
lilygo-esp32-t5-4-7-e-paper-s3-pro,T5-4.7 E-Paper S3 Pro,LILYGO,board,0,0,0,0,1,recorded-not-rechecked,Board datasheet not yet recorded,https://wiki.lilygo.cc/products/t5-series/t5-e-paper-s3-pro/
lilygo-esp32-t5-4-7-s3-capacitive-touch,T5-4.7-S3 Capacitive Touch,LILYGO,board,0,0,0,0,1,recorded-not-rechecked,Board datasheet not yet recorded,https://wiki.lilygo.cc/products/t5-series/t5-e-paper/
lilygo-esp32-t5-4-7-s3-e-paper-pro-lite,T5-4.7-S3 E-Paper Pro Lite,LILYGO,board,0,0,0,0,1,recorded-not-rechecked,Board datasheet not yet recorded,https://wiki.lilygo.cc/products/t5-series/t5-e-paper-s3-lite/
lilygo-esp32-t7-c5,T7-C5,LILYGO,board,0,0,0,0,1,recorded-not-rechecked,Board datasheet not yet recorded,https://wiki.lilygo.cc/products/t7-series/t7-c5/
lilygo-esp32-t7-c6,T7-C6,LILYGO,board,0,0,0,0,1,recorded-not-rechecked,Board datasheet not yet recorded,https://wiki.lilygo.cc/products/t7-series/t7-c6/
lilygo-esp32-t7-s3,T7-S3,LILYGO,board,0,0,0,0,2,recorded-not-rechecked,Board datasheet not yet recorded,https://wiki.lilygo.cc/products/t7-series/t7-s3/
lilygo-esp32-t8,T8,LILYGO,board,0,0,0,0,0,recorded-not-rechecked,Board datasheet not yet recorded; Board/device visual reference still needed,https://wiki.lilygo.cc/products/t8-series/t8/
lilygo-esp32-t8-c3,T8-C3,LILYGO,board,0,0,0,0,1,missing,Board datasheet not yet recorded; Original manufacturer website not yet identified,
lilygo-esp32-t8-s3,T8-S3,LILYGO,board,0,0,0,0,1,recorded-not-rechecked,Board datasheet not yet recorded,https://wiki.lilygo.cc/zh/products/t8-series/t8/
lilygo-esp32-tq-t-pro-no-psram,TQ-T Pro (No PSRAM),LILYGO,board,0,0,0,0,0,recorded-not-rechecked,Board datasheet not yet recorded; Board/device visual reference still needed,https://lilygo.cc/products/t-qt-pro?variant=43214296285365
lilygo-esp32-tq-t-pro-with-psram,TQ-T Pro (with PSRAM),LILYGO,board,0,0,0,0,0,recorded-not-rechecked,Board datasheet not yet recorded; Board/device visual reference still needed,https://lilygo.cc/products/t-qt-pro?variant=42383267823797
lilygo-esp32-ttgo-t-01c3-esp32-c3,TTGO T-01C3 ESP32-C3,LILYGO,board,0,0,0,0,0,missing,Board datasheet not yet recorded; Original manufacturer website not yet identified; Board/device visual reference still needed,
lilygo-esp32-ttgo-t-display-esp32-16m,TTGO T-Display ESP32 16M,LILYGO,board,0,0,0,0,0,recorded-not-rechecked,Board datasheet not yet recorded; Board/device visual reference still needed,https://www.lilygo.cc/products/lilygo%C2%AE-ttgo-t-display-1-14-inch-lcd-esp32-control-board?variant=42159376466101
lilygo-esp32-ttgo-t-display-esp32-4m,TTGO T-Display ESP32 4M,LILYGO,board,0,0,0,0,0,recorded-not-rechecked,Board datasheet not yet recorded; Board/device visual reference still needed,https://www.lilygo.cc/products/lilygo%C2%AE-ttgo-t-display-1-14-inch-lcd-esp32-control-board?variant=42159376433333
lilygo-esp32-ttgo-t-oi-plus,TTGO T-OI Plus,LILYGO,board,0,0,0,0,0,missing,Board datasheet not yet recorded; Original manufacturer website not yet identified; Board/device visual reference still needed,
lilygo-esp32-ttgo-t8-esp32-s2,TTGO T8 ESP32-S2,LILYGO,board,0,0,0,0,0,missing,Board datasheet not yet recorded; Original manufacturer website not yet identified; Board/device visual reference still needed,
lilygo-esp32-ttgo-t8-esp32-s2-st7789,TTGO T8 ESP32-S2 ST7789,LILYGO,board,0,0,0,0,0,missing,Board datasheet not yet recorded; Original manufacturer website not yet identified; Board/device visual reference still needed,
lilygo-esp32-ttgo-t8-esp32-s2-wroom,TTGO T8 ESP32-S2-WROOM,LILYGO,board,0,0,0,0,0,missing,Board datasheet not yet recorded; Original manufacturer website not yet identified; Board/device visual reference still needed,
lilygo-esp32-ttgo-t8-v1-7-esp32,TTGO T8 V1.7 ESP32,LILYGO,board,0,0,0,0,0,missing,Board datasheet not yet recorded; Original manufacturer website not yet identified; Board/device visual reference still needed,
lolin-esp32-d1-mini,D1 MINI,LOLIN,board,0,1,1,0,3,checked-model-page,Board datasheet not yet recorded,https://www.wemos.cc/en/latest/d1/d1_mini.html
lolin-esp32-d1-mini-lite,D1 MINI LITE,LOLIN,board,0,1,1,0,2,checked-model-page,Board datasheet not yet recorded,https://www.wemos.cc/en/latest/d1/d1_mini_lite.html
lolin-esp32-d1-mini-pro,D1 MINI PRO,LOLIN,board,0,1,1,0,2,checked-model-page,Board datasheet not yet recorded,https://www.wemos.cc/en/latest/d1/d1_mini_pro.html
luatos-esp32-core-esp32c3,Luatos Core ESP32C3,Luatos,board,0,0,0,0,1,missing,Board datasheet not yet recorded; Original manufacturer website not yet identified,
luatos-esp32-esp32-c3-core-board-ch343-usb-uart,Luatos ESP32-C3 Core Board – CH343 USB UART,Luatos,board,0,0,0,0,0,missing,Board datasheet not yet recorded; Original manufacturer website not yet identified; Board/device visual reference still needed,
m5stack-esp32-atom-echo-smart-speaker,ATOM Echo Smart Speaker,M5Stack,board,0,0,0,0,0,recorded-not-rechecked,Board datasheet not yet recorded; Board/device visual reference still needed,https://docs.m5stack.com/en/atom/atomecho
m5stack-esp32-atom-lite-esp32-iot,ATOM Lite ESP32 IoT,M5Stack,board,0,0,0,0,1,recorded-not-rechecked,Board datasheet not yet recorded,https://docs.m5stack.com/en/core/ATOM%20Lite
m5stack-esp32-atom-matrix-esp32,ATOM Matrix ESP32,M5Stack,board,0,0,0,0,1,recorded-not-rechecked,Board datasheet not yet recorded,https://docs.m5stack.com/en/core/atom_matrix
m5stack-esp32-atoms3-dev-kit-w-0-85-inch-screen,AtomS3 Dev Kit w/ 0.85-inch Screen,M5Stack,board,0,0,0,0,1,recorded-not-rechecked,Board datasheet not yet recorded,https://docs.m5stack.com/en/core/AtomS3
m5stack-esp32-atoms3-lite-esp32s3-dev-kit,AtomS3 Lite ESP32S3 Dev Kit,M5Stack,board,0,0,0,0,1,recorded-not-rechecked,Board datasheet not yet recorded,https://docs.m5stack.com/en/core/AtomS3%20Lite
m5stack-esp32-atoms3r,AtomS3R,M5Stack,board,0,0,0,0,1,recorded-not-rechecked,Board datasheet not yet recorded,https://docs.m5stack.com/en/core/AtomS3R
m5stack-esp32-atoms3u-esp32s3-dev-kit,AtomS3U ESP32S3 Dev Kit,M5Stack,board,0,0,0,0,0,recorded-not-rechecked,Board datasheet not yet recorded; Board/device visual reference still needed,https://shop.m5stack.com/products/atoms3u
m5stack-esp32-atomu-esp32,AtomU ESP32,M5Stack,board,0,0,0,0,0,recorded-not-rechecked,Board datasheet not yet recorded; Board/device visual reference still needed,https://docs.m5stack.com/en/core/atom_u
m5stack-esp32-core2-esp32-iot,Core2 ESP32 IoT,M5Stack,board,0,0,0,0,0,recorded-not-rechecked,Board datasheet not yet recorded; Board/device visual reference still needed,https://docs.m5stack.com/en/core/core2
m5stack-esp32-cores3,CoreS3,M5Stack,board,0,0,0,0,2,recorded-not-rechecked,Board datasheet not yet recorded,https://docs.m5stack.com/en/core/CoreS3
m5stack-esp32-cores3-esp32-iot,CoreS3 ESP32 IoT,M5Stack,board,0,0,0,0,0,recorded-not-rechecked,Board datasheet not yet recorded; Board/device visual reference still needed,https://docs.m5stack.com/en/core/cores3
m5stack-esp32-cores3-se-esp32s3-iot,CoreS3 SE ESP32S3 IoT,M5Stack,board,0,0,0,0,0,recorded-not-rechecked,Board datasheet not yet recorded; Board/device visual reference still needed,https://docs.m5stack.com/en/core/CoreS3%20SE
m5stack-esp32-dial-smart-rotary-knob-with-touch-screen,Dial - Smart Rotary Knob with Touch Screen,M5Stack,board,0,0,0,0,0,recorded-not-rechecked,Board datasheet not yet recorded; Board/device visual reference still needed,https://docs.m5stack.com/en/core/M5Dial
m5stack-esp32-esp32-basic-core-iot,ESP32 Basic Core IoT,M5Stack,board,0,0,0,0,0,recorded-not-rechecked,Board datasheet not yet recorded; Board/device visual reference still needed,https://docs.m5stack.com/en/core/basic_v2.6
m5stack-esp32-m5paper-esp32-dev-kit,M5Paper ESP32 Dev Kit,M5Stack,board,0,0,0,0,0,recorded-not-rechecked,Board datasheet not yet recorded; Board/device visual reference still needed,https://docs.m5stack.com/en/core/m5paper
m5stack-esp32-cardputer-m5stamps3-powered-mini-computer,M5Stack CardPuter - M5StampS3 powered mini computer,M5Stack,board,0,0,0,0,0,recorded-not-rechecked,Board datasheet not yet recorded; Board/device visual reference still needed,https://docs.m5stack.com/en/core/Cardputer
m5stack-esp32-cardputer-m5stamps3-powered-mini-computer-microros,M5Stack CardPuter - M5StampS3 powered mini computer (MicroROS),M5Stack,board,0,0,0,0,0,recorded-not-rechecked,Board datasheet not yet recorded; Board/device visual reference still needed,https://docs.m5stack.com/en/core/Cardputer
m5stack-esp32-din-meter-w-m5stamps3,M5Stack Din Meter w/ M5StampS3,M5Stack,board,0,0,0,0,0,recorded-not-rechecked,Board datasheet not yet recorded; Board/device visual reference still needed,https://docs.m5stack.com/en/core/M5DinMeter
m5stack-esp32-fire-iot,M5Stack FIRE IoT,M5Stack,board,0,0,0,0,0,recorded-not-rechecked,Board datasheet not yet recorded; Board/device visual reference still needed,https://docs.m5stack.com/en/core/fire_v2.6
m5stack-esp32-tab5-iot-development-kit,M5Stack Tab5 IoT Development Kit,M5Stack,board,0,0,0,0,1,recorded-not-rechecked,Board datasheet not yet recorded,https://docs.m5stack.com/en/core/Tab5
m5stack-esp32-timer-camera-x,M5Stack Timer Camera X,M5Stack,board,0,0,0,0,0,recorded-not-rechecked,Board datasheet not yet recorded; Board/device visual reference still needed,https://docs.m5stack.com/en/unit/timercam_x
m5stack-esp32-m5stamp-c3,M5Stamp C3,M5Stack,board,0,0,0,0,1,recorded-not-rechecked,Board datasheet not yet recorded,https://docs.m5stack.com/en/core/stamp_c3
m5stack-esp32-m5stamp-s3,M5Stamp S3,M5Stack,board,0,0,0,0,0,recorded-not-rechecked,Board datasheet not yet recorded; Board/device visual reference still needed,https://shop.m5stack.com/products/m5stamp-esp32s3-module
m5stack-esp32-m5stickc-esp32-pico-mini-iot,M5StickC ESP32-PICO Mini IoT,M5Stack,board,0,0,0,0,0,recorded-not-rechecked,Board datasheet not yet recorded; Board/device visual reference still needed,https://docs.m5stack.com/en/core/m5stickc
m5stack-esp32-m5stickc-plus-esp32-pico-mini-iot,M5StickC PLUS ESP32-PICO Mini IoT,M5Stack,board,0,0,0,0,0,recorded-not-rechecked,Board datasheet not yet recorded; Board/device visual reference still needed,https://docs.m5stack.com/en/core/m5stickc_plus
m5stack-esp32-stamp-c6lora,Stamp C6LoRa,M5Stack,board,0,0,0,0,2,recorded-not-rechecked,Board datasheet not yet recorded,https://docs.m5stack.com/en/core/Stamp_C6LoRa
m5stack-esp32-stamp-c3-mate,Stamp-C3 Mate,M5Stack,board,0,0,0,0,1,recorded-not-rechecked,Board datasheet not yet recorded,https://docs.m5stack.com/en/core/stamp_c3_mate
m5stack-esp32-stamp-c3u,Stamp-C3U,M5Stack,board,0,0,0,0,1,recorded-not-rechecked,Board datasheet not yet recorded,https://docs.m5stack.com/en/core/stamp_c3u
m5stack-esp32-stamp-c3u-mate,Stamp-C3U Mate,M5Stack,board,0,0,0,0,1,recorded-not-rechecked,Board datasheet not yet recorded,https://docs.m5stack.com/en/core/stamp_c3u_mate
m5stack-esp32-stamp-c5,Stamp-C5,M5Stack,board,0,0,0,0,2,recorded-not-rechecked,Board datasheet not yet recorded,https://docs.m5stack.com/en/core/Stamp-C5
m5stack-esp32-stamp-c5-dip,Stamp-C5 DIP,M5Stack,board,0,0,0,0,2,recorded-not-rechecked,Board datasheet not yet recorded,https://docs.m5stack.com/en/core/Stamp-C5_DIP
m5stack-esp32-stamp-p4,Stamp-P4,M5Stack,board,0,0,0,0,2,recorded-not-rechecked,Board datasheet not yet recorded,https://docs.m5stack.com/en/core/Stamp-P4
m5stack-esp32-stamp-pico,Stamp-Pico,M5Stack,board,0,0,0,0,3,recorded-not-rechecked,Board datasheet not yet recorded,https://docs.m5stack.com/en/core/stamp_pico
m5stack-esp32-stamp-pico-diy-kit,Stamp-Pico DIY Kit,M5Stack,board,0,0,0,0,1,recorded-not-rechecked,Board datasheet not yet recorded,https://docs.m5stack.com/en/core/stamp_pico_diy_kit
m5stack-esp32-stamp-pico-mate,Stamp-Pico Mate,M5Stack,board,0,0,0,0,1,recorded-not-rechecked,Board datasheet not yet recorded,https://docs.m5stack.com/en/core/stamp_pico_mate
m5stack-esp32-stamp-s3,Stamp-S3,M5Stack,board,0,0,0,0,2,recorded-not-rechecked,Board datasheet not yet recorded,https://docs.m5stack.com/en/core/StampS3
m5stack-esp32-stamp-s3-pin1-27,Stamp-S3 PIN1.27,M5Stack,board,0,0,0,0,2,recorded-not-rechecked,Board datasheet not yet recorded,https://docs.m5stack.com/en/core/M5StampS3%20PIN1.27
m5stack-esp32-stamp-s3-pin2-54,Stamp-S3 PIN2.54,M5Stack,board,0,0,0,0,2,recorded-not-rechecked,Board datasheet not yet recorded,https://docs.m5stack.com/en/core/M5StampS3%20PIN2.54
m5stack-esp32-stamp-s3a,Stamp-S3A,M5Stack,board,0,0,0,0,1,recorded-not-rechecked,Board datasheet not yet recorded,https://docs.m5stack.com/en/core/Stamp-S3A
m5stack-esp32-stamp-s3bat,Stamp-S3Bat,M5Stack,board,0,0,0,0,2,recorded-not-rechecked,Board datasheet not yet recorded,https://docs.m5stack.com/en/core/Stamp-S3Bat
m5stack-esp32-stamp-s3bat-dip,Stamp-S3Bat DIP,M5Stack,board,0,0,0,0,2,recorded-not-rechecked,Board datasheet not yet recorded,https://docs.m5stack.com/en/core/Stamp-S3Bat_DIP
maker-go-esp32-esp32c3-supermini,Maker Go ESP32C3 Supermini,Maker Go,board,0,0,0,0,0,missing,Board datasheet not yet recorded; Original manufacturer website not yet identified; Board/device visual reference still needed,
maker-go-esp32-esp32c6-supermini,Maker Go ESP32C6 Supermini,Maker Go,board,0,0,0,0,1,missing,Board datasheet not yet recorded; Original manufacturer website not yet identified,
makerfabs-esp32-matouch-esp32-s3-parallel-tft-with-touch-7,MaTouch ESP32-S3 Parallel TFT with Touch 7“,Makerfabs,board,0,0,0,0,0,missing,Board datasheet not yet recorded; Original manufacturer website not yet identified; Board/device visual reference still needed,
makerm0-esp32-magiclick-s3,MagiClick S3,MakerM0,board,0,0,0,0,0,missing,Board datasheet not yet recorded; Original manufacturer website not yet identified; Board/device visual reference still needed,
microdev-esp32-microc3,MicroDev microC3,MicroDev,board,0,0,0,0,0,missing,Board datasheet not yet recorded; Original manufacturer website not yet identified; Board/device visual reference still needed,
microdev-esp32-micros2,MicroDev microS2,MicroDev,board,0,0,0,0,0,missing,Board datasheet not yet recorded; Original manufacturer website not yet identified; Board/device visual reference still needed,
mixly-esp32-mixgo-ce-serial,MixGo CE Serial,Mixly,board,0,0,0,0,0,missing,Board datasheet not yet recorded; Original manufacturer website not yet identified; Board/device visual reference still needed,
mixly-esp32-mixgo-ce-udisk,MixGo CE UDisk,Mixly,board,0,0,0,0,0,missing,Board datasheet not yet recorded; Original manufacturer website not yet identified; Board/device visual reference still needed,
morpheans-esp32-morphesp-240,MorphESP 240,Morpheans,board,0,0,0,0,0,missing,Board datasheet not yet recorded; Original manufacturer website not yet identified; Board/device visual reference still needed,
muselab-esp32-nanoesp32-s2-w-wroom,NanoESP32 S2 w/WROOM,Muselab,board,0,0,0,0,0,missing,Board datasheet not yet recorded; Original manufacturer website not yet identified; Board/device visual reference still needed,
muselab-esp32-nanoesp32-s2-w-wrover,NanoESP32 S2 w/WROVER,Muselab,board,0,0,0,0,0,missing,Board datasheet not yet recorded; Original manufacturer website not yet identified; Board/device visual reference still needed,
nhb-systems-esp32-jl401-s3-4mb-flash-2mb-psram,NHB Systems JL401-S3 4MB Flash 2MB PSRAM,NHB Systems,board,0,0,0,0,0,missing,Board datasheet not yet recorded; Original manufacturer website not yet identified; Board/device visual reference still needed,
nodemcu-esp32-devkit-0-9,NodeMCU DevKit 0.9,NodeMCU,board,0,0,0,0,1,missing,Board datasheet not yet recorded; Original manufacturer website not yet identified,
nodemcu-esp32-devkit-1-0,NodeMCU DevKit 1.0,NodeMCU,board,0,0,0,0,1,missing,Board datasheet not yet recorded; Original manufacturer website not yet identified,
nodemcu-esp32-esp32-c2,NodeMCU ESP32-C2,NodeMCU,board,0,0,0,0,0,missing,Board datasheet not yet recorded; Original manufacturer website not yet identified; Board/device visual reference still needed,
nologo-esp32-esp32-do,ESP32 Do,Nologo,board,0,0,0,0,0,recorded-not-rechecked,Board datasheet not yet recorded; Board/device visual reference still needed,https://www.nologo.tech/product/esp32/esp32/esp32Do/
nologo-esp32-esp32-c3-1-28tft,ESP32-C3 1.28TFT,Nologo,board,0,0,0,0,0,recorded-not-rechecked,Board datasheet not yet recorded; Board/device visual reference still needed,https://www.nologo.tech/product/esp32/esp32c3/esp32c31.28tft/
nologo-esp32-esp32-c3-supermini,ESP32-C3 SuperMini,Nologo,board,0,0,0,0,1,recorded-not-rechecked,Board datasheet not yet recorded,https://www.nologo.tech/product/esp32/esp32c3/esp32c3supermini/esp32C3SuperMiniFoot.html
nologo-esp32-esp32-c6-hxb,ESP32-C6 HXB,Nologo,board,0,0,0,0,0,recorded-not-rechecked,Board datasheet not yet recorded; Board/device visual reference still needed,https://www.nologo.tech/product/esp32/esp32c6/esp32c6hxb/
nologo-esp32-esp32-c6-supermini,ESP32-C6 SuperMini,Nologo,board,0,0,0,0,0,recorded-not-rechecked,Board datasheet not yet recorded; Board/device visual reference still needed,https://www.nologo.tech/product/esp32/esp32c6/esp32c6supermini/
nologo-esp32-esp32-h2-supermini,ESP32-H2 SuperMini,Nologo,board,0,0,0,0,0,recorded-not-rechecked,Board datasheet not yet recorded; Board/device visual reference still needed,https://www.nologo.tech/product/esp32/esp32h2/esp32h2supermini/
nologo-esp32-esp32-h2hxb,ESP32-H2HXB,Nologo,board,0,0,0,0,0,recorded-not-rechecked,Board datasheet not yet recorded; Board/device visual reference still needed,https://www.nologo.tech/product/esp32/esp32h2/esp32h2hxb/
nologo-esp32-esp32-s2-pico,ESP32-S2 Pico,Nologo,board,0,0,0,0,1,recorded-not-rechecked,Board datasheet not yet recorded,https://www.nologo.tech/product/esp32/esp32s2/esp32s2pico/esp32S2Pico.html
nologo-esp32-esp32-s3-0-85-ai,ESP32-S3 0.85小智AI,Nologo,board,0,0,0,0,0,recorded-not-rechecked,Board datasheet not yet recorded; Board/device visual reference still needed,https://www.nologo.tech/product/esp32/esp32s3/esp32s3xiazohi_0.85/
nologo-esp32-esp32-s3-1-14-inch-tft,ESP32-S3 1.14-inch TFT,Nologo,board,0,0,0,0,2,recorded-not-rechecked,Board datasheet not yet recorded,https://www.nologo.tech/product/esp32/esp32s3/esp32S31.14TFT/esp32S31.14TFT.html
nologo-esp32-esp32-s3-1-28-touch-lcd,ESP32-S3 1.28寸 Touch LCD,Nologo,board,0,0,0,0,0,recorded-not-rechecked,Board datasheet not yet recorded; Board/device visual reference still needed,https://www.nologo.tech/product/esp32/esp32s3/esp32S31.28TouchLCD/
nologo-esp32-esp32-s3-1-91-inch-tft,ESP32-S3 1.91-inch TFT,Nologo,board,0,0,0,0,0,recorded-not-rechecked,Board datasheet not yet recorded; Board/device visual reference still needed,https://www.nologo.tech/product/esp32/esp32s3/esp32s31.91TFT/
nologo-esp32-esp32-s3-hxb,ESP32-S3 HXB,Nologo,board,0,0,0,0,0,recorded-not-rechecked,Board datasheet not yet recorded; Board/device visual reference still needed,https://www.nologo.tech/product/esp32/esp32s3/esp32s3hxb/
nologo-esp32-esp32-s3-matrixbitv3-0,ESP32-S3 Matrixbitv3.0,Nologo,board,0,0,0,0,0,recorded-not-rechecked,Board datasheet not yet recorded; Board/device visual reference still needed,https://www.nologo.tech/product/esp32/esp32s3/esp32s3matrixbitv3.0/
nologo-esp32-esp32-s3-pico,ESP32-S3 Pico,Nologo,board,0,0,0,0,2,recorded-not-rechecked,Board datasheet not yet recorded,https://www.nologo.tech/product/esp32/esp32s3/esp32s3Pico/esp32s3pico_arduino/esp32s3pico_arduino_7.html
nologo-esp32-esp32-s3-supermini,ESP32-S3 SuperMini,Nologo,board,0,0,0,0,1,recorded-not-rechecked,Board datasheet not yet recorded,https://www.nologo.tech/product/esp32/esp32s3/esp32s3supermini/esp32S3SuperMini.html
nologo-esp32-esp32-s3-uno,ESP32-S3 UNO,Nologo,board,0,0,0,0,0,recorded-not-rechecked,Board datasheet not yet recorded; Board/device visual reference still needed,https://www.nologo.tech/product/esp32/esp32s3/esp32s3uno/
nologo-esp32-esp32-s3-xingzhi-ai,ESP32-S3 Xingzhi AI,Nologo,board,0,0,0,0,1,recorded-not-rechecked,Board datasheet not yet recorded,https://www.nologo.tech/product/esp32/esp32s3/esp32s3ai/esp32s3ai.html
nologo-esp32-esp32-s3-cube-2-0,ESP32-S3 星智CUBE 2.0,Nologo,board,0,0,0,0,0,recorded-not-rechecked,Board datasheet not yet recorded; Board/device visual reference still needed,https://www.nologo.tech/product/esp32/esp32s3/esp32s3xingzhicube2.0/
oak-development-technologies-esp32-pixelwing-esp32-s2-rgb-matrix,PixelWing ESP32-S2 RGB Matrix,Oak Development Technologies,board,0,0,0,0,0,missing,Board datasheet not yet recorded; Original manufacturer website not yet identified; Board/device visual reference still needed,
olimex-esp32-esp32-c5-devkit-lipo,ESP32-C5-DevKit-Lipo,Olimex,board,0,0,0,0,2,recorded-not-rechecked,Board datasheet not yet recorded,https://www.olimex.com/Products/IoT/ESP32-C5/ESP32-C5-DevKit-Lipo/open-source-hardware
olimex-esp32-esp32-c5-evb,ESP32-C5-EVB,Olimex,board,0,0,0,0,2,recorded-not-rechecked,Board datasheet not yet recorded,https://www.olimex.com/Products/IoT/ESP32-C5/ESP32-C5-EVB/open-source-hardware
olimex-esp32-mod-esp32-c5,MOD-ESP32-C5,Olimex,board,0,0,0,0,1,recorded-not-rechecked,Board datasheet not yet recorded,https://www.olimex.com/Products/IoT/ESP32-C5/MOD-ESP32-C5/open-source-hardware
oxocard-esp32-artwork-card,Oxocard Artwork Card,Oxocard,board,0,0,0,0,0,missing,Board datasheet not yet recorded; Original manufacturer website not yet identified; Board/device visual reference still needed,
oxocard-esp32-connect-card,Oxocard Connect Card,Oxocard,board,0,0,0,0,0,missing,Board datasheet not yet recorded; Original manufacturer website not yet identified; Board/device visual reference still needed,
oxocard-esp32-galaxy-card,Oxocard Galaxy Card,Oxocard,board,0,0,0,0,0,missing,Board datasheet not yet recorded; Original manufacturer website not yet identified; Board/device visual reference still needed,
oxocard-esp32-science-card,Oxocard Science Card,Oxocard,board,0,0,0,0,0,missing,Board datasheet not yet recorded; Original manufacturer website not yet identified; Board/device visual reference still needed,
pandabyte-esp32-xc5,xC5,PandaByte,board,0,0,0,0,1,missing,Board datasheet not yet recorded; Original manufacturer website not yet identified,
pcbcupid-esp32-glyph-c5,GLYPH C5,PCBCupid,board,0,0,0,0,0,missing,Board datasheet not yet recorded; Original manufacturer website not yet identified; Board/device visual reference still needed,
pcbcupid-esp32-glyph-c3,Pcbcupid GLYPH C3,Pcbcupid,board,0,0,0,0,0,missing,Board datasheet not yet recorded; Original manufacturer website not yet identified; Board/device visual reference still needed,
pcbcupid-esp32-glyph-c6,Pcbcupid GLYPH C6,Pcbcupid,board,0,0,0,0,0,missing,Board datasheet not yet recorded; Original manufacturer website not yet identified; Board/device visual reference still needed,
pcbcupid-esp32-glyph-h2,Pcbcupid GLYPH H2,Pcbcupid,board,0,0,0,0,0,missing,Board datasheet not yet recorded; Original manufacturer website not yet identified; Board/device visual reference still needed,
pcbcupid-esp32-glyph-s3,Pcbcupid GLYPH S3,Pcbcupid,board,0,0,0,0,0,missing,Board datasheet not yet recorded; Original manufacturer website not yet identified; Board/device visual reference still needed,
prokyber-esp32-ai-on-the-edge-cam,AI-On-The-Edge-Cam,Prokyber,board,0,0,0,0,0,missing,Board datasheet not yet recorded; Original manufacturer website not yet identified; Board/device visual reference still needed,
radomir-dopieralski-esp32-game-s3,µGame S3,Radomir Dopieralski,board,0,0,0,0,0,missing,Board datasheet not yet recorded; Original manufacturer website not yet identified; Board/device visual reference still needed,
rakwireless-esp32-rak11200,RAK11200,RAKwireless,board,0,0,0,0,1,recorded-not-rechecked,Board datasheet not yet recorded,https://docs.rakwireless.com/product-categories/wisblock/rak11200/datasheet/
seeed-studio-esp32-esp32-breakout-kit,ESP32 Breakout Kit,Seeed Studio,board,0,0,0,0,1,recorded-not-rechecked,Board datasheet not yet recorded,https://wiki.seeedstudio.com/ESP32_Breakout_Kit/
seeed-studio-esp32-xiao-esp32-s3-trmnl-diy-kit,Seeed Studio XIAO ESP32-S3 TRMNL DIY Kit,Seeed Studio,board,0,0,0,0,0,recorded-not-rechecked,Board datasheet not yet recorded; Board/device visual reference still needed,https://www.seeedstudio.com/TRMNL-7-5-Inch-OG-DIY-Kit-p-6481.html
seeed-studio-esp32-xiao-esp32c3,XIAO ESP32C3,Seeed Studio,board,0,0,0,0,5,recorded-not-rechecked,Board datasheet not yet recorded,https://wiki.seeedstudio.com/XIAO_ESP32C3_Getting_Started/
seeed-studio-esp32-xiao-esp32c5,XIAO ESP32C5,Seeed Studio,board,0,0,0,0,2,recorded-not-rechecked,Board datasheet not yet recorded,https://wiki.seeedstudio.com/xiao_esp32c5_getting_started/
seeed-studio-esp32-xiao-esp32c6,XIAO ESP32C6,Seeed Studio,board,0,0,0,0,3,recorded-not-rechecked,Board datasheet not yet recorded,https://wiki.seeedstudio.com/xiao_esp32c6_getting_started/
seeed-studio-esp32-xiao-esp32s3,XIAO ESP32S3,Seeed Studio,board,0,0,0,0,7,recorded-not-rechecked,Board datasheet not yet recorded,https://wiki.seeedstudio.com/xiao_esp32s3_getting_started/
seeed-studio-esp32-xiao-esp32s3-wio-sx1262-kit,XIAO ESP32S3 & Wio-SX1262 Kit,Seeed Studio,board,0,0,0,0,3,recorded-not-rechecked,Board datasheet not yet recorded,https://wiki.seeedstudio.com/wio_sx1262_with_xiao_esp32s3_kit/
seeed-studio-esp32-xiao-esp32s3-wio-sx1262-kit-with-3d-printed-enclosure,XIAO ESP32S3 & Wio-SX1262 Kit with 3D Printed Enclosure,Seeed Studio,board,0,0,0,0,2,recorded-not-rechecked,Board datasheet not yet recorded,https://wiki.seeedstudio.com/wio_sx1262_and_xiao_esp32s3_kit_with_3dprinted_enclosure_introduction_and_assembly_guide/
seeed-studio-esp32-xiao-esp32s3-plus,XIAO ESP32S3 Plus,Seeed Studio,board,0,0,0,0,2,recorded-not-rechecked,Board datasheet not yet recorded,https://wiki.seeedstudio.com/xiao_esp32s3_getting_started/
seeed-studio-esp32-xiao-esp32s3-sense,XIAO ESP32S3 Sense,Seeed Studio,board,0,0,0,0,3,recorded-not-rechecked,Board datasheet not yet recorded,https://wiki.seeedstudio.com/xiao_esp32s3_getting_started/
sensebox-esp32-mcu-eye,senseBox MCU Eye,senseBox,board,0,0,0,0,0,missing,Board datasheet not yet recorded; Original manufacturer website not yet identified; Board/device visual reference still needed,
sensebox-esp32-mcu-s2,senseBox MCU-S2,senseBox,board,0,0,0,0,0,missing,Board datasheet not yet recorded; Original manufacturer website not yet identified; Board/device visual reference still needed,
sensebox-esp32-sensebox-eye-with-esp32s3,senseBox-eye with ESP32S3,senseBox,board,0,0,0,0,0,missing,Board datasheet not yet recorded; Original manufacturer website not yet identified; Board/device visual reference still needed,
smart-bee-designs-esp32-bee-data-logger,Bee Data Logger,Smart Bee Designs,board,0,0,0,0,0,missing,Board datasheet not yet recorded; Original manufacturer website not yet identified; Board/device visual reference still needed,
smart-bee-designs-esp32-bee-motion-s3,Bee Motion S3,Smart Bee Designs,board,0,0,0,0,0,missing,Board datasheet not yet recorded; Original manufacturer website not yet identified; Board/device visual reference still needed,
smart-bee-designs-esp32-bee-s3,Bee S3,Smart Bee Designs,board,0,0,0,0,0,missing,Board datasheet not yet recorded; Original manufacturer website not yet identified; Board/device visual reference still needed,
solder-party-esp32-esp32-p4-stamp-xl,ESP32-P4 Stamp XL,Solder Party,board,0,0,0,0,0,missing,Board datasheet not yet recorded; Original manufacturer website not yet identified; Board/device visual reference still needed,
soldered-esp32-nula-dual-esp32-c5,NULA Dual ESP32-C5,Soldered,board,0,0,0,0,0,missing,Board datasheet not yet recorded; Original manufacturer website not yet identified; Board/device visual reference still needed,
sparkfun-esp32-esp8266-thing,ESP8266 Thing,SparkFun,board,0,0,0,0,1,recorded-not-rechecked,Board datasheet not yet recorded,https://www.sparkfun.com/products/13231
sparkfun-esp32-esp8266-thing-dev,ESP8266 Thing Dev,SparkFun,board,0,0,0,0,1,recorded-not-rechecked,Board datasheet not yet recorded,https://www.sparkfun.com/products/13711
sparkfun-esp32-thing-plus-esp32-c5,Thing Plus ESP32-C5,SparkFun,board,0,0,0,0,0,recorded-not-rechecked,Board datasheet not yet recorded; Board/device visual reference still needed,https://docs.sparkfun.com/SparkFun_Thing_Plus_ESP32-C5/hardware/hardware_overview
spotpear-esp32-esp32c3-lcd-1-44,Spotpear ESP32C3 LCD 1.44,Spotpear,board,0,0,0,0,0,missing,Board datasheet not yet recorded; Original manufacturer website not yet identified; Board/device visual reference still needed,
spotpear-esp32-esp32c3-lcd-1-69-touchscreen,Spotpear ESP32C3 LCD 1.69 Touchscreen,Spotpear,board,0,0,0,0,0,missing,Board datasheet not yet recorded; Original manufacturer website not yet identified; Board/device visual reference still needed,
squarofumi-esp32-watchy,Watchy,Squarofumi,board,0,0,0,0,0,missing,Board datasheet not yet recorded; Original manufacturer website not yet identified; Board/device visual reference still needed,
sunton-esp32-esp32-2424s012,Sunton ESP32-2424S012,Sunton,board,0,0,0,0,0,missing,Board datasheet not yet recorded; Original manufacturer website not yet identified; Board/device visual reference still needed,
sunton-esp32-esp32-2432s024c,Sunton ESP32-2432S024C,Sunton,board,0,0,0,0,0,missing,Board datasheet not yet recorded; Original manufacturer website not yet identified; Board/device visual reference still needed,
sunton-esp32-esp32-2432s028,Sunton ESP32-2432S028,Sunton,board,0,0,0,0,0,missing,Board datasheet not yet recorded; Original manufacturer website not yet identified; Board/device visual reference still needed,
sunton-esp32-esp32-2432s032c,Sunton ESP32-2432S032C,Sunton,board,0,0,0,0,0,missing,Board datasheet not yet recorded; Original manufacturer website not yet identified; Board/device visual reference still needed,
sunton-esp32-esp32-8048s050,Sunton ESP32-8048S050,Sunton,board,0,0,0,0,0,missing,Board datasheet not yet recorded; Original manufacturer website not yet identified; Board/device visual reference still needed,
sunton-esp32-esp32-8048s070,Sunton ESP32-8048S070,Sunton,board,0,0,0,0,0,missing,Board datasheet not yet recorded; Original manufacturer website not yet identified; Board/device visual reference still needed,
targett-esp32-esp32-s2-module-clip-wroom,Targett ESP32-S2 Module Clip (WROOM),Targett,board,0,0,0,0,0,missing,Board datasheet not yet recorded; Original manufacturer website not yet identified; Board/device visual reference still needed,
targett-esp32-esp32-s2-module-clip-wrover,Targett ESP32-S2 Module Clip (WROVER),Targett,board,0,0,0,0,0,missing,Board datasheet not yet recorded; Original manufacturer website not yet identified; Board/device visual reference still needed,
thingpulse-esp32-pendrive-s3,ThingPulse Pendrive S3,ThingPulse,board,0,0,0,0,0,missing,Board datasheet not yet recorded; Original manufacturer website not yet identified; Board/device visual reference still needed,
turkish-technology-team-foundation-esp32-deneyap-kart,Deneyap Kart,Turkish Technology Team Foundation,board,0,0,0,0,0,missing,Board datasheet not yet recorded; Original manufacturer website not yet identified; Board/device visual reference still needed,
turkish-technology-team-foundation-esp32-deneyap-kart-1a,Deneyap Kart 1A,Turkish Technology Team Foundation,board,0,0,0,0,0,missing,Board datasheet not yet recorded; Original manufacturer website not yet identified; Board/device visual reference still needed,
turkish-technology-team-foundation-esp32-deneyap-kart-1a-v2,Deneyap Kart 1A v2,Turkish Technology Team Foundation,board,0,0,0,0,0,missing,Board datasheet not yet recorded; Original manufacturer website not yet identified; Board/device visual reference still needed,
turkish-technology-team-foundation-esp32-deneyap-kart-g,Deneyap Kart G,Turkish Technology Team Foundation,board,0,0,0,0,0,missing,Board datasheet not yet recorded; Original manufacturer website not yet identified; Board/device visual reference still needed,
turkish-technology-team-foundation-esp32-deneyap-mini,Deneyap Mini,Turkish Technology Team Foundation,board,0,0,0,0,0,missing,Board datasheet not yet recorded; Original manufacturer website not yet identified; Board/device visual reference still needed,
turkish-technology-team-foundation-esp32-deneyap-mini-v2,Deneyap Mini v2,Turkish Technology Team Foundation,board,0,0,0,0,0,missing,Board datasheet not yet recorded; Original manufacturer website not yet identified; Board/device visual reference still needed,
unexpected-maker-esp32-edges3d,EdgeS3D,Unexpected Maker,board,0,0,0,0,1,missing,Board datasheet not yet recorded; Original manufacturer website not yet identified,
unexpected-maker-esp32-feathers3,FeatherS3,Unexpected Maker,board,0,0,0,0,1,recorded-not-rechecked,Board datasheet not yet recorded,https://unexpectedmaker.com/shop/feathers3
unexpected-maker-esp32-feathers3-ufl,FeatherS3 uFL,Unexpected Maker,board,0,0,0,0,1,missing,Board datasheet not yet recorded; Original manufacturer website not yet identified,
unexpected-maker-esp32-feathers3d,FeatherS3D,Unexpected Maker,board,0,0,0,0,1,missing,Board datasheet not yet recorded; Original manufacturer website not yet identified,
unexpected-maker-esp32-feathers3neo,FeatherS3Neo,Unexpected Maker,board,0,0,0,0,1,missing,Board datasheet not yet recorded; Original manufacturer website not yet identified,
unexpected-maker-esp32-nanos3,NanoS3,Unexpected Maker,board,0,0,0,0,1,recorded-not-rechecked,Board datasheet not yet recorded,https://unexpectedmaker.com/shop/nanos3
unexpected-maker-esp32-omgs3,OMGS3,Unexpected Maker,board,0,0,0,0,1,recorded-not-rechecked,Board datasheet not yet recorded,https://unexpectedmaker.com/shop.html#!/OMGS3/p/687192227
unexpected-maker-esp32-pros3,ProS3,Unexpected Maker,board,0,0,0,0,1,recorded-not-rechecked,Board datasheet not yet recorded,https://unexpectedmaker.com/shop/pros3
unexpected-maker-esp32-pros3-ufl,ProS3 uFL,Unexpected Maker,board,0,0,0,0,1,missing,Board datasheet not yet recorded; Original manufacturer website not yet identified,
unexpected-maker-esp32-pros3d,ProS3D,Unexpected Maker,board,0,0,0,0,1,missing,Board datasheet not yet recorded; Original manufacturer website not yet identified,
unexpected-maker-esp32-tinys3,TinyS3,Unexpected Maker,board,0,0,0,0,1,recorded-not-rechecked,Board datasheet not yet recorded,https://unexpectedmaker.com/shop/tinys3
unexpected-maker-esp32-tinys3-ufl,TinyS3 uFL,Unexpected Maker,board,0,0,0,0,1,missing,Board datasheet not yet recorded; Original manufacturer website not yet identified,
unexpected-maker-esp32-tinys3d,TinyS3D,Unexpected Maker,board,0,0,0,0,1,missing,Board datasheet not yet recorded; Original manufacturer website not yet identified,
unexpected-maker-esp32-bling,Unexpected Maker Bling,Unexpected Maker,board,0,0,0,0,0,recorded-not-rechecked,Board datasheet not yet recorded; Board/device visual reference still needed,https://unexpectedmaker.com/shop/bling
unexpected-maker-esp32-blizzard-s3,Unexpected Maker Blizzard S3,Unexpected Maker,board,0,0,0,0,0,recorded-not-rechecked,Board datasheet not yet recorded; Board/device visual reference still needed,https://unexpectedmaker.com/shop.html
unexpected-maker-esp32-edges3-d,Unexpected Maker EdgeS3[D],Unexpected Maker,board,0,0,0,0,0,recorded-not-rechecked,Board datasheet not yet recorded; Board/device visual reference still needed,https://unexpectedmaker.com/shop.html#!/EdgeS3-D
unexpected-maker-esp32-feathers2,Unexpected Maker FeatherS2,Unexpected Maker,board,0,0,0,0,0,recorded-not-rechecked,Board datasheet not yet recorded; Board/device visual reference still needed,https://unexpectedmaker.com/shop/feathers2
unexpected-maker-esp32-feathers2-neo,Unexpected Maker FeatherS2 Neo,Unexpected Maker,board,0,0,0,0,1,recorded-not-rechecked,Board datasheet not yet recorded,https://unexpectedmaker.com/shop/feathers2neo
unexpected-maker-esp32-feathers2-prerelease,Unexpected Maker FeatherS2 Prerelease,Unexpected Maker,board,0,0,0,0,0,recorded-not-rechecked,Board datasheet not yet recorded; Board/device visual reference still needed,https://unexpectedmaker.com/shop/feathers2-esp32-s2
unexpected-maker-esp32-feathers3-neo,Unexpected Maker FeatherS3 Neo,Unexpected Maker,board,0,0,0,0,0,recorded-not-rechecked,Board datasheet not yet recorded; Board/device visual reference still needed,https://unexpectedmaker.com/shop/feathers3neo
unexpected-maker-esp32-rgbtouch-mini,Unexpected Maker RGBTouch Mini,Unexpected Maker,board,0,0,0,0,0,recorded-not-rechecked,Board datasheet not yet recorded; Board/device visual reference still needed,https://unexpectedmaker.com/shop.html#!/RGB-Touch-Mini/p/686203649
unexpected-maker-esp32-tinyc6,Unexpected Maker TinyC6,Unexpected Maker,board,0,0,0,0,0,recorded-not-rechecked,Board datasheet not yet recorded; Board/device visual reference still needed,https://unexpectedmaker.com/shop/tinyc6
unexpected-maker-esp32-tinypico,Unexpected Maker TinyPICO,Unexpected Maker,board,0,0,0,0,1,recorded-not-rechecked,Board datasheet not yet recorded,https://unexpectedmaker.com/shop/tinypico-usbc
unexpected-maker-esp32-tinypico-nano,Unexpected Maker TinyPICO NANO,Unexpected Maker,board,0,0,0,0,0,recorded-not-rechecked,Board datasheet not yet recorded; Board/device visual reference still needed,https://unexpectedmaker.com/shop/tinypiconano
unexpected-maker-esp32-tinys2,Unexpected Maker TinyS2,Unexpected Maker,board,0,0,0,0,0,recorded-not-rechecked,Board datasheet not yet recorded; Board/device visual reference still needed,https://unexpectedmaker.com/shop/tinys2
unexpected-maker-esp32-tinywatch-s3,Unexpected Maker TinyWATCH S3,Unexpected Maker,board,0,0,0,0,0,recorded-not-rechecked,Board datasheet not yet recorded; Board/device visual reference still needed,https://unexpectedmaker.com/shop/tinywatchs3
unknown-esp32-artisense-reference-design-rd00,Artisense Reference Design RD00,Unknown,board,0,0,0,0,0,missing,Board datasheet not yet recorded; Original manufacturer website not yet identified; Board/device visual reference still needed,
vcc-gnd-studio-esp32-yd-esp32-s3,YD-ESP32-S3,VCC-GND Studio,board,0,0,0,0,2,missing,Board datasheet not yet recorded; Original manufacturer website not yet identified,
vcc-gnd-studio-esp32-yd-esp32-s3-n16r8,YD-ESP32-S3 N16R8,VCC-GND Studio,board,0,0,0,0,0,missing,Board datasheet not yet recorded; Original manufacturer website not yet identified; Board/device visual reference still needed,
vcc-gnd-studio-esp32-yd-esp32-s3-n8r8,YD-ESP32-S3 N8R8,VCC-GND Studio,board,0,0,0,0,0,missing,Board datasheet not yet recorded; Original manufacturer website not yet identified; Board/device visual reference still needed,
vidi-esp32-x-v1-1,VIDI X V1.1,VIDI,board,0,0,0,0,0,missing,Board datasheet not yet recorded; Original manufacturer website not yet identified; Board/device visual reference still needed,
waveshare-esp32-e-paper-esp32-driver-board,E-Paper ESP32 Driver Board,Waveshare,board,0,0,0,0,0,recorded-not-rechecked,Board datasheet not yet recorded; Board/device visual reference still needed,https://www.waveshare.com/wiki/E-Paper_ESP32_Driver_Board
waveshare-esp32-e-paper-esp8266-driver-board,E-Paper ESP8266 Driver Board,Waveshare,board,0,0,0,0,0,recorded-not-rechecked,Board datasheet not yet recorded; Board/device visual reference still needed,https://www.waveshare.com/wiki/E-Paper_ESP8266_Driver_Board
waveshare-esp32-esp32-one,ESP32 One,Waveshare,board,0,0,0,0,1,recorded-not-rechecked,Board datasheet not yet recorded,https://www.waveshare.com/wiki/ESP32_One
waveshare-esp32-esp32-c3-lcd-0-71,ESP32-C3-LCD-0.71,Waveshare,board,0,0,0,0,2,recorded-not-rechecked,Board datasheet not yet recorded,https://www.waveshare.com/esp32-c3-lcd-0.71.htm
waveshare-esp32-esp32-c3-lcd-1-47,ESP32-C3-LCD-1.47,Waveshare,board,0,0,0,0,2,recorded-not-rechecked,Board datasheet not yet recorded,https://www.waveshare.com/esp32-c3-lcd-1.47.htm
waveshare-esp32-esp32-c3-zero,ESP32-C3-Zero,Waveshare,board,0,0,0,0,3,recorded-not-rechecked,Board datasheet not yet recorded,https://www.waveshare.com/esp32-c3-zero.htm
waveshare-esp32-esp32-c5-lcd-1-47,ESP32-C5-LCD-1.47,Waveshare,board,0,0,0,0,1,recorded-not-rechecked,Board datasheet not yet recorded,https://www.waveshare.com/esp32-c5-lcd-1.47.htm
waveshare-esp32-esp32-c5-lcd-2-73,ESP32-C5-LCD-2.73,Waveshare,board,0,0,0,0,0,recorded-not-rechecked,Board datasheet not yet recorded; Board/device visual reference still needed,https://docs.waveshare.com/ESP32-C5-LCD-2.73
waveshare-esp32-esp32-c5-mini-kit,ESP32-C5-MINI-KIT,Waveshare,board,0,0,0,0,2,recorded-not-rechecked,Board datasheet not yet recorded,https://www.waveshare.com/esp32-c5-mini-kit.htm
waveshare-esp32-esp32-c5-pico,ESP32-C5-Pico,Waveshare,board,0,0,0,0,2,recorded-not-rechecked,Board datasheet not yet recorded,https://www.waveshare.com/esp32-c5-pico.htm
waveshare-esp32-esp32-c5-touch-lcd-1-69,ESP32-C5-Touch-LCD-1.69,Waveshare,board,0,0,0,0,2,recorded-not-rechecked,Board datasheet not yet recorded,https://www.waveshare.com/esp32-c5-touch-lcd-1.69.htm
waveshare-esp32-esp32-c5-touch-lcd-2-8,ESP32-C5-Touch-LCD-2.8,Waveshare,board,0,0,0,0,2,recorded-not-rechecked,Board datasheet not yet recorded,https://www.waveshare.com/esp32-c5-touch-lcd-2.8.htm
waveshare-esp32-esp32-c5-touch-lcd-3-5,ESP32-C5-Touch-LCD-3.5,Waveshare,board,0,0,0,0,0,recorded-not-rechecked,Board datasheet not yet recorded; Board/device visual reference still needed,https://docs.waveshare.com/ESP32-C5-Touch-LCD-3.5
waveshare-esp32-esp32-c5-wifi6-kit,ESP32-C5-WIFI6-KIT,Waveshare,board,0,0,0,0,3,recorded-not-rechecked,Board datasheet not yet recorded,https://www.waveshare.com/esp32-c5-wifi6-kit-n16r4.htm
waveshare-esp32-esp32-c5-zero,ESP32-C5-Zero,Waveshare,board,0,0,0,0,2,recorded-not-rechecked,Board datasheet not yet recorded,https://www.waveshare.com/esp32-c5-zero.htm
waveshare-esp32-esp32-c6-1-47inch-display-development-board,ESP32-C6 1.47inch Display Development Board,Waveshare,board,0,1,0,0,0,checked-model-page,Board datasheet not yet recorded; Board/device visual reference still needed,https://docs.waveshare.com/ESP32-C6-LCD-1.47
waveshare-esp32-esp32-c6-dev-kit-n8,ESP32-C6-DEV-KIT-N8,Waveshare,board,0,0,0,0,3,recorded-not-rechecked,Board datasheet not yet recorded,https://www.waveshare.com/esp32-c6-dev-kit-n8.htm
waveshare-esp32-esp32-c6-epaper-1-54,ESP32-C6-ePaper-1.54,Waveshare,board,0,0,0,0,0,recorded-not-rechecked,Board datasheet not yet recorded; Board/device visual reference still needed,https://docs.waveshare.com/ESP32-C6-ePaper-1.54
waveshare-esp32-esp32-c6-geek,ESP32-C6-GEEK,Waveshare,board,0,0,0,0,0,recorded-not-rechecked,Board datasheet not yet recorded; Board/device visual reference still needed,https://docs.waveshare.com/ESP32-C6-GEEK
waveshare-esp32-esp32-c6-lcd-0-85,ESP32-C6-LCD-0.85,Waveshare,board,0,0,0,0,1,recorded-not-rechecked,Board datasheet not yet recorded,https://docs.waveshare.com/ESP32-C6-LCD-0.85
waveshare-esp32-esp32-c6-lcd-1-28,ESP32-C6-LCD-1.28,Waveshare,board,0,0,0,0,2,recorded-not-rechecked,Board datasheet not yet recorded,https://www.waveshare.com/esp32-c6-lcd-1.28.htm
waveshare-esp32-esp32-c6-lcd-1-3,ESP32-C6-LCD-1.3,Waveshare,board,0,0,0,0,2,recorded-not-rechecked,Board datasheet not yet recorded,https://www.waveshare.com/esp32-c6-lcd-1.3.htm
waveshare-esp32-esp32-c6-lcd-1-47,ESP32-C6-LCD-1.47,Waveshare,board,0,0,0,0,2,recorded-not-rechecked,Board datasheet not yet recorded,https://www.waveshare.com/esp32-c6-lcd-1.47.htm
waveshare-esp32-esp32-c6-lcd-1-69,ESP32-C6-LCD-1.69,Waveshare,board,0,0,0,0,3,recorded-not-rechecked,Board datasheet not yet recorded,https://www.waveshare.com/esp32-c6-lcd-1.69.htm
waveshare-esp32-esp32-c6-lcd-1-9,ESP32-C6-LCD-1.9,Waveshare,board,0,0,0,0,1,recorded-not-rechecked,Board datasheet not yet recorded,https://www.waveshare.com/esp32-c6-lcd-1.9.htm
waveshare-esp32-esp32-c6-lcd-2-73,ESP32-C6-LCD-2.73,Waveshare,board,0,0,0,0,0,recorded-not-rechecked,Board datasheet not yet recorded; Board/device visual reference still needed,https://docs.waveshare.com/ESP32-C6-LCD-2.73
waveshare-esp32-esp32-c6-pico,ESP32-C6-Pico,Waveshare,board,0,0,0,0,2,recorded-not-rechecked,Board datasheet not yet recorded,https://docs.waveshare.com/ESP32-C6-Pico
waveshare-esp32-esp32-c6-touch-amoled-1-32,ESP32-C6-Touch-AMOLED-1.32,Waveshare,board,0,0,0,0,1,recorded-not-rechecked,Board datasheet not yet recorded,https://www.waveshare.com/esp32-c6-touch-amoled-1.32.htm
waveshare-esp32-esp32-c6-touch-amoled-1-43,ESP32-C6-Touch-AMOLED-1.43,Waveshare,board,0,0,0,0,0,recorded-not-rechecked,Board datasheet not yet recorded; Board/device visual reference still needed,https://www.waveshare.com/wiki/ESP32-C6-Touch-AMOLED-1.43
waveshare-esp32-esp32-c6-touch-amoled-1-64,ESP32-C6-Touch-AMOLED-1.64,Waveshare,board,0,0,0,0,1,recorded-not-rechecked,Board datasheet not yet recorded,https://www.waveshare.com/esp32-c6-touch-amoled-1.64.htm
waveshare-esp32-esp32-c6-touch-amoled-1-8,ESP32-C6-Touch-AMOLED-1.8,Waveshare,board,0,0,0,0,2,recorded-not-rechecked,Board datasheet not yet recorded,https://www.waveshare.com/esp32-c6-touch-amoled-1.8.htm
waveshare-esp32-esp32-c6-touch-amoled-2-06,ESP32-C6-Touch-AMOLED-2.06,Waveshare,board,0,0,0,0,1,recorded-not-rechecked,Board datasheet not yet recorded,https://docs.waveshare.com/ESP32-C6-Touch-AMOLED-2.06
waveshare-esp32-esp32-c6-touch-amoled-2-16,ESP32-C6-Touch-AMOLED-2.16,Waveshare,board,0,0,0,0,0,recorded-not-rechecked,Board datasheet not yet recorded; Board/device visual reference still needed,https://docs.waveshare.com/ESP32-C6-Touch-AMOLED-2.16
waveshare-esp32-esp32-c6-touch-lcd-1-28,ESP32-C6-Touch-LCD-1.28,Waveshare,board,0,0,0,0,2,recorded-not-rechecked,Board datasheet not yet recorded,https://www.waveshare.com/esp32-c6-touch-lcd-1.28.htm
waveshare-esp32-esp32-c6-touch-lcd-1-47,ESP32-C6-Touch-LCD-1.47,Waveshare,board,0,0,0,0,3,recorded-not-rechecked,Board datasheet not yet recorded,https://www.waveshare.com/esp32-c6-touch-lcd-1.47.htm
waveshare-esp32-esp32-c6-touch-lcd-1-54,ESP32-C6-Touch-LCD-1.54,Waveshare,board,0,0,0,0,0,recorded-not-rechecked,Board datasheet not yet recorded; Board/device visual reference still needed,https://docs.waveshare.com/ESP32-C6-Touch-LCD-1.54
waveshare-esp32-esp32-c6-touch-lcd-1-69,ESP32-C6-Touch-LCD-1.69,Waveshare,board,0,0,0,0,3,recorded-not-rechecked,Board datasheet not yet recorded,https://www.waveshare.com/esp32-c6-touch-lcd-1.69.htm
waveshare-esp32-esp32-c6-touch-lcd-1-83,ESP32-C6-Touch-LCD-1.83,Waveshare,board,0,0,0,0,1,recorded-not-rechecked,Board datasheet not yet recorded,https://docs.waveshare.com/ESP32-C6-Touch-LCD-1.83
waveshare-esp32-esp32-c6-touch-lcd-2-8,ESP32-C6-Touch-LCD-2.8,Waveshare,board,0,0,0,0,2,recorded-not-rechecked,Board datasheet not yet recorded,https://www.waveshare.com/esp32-c6-touch-lcd-2.8.htm
waveshare-esp32-esp32-c6-zero,ESP32-C6-Zero,Waveshare,board,0,0,0,0,3,recorded-not-rechecked,Board datasheet not yet recorded,https://www.waveshare.com/esp32-c6-zero.htm
waveshare-esp32-esp32-c6-zero-b,ESP32-C6-Zero-B,Waveshare,board,0,0,0,0,2,recorded-not-rechecked,Board datasheet not yet recorded,https://www.waveshare.com/esp32-c6-zero-b.htm
waveshare-esp32-esp32-cam,ESP32-CAM,Waveshare,board,0,0,0,0,1,recorded-not-rechecked,Board datasheet not yet recorded,https://www.waveshare.com/esp32-cam.htm
waveshare-esp32-esp32-dev-kit-xx,ESP32-DEV-KIT-XX,Waveshare,board,0,0,0,0,2,recorded-not-rechecked,Board datasheet not yet recorded,https://www.waveshare.com/esp32-dev-kit-wroxx.htm
waveshare-esp32-esp32-h2-dev-kit-n4,ESP32-H2-DEV-KIT-N4,Waveshare,board,0,0,0,0,3,recorded-not-rechecked,Board datasheet not yet recorded,https://www.waveshare.com/esp32-h2-dev-kit-n4.htm
waveshare-esp32-esp32-h2-zero,ESP32-H2-Zero,Waveshare,board,0,0,0,0,3,recorded-not-rechecked,Board datasheet not yet recorded,https://www.waveshare.com/esp32-h2-zero.htm
waveshare-esp32-esp32-p4-86-panel-eth-2ro,ESP32-P4-86-Panel-ETH-2RO,Waveshare,board,0,0,0,0,0,recorded-not-rechecked,Board datasheet not yet recorded; Board/device visual reference still needed,https://www.waveshare.com/wiki/ESP32-P4-86-Panel-ETH-2RO
waveshare-esp32-esp32-p4-core-dev-kit,ESP32-P4-Core-DEV-KIT,Waveshare,board,0,0,0,0,2,recorded-not-rechecked,Board datasheet not yet recorded,https://www.waveshare.com/esp32-p4-core-dev-kit.htm
waveshare-esp32-esp32-p4-eth,ESP32-P4-ETH,Waveshare,board,0,0,0,0,3,recorded-not-rechecked,Board datasheet not yet recorded,https://www.waveshare.com/esp32-p4-eth.htm
waveshare-esp32-esp32-p4-module,ESP32-P4-Module,Waveshare,board,0,0,0,0,2,recorded-not-rechecked,Board datasheet not yet recorded,https://www.waveshare.com/esp32-p4-module.htm
waveshare-esp32-esp32-p4-module-dev-kit,ESP32-P4-Module-DEV-KIT,Waveshare,board,0,0,0,0,2,recorded-not-rechecked,Board datasheet not yet recorded,https://www.waveshare.com/esp32-p4-module-dev-kit.htm
waveshare-esp32-esp32-p4-nano,ESP32-P4-NANO,Waveshare,board,0,0,0,0,2,recorded-not-rechecked,Board datasheet not yet recorded,https://www.waveshare.com/esp32-p4-nano.htm
waveshare-esp32-esp32-p4-nano-wifi6-db,ESP32-P4-NANO-WIFI6-DB,Waveshare,board,0,0,0,0,2,recorded-not-rechecked,Board datasheet not yet recorded,https://www.waveshare.com/esp32-p4-nano-wifi6-db.htm
waveshare-esp32-esp32-p4-pico,ESP32-P4-Pico,Waveshare,board,0,0,0,0,2,recorded-not-rechecked,Board datasheet not yet recorded,https://docs.waveshare.com/ESP32-P4-Pico
waveshare-esp32-esp32-p4-wifi6,ESP32-P4-WIFI6,Waveshare,board,0,0,0,0,2,recorded-not-rechecked,Board datasheet not yet recorded,https://docs.waveshare.com/ESP32-P4-WIFI6
waveshare-esp32-esp32-p4-wifi6-db,ESP32-P4-WIFI6-DB,Waveshare,board,0,0,0,0,1,recorded-not-rechecked,Board datasheet not yet recorded,https://www.waveshare.com/esp32-p4-wifi6-db.htm
waveshare-esp32-esp32-p4-wifi6-dev-kit,ESP32-P4-WIFI6-DEV-KIT,Waveshare,board,0,0,0,0,3,recorded-not-rechecked,Board datasheet not yet recorded,https://www.waveshare.com/esp32-p4-wifi6-dev-kit.htm
waveshare-esp32-esp32-p4-wifi6-poe-eth,ESP32-P4-WIFI6-POE-ETH,Waveshare,board,0,0,0,0,4,recorded-not-rechecked,Board datasheet not yet recorded,https://docs.waveshare.com/ESP32-P4-WIFI6-POE-ETH
waveshare-esp32-esp32-p4-wifi6-touch-lcd-shared-7-8-10-1-reference,ESP32-P4-WIFI6-Touch-LCD (shared 7-8-10.1 reference),Waveshare,board,0,0,0,0,1,missing,Board datasheet not yet recorded; Original manufacturer website not yet identified,
waveshare-esp32-esp32-p4-wifi6-touch-lcd-3-4c,ESP32-P4-WIFI6-Touch-LCD-3.4C,Waveshare,board,0,0,0,0,0,recorded-not-rechecked,Board datasheet not yet recorded; Board/device visual reference still needed,https://www.waveshare.com/wiki/ESP32-P4-WIFI6-Touch-LCD-3.4C
waveshare-esp32-esp32-p4-wifi6-touch-lcd-3-5,ESP32-P4-WIFI6-Touch-LCD-3.5,Waveshare,board,0,0,0,0,0,recorded-not-rechecked,Board datasheet not yet recorded; Board/device visual reference still needed,https://docs.waveshare.com/ESP32-P4-WIFI6-Touch-LCD-3.5
waveshare-esp32-esp32-p4-wifi6-touch-lcd-4-3,ESP32-P4-WIFI6-Touch-LCD-4.3,Waveshare,board,0,0,0,0,1,recorded-not-rechecked,Board datasheet not yet recorded,https://docs.waveshare.com/ESP32-P4-WIFI6-Touch-LCD-4.3
waveshare-esp32-esp32-p4-wifi6-touch-lcd-4b,ESP32-P4-WIFI6-Touch-LCD-4B,Waveshare,board,0,0,0,0,0,recorded-not-rechecked,Board datasheet not yet recorded; Board/device visual reference still needed,https://www.waveshare.com/wiki/ESP32-P4-WIFI6-Touch-LCD-4B
waveshare-esp32-esp32-p4-wifi6-touch-lcd-4c,ESP32-P4-WIFI6-Touch-LCD-4C,Waveshare,board,0,0,0,0,0,recorded-not-rechecked,Board datasheet not yet recorded; Board/device visual reference still needed,https://www.waveshare.com/wiki/ESP32-P4-WIFI6-Touch-LCD-4C
waveshare-esp32-esp32-p4-wifi6-touch-lcd-5,ESP32-P4-WIFI6-Touch-LCD-5,Waveshare,board,0,0,0,0,1,recorded-not-rechecked,Board datasheet not yet recorded,https://docs.waveshare.com/ESP32-P4-WIFI6-Touch-LCD-5
waveshare-esp32-esp32-p4-wifi6-touch-lcd-7b,ESP32-P4-WIFI6-Touch-LCD-7B,Waveshare,board,0,0,0,0,0,recorded-not-rechecked,Board datasheet not yet recorded; Board/device visual reference still needed,https://www.waveshare.com/wiki/ESP32-P4-WIFI6-Touch-LCD-7B
waveshare-esp32-esp32-p4-wifi6-touch-lcd-x,ESP32-P4-WIFI6-Touch-LCD-X,Waveshare,board,0,0,0,0,2,recorded-not-rechecked,Board datasheet not yet recorded,https://www.waveshare.com/esp32-p4-wifi6-touch-lcd-7-8-10.1.htm
waveshare-esp32-esp32-p4-wifi6-touch-lcd-xc,ESP32-P4-WIFI6-Touch-LCD-XC,Waveshare,board,0,0,0,0,0,recorded-not-rechecked,Board datasheet not yet recorded; Board/device visual reference still needed,https://docs.waveshare.com/ESP32-P4-WIFI6-Touch-LCD-XC
waveshare-esp32-esp32-s2-lcd-0-96,ESP32-S2-LCD-0.96,Waveshare,board,0,0,0,0,2,recorded-not-rechecked,Board datasheet not yet recorded,https://www.waveshare.com/esp32-s2.htm
waveshare-esp32-esp32-s2-pico,ESP32-S2-Pico,Waveshare,board,0,0,0,0,2,recorded-not-rechecked,Board datasheet not yet recorded,https://www.waveshare.com/esp32-s2.htm
waveshare-esp32-esp32-s2-pico-with-lcd,ESP32-S2-Pico with LCD,Waveshare,board,0,0,0,0,0,recorded-not-rechecked,Board datasheet not yet recorded; Board/device visual reference still needed,https://www.waveshare.com/wiki/ESP32-S2-Pico
waveshare-esp32-esp32-s3-1-47inch-display-development-board,ESP32-S3 1.47inch Display Development Board,Waveshare,board,0,0,0,0,0,recorded-not-rechecked,Board datasheet not yet recorded; Board/device visual reference still needed,https://www.waveshare.com/esp32-s3-lcd-1.47.htm
waveshare-esp32-esp32-s3-eth-development-board,ESP32-S3 ETH Development Board,Waveshare,board,0,1,0,0,0,checked-model-page,Board datasheet not yet recorded; Board/device visual reference still needed,https://docs.waveshare.com/ESP32-S3-ETH
waveshare-esp32-esp32-s3-a7670e-4g,ESP32-S3-A7670E-4G,Waveshare,board,0,0,0,0,1,recorded-not-rechecked,Board datasheet not yet recorded,https://www.waveshare.com/esp32-s3-a7670e-4g.htm
waveshare-esp32-esp32-s3-amoled-1-91,ESP32-S3-AMOLED-1.91,Waveshare,board,0,0,0,0,2,recorded-not-rechecked,Board datasheet not yet recorded,https://www.waveshare.com/esp32-s3-amoled-1.91.htm
waveshare-esp32-esp32-s3-audio-board,ESP32-S3-AUDIO-Board,Waveshare,board,0,0,0,0,3,recorded-not-rechecked,Board datasheet not yet recorded,https://www.waveshare.com/esp32-s3-audio-board.htm
waveshare-esp32-esp32-s3-cam-ovxxxx,ESP32-S3-CAM-OVxxxx,Waveshare,board,0,0,0,0,1,recorded-not-rechecked,Board datasheet not yet recorded,https://www.waveshare.com/esp32-s3-cam-ov5640.htm
waveshare-esp32-esp32-s3-can-2ch,ESP32-S3-CAN-2CH,Waveshare,board,0,0,0,0,2,recorded-not-rechecked,Board datasheet not yet recorded,https://www.waveshare.com/esp32-s3-can-2ch.htm
waveshare-esp32-esp32-s3-dev-kit-n8r8,ESP32-S3-DEV-KIT-N8R8,Waveshare,board,0,0,0,0,3,recorded-not-rechecked,Board datasheet not yet recorded,https://www.waveshare.com/esp32-s3-dev-kit-n8r8.htm
waveshare-esp32-esp32-s3-dualeye-lcd-1-28,ESP32-S3-DualEye-LCD-1.28,Waveshare,board,0,0,0,0,0,recorded-not-rechecked,Board datasheet not yet recorded; Board/device visual reference still needed,https://www.waveshare.com/wiki/ESP32-S3-DualEye-LCD-1.28
waveshare-esp32-esp32-s3-dualeye-touch-lcd-1-28,ESP32-S3-DualEye-Touch-LCD-1.28,Waveshare,board,0,0,0,0,0,recorded-not-rechecked,Board datasheet not yet recorded; Board/device visual reference still needed,https://www.waveshare.com/wiki/ESP32-S3-DualEye-Touch-LCD-1.28
waveshare-esp32-esp32-s3-epaper-1-54,ESP32-S3-ePaper-1.54,Waveshare,board,0,0,0,0,0,recorded-not-rechecked,Board datasheet not yet recorded; Board/device visual reference still needed,https://www.waveshare.com/wiki/ESP32-S3-ePaper-1.54
waveshare-esp32-esp32-s3-epaper-1-54g,ESP32-S3-ePaper-1.54G,Waveshare,board,0,0,0,0,1,recorded-not-rechecked,Board datasheet not yet recorded,https://docs.waveshare.com/ESP32-S3-ePaper-1.54G
waveshare-esp32-esp32-s3-epaper-13-3e6,ESP32-S3-ePaper-13.3E6,Waveshare,board,0,0,0,0,1,recorded-not-rechecked,Board datasheet not yet recorded,https://docs.waveshare.com/ESP32-S3-ePaper-13.3E6
waveshare-esp32-esp32-s3-epaper-3-97,ESP32-S3-ePaper-3.97,Waveshare,board,0,0,0,0,0,recorded-not-rechecked,Board datasheet not yet recorded; Board/device visual reference still needed,https://docs.waveshare.com/ESP32-S3-ePaper-3.97
waveshare-esp32-esp32-s3-eth,ESP32-S3-ETH,Waveshare,board,0,0,0,0,3,recorded-not-rechecked,Board datasheet not yet recorded,https://www.waveshare.com/esp32-s3-eth.htm
waveshare-esp32-esp32-s3-eth-8di-8ro,ESP32-S3-ETH-8DI-8RO,Waveshare,board,0,0,0,0,1,recorded-not-rechecked,Board datasheet not yet recorded,https://www.waveshare.com/wiki/ESP32-S3-ETH-8DI-8RO
waveshare-esp32-esp32-s3-eth-8di-8ro-c,ESP32-S3-ETH-8DI-8RO-C,Waveshare,board,0,0,0,0,1,recorded-not-rechecked,Board datasheet not yet recorded,https://www.waveshare.com/wiki/ESP32-S3-ETH-8DI-8RO-C
waveshare-esp32-esp32-s3-geek,ESP32-S3-GEEK,Waveshare,board,0,0,0,0,2,recorded-not-rechecked,Board datasheet not yet recorded,https://www.waveshare.com/wiki/ESP32-S3-GEEK
waveshare-esp32-esp32-s3-knob-touch-lcd-1-8,ESP32-S3-Knob-Touch-LCD-1.8,Waveshare,board,0,0,0,0,0,recorded-not-rechecked,Board datasheet not yet recorded; Board/device visual reference still needed,https://www.waveshare.com/wiki/ESP32-S3-Knob-Touch-LCD-1.8
waveshare-esp32-esp32-s3-lcd-0-85,ESP32-S3-LCD-0.85,Waveshare,board,0,0,0,0,1,recorded-not-rechecked,Board datasheet not yet recorded,https://docs.waveshare.com/ESP32-S3-LCD-0.85
waveshare-esp32-esp32-s3-lcd-1-28,ESP32-S3-LCD-1.28,Waveshare,board,0,0,0,0,4,recorded-not-rechecked,Board datasheet not yet recorded,https://www.waveshare.com/esp32-s3-lcd-1.28.htm
waveshare-esp32-esp32-s3-lcd-1-3,ESP32-S3-LCD-1.3,Waveshare,board,0,0,0,0,1,recorded-not-rechecked,Board datasheet not yet recorded,https://www.waveshare.com/esp32-s3-lcd-1.3.htm
waveshare-esp32-esp32-s3-lcd-1-47,ESP32-S3-LCD-1.47,Waveshare,board,0,0,0,0,1,recorded-not-rechecked,Board datasheet not yet recorded,https://www.waveshare.com/esp32-s3-lcd-1.47.htm
waveshare-esp32-esp32-s3-lcd-1-47b,ESP32-S3-LCD-1.47B,Waveshare,board,0,0,0,0,1,recorded-not-rechecked,Board datasheet not yet recorded,https://www.waveshare.com/wiki/ESP32-S3-LCD-1.47B
waveshare-esp32-esp32-s3-lcd-1-69,ESP32-S3-LCD-1.69,Waveshare,board,0,0,0,0,2,recorded-not-rechecked,Board datasheet not yet recorded,https://www.waveshare.com/esp32-s3-lcd-1.69.htm
waveshare-esp32-esp32-s3-lcd-1-85,ESP32-S3-LCD-1.85,Waveshare,board,0,0,0,0,1,recorded-not-rechecked,Board datasheet not yet recorded,https://www.waveshare.com/wiki/ESP32-S3-LCD-1.85
waveshare-esp32-esp32-s3-lcd-1-9,ESP32-S3-LCD-1.9,Waveshare,board,0,0,0,0,1,recorded-not-rechecked,Board datasheet not yet recorded,https://www.waveshare.com/esp32-s3-lcd-1.9.htm
waveshare-esp32-esp32-s3-lcd-2,ESP32-S3-LCD-2,Waveshare,board,0,0,0,0,3,recorded-not-rechecked,Board datasheet not yet recorded,https://www.waveshare.com/esp32-s3-lcd-2.htm
waveshare-esp32-esp32-s3-lcd-2-8,ESP32-S3-LCD-2.8,Waveshare,board,0,0,0,0,2,recorded-not-rechecked,Board datasheet not yet recorded,https://www.waveshare.com/esp32-s3-touch-lcd-2.8.htm
waveshare-esp32-esp32-s3-lcd-2-8b,ESP32-S3-LCD-2.8B,Waveshare,board,0,0,0,0,1,recorded-not-rechecked,Board datasheet not yet recorded,https://www.waveshare.com/wiki/ESP32-S3-LCD-2.8B
waveshare-esp32-esp32-s3-lcd-2-8c,ESP32-S3-LCD-2.8C,Waveshare,board,0,0,0,0,1,recorded-not-rechecked,Board datasheet not yet recorded,https://www.waveshare.com/wiki/ESP32-S3-LCD-2.8C
waveshare-esp32-esp32-s3-lcd-3-16,ESP32-S3-LCD-3.16,Waveshare,board,0,0,0,0,0,recorded-not-rechecked,Board datasheet not yet recorded; Board/device visual reference still needed,https://www.waveshare.com/wiki/ESP32-S3-LCD-3.16
waveshare-esp32-esp32-s3-lcd-driver-board,ESP32-S3-LCD-Driver-Board,Waveshare,board,0,0,0,0,2,recorded-not-rechecked,Board datasheet not yet recorded,https://www.waveshare.com/wiki/ESP32-S3-LCD-Driver-Board
waveshare-esp32-esp32-s3-lr1121-xf,ESP32-S3-LR1121-XF,Waveshare,board,0,0,0,0,1,recorded-not-rechecked,Board datasheet not yet recorded,https://www.waveshare.com/esp32-s3-lr1121.htm
waveshare-esp32-esp32-s3-matrix,ESP32-S3-Matrix,Waveshare,board,0,0,0,0,3,recorded-not-rechecked,Board datasheet not yet recorded,https://www.waveshare.com/esp32-s3-matrix.htm
waveshare-esp32-esp32-s3-matrix-development-board,ESP32-S3-Matrix Development Board,Waveshare,board,0,1,0,0,0,checked-model-page,Board datasheet not yet recorded; Board/device visual reference still needed,https://docs.waveshare.com/ESP32-S3-Matrix
waveshare-esp32-esp32-s3-nano,ESP32-S3-Nano,Waveshare,board,0,0,0,0,2,recorded-not-rechecked,Board datasheet not yet recorded,https://docs.waveshare.com/ESP32-S3-Nano
waveshare-esp32-esp32-s3-photopainter,ESP32-S3-PhotoPainter,Waveshare,board,0,0,0,0,0,recorded-not-rechecked,Board datasheet not yet recorded; Board/device visual reference still needed,https://www.waveshare.com/wiki/ESP32-S3-PhotoPainter
waveshare-esp32-esp32-s3-pico,ESP32-S3-Pico,Waveshare,board,0,0,0,0,2,recorded-not-rechecked,Board datasheet not yet recorded,https://docs.waveshare.com/ESP32-S3-Pico
waveshare-esp32-esp32-s3-poe-eth-8di-8do,ESP32-S3-POE-ETH-8DI-8DO,Waveshare,board,0,0,0,0,0,recorded-not-rechecked,Board datasheet not yet recorded; Board/device visual reference still needed,https://www.waveshare.com/wiki/ESP32-S3-POE-ETH-8DI-8DO
waveshare-esp32-esp32-s3-relay-1ch,ESP32-S3-Relay-1CH,Waveshare,board,0,0,0,0,2,recorded-not-rechecked,Board datasheet not yet recorded,https://www.waveshare.com/esp32-s3-relay-1ch.htm
waveshare-esp32-esp32-s3-relay-6ch,ESP32-S3-Relay-6CH,Waveshare,board,0,0,0,0,2,recorded-not-rechecked,Board datasheet not yet recorded,https://docs.waveshare.com/ESP32-S3-Relay-6CH
waveshare-esp32-esp32-s3-rgb-matrix,ESP32-S3-RGB-Matrix,Waveshare,board,0,0,0,0,0,recorded-not-rechecked,Board datasheet not yet recorded; Board/device visual reference still needed,https://docs.waveshare.com/ESP32-S3-RGB-Matrix
waveshare-esp32-esp32-s3-rlcd-4-2,ESP32-S3-RLCD-4.2,Waveshare,board,0,0,0,0,1,recorded-not-rechecked,Board datasheet not yet recorded,https://www.waveshare.com/esp32-s3-rlcd-4.2.htm
waveshare-esp32-esp32-s3-rs485-can,ESP32-S3-RS485-CAN,Waveshare,board,0,0,0,0,2,recorded-not-rechecked,Board datasheet not yet recorded,https://www.waveshare.com/esp32-s3-rs485-can.htm
waveshare-esp32-esp32-s3-sim7670g-4g,ESP32-S3-SIM7670G-4G,Waveshare,board,0,0,0,0,1,recorded-not-rechecked,Board datasheet not yet recorded,https://www.waveshare.com/esp32-s3-sim7670g-4g.htm
waveshare-esp32-esp32-s3-tiny,ESP32-S3-Tiny,Waveshare,board,0,0,0,0,3,recorded-not-rechecked,Board datasheet not yet recorded,https://www.waveshare.com/esp32-s3-tiny.htm
waveshare-esp32-esp32-s3-touch-amoled-1-32,ESP32-S3-Touch-AMOLED-1.32,Waveshare,board,0,0,0,0,1,recorded-not-rechecked,Board datasheet not yet recorded,https://www.waveshare.com/esp32-s3-touch-amoled-1.32.htm
waveshare-esp32-esp32-s3-touch-amoled-1-43,ESP32-S3-Touch-AMOLED-1.43,Waveshare,board,0,0,0,0,1,recorded-not-rechecked,Board datasheet not yet recorded,https://www.waveshare.com/esp32-s3-touch-amoled-1.43.htm
waveshare-esp32-esp32-s3-touch-amoled-1-43c,ESP32-S3-Touch-AMOLED-1.43C,Waveshare,board,0,0,0,0,0,recorded-not-rechecked,Board datasheet not yet recorded; Board/device visual reference still needed,https://docs.waveshare.com/ESP32-S3-Touch-AMOLED-1.43C
waveshare-esp32-esp32-s3-touch-amoled-1-64,ESP32-S3-Touch-AMOLED-1.64,Waveshare,board,0,0,0,0,1,recorded-not-rechecked,Board datasheet not yet recorded,https://www.waveshare.com/esp32-s3-touch-amoled-1.64.htm
waveshare-esp32-esp32-s3-touch-amoled-1-75,ESP32-S3-Touch-AMOLED-1.75,Waveshare,board,0,0,0,0,0,recorded-not-rechecked,Board datasheet not yet recorded; Board/device visual reference still needed,https://www.waveshare.com/wiki/ESP32-S3-Touch-AMOLED-1.75
waveshare-esp32-esp32-s3-touch-amoled-1-75c,ESP32-S3-Touch-AMOLED-1.75C,Waveshare,board,0,0,0,0,0,recorded-not-rechecked,Board datasheet not yet recorded; Board/device visual reference still needed,https://docs.waveshare.com/ESP32-S3-Touch-AMOLED-1.75C
waveshare-esp32-esp32-s3-touch-amoled-1-8,ESP32-S3-Touch-AMOLED-1.8,Waveshare,board,0,0,0,0,3,recorded-not-rechecked,Board datasheet not yet recorded,https://www.waveshare.com/esp32-s3-touch-amoled-1.8.htm
waveshare-esp32-esp32-s3-touch-amoled-2-06,ESP32-S3-Touch-AMOLED-2.06,Waveshare,board,0,0,0,0,1,recorded-not-rechecked,Board datasheet not yet recorded,https://docs.waveshare.com/ESP32-S3-Touch-AMOLED-2.06
waveshare-esp32-esp32-s3-touch-amoled-2-16,ESP32-S3-Touch-AMOLED-2.16,Waveshare,board,0,0,0,0,0,recorded-not-rechecked,Board datasheet not yet recorded; Board/device visual reference still needed,https://docs.waveshare.com/ESP32-S3-Touch-AMOLED-2.16
waveshare-esp32-esp32-s3-touch-amoled-2-41,ESP32-S3-Touch-AMOLED-2.41,Waveshare,board,0,0,0,0,1,recorded-not-rechecked,Board datasheet not yet recorded,https://www.waveshare.com/esp32-s3-touch-amoled-2.41.htm
waveshare-esp32-esp32-s3-touch-lcd-1-28,ESP32-S3-Touch-LCD-1.28,Waveshare,board,0,0,0,0,3,recorded-not-rechecked,Board datasheet not yet recorded,https://www.waveshare.com/esp32-s3-touch-lcd-1.28.htm
waveshare-esp32-esp32-s3-touch-lcd-1-46,ESP32-S3-Touch-LCD-1.46,Waveshare,board,0,0,0,0,1,recorded-not-rechecked,Board datasheet not yet recorded,https://docs.waveshare.com/ESP32-S3-Touch-LCD-1.46
waveshare-esp32-esp32-s3-touch-lcd-1-46b,ESP32-S3-Touch-LCD-1.46B,Waveshare,board,0,0,0,0,2,recorded-not-rechecked,Board datasheet not yet recorded,https://www.waveshare.com/esp32-s3-touch-lcd-1.46b.htm
waveshare-esp32-esp32-s3-touch-lcd-1-47,ESP32-S3-Touch-LCD-1.47,Waveshare,board,0,0,0,0,3,recorded-not-rechecked,Board datasheet not yet recorded,https://www.waveshare.com/esp32-s3-touch-lcd-1.47.htm
waveshare-esp32-esp32-s3-touch-lcd-1-54,ESP32-S3-Touch-LCD-1.54,Waveshare,board,0,0,0,0,1,recorded-not-rechecked,Board datasheet not yet recorded,https://docs.waveshare.com/ESP32-S3-Touch-LCD-1.54
waveshare-esp32-esp32-s3-touch-lcd-1-69,ESP32-S3-Touch-LCD-1.69,Waveshare,board,0,0,0,0,3,recorded-not-rechecked,Board datasheet not yet recorded,https://www.waveshare.com/esp32-s3-touch-lcd-1.69.htm
waveshare-esp32-esp32-s3-touch-lcd-1-83,ESP32-S3-Touch-LCD-1.83,Waveshare,board,0,0,0,0,1,recorded-not-rechecked,Board datasheet not yet recorded,https://www.waveshare.com/wiki/ESP32-S3-Touch-LCD-1.83
waveshare-esp32-esp32-s3-touch-lcd-1-85,ESP32-S3-Touch-LCD-1.85,Waveshare,board,0,0,0,0,2,recorded-not-rechecked,Board datasheet not yet recorded,https://www.waveshare.com/esp32-s3-touch-lcd-1.85.htm
waveshare-esp32-esp32-s3-touch-lcd-1-85b,ESP32-S3-Touch-LCD-1.85B,Waveshare,board,0,0,0,0,0,recorded-not-rechecked,Board datasheet not yet recorded; Board/device visual reference still needed,https://docs.waveshare.com/ESP32-S3-Touch-LCD-1.85B
waveshare-esp32-esp32-s3-touch-lcd-1-85c,ESP32-S3-Touch-LCD-1.85C,Waveshare,board,0,0,0,0,2,recorded-not-rechecked,Board datasheet not yet recorded,https://www.waveshare.com/esp32-s3-touch-lcd-1.85c.htm
waveshare-esp32-esp32-s3-touch-lcd-2,ESP32-S3-Touch-LCD-2,Waveshare,board,0,0,0,0,3,recorded-not-rechecked,Board datasheet not yet recorded,https://www.waveshare.com/esp32-s3-touch-lcd-2.htm
waveshare-esp32-esp32-s3-touch-lcd-2-1,ESP32-S3-Touch-LCD-2.1,Waveshare,board,0,0,0,0,3,recorded-not-rechecked,Board datasheet not yet recorded,https://www.waveshare.com/esp32-s3-touch-lcd-2.1.htm
waveshare-esp32-esp32-s3-touch-lcd-2-8,ESP32-S3-Touch-LCD-2.8,Waveshare,board,0,0,0,0,0,recorded-not-rechecked,Board datasheet not yet recorded; Board/device visual reference still needed,https://www.waveshare.com/wiki/ESP32-S3-Touch-LCD-2.8
waveshare-esp32-esp32-s3-touch-lcd-2-8b,ESP32-S3-Touch-LCD-2.8B,Waveshare,board,0,0,0,0,2,recorded-not-rechecked,Board datasheet not yet recorded,https://www.waveshare.com/esp32-s3-touch-lcd-2.8b.htm
waveshare-esp32-esp32-s3-touch-lcd-2-8c,ESP32-S3-Touch-LCD-2.8C,Waveshare,board,0,0,0,0,1,recorded-not-rechecked,Board datasheet not yet recorded,https://www.waveshare.com/esp32-s3-touch-lcd-2.8c.htm
waveshare-esp32-esp32-s3-touch-lcd-3-49,ESP32-S3-Touch-LCD-3.49,Waveshare,board,0,0,0,0,0,recorded-not-rechecked,Board datasheet not yet recorded; Board/device visual reference still needed,https://www.waveshare.com/wiki/ESP32-S3-Touch-LCD-3.49
waveshare-esp32-esp32-s3-touch-lcd-3-5,ESP32-S3-Touch-LCD-3.5,Waveshare,board,0,0,0,0,3,recorded-not-rechecked,Board datasheet not yet recorded,https://www.waveshare.com/esp32-s3-touch-lcd-3.5.htm
waveshare-esp32-esp32-s3-touch-lcd-3-5b,ESP32-S3-Touch-LCD-3.5B,Waveshare,board,0,0,0,0,3,recorded-not-rechecked,Board datasheet not yet recorded,https://www.waveshare.com/esp32-s3-touch-lcd-3.5b.htm
waveshare-esp32-esp32-s3-touch-lcd-4,ESP32-S3-Touch-LCD-4,Waveshare,board,0,0,0,0,0,recorded-not-rechecked,Board datasheet not yet recorded; Board/device visual reference still needed,https://www.waveshare.com/wiki/ESP32-S3-Touch-LCD-4
waveshare-esp32-esp32-s3-touch-lcd-4-3,ESP32-S3-Touch-LCD-4.3,Waveshare,board,0,0,0,0,0,recorded-not-rechecked,Board datasheet not yet recorded; Board/device visual reference still needed,https://www.waveshare.com/wiki/ESP32-S3-Touch-LCD-4.3
waveshare-esp32-esp32-s3-touch-lcd-4-3b,ESP32-S3-Touch-LCD-4.3B,Waveshare,board,0,0,0,0,2,recorded-not-rechecked,Board datasheet not yet recorded,https://www.waveshare.com/esp32-s3-touch-lcd-4.3b.htm
waveshare-esp32-esp32-s3-touch-lcd-4-3c,ESP32-S3-Touch-LCD-4.3C,Waveshare,board,0,0,0,0,1,recorded-not-rechecked,Board datasheet not yet recorded,https://www.waveshare.com/esp32-s3-touch-lcd-4.3c.htm
waveshare-esp32-esp32-s3-touch-lcd-4b,ESP32-S3-Touch-LCD-4B,Waveshare,board,0,0,0,0,0,recorded-not-rechecked,Board datasheet not yet recorded; Board/device visual reference still needed,https://www.waveshare.com/wiki/ESP32-S3-Touch-LCD-4B
waveshare-esp32-esp32-s3-touch-lcd-5,ESP32-S3-Touch-LCD-5,Waveshare,board,0,0,0,0,3,recorded-not-rechecked,Board datasheet not yet recorded,https://www.waveshare.com/esp32-s3-touch-lcd-5.htm
waveshare-esp32-esp32-s3-touch-lcd-7,ESP32-S3-Touch-LCD-7,Waveshare,board,0,0,0,0,0,recorded-not-rechecked,Board datasheet not yet recorded; Board/device visual reference still needed,https://www.waveshare.com/wiki/ESP32-S3-Touch-LCD-7
waveshare-esp32-esp32-s3-touch-lcd-7b,ESP32-S3-Touch-LCD-7B,Waveshare,board,0,0,0,0,0,recorded-not-rechecked,Board datasheet not yet recorded; Board/device visual reference still needed,https://www.waveshare.com/wiki/ESP32-S3-Touch-LCD-7B
waveshare-esp32-esp32-s3-touch-lcd-7c-box,ESP32-S3-Touch-LCD-7C-BOX,Waveshare,board,0,0,0,0,0,recorded-not-rechecked,Board datasheet not yet recorded; Board/device visual reference still needed,https://docs.waveshare.com/ESP32-S3-Touch-LCD-7C-BOX
waveshare-esp32-esp32-s3-zero,ESP32-S3-Zero,Waveshare,board,0,0,0,0,4,recorded-not-rechecked,Board datasheet not yet recorded,https://www.waveshare.com/esp32-s3-zero.htm
waveshare-esp32-esp32-touch-lcd-3-5,ESP32-Touch-LCD-3.5,Waveshare,board,0,0,0,0,3,recorded-not-rechecked,Board datasheet not yet recorded,https://www.waveshare.com/esp32-touch-lcd-3.5.htm
waveshare-esp32-esp32s3-lcd-1-28,ESP32S3-LCD-1.28,Waveshare,board,0,0,0,0,0,recorded-not-rechecked,Board datasheet not yet recorded; Board/device visual reference still needed,https://www.waveshare.com/esp32-s3-lcd-1.28.htm
waveshare-esp32-esp32s3-touch-lcd-2,ESP32S3-TOUCH-LCD-2,Waveshare,board,0,0,0,0,0,recorded-not-rechecked,Board datasheet not yet recorded; Board/device visual reference still needed,https://www.waveshare.com/esp32-s3-touch-lcd-2.htm
waveshare-esp32-esp32s3-touch-lcd-2-8,ESP32S3-TOUCH-LCD-2.8,Waveshare,board,0,0,0,0,0,recorded-not-rechecked,Board datasheet not yet recorded; Board/device visual reference still needed,https://www.waveshare.com/esp32-s3-touch-lcd-2.8.htm
waveshare-esp32-servo-driver-with-esp32,Servo Driver with ESP32,Waveshare,board,0,0,0,0,0,recorded-not-rechecked,Board datasheet not yet recorded; Board/device visual reference still needed,https://www.waveshare.com/wiki/Servo_Driver_with_ESP32
waveshare-esp32-esp32-s3-tiny-n8r8,Waveshare ESP32-S3-Tiny-N8R8,Waveshare,board,0,0,0,0,0,recorded-not-rechecked,Board datasheet not yet recorded; Board/device visual reference still needed,https://www.waveshare.com/esp32-s3-tiny.htm?sku=33914
weact-studio-esp32-can485devboardv1-esp32,CAN485DevBoardV1 ESP32,WeAct Studio,board,0,0,0,0,2,recorded-not-rechecked,Board datasheet not yet recorded,https://github.com/WeActStudio/WeActStudio.CAN485DevBoardV1_ESP32
weact-studio-esp32-esp32-core-board,ESP32 Core Board,WeAct Studio,board,0,0,0,0,1,recorded-not-rechecked,Board datasheet not yet recorded,https://github.com/WeActStudio/WeActStudio.ESP32CoreBoard
weact-studio-esp32-esp32-c5-a,ESP32-C5-A,WeAct Studio,board,0,0,0,0,1,recorded-not-rechecked,Board datasheet not yet recorded,https://github.com/WeActStudio/WeActStudio.ESP32-C5-A
weact-studio-esp32-esp32-c6-a,ESP32-C6-A,WeAct Studio,board,0,0,0,0,0,recorded-not-rechecked,Board datasheet not yet recorded; Board/device visual reference still needed,https://github.com/WeActStudio/WeActStudio.ESP32-C6-A
weact-studio-esp32-esp32c3-core-board,ESP32C3 Core Board,WeAct Studio,board,0,0,0,0,2,recorded-not-rechecked,Board datasheet not yet recorded,https://github.com/WeActStudio/WeActStudio.ESP32C3CoreBoard
weact-studio-esp32-esp32c6-mini,ESP32C6-MINI,WeAct Studio,board,0,0,0,0,0,recorded-not-rechecked,Board datasheet not yet recorded; Board/device visual reference still needed,https://github.com/WeActStudio/WeActStudio.ESP32C6-MINI
weact-studio-esp32-esp32h2-a,ESP32H2-A,WeAct Studio,board,0,0,0,0,0,recorded-not-rechecked,Board datasheet not yet recorded; Board/device visual reference still needed,https://github.com/WeActStudio/WeActStudio.ESP32H2-A
weact-studio-esp32-esp32s3-a,ESP32S3-A,WeAct Studio,board,0,0,0,0,1,recorded-not-rechecked,Board datasheet not yet recorded,https://github.com/WeActStudio/WeActStudio.ESP32S3-AorB
weact-studio-esp32-esp32s3-b,ESP32S3-B,WeAct Studio,board,0,0,0,0,0,recorded-not-rechecked,Board datasheet not yet recorded; Board/device visual reference still needed,https://github.com/WeActStudio/WeActStudio.ESP32S3-AorB
weact-studio-esp32-esp32s3-mini,ESP32S3-MINI,WeAct Studio,board,0,0,0,0,0,recorded-not-rechecked,Board datasheet not yet recorded; Board/device visual reference still needed,https://github.com/WeActStudio/WeActStudio.ESP32S3-MINI
weact-studio-esp32-esp32-c6-n4,WeAct Studio ESP32-C6 N4,WeAct Studio,board,0,0,0,0,0,missing,Board datasheet not yet recorded; Original manufacturer website not yet identified; Board/device visual reference still needed,
weact-studio-esp32-esp32-c6-n8,WeAct Studio ESP32-C6 N8,WeAct Studio,board,0,0,0,0,0,missing,Board datasheet not yet recorded; Original manufacturer website not yet identified; Board/device visual reference still needed,
wemos-esp32-lolin-c3-mini,LOLIN C3 Mini,Wemos,board,0,0,0,0,0,recorded-not-rechecked,Board datasheet not yet recorded; Board/device visual reference still needed,https://www.wemos.cc/en/latest/c3/c3_mini.html
wemos-esp32-lolin-c3-mini-v1-0,LOLIN C3 Mini v1.0,Wemos,board,0,0,0,0,1,missing,Board datasheet not yet recorded; Original manufacturer website not yet identified,
wemos-esp32-lolin-c3-mini-v2-1,LOLIN C3 Mini v2.1,Wemos,board,0,0,0,0,1,missing,Board datasheet not yet recorded; Original manufacturer website not yet identified,
wemos-esp32-lolin-c3-pico,LOLIN C3 Pico,Wemos,board,0,0,0,0,1,recorded-not-rechecked,Board datasheet not yet recorded,https://www.wemos.cc/en/latest/c3/c3_pico.html
wemos-esp32-lolin-d32,LOLIN D32,Wemos,board,0,0,0,0,1,missing,Board datasheet not yet recorded; Original manufacturer website not yet identified,
wemos-esp32-lolin-s2-mini,LOLIN S2 Mini,Wemos,board,0,0,0,0,0,recorded-not-rechecked,Board datasheet not yet recorded; Board/device visual reference still needed,https://www.wemos.cc/en/latest/s2/s2_mini.html
wemos-esp32-lolin-s2-pico,LOLIN S2 Pico,Wemos,board,0,0,0,0,0,recorded-not-rechecked,Board datasheet not yet recorded; Board/device visual reference still needed,https://www.wemos.cc/en/latest/s2/s2_pico.html
wemos-esp32-lolin-s3,LOLIN S3,Wemos,board,0,0,0,0,1,recorded-not-rechecked,Board datasheet not yet recorded,https://www.wemos.cc/en/latest/s3/s3.html
wemos-esp32-lolin-s3-mini,LOLIN S3 MINI,Wemos,board,0,0,0,0,0,recorded-not-rechecked,Board datasheet not yet recorded; Board/device visual reference still needed,https://www.wemos.cc/en/latest/s3/s3_mini.html
wemos-esp32-lolin-s3-mini-pro,LOLIN S3 MINI PRO,Wemos,board,0,0,0,0,0,recorded-not-rechecked,Board datasheet not yet recorded; Board/device visual reference still needed,https://www.wemos.cc/en/latest/s3/s3_mini_pro.html
wemos-esp32-lolin-s3-pro,LOLIN S3 Pro,Wemos,board,0,0,0,0,1,recorded-not-rechecked,Board datasheet not yet recorded,https://www.wemos.cc/en/latest/s3/s3.html
wemos-esp32-lolin32,LOLIN32,Wemos,board,0,0,0,0,1,missing,Board datasheet not yet recorded; Original manufacturer website not yet identified,
wemos-esp32-lolin32-lite,LOLIN32 Lite,Wemos,board,0,0,0,0,1,missing,Board datasheet not yet recorded; Original manufacturer website not yet identified,
wireless-tag-esp32-wt9932c5-tiny,WT9932C5-TINY,Wireless-Tag,board,0,0,0,0,1,missing,Board datasheet not yet recorded; Original manufacturer website not yet identified,
xteink-esp32-x4,Xteink X4,Xteink,board,0,0,0,0,0,missing,Board datasheet not yet recorded; Original manufacturer website not yet identified; Board/device visual reference still needed,
yoto-limited-esp32-yoto-mini-2024-edition,Yoto Mini (2024 Edition),Yoto Limited,board,0,0,0,0,0,missing,Board datasheet not yet recorded; Original manufacturer website not yet identified; Board/device visual reference still needed,
yoto-limited-esp32-yoto-player-v3,Yoto Player V3,Yoto Limited,board,0,0,0,0,0,missing,Board datasheet not yet recorded; Original manufacturer website not yet identified; Board/device visual reference still needed,
lilygo-expansion-t-u2t,T-U2T,LILYGO,board,0,0,0,0,2,missing,Board datasheet not yet recorded; Original manufacturer website not yet identified,
m5stack-expansion-addon-display-in-for-poe-p4,AddOn Display In For PoE-P4,M5Stack,board,0,0,0,0,2,recorded-not-rechecked,Board datasheet not yet recorded,https://docs.m5stack.com/en/addon/AddOn_Display_In_For_PoE-P4
m5stack-expansion-addon-display-out-for-poe-p4,AddOn Display Out For PoE-P4,M5Stack,board,0,0,0,0,2,recorded-not-rechecked,Board datasheet not yet recorded,https://docs.m5stack.com/en/addon/AddOn_Display_Out_For_PoE-P4
m5stack-expansion-atomic-port-abc-base,Atomic Port ABC Base,M5Stack,board,0,0,0,0,2,recorded-not-rechecked,Board datasheet not yet recorded,https://docs.m5stack.com/en/atom/AtomPortABC
m5stack-expansion-base-bottom,Base Bottom,M5Stack,board,0,0,0,0,1,recorded-not-rechecked,Board datasheet not yet recorded,https://docs.m5stack.com/en/base/core_bottom
m5stack-expansion-butterfly-launcher,Butterfly Launcher,M5Stack,board,0,0,0,0,1,recorded-not-rechecked,Board datasheet not yet recorded,https://docs.m5stack.com/en/unit/butterfly
m5stack-expansion-display-1-14-for-sticks3,Display 1.14 For StickS3,M5Stack,board,0,0,0,0,2,recorded-not-rechecked,Board datasheet not yet recorded,https://docs.m5stack.com/en/accessory/display/Display_1.14_For_StickS3
m5stack-expansion-faces-calculator,Faces Calculator,M5Stack,board,0,0,0,0,1,recorded-not-rechecked,Board datasheet not yet recorded,https://docs.m5stack.com/en/module/faces_calculator
m5stack-expansion-faces-encoder,Faces Encoder,M5Stack,board,0,0,0,0,1,recorded-not-rechecked,Board datasheet not yet recorded,https://docs.m5stack.com/en/module/encoder
m5stack-expansion-faces-gamepad,Faces Gamepad,M5Stack,board,0,0,0,0,1,recorded-not-rechecked,Board datasheet not yet recorded,https://docs.m5stack.com/en/module/faces_gameboy
m5stack-expansion-faces-joystick,Faces Joystick,M5Stack,board,0,0,0,0,1,recorded-not-rechecked,Board datasheet not yet recorded,https://docs.m5stack.com/en/module/joystick
m5stack-expansion-faces-qwerty,Faces QWERTY,M5Stack,board,0,0,0,0,1,recorded-not-rechecked,Board datasheet not yet recorded,https://docs.m5stack.com/en/module/faces_keyboard
m5stack-expansion-hat-8servos,Hat 8Servos,M5Stack,board,0,0,0,0,1,recorded-not-rechecked,Board datasheet not yet recorded,https://docs.m5stack.com/en/hat/hat-8servos
m5stack-expansion-hat-cardkb,Hat CardKB,M5Stack,board,0,0,0,0,1,recorded-not-rechecked,Board datasheet not yet recorded,https://docs.m5stack.com/en/hat/hat-cardkb
m5stack-expansion-module-audio,Module Audio,M5Stack,board,0,0,0,0,2,recorded-not-rechecked,Board datasheet not yet recorded,https://docs.m5stack.com/en/module/Module-Audio
m5stack-expansion-module-dcmotor,Module DCMotor,M5Stack,board,0,0,0,0,2,recorded-not-rechecked,Board datasheet not yet recorded,https://docs.m5stack.com/en/module/lego_plus
m5stack-expansion-module-goplus,Module GoPlus,M5Stack,board,0,0,0,0,1,recorded-not-rechecked,Board datasheet not yet recorded,https://docs.m5stack.com/en/module/goplus
m5stack-expansion-module-gps-v2-0,Module GPS v2.0,M5Stack,board,0,0,0,0,2,recorded-not-rechecked,Board datasheet not yet recorded,https://docs.m5stack.com/en/module/Module%20GPS%20v2.0
m5stack-expansion-module-llm,Module LLM,M5Stack,board,0,0,0,0,2,recorded-not-rechecked,Board datasheet not yet recorded,https://docs.m5stack.com/en/module/Module-LLM
m5stack-expansion-module-llm-kit,Module LLM Kit,M5Stack,board,0,0,0,0,2,recorded-not-rechecked,Board datasheet not yet recorded,https://docs.m5stack.com/en/module/Module%20LLM%20Kit
m5stack-expansion-module-plus,Module Plus,M5Stack,board,0,0,0,0,1,recorded-not-rechecked,Board datasheet not yet recorded,https://docs.m5stack.com/en/module/plus
m5stack-expansion-module-servo,Module Servo,M5Stack,board,0,0,0,0,1,recorded-not-rechecked,Board datasheet not yet recorded,https://docs.m5stack.com/en/module/servo
m5stack-expansion-module-stepmotor,Module Stepmotor,M5Stack,board,0,0,0,0,1,recorded-not-rechecked,Board datasheet not yet recorded,https://docs.m5stack.com/en/module/stepmotor
m5stack-expansion-module-usb-v1-2,Module USB v1.2,M5Stack,board,0,0,0,0,2,recorded-not-rechecked,Board datasheet not yet recorded,https://docs.m5stack.com/en/module/USB%20v1.2%20Module
m5stack-expansion-module13-2-lan,Module13.2 LAN,M5Stack,board,0,0,0,0,2,recorded-not-rechecked,Board datasheet not yet recorded,https://docs.m5stack.com/en/module/LAN%20Module%2013.2
m5stack-expansion-module13-2-lora-1262,Module13.2 LoRa-1262,M5Stack,board,0,0,0,0,2,recorded-not-rechecked,Board datasheet not yet recorded,https://docs.m5stack.com/en/module/Module13.2_LoRa-1262
m5stack-expansion-module13-2-pwrcan,Module13.2 PwrCAN,M5Stack,board,0,0,0,0,2,recorded-not-rechecked,Board datasheet not yet recorded,https://docs.m5stack.com/en/module/Module13.2-PwrCAN
m5stack-expansion-module13-2-stepmotor-driver-v1-1,Module13.2 Stepmotor Driver v1.1,M5Stack,board,0,0,0,0,2,recorded-not-rechecked,Board datasheet not yet recorded,https://docs.m5stack.com/en/module/Stepmotor%20Driver%20Module13.2%20v1.1
m5stack-expansion-stamp-lora-1262,Stamp LoRa-1262,M5Stack,board,0,0,0,0,4,recorded-not-rechecked,Board datasheet not yet recorded,https://docs.m5stack.com/en/stamp/Stamp_LoRa-1262
m5stack-expansion-stamp-lora-1262-i,Stamp LoRa-1262 I,M5Stack,board,0,0,0,0,1,recorded-not-rechecked,Board datasheet not yet recorded,https://docs.m5stack.com/en/stamp/Stamp_LoRa-1262
m5stack-expansion-stamp-lora-1262-if,Stamp LoRa-1262 IF,M5Stack,board,0,0,0,0,1,recorded-not-rechecked,Board datasheet not yet recorded,https://docs.m5stack.com/en/stamp/Stamp_LoRa-1262
m5stack-expansion-stamp-uwb,Stamp UWB,M5Stack,board,0,0,0,0,2,recorded-not-rechecked,Board datasheet not yet recorded,https://docs.m5stack.com/en/stamp/Stamp_UWB
m5stack-expansion-stamp-uwb-f,Stamp UWB F,M5Stack,board,0,0,0,0,2,recorded-not-rechecked,Board datasheet not yet recorded,https://docs.m5stack.com/en/stamp/Stamp_UWB_F
m5stack-expansion-stamp-addon-c6-for-p4,Stamp-AddOn C6 For P4,M5Stack,board,0,0,0,0,2,recorded-not-rechecked,Board datasheet not yet recorded,https://docs.m5stack.com/en/stamp/Stamp-AddOn_C6_For_P4
m5stack-expansion-stamp-addon-cam0308,Stamp-AddOn Cam0308,M5Stack,board,0,0,0,0,2,recorded-not-rechecked,Board datasheet not yet recorded,https://docs.m5stack.com/en/stamp/Stamp-AddOn_Cam0308
m5stack-expansion-stamp-addon-cam3660,Stamp-AddOn Cam3660,M5Stack,board,0,0,0,0,1,recorded-not-rechecked,Board datasheet not yet recorded,https://docs.m5stack.com/en/stamp/Stamp-AddOn_Cam3660
m5stack-expansion-unit-8servos2-i2c,Unit 8Servos2-I2C,M5Stack,board,0,0,0,0,1,recorded-not-rechecked,Board datasheet not yet recorded,https://docs.m5stack.com/en/unit/Unit_8Servos2-I2C
m5stack-expansion-unit-ac-measure,Unit AC Measure,M5Stack,board,0,0,0,0,2,recorded-not-rechecked,Board datasheet not yet recorded,https://docs.m5stack.com/en/unit/AC%20Measure%20Unit
m5stack-expansion-unit-cardkb,Unit CardKB,M5Stack,board,0,0,0,0,1,recorded-not-rechecked,Board datasheet not yet recorded,https://docs.m5stack.com/en/unit/cardkb
m5stack-expansion-unit-cardkb-v1-1,Unit CardKB v1.1,M5Stack,board,0,0,0,0,2,recorded-not-rechecked,Board datasheet not yet recorded,https://docs.m5stack.com/en/unit/cardkb_1.1
m5stack-expansion-unit-pbhub,Unit PbHub,M5Stack,board,0,0,0,0,1,recorded-not-rechecked,Board datasheet not yet recorded,https://docs.m5stack.com/en/unit/pbhub
m5stack-expansion-unit-trace,Unit Trace,M5Stack,board,0,0,0,0,1,recorded-not-rechecked,Board datasheet not yet recorded,https://docs.m5stack.com/en/unit/trace
m5stack-expansion-unit-typec-to-grove,Unit TypeC to Grove,M5Stack,board,0,0,0,0,2,recorded-not-rechecked,Board datasheet not yet recorded,https://docs.m5stack.com/en/unit/typec2grove
rakwireless-expansion-rak19001,RAK19001,RAKwireless,board,0,0,0,0,1,recorded-not-rechecked,Board datasheet not yet recorded,https://docs.rakwireless.com/product-categories/wisblock/rak19001/datasheet/
rakwireless-expansion-rak19003,RAK19003,RAKwireless,board,0,0,0,0,1,recorded-not-rechecked,Board datasheet not yet recorded,https://docs.rakwireless.com/product-categories/wisblock/rak19003/datasheet/
rakwireless-expansion-rak19007,RAK19007,RAKwireless,board,0,0,0,0,0,recorded-not-rechecked,Board datasheet not yet recorded; Board/device visual reference still needed,https://docs.rakwireless.com/product-categories/wisblock/rak19007/datasheet/
rakwireless-expansion-rak5005-o,RAK5005-O,RAKwireless,board,0,0,0,0,1,recorded-not-rechecked,Board datasheet not yet recorded,https://docs.rakwireless.com/product-categories/wisblock/rak5005-o/datasheet/
seeed-studio-expansion-1-47-inch-lcd-spi-display,1.47 inch LCD SPI Display,Seeed Studio,board,0,0,0,0,2,recorded-not-rechecked,Board datasheet not yet recorded,https://wiki.seeedstudio.com/1-47inch_lcd_spi_display/
seeed-studio-expansion-1-69-inch-lcd-spi-display,1.69 inch LCD SPI Display,Seeed Studio,board,0,0,0,0,3,recorded-not-rechecked,Board datasheet not yet recorded,https://wiki.seeedstudio.com/1-69inch_lcd_spi_display/
seeed-studio-expansion-3d-gesture-tracking-shield-for-raspberry-pi-mgc3130,3D Gesture Tracking Shield for Raspberry Pi (MGC3130),Seeed Studio,board,0,0,0,0,1,recorded-not-rechecked,Board datasheet not yet recorded,https://wiki.seeedstudio.com/3D-Gesture-Tracking-Shield-for-Raspberry-Pi-MGC3130/
seeed-studio-expansion-4-channel-16-bit-adc-for-raspberry-pi-ads1115,4-Channel 16-Bit ADC for Raspberry Pi (ADS1115),Seeed Studio,board,0,0,0,0,2,recorded-not-rechecked,Board datasheet not yet recorded,https://wiki.seeedstudio.com/4-Channel_16-Bit_ADC_for_Raspberry_Pi-ADS1115/
seeed-studio-expansion-bluetooth-bee,Bluetooth Bee,Seeed Studio,board,0,0,0,0,2,recorded-not-rechecked,Board datasheet not yet recorded,https://wiki.seeedstudio.com/Bluetooth_Bee/
seeed-studio-expansion-can-bus-shield-v1-2,CAN-BUS Shield V1.2,Seeed Studio,board,0,0,0,0,3,recorded-not-rechecked,Board datasheet not yet recorded,https://wiki.seeedstudio.com/CAN-BUS_Shield_V1.2/
seeed-studio-expansion-ds1307-rtc-for-raspberry-pi,DS1307 RTC for Raspberry Pi,Seeed Studio,board,0,0,0,0,1,recorded-not-rechecked,Board datasheet not yet recorded,https://wiki.seeedstudio.com/Pi_RTC-DS1307/
seeed-studio-expansion-ds3231-high-accuracy-rtc-for-raspberry-pi,DS3231 High Accuracy RTC for Raspberry Pi,Seeed Studio,board,0,0,0,0,1,recorded-not-rechecked,Board datasheet not yet recorded,https://wiki.seeedstudio.com/High_Accuracy_Pi_RTC-DS3231/
seeed-studio-expansion-dual-gigabit-ethernet-carrier-board-for-raspberry-pi-cm4,Dual Gigabit Ethernet Carrier Board for Raspberry Pi CM4,Seeed Studio,board,0,0,0,0,5,recorded-not-rechecked,Board datasheet not yet recorded,https://wiki.seeedstudio.com/Dual-Gigabit-Ethernet-Carrier-Board-for-Raspberry-Pi-CM4/
seeed-studio-expansion-expansion-board-base-for-xiao,Expansion Board Base for XIAO,Seeed Studio,board,0,0,0,0,5,recorded-not-rechecked,Board datasheet not yet recorded,https://wiki.seeedstudio.com/Seeeduino-XIAO-Expansion-Board/
seeed-studio-expansion-gps-bee-kit,GPS Bee Kit,Seeed Studio,board,0,0,0,0,1,recorded-not-rechecked,Board datasheet not yet recorded,https://wiki.seeedstudio.com/GPS_Bee_kit/
seeed-studio-expansion-grove-base-boosterpack,Grove Base BoosterPack,Seeed Studio,board,0,0,0,0,1,recorded-not-rechecked,Board datasheet not yet recorded,https://wiki.seeedstudio.com/Grove_Base_BoosterPack/
seeed-studio-expansion-grove-base-hat-for-raspberry-pi,Grove Base Hat for Raspberry Pi,Seeed Studio,board,0,0,0,0,1,recorded-not-rechecked,Board datasheet not yet recorded,https://wiki.seeedstudio.com/Grove_Base_Hat_for_Raspberry_Pi/
seeed-studio-expansion-grove-base-hat-for-raspberry-pi-zero,Grove Base Hat for Raspberry Pi Zero,Seeed Studio,board,0,0,0,0,1,recorded-not-rechecked,Board datasheet not yet recorded,https://wiki.seeedstudio.com/Grove_Base_Hat_for_Raspberry_Pi_Zero/
seeed-studio-expansion-grove-base-kit-for-raspberry-pi,Grove Base Kit for Raspberry Pi,Seeed Studio,board,0,0,0,0,1,recorded-not-rechecked,Board datasheet not yet recorded,https://wiki.seeedstudio.com/Grove_Base_Hat_for_Raspberry_Pi/
seeed-studio-expansion-grove-basic-kit-for-raspberry-pi-pico,Grove Basic Kit for Raspberry Pi Pico,Seeed Studio,board,0,0,0,0,2,recorded-not-rechecked,Board datasheet not yet recorded,https://wiki.seeedstudio.com/Grove-Starter-Kit-for-Raspberry-Pi-Pico/
seeed-studio-expansion-grove-shield-for-arduino-nano,Grove Shield for Arduino Nano,Seeed Studio,board,0,0,0,0,2,recorded-not-rechecked,Board datasheet not yet recorded,https://wiki.seeedstudio.com/Grove_Shield_for_Arduino_Nano/
seeed-studio-expansion-grove-shield-for-pi-pico-v1-0,Grove Shield for Pi Pico V1.0,Seeed Studio,board,0,0,0,0,1,recorded-not-rechecked,Board datasheet not yet recorded,https://wiki.seeedstudio.com/Grove-Starter-Kit-for-Raspberry-Pi-Pico/
seeed-studio-expansion-grove-shield-for-wio-lite,Grove Shield for Wio Lite,Seeed Studio,board,0,0,0,0,2,recorded-not-rechecked,Board datasheet not yet recorded,https://wiki.seeedstudio.com/Grove-Shield-for-Wio-Lite/
seeed-studio-expansion-grove-shield-for-xiao,Grove Shield for XIAO,Seeed Studio,board,0,0,0,0,3,recorded-not-rechecked,Board datasheet not yet recorded,https://wiki.seeedstudio.com/Connect-Grove-to-Home-Assistant-ESPHome/
seeed-studio-expansion-l76-l-gnss-module-for-xiao,L76-L GNSS Module for XIAO,Seeed Studio,board,0,0,0,0,1,recorded-not-rechecked,Board datasheet not yet recorded,https://wiki.seeedstudio.com/gnss_for_xiao/
seeed-studio-expansion-l76k-gnss-module-for-xiao,L76K GNSS Module for XIAO,Seeed Studio,board,0,0,0,0,1,recorded-not-rechecked,Board datasheet not yet recorded,https://wiki.seeedstudio.com/get_start_l76k_gnss/
seeed-studio-expansion-led-driver-board-for-xiao,LED Driver Board for XIAO,Seeed Studio,board,0,0,0,0,2,recorded-not-rechecked,Board datasheet not yet recorded,https://wiki.seeedstudio.com/led_driver_board/
seeed-studio-expansion-lte-cat-1-pi-hat,LTE Cat 1 Pi HAT,Seeed Studio,board,0,0,0,0,4,recorded-not-rechecked,Board datasheet not yet recorded,https://wiki.seeedstudio.com/LTE_Cat_1_Pi_HAT/
seeed-studio-expansion-mt3620-grove-breakout,MT3620 Grove Breakout,Seeed Studio,board,0,0,0,0,4,recorded-not-rechecked,Board datasheet not yet recorded,https://wiki.seeedstudio.com/MT3620_Grove_Breakout/
seeed-studio-expansion-respeaker-lite,reSpeaker Lite,Seeed Studio,board,0,0,0,0,4,recorded-not-rechecked,Board datasheet not yet recorded,https://wiki.seeedstudio.com/reSpeaker_usb_v3/
seeed-studio-expansion-respeaker-xvf3800-usb-4-mic-array,reSpeaker XVF3800 USB 4-Mic Array,Seeed Studio,board,0,0,0,0,2,recorded-not-rechecked,Board datasheet not yet recorded,https://wiki.seeedstudio.com/respeaker_xvf3800_introduction/
seeed-studio-expansion-rs-232-to-ttl-converter-max3232idr,RS-232 To TTL Converter (MAX3232IDR),Seeed Studio,board,0,0,0,0,1,recorded-not-rechecked,Board datasheet not yet recorded,https://wiki.seeedstudio.com/RS-232_To_TTL_Conveter-MAX3232IDR/
seeed-studio-expansion-rs-485-shield-for-raspberry-pi,RS-485 Shield for Raspberry Pi,Seeed Studio,board,0,0,0,0,2,recorded-not-rechecked,Board datasheet not yet recorded,https://wiki.seeedstudio.com/RS-485_Shield_for_Raspberry_Pi/
seeed-studio-expansion-rs485-expansion-board-for-xiao,RS485 Expansion Board for XIAO,Seeed Studio,board,0,0,0,0,1,recorded-not-rechecked,Board datasheet not yet recorded,https://wiki.seeedstudio.com/XIAO-RS485-Expansion-Board/
seeed-studio-expansion-sd-card-shield,SD Card Shield,Seeed Studio,board,0,0,0,0,1,recorded-not-rechecked,Board datasheet not yet recorded,https://wiki.seeedstudio.com/SD_Card_Shield/
seeed-studio-expansion-serial-port-bluetooth-module-master-slave,Serial Port Bluetooth Module (Master-Slave),Seeed Studio,board,0,0,0,0,1,recorded-not-rechecked,Board datasheet not yet recorded,https://wiki.seeedstudio.com/Serial_port_bluetooth_module_Master-Slave/
seeed-studio-expansion-uartsb-frame,UartSB Frame,Seeed Studio,board,0,0,0,0,3,recorded-not-rechecked,Board datasheet not yet recorded,https://wiki.seeedstudio.com/UartSB_Frame/
seeed-studio-expansion-uartsbee-v3-1,UartSBee V3.1,Seeed Studio,board,0,0,0,0,2,recorded-not-rechecked,Board datasheet not yet recorded,https://wiki.seeedstudio.com/UartSBee_V3.1/
seeed-studio-expansion-uartsbee-v4,UartSBee V4,Seeed Studio,board,0,0,0,0,1,recorded-not-rechecked,Board datasheet not yet recorded,https://wiki.seeedstudio.com/UartSBee_V3.1/
seeed-studio-expansion-wi-fi-halow-module-for-xiao,Wi-Fi HaLow Module for XIAO,Seeed Studio,board,0,0,0,0,1,recorded-not-rechecked,Board datasheet not yet recorded,https://wiki.seeedstudio.com/getting_started_with_wifi_halow_module_for_xiao/
seeed-studio-expansion-wifi-shield-v1-2,Wifi Shield V1.2,Seeed Studio,board,0,0,0,0,5,recorded-not-rechecked,Board datasheet not yet recorded,https://wiki.seeedstudio.com/Wifi_Shield_V1.2/
seeed-studio-expansion-wifi-shield-v2-0,Wifi Shield V2.0,Seeed Studio,board,0,0,0,0,2,recorded-not-rechecked,Board datasheet not yet recorded,https://wiki.seeedstudio.com/Wifi_Shield_V2.0/
seeed-studio-expansion-wio-lr2021,Wio-LR2021,Seeed Studio,board,0,0,0,0,2,recorded-not-rechecked,Board datasheet not yet recorded,https://wiki.seeedstudio.com/wio_lr2021_introduction/
seeed-studio-expansion-wio-sx1262,Wio-SX1262,Seeed Studio,board,0,0,0,0,3,recorded-not-rechecked,Board datasheet not yet recorded,https://wiki.seeedstudio.com/wio_sx1262/
seeed-studio-expansion-wm1302-lorawan-gateway-module,WM1302 LoRaWAN Gateway Module,Seeed Studio,board,0,0,0,0,4,recorded-not-rechecked,Board datasheet not yet recorded,https://wiki.seeedstudio.com/WM1302_module/
seeed-studio-expansion-wm1302-pi-hat,WM1302 Pi HAT,Seeed Studio,board,0,0,0,0,3,recorded-not-rechecked,Board datasheet not yet recorded,https://wiki.seeedstudio.com/WM1302_Pi_HAT/
seeed-studio-expansion-xbee-shield,XBee Shield,Seeed Studio,board,0,0,0,0,2,recorded-not-rechecked,Board datasheet not yet recorded,https://wiki.seeedstudio.com/XBee_Shield/
seeed-studio-expansion-xiao-debug-mate,XIAO Debug Mate,Seeed Studio,board,0,0,0,0,3,recorded-not-rechecked,Board datasheet not yet recorded,https://wiki.seeedstudio.com/getting_started_with_xiao_debug_mate/
seeed-studio-expansion-xiao-logger-hat,XIAO Logger HAT,Seeed Studio,board,0,0,0,0,2,recorded-not-rechecked,Board datasheet not yet recorded,https://www.seeedstudio.com/XIAO-LOG-p-6341.html
seeed-studio-expansion-xiao-powerbread,XIAO PowerBread,Seeed Studio,board,0,0,0,0,3,recorded-not-rechecked,Board datasheet not yet recorded,https://www.seeedstudio.com/XIAO-PowerBread-p-6318.html
spotpear-manufacturer-unconfirmed-expansion-laser-450nm-5w-driver,Laser-450nm-5W driver,Spotpear (manufacturer unconfirmed),board,0,0,0,0,1,missing,Board datasheet not yet recorded; Original manufacturer website not yet identified,
waveshare-expansion-8-8-dsi-touch-a,8.8-DSI-TOUCH-A,Waveshare,board,0,0,0,0,1,missing,Board datasheet not yet recorded; Original manufacturer website not yet identified,
waveshare-expansion-ddsm210,DDSM210,Waveshare,board,0,0,0,0,1,missing,Board datasheet not yet recorded; Original manufacturer website not yet identified,
waveshare-expansion-ddsm315,DDSM315,Waveshare,board,0,0,0,0,1,missing,Board datasheet not yet recorded; Original manufacturer website not yet identified,
waveshare-expansion-imx415-8mp-usb-camera-b,IMX415 8MP USB Camera (B),Waveshare,board,0,0,0,0,1,missing,Board datasheet not yet recorded; Original manufacturer website not yet identified,
waveshare-expansion-os05a20-5mp-usb-camera-b,OS05A20 5MP USB Camera (B),Waveshare,board,0,0,0,0,1,missing,Board datasheet not yet recorded; Original manufacturer website not yet identified,
waveshare-expansion-os05a20-5mp-usb-camera-c,OS05A20 5MP USB Camera (C),Waveshare,board,0,0,0,0,1,missing,Board datasheet not yet recorded; Original manufacturer website not yet identified,
waveshare-expansion-pcie-to-minipcie-gbe-usb3-2-hat-plus,PCIe TO MiniPCIe GbE USB3.2 HAT Plus,Waveshare,board,0,0,0,0,1,missing,Board datasheet not yet recorded; Original manufacturer website not yet identified,
waveshare-expansion-ups-power-module-c,UPS Power Module (C),Waveshare,board,0,0,0,0,1,missing,Board datasheet not yet recorded; Original manufacturer website not yet identified,
arduino-gpio-device-alvik,Alvik,Arduino,board,0,0,0,0,1,recorded-not-rechecked,Board datasheet not yet recorded,https://docs.arduino.cc/hardware/alvik/
arduino-gpio-device-nesso-n1,Nesso N1,Arduino,board,0,0,0,0,14,recorded-not-rechecked,Board datasheet not yet recorded,https://docs.arduino.cc/hardware/nesso-n1/
arduino-gpio-device-stella,Stella,Arduino,board,0,0,0,0,2,recorded-not-rechecked,Board datasheet not yet recorded,https://docs.arduino.cc/hardware/stella/
dangerous-prototypes-gpio-device-bus-pirate-v3,Bus Pirate v3,Dangerous Prototypes,board,0,0,0,0,0,missing,Board datasheet not yet recorded; Original manufacturer website not yet identified; Board/device visual reference still needed,
flipper-devices-gpio-device-flipper-zero,Flipper Zero,Flipper Devices,board,0,0,0,0,1,recorded-not-rechecked,Board datasheet not yet recorded,https://flipper.net/
high-code-gpio-device-high-boy-production-version,High Boy production version,High Code,board,0,0,0,0,0,missing,Board datasheet not yet recorded; Original manufacturer website not yet identified; Board/device visual reference still needed,
high-code-gpio-device-high-boy-rev-2-2-mvp,High Boy REV 2.2 MVP,High Code,board,0,0,0,0,1,missing,Board datasheet not yet recorded; Original manufacturer website not yet identified,
lilygo-gpio-device-t-circle-s3,T-Circle-S3,LILYGO,board,0,0,0,0,2,missing,Board datasheet not yet recorded; Original manufacturer website not yet identified,
lilygo-gpio-device-t-deck,T-Deck,LILYGO,board,0,0,0,0,2,recorded-not-rechecked,Board datasheet not yet recorded,https://wiki.lilygo.cc/products/t-deck-series/t-deck/
lilygo-gpio-device-t-deck-max,T-Deck MAX,LILYGO,board,0,0,0,0,1,recorded-not-rechecked,Board datasheet not yet recorded,https://wiki.lilygo.cc/products/t-deck-series/t-deck-max/
lilygo-gpio-device-t-deck-plus,T-Deck Plus,LILYGO,board,0,0,0,0,2,recorded-not-rechecked,Board datasheet not yet recorded,https://wiki.lilygo.cc/products/t-deck-series/t-deck-plus/
lilygo-gpio-device-t-deck-pro,T-Deck Pro,LILYGO,board,0,0,0,0,1,recorded-not-rechecked,Board datasheet not yet recorded,https://wiki.lilygo.cc/products/t-deck-series/t-deck-pro/
lilygo-gpio-device-t-echo,T-Echo,LILYGO,board,0,0,0,0,2,missing,Board datasheet not yet recorded; Original manufacturer website not yet identified,
lilygo-gpio-device-t-glass,T-Glass,LILYGO,board,0,0,0,0,2,recorded-not-rechecked,Board datasheet not yet recorded,https://wiki.lilygo.cc/products/other/t-glass/
lilygo-gpio-device-t-impulse,T-Impulse,LILYGO,board,0,0,0,0,1,missing,Board datasheet not yet recorded; Original manufacturer website not yet identified,
lilygo-gpio-device-t-keyboard-s3-pro,T-Keyboard S3 Pro,LILYGO,board,0,0,0,0,1,recorded-not-rechecked,Board datasheet not yet recorded,https://wiki.lilygo.cc/products/other/t-keyboard-s3-pro/
lilygo-gpio-device-t-watch-2021-v1-0,T-Watch 2021 V1.0,LILYGO,board,0,0,0,0,1,missing,Board datasheet not yet recorded; Original manufacturer website not yet identified,
lilygo-gpio-device-t-watch-2021-v1-1,T-Watch 2021 V1.1,LILYGO,board,0,0,0,0,2,missing,Board datasheet not yet recorded; Original manufacturer website not yet identified,
lilygo-gpio-device-t-watch-block,T-Watch Block,LILYGO,board,0,0,0,0,1,missing,Board datasheet not yet recorded; Original manufacturer website not yet identified,
lilygo-gpio-device-t-watch-block-air,T-Watch Block Air,LILYGO,board,0,0,0,0,1,missing,Board datasheet not yet recorded; Original manufacturer website not yet identified,
lilygo-gpio-device-t-watch-block-led,T-Watch Block LED,LILYGO,board,0,0,0,0,1,missing,Board datasheet not yet recorded; Original manufacturer website not yet identified,
lilygo-gpio-device-t-watch-block-touch,T-Watch Block Touch,LILYGO,board,0,0,0,0,1,missing,Board datasheet not yet recorded; Original manufacturer website not yet identified,
lilygo-gpio-device-t-watch-block-ultrasonic,T-Watch Block Ultrasonic,LILYGO,board,0,0,0,0,1,missing,Board datasheet not yet recorded; Original manufacturer website not yet identified,
lilygo-gpio-device-t-watch-s3,T-Watch S3,LILYGO,board,0,0,0,0,1,recorded-not-rechecked,Board datasheet not yet recorded,https://wiki.lilygo.cc/products/t-watch-series/t-watch-s3/
lilygo-gpio-device-t-watch-s3-plus,T-Watch S3 Plus,LILYGO,board,0,0,0,0,1,recorded-not-rechecked,Board datasheet not yet recorded,https://wiki.lilygo.cc/products/t-watch-series/t-watch-s3-plus/
lilygo-gpio-device-t-watch-ultra,T-Watch Ultra,LILYGO,board,0,0,0,0,1,recorded-not-rechecked,Board datasheet not yet recorded,https://wiki.lilygo.cc/products/t-watch-series/t-watch-ultra/
m5stack-gpio-device-atom-printer,Atom Printer,M5Stack,board,0,0,0,0,1,recorded-not-rechecked,Board datasheet not yet recorded,https://docs.m5stack.com/en/atom/atom_printer
m5stack-gpio-device-atom-matrix-v1-1,Atom-Matrix v1.1,M5Stack,board,0,0,0,0,1,recorded-not-rechecked,Board datasheet not yet recorded,https://docs.m5stack.com/en/core/Atom-Matrix_v1.1
m5stack-gpio-device-atoms3r-cam,AtomS3R-CAM,M5Stack,board,0,0,0,0,2,recorded-not-rechecked,Board datasheet not yet recorded,https://docs.m5stack.com/en/core/AtomS3R%20Cam
m5stack-gpio-device-atoms3r-cam-ai-chatbot,AtomS3R-CAM AI Chatbot,M5Stack,board,0,0,0,0,1,recorded-not-rechecked,Board datasheet not yet recorded,https://docs.m5stack.com/en/core/AtomS3R-CAM%20AI%20Chatbot
m5stack-gpio-device-atoms3r-ext,AtomS3R-Ext,M5Stack,board,0,0,0,0,2,recorded-not-rechecked,Board datasheet not yet recorded,https://docs.m5stack.com/en/core/AtomS3R%20Ext
m5stack-gpio-device-atoms3r-m12,AtomS3R-M12,M5Stack,board,0,0,0,0,2,recorded-not-rechecked,Board datasheet not yet recorded,https://docs.m5stack.com/en/core/AtomS3R-M12
m5stack-gpio-device-atoms3r-m12-volcengine-kit,AtomS3R-M12 Volcengine Kit,M5Stack,board,0,0,0,0,1,recorded-not-rechecked,Board datasheet not yet recorded,https://docs.m5stack.com/en/core/AtomS3R-M12%20Volcengine%20Kit
m5stack-gpio-device-atoms3u,AtomS3U,M5Stack,board,0,0,0,0,2,recorded-not-rechecked,Board datasheet not yet recorded,https://docs.m5stack.com/en/core/AtomS3U
m5stack-gpio-device-atomu,AtomU,M5Stack,board,0,0,0,0,1,recorded-not-rechecked,Board datasheet not yet recorded,https://docs.m5stack.com/en/core/ATOM%20U
m5stack-gpio-device-bala,Bala,M5Stack,board,0,0,0,0,1,recorded-not-rechecked,Board datasheet not yet recorded,https://docs.m5stack.com/en/app/bala
m5stack-gpio-device-capsule,Capsule,M5Stack,board,0,0,0,0,2,recorded-not-rechecked,Board datasheet not yet recorded,https://docs.m5stack.com/en/core/M5Capsule
m5stack-gpio-device-capsule-v1-1,Capsule v1.1,M5Stack,board,0,0,0,0,2,recorded-not-rechecked,Board datasheet not yet recorded,https://docs.m5stack.com/en/core/Capsule_v1.1
m5stack-gpio-device-cardputer-adv,Cardputer-Adv,M5Stack,board,0,0,0,0,2,recorded-not-rechecked,Board datasheet not yet recorded,https://docs.m5stack.com/en/core/Cardputer-Adv
m5stack-gpio-device-cardputerzero,CardputerZero,M5Stack,board,0,0,0,0,3,recorded-not-rechecked,Board datasheet not yet recorded,https://docs.m5stack.com/en/CardputerZero
m5stack-gpio-device-core2,Core2,M5Stack,board,0,0,0,0,2,recorded-not-rechecked,Board datasheet not yet recorded,https://docs.m5stack.com/en/core/core2
m5stack-gpio-device-core2-v1-1,Core2 v1.1,M5Stack,board,0,0,0,0,1,recorded-not-rechecked,Board datasheet not yet recorded,https://docs.m5stack.com/en/core/Core2%20v1.1
m5stack-gpio-device-cores3-lite,CoreS3-Lite,M5Stack,board,0,0,0,0,2,recorded-not-rechecked,Board datasheet not yet recorded,https://docs.m5stack.com/en/core/CoreS3-Lite
m5stack-gpio-device-cores3-se,CoreS3-SE,M5Stack,board,0,0,0,0,1,recorded-not-rechecked,Board datasheet not yet recorded,https://docs.m5stack.com/en/core/M5CoreS3%20SE
m5stack-gpio-device-faces-kit,Faces Kit,M5Stack,board,0,0,0,0,1,recorded-not-rechecked,Board datasheet not yet recorded,https://docs.m5stack.com/en/core/face_kit
m5stack-gpio-device-m5camera,M5Camera,M5Stack,board,0,0,0,0,1,recorded-not-rechecked,Board datasheet not yet recorded,https://docs.m5stack.com/en/unit/m5camera
m5stack-gpio-device-m5go-lite,M5GO-Lite,M5Stack,board,0,0,0,0,1,recorded-not-rechecked,Board datasheet not yet recorded,https://docs.m5stack.com/en/core/m5go_lite
m5stack-gpio-device-station-485,Station-485,M5Stack,board,0,0,0,0,2,recorded-not-rechecked,Board datasheet not yet recorded,https://docs.m5stack.com/en/core/station_485
m5stack-gpio-device-station-bat,Station-Bat,M5Stack,board,0,0,0,0,2,recorded-not-rechecked,Board datasheet not yet recorded,https://docs.m5stack.com/en/core/station_bat
m5stack-gpio-device-stickc-plus,StickC-Plus,M5Stack,board,0,0,0,0,2,recorded-not-rechecked,Board datasheet not yet recorded,https://docs.m5stack.com/en/core/m5stickc_plus
m5stack-gpio-device-unit-poe-p4,Unit PoE-P4,M5Stack,board,0,0,0,0,2,recorded-not-rechecked,Board datasheet not yet recorded,https://docs.m5stack.com/en/unit/Unit_PoE-P4
m5stack-gpio-device-unitv-ov2640,UnitV-OV2640,M5Stack,board,0,0,0,0,2,recorded-not-rechecked,Board datasheet not yet recorded,https://docs.m5stack.com/en/unit/unitv
m5stack-gpio-device-unitv-ov7740,UnitV-OV7740,M5Stack,board,0,0,0,0,2,recorded-not-rechecked,Board datasheet not yet recorded,https://docs.m5stack.com/en/unit/unitv_ov7740
m5stack-gpio-device-xiaozhi-card-kit,Xiaozhi Card Kit,M5Stack,board,0,0,0,0,3,recorded-not-rechecked,Board datasheet not yet recorded,https://docs.m5stack.com/en/core/Xiaozhi_Card_Kit
seeed-studio-gpio-device-recamera-hq-poe,reCamera HQ PoE,Seeed Studio,board,0,0,0,0,2,recorded-not-rechecked,Board datasheet not yet recorded,https://wiki.seeedstudio.com/reCamera_hq_poe_hardware_and_specs/
seeed-studio-gpio-device-respeaker-flex-with-xiao-esp32s3,reSpeaker Flex with XIAO ESP32S3,Seeed Studio,board,0,0,0,0,2,recorded-not-rechecked,Board datasheet not yet recorded,https://wiki.seeedstudio.com/respeaker_flex_introduction/
seeed-studio-gpio-device-respeaker-lite-voice-assistant-kit,reSpeaker Lite Voice Assistant Kit,Seeed Studio,board,0,0,0,0,1,recorded-not-rechecked,Board datasheet not yet recorded,https://wiki.seeedstudio.com/reSpeaker_usb_v3/
seeed-studio-gpio-device-respeaker-xvf3800-usb-4-mic-array-with-xiao-esp32s3,reSpeaker XVF3800 USB 4-Mic Array with XIAO ESP32S3,Seeed Studio,board,0,0,0,0,2,recorded-not-rechecked,Board datasheet not yet recorded,https://wiki.seeedstudio.com/respeaker_xvf3800_introduction/
seeed-studio-gpio-device-reterminal,reTerminal,Seeed Studio,board,0,0,0,0,4,recorded-not-rechecked,Board datasheet not yet recorded,https://wiki.seeedstudio.com/reTerminal-hardware-interfaces-usage/
seeed-studio-gpio-device-reterminal-e1004,reTerminal E1004,Seeed Studio,board,0,0,0,0,2,recorded-not-rechecked,Board datasheet not yet recorded,https://wiki.seeedstudio.com/getting_started_with_reterminal_e1004/
seeed-studio-gpio-device-rs485-vision-ai-camera,RS485 Vision AI Camera,Seeed Studio,board,0,0,0,0,1,recorded-not-rechecked,Board datasheet not yet recorded,https://wiki.seeedstudio.com/getting_started_with_rs485_vision_ai_cam/
seeed-studio-gpio-device-sensecap-indicator,SenseCAP Indicator,Seeed Studio,board,0,0,0,0,3,recorded-not-rechecked,Board datasheet not yet recorded,https://wiki.seeedstudio.com/SenseCAP_Indicator_RP2040_Grove_IIC/
seeed-studio-gpio-device-sensecap-indicator-d1,SenseCAP Indicator D1,Seeed Studio,board,0,0,0,0,3,recorded-not-rechecked,Board datasheet not yet recorded,https://wiki.seeedstudio.com/Sensor/SenseCAP/SenseCAP_Indicator/Get_started_with_SenseCAP_Indicator/
seeed-studio-gpio-device-sensecap-indicator-d1l,SenseCAP Indicator D1L,Seeed Studio,board,0,0,0,0,1,recorded-not-rechecked,Board datasheet not yet recorded,https://wiki.seeedstudio.com/Sensor/SenseCAP/SenseCAP_Indicator/Get_started_with_SenseCAP_Indicator/
seeed-studio-gpio-device-sensecap-indicator-d1pro,SenseCAP Indicator D1Pro,Seeed Studio,board,0,0,0,0,1,recorded-not-rechecked,Board datasheet not yet recorded,https://wiki.seeedstudio.com/Sensor/SenseCAP/SenseCAP_Indicator/Get_started_with_SenseCAP_Indicator/
seeed-studio-gpio-device-sensecap-indicator-d1s,SenseCAP Indicator D1S,Seeed Studio,board,0,0,0,0,1,recorded-not-rechecked,Board datasheet not yet recorded,https://wiki.seeedstudio.com/Sensor/SenseCAP/SenseCAP_Indicator/Get_started_with_SenseCAP_Indicator/
seeed-studio-gpio-device-sensecap-watcher-for-xiaozhi,SenseCAP Watcher for XiaoZhi,Seeed Studio,board,0,0,0,0,1,recorded-not-rechecked,Board datasheet not yet recorded,https://wiki.seeedstudio.com/extending_grove_with_mcp/
seeed-studio-gpio-device-wio-terminal,Wio Terminal,Seeed Studio,board,0,0,0,0,5,recorded-not-rechecked,Board datasheet not yet recorded,https://wiki.seeedstudio.com/Wio-Terminal-IO-Overview/
techoverflow-gpio-device-canipulator-v1,CANipulator V1,TechOverflow,board,0,0,0,0,2,missing,Board datasheet not yet recorded; Original manufacturer website not yet identified,
techoverflow-gpio-device-canipulator-v2,CANipulator V2,TechOverflow,board,0,0,0,0,2,missing,Board datasheet not yet recorded; Original manufacturer website not yet identified,
arduino-other-101,101,Arduino,board,0,0,0,0,0,recorded-not-rechecked,Board datasheet not yet recorded; Board/device visual reference still needed,https://docs.arduino.cc/hardware/101/
arduino-other-uno-q,Arduino UNO Q,Arduino,board,0,0,0,0,8,recorded-not-rechecked,Board datasheet not yet recorded,https://docs.arduino.cc/hardware/uno-q/
arduino-other-uno-r3,Arduino UNO R3,Arduino,board,0,0,0,0,9,recorded-not-rechecked,Board datasheet not yet recorded,https://docs.arduino.cc/hardware/uno-rev3/
arduino-other-board-serial,Board Serial,Arduino,board,0,0,0,0,0,recorded-not-rechecked,Board datasheet not yet recorded; Board/device visual reference still needed,https://docs.arduino.cc/retired/boards/arduino-serial/
arduino-other-board-serial-single-sided,Board Serial Single Sided,Arduino,board,0,0,0,0,0,recorded-not-rechecked,Board datasheet not yet recorded; Board/device visual reference still needed,https://docs.arduino.cc/retired/boards/arduino-serial-single-sided/
arduino-other-board-serial-single-sided-v3,Board Serial Single Sided v3,Arduino,board,0,0,0,0,1,recorded-not-rechecked,Board datasheet not yet recorded,https://docs.arduino.cc/retired/boards/arduino-serial-single-sided-3/
arduino-other-bt-bluetooth,BT (Bluetooth),Arduino,board,0,0,0,0,0,recorded-not-rechecked,Board datasheet not yet recorded; Board/device visual reference still needed,https://docs.arduino.cc/retired/boards/arduino-BT/
arduino-other-bt-v1,BT v1,Arduino,board,0,0,0,0,0,recorded-not-rechecked,Board datasheet not yet recorded; Board/device visual reference still needed,https://docs.arduino.cc/retired/boards/arduino-BT-v1/
arduino-other-diecimila,Diecimila,Arduino,board,0,0,0,0,1,recorded-not-rechecked,Board datasheet not yet recorded,https://docs.arduino.cc/retired/boards/arduino-diecimila/
arduino-other-due,Due,Arduino,board,0,0,0,0,8,recorded-not-rechecked,Board datasheet not yet recorded,https://docs.arduino.cc/hardware/due/
arduino-other-duemilanove,Duemilanove,Arduino,board,0,0,0,0,0,recorded-not-rechecked,Board datasheet not yet recorded; Board/device visual reference still needed,https://docs.arduino.cc/retired/boards/arduino-duemilanove/
arduino-other-edge-control,Edge Control,Arduino,board,0,0,0,0,11,recorded-not-rechecked,Board datasheet not yet recorded,https://docs.arduino.cc/hardware/edge-control/
arduino-other-esplora,Esplora,Arduino,board,0,0,0,0,3,recorded-not-rechecked,Board datasheet not yet recorded,https://docs.arduino.cc/retired/boards/arduino-esplora/
arduino-other-ethernet-rev3-with-poe,Ethernet Rev3 with PoE,Arduino,board,0,0,0,0,0,recorded-not-rechecked,Board datasheet not yet recorded; Board/device visual reference still needed,https://docs.arduino.cc/retired/boards/arduino-ethernet-rev3-with-poe/
arduino-other-ethernet-rev3-without-poe,Ethernet Rev3 without PoE,Arduino,board,0,0,0,0,0,recorded-not-rechecked,Board datasheet not yet recorded; Board/device visual reference still needed,https://docs.arduino.cc/retired/boards/arduino-ethernet-rev3-without-poe/
arduino-other-fio,Fio,Arduino,board,0,0,0,0,0,recorded-not-rechecked,Board datasheet not yet recorded; Board/device visual reference still needed,https://docs.arduino.cc/retired/boards/arduino-fio/
arduino-other-gemma,Gemma,Arduino,board,0,0,0,0,0,recorded-not-rechecked,Board datasheet not yet recorded; Board/device visual reference still needed,https://docs.arduino.cc/retired/boards/arduino-gemma/
arduino-other-giga-r1-wifi,GIGA R1 WiFi,Arduino,board,0,0,0,0,8,recorded-not-rechecked,Board datasheet not yet recorded,https://docs.arduino.cc/hardware/giga-r1-wifi/
arduino-other-industrial-101,Industrial 101,Arduino,board,0,0,0,0,2,recorded-not-rechecked,Board datasheet not yet recorded,https://docs.arduino.cc/retired/boards/arduino-industrial-101/
arduino-other-leonardo,Leonardo,Arduino,board,0,0,0,0,3,recorded-not-rechecked,Board datasheet not yet recorded,https://docs.arduino.cc/hardware/leonardo/
arduino-other-leonardo-eth,Leonardo ETH,Arduino,board,0,0,0,0,0,recorded-not-rechecked,Board datasheet not yet recorded; Board/device visual reference still needed,https://docs.arduino.cc/retired/boards/arduino-leonardo-eth/
arduino-other-leonardo-eth-2-with-poe,Leonardo ETH 2 with PoE,Arduino,board,0,0,0,0,0,recorded-not-rechecked,Board datasheet not yet recorded; Board/device visual reference still needed,https://docs.arduino.cc/retired/boards/arduino-leonardo-eth-2-with-poe/
arduino-other-lilypad-arduino-main-board,LilyPad Arduino Main Board,Arduino,board,0,0,0,0,0,recorded-not-rechecked,Board datasheet not yet recorded; Board/device visual reference still needed,https://docs.arduino.cc/retired/boards/lilypad-arduino-main-board/
arduino-other-lilypad-arduino-simple,LilyPad Arduino Simple,Arduino,board,0,0,0,0,0,recorded-not-rechecked,Board datasheet not yet recorded; Board/device visual reference still needed,https://docs.arduino.cc/retired/boards/lilypad-arduino-simple/
arduino-other-lilypad-arduino-simplesnap,LilyPad Arduino SimpleSnap,Arduino,board,0,0,0,0,0,recorded-not-rechecked,Board datasheet not yet recorded; Board/device visual reference still needed,https://docs.arduino.cc/retired/boards/lilypad-arduino-simplesnap/
arduino-other-lilypad-arduino-usb,LilyPad Arduino USB,Arduino,board,0,0,0,0,0,recorded-not-rechecked,Board datasheet not yet recorded; Board/device visual reference still needed,https://docs.arduino.cc/retired/boards/lilypad-arduino-usb/
arduino-other-m0,M0,Arduino,board,0,0,0,0,0,recorded-not-rechecked,Board datasheet not yet recorded; Board/device visual reference still needed,https://docs.arduino.cc/retired/boards/arduino-m0/
arduino-other-m0-pro,M0 Pro,Arduino,board,0,0,0,0,0,recorded-not-rechecked,Board datasheet not yet recorded; Board/device visual reference still needed,https://docs.arduino.cc/retired/boards/arduino-m0-pro/
arduino-other-make-your-uno-kit,Make Your UNO Kit,Arduino,board,0,0,0,0,4,recorded-not-rechecked,Board datasheet not yet recorded,https://docs.arduino.cc/hardware/make-your-uno-kit/
arduino-other-mega-2560-rev3,Mega 2560 Rev3,Arduino,board,0,0,0,0,6,recorded-not-rechecked,Board datasheet not yet recorded,https://docs.arduino.cc/hardware/mega-2560/
arduino-other-mega-adk-rev3,Mega ADK Rev3,Arduino,board,0,0,0,0,0,recorded-not-rechecked,Board datasheet not yet recorded; Board/device visual reference still needed,https://docs.arduino.cc/retired/boards/arduino-mega-adk-rev3/
arduino-other-micro,Micro,Arduino,board,0,0,0,0,3,recorded-not-rechecked,Board datasheet not yet recorded,https://docs.arduino.cc/hardware/micro/
arduino-other-mini-03,Mini 03,Arduino,board,0,0,0,0,1,recorded-not-rechecked,Board datasheet not yet recorded,https://docs.arduino.cc/retired/boards/arduino-mini-05/
arduino-other-mini-04-and-05-shared-reference,Mini 04 and 05 shared reference,Arduino,board,0,0,0,0,1,recorded-not-rechecked,Board datasheet not yet recorded,https://docs.arduino.cc/retired/boards/arduino-mini-05/
arduino-other-mini-05,Mini 05,Arduino,board,0,0,0,0,0,recorded-not-rechecked,Board datasheet not yet recorded; Board/device visual reference still needed,https://docs.arduino.cc/retired/boards/arduino-mini-05/
arduino-other-mini-05-without-header,Mini 05 without header,Arduino,board,0,0,0,0,0,recorded-not-rechecked,Board datasheet not yet recorded; Board/device visual reference still needed,https://docs.arduino.cc/retired/boards/arduino-mini-05-without-header/
arduino-other-mkr-1000-wifi,MKR 1000 WiFi,Arduino,board,0,0,0,0,3,recorded-not-rechecked,Board datasheet not yet recorded,https://docs.arduino.cc/hardware/mkr-1000-wifi/
arduino-other-mkr-fox-1200,MKR FOX 1200,Arduino,board,0,0,0,0,4,recorded-not-rechecked,Board datasheet not yet recorded,https://docs.arduino.cc/hardware/mkr-fox-1200/
arduino-other-mkr-gsm-1400,MKR GSM 1400,Arduino,board,0,0,0,0,3,recorded-not-rechecked,Board datasheet not yet recorded,https://docs.arduino.cc/hardware/mkr-gsm-1400/
arduino-other-mkr-nb-1500,MKR NB 1500,Arduino,board,0,0,0,0,3,recorded-not-rechecked,Board datasheet not yet recorded,https://docs.arduino.cc/hardware/mkr-nb-1500/
arduino-other-mkr-vidor-4000,MKR Vidor 4000,Arduino,board,0,0,0,0,9,recorded-not-rechecked,Board datasheet not yet recorded,https://docs.arduino.cc/hardware/mkr-vidor-4000/
arduino-other-mkr-wan-1300,MKR WAN 1300,Arduino,board,0,0,0,0,3,recorded-not-rechecked,Board datasheet not yet recorded,https://docs.arduino.cc/hardware/mkr-wan-1300/
arduino-other-mkr-wan-1310,MKR WAN 1310,Arduino,board,0,0,0,0,3,recorded-not-rechecked,Board datasheet not yet recorded,https://docs.arduino.cc/hardware/mkr-wan-1310/
arduino-other-mkr-wifi-1010,MKR WiFi 1010,Arduino,board,0,0,0,0,3,recorded-not-rechecked,Board datasheet not yet recorded,https://docs.arduino.cc/hardware/mkr-wifi-1010/
arduino-other-mkr-zero,MKR Zero,Arduino,board,0,0,0,0,3,recorded-not-rechecked,Board datasheet not yet recorded,https://docs.arduino.cc/hardware/mkr-zero/
arduino-other-nano,Nano,Arduino,board,0,0,0,0,4,recorded-not-rechecked,Board datasheet not yet recorded,https://docs.arduino.cc/hardware/nano/
arduino-other-nano-2-2,Nano 2.2,Arduino,board,0,0,0,0,1,recorded-not-rechecked,Board datasheet not yet recorded,https://docs.arduino.cc/hardware/nano/
arduino-other-nano-33-ble,Nano 33 BLE,Arduino,board,0,0,0,0,3,recorded-not-rechecked,Board datasheet not yet recorded,https://docs.arduino.cc/hardware/nano-33-ble/
arduino-other-nano-33-ble-rev2,Nano 33 BLE Rev2,Arduino,board,0,0,0,0,5,recorded-not-rechecked,Board datasheet not yet recorded,https://docs.arduino.cc/hardware/nano-33-ble-rev2/
arduino-other-nano-33-ble-sense,Nano 33 BLE Sense,Arduino,board,0,0,0,0,4,recorded-not-rechecked,Board datasheet not yet recorded,https://docs.arduino.cc/hardware/nano-33-ble-sense/
arduino-other-nano-33-ble-sense-rev2,Nano 33 BLE Sense Rev2,Arduino,board,0,0,0,0,5,recorded-not-rechecked,Board datasheet not yet recorded,https://docs.arduino.cc/hardware/nano-33-ble-sense-rev2/
arduino-other-nano-33-iot,Nano 33 IoT,Arduino,board,0,0,0,0,4,recorded-not-rechecked,Board datasheet not yet recorded,https://docs.arduino.cc/hardware/nano-33-iot/
arduino-other-nano-every,Nano Every,Arduino,board,0,0,0,0,4,recorded-not-rechecked,Board datasheet not yet recorded,https://docs.arduino.cc/hardware/nano-every/
arduino-other-nano-matter,Nano Matter,Arduino,board,0,0,0,0,3,recorded-not-rechecked,Board datasheet not yet recorded,https://docs.arduino.cc/hardware/nano-matter/
arduino-other-nano-r4,Nano R4,Arduino,board,0,0,0,0,3,recorded-not-rechecked,Board datasheet not yet recorded,https://docs.arduino.cc/hardware/nano-r4/
arduino-other-ng,NG,Arduino,board,0,0,0,0,0,recorded-not-rechecked,Board datasheet not yet recorded; Board/device visual reference still needed,https://docs.arduino.cc/retired/boards/arduino-ng/
arduino-other-nicla-sense-env,Nicla Sense Env,Arduino,board,0,0,0,0,2,recorded-not-rechecked,Board datasheet not yet recorded,https://docs.arduino.cc/hardware/nicla-sense-env/
arduino-other-nicla-sense-me,Nicla Sense ME,Arduino,board,0,0,0,0,9,recorded-not-rechecked,Board datasheet not yet recorded,https://docs.arduino.cc/hardware/nicla-sense-me/
arduino-other-nicla-vision,Nicla Vision,Arduino,board,0,0,0,0,9,recorded-not-rechecked,Board datasheet not yet recorded,https://docs.arduino.cc/hardware/nicla-vision/
arduino-other-nicla-voice,Nicla Voice,Arduino,board,0,0,0,0,7,recorded-not-rechecked,Board datasheet not yet recorded,https://docs.arduino.cc/hardware/nicla-voice/
arduino-other-opta,Opta,Arduino,board,0,0,0,0,3,recorded-not-rechecked,Board datasheet not yet recorded,https://docs.arduino.cc/hardware/opta/
arduino-other-portenta-c33,Portenta C33,Arduino,board,0,0,0,0,11,recorded-not-rechecked,Board datasheet not yet recorded,https://docs.arduino.cc/hardware/portenta-c33/
arduino-other-portenta-h7,Portenta H7,Arduino,board,0,0,0,0,30,recorded-not-rechecked,Board datasheet not yet recorded,https://docs.arduino.cc/hardware/portenta-h7/
arduino-other-portenta-h7-lite,Portenta H7 Lite,Arduino,board,0,0,0,0,1,recorded-not-rechecked,Board datasheet not yet recorded,https://docs.arduino.cc/hardware/portenta-h7-lite/
arduino-other-portenta-h7-lite-connected,Portenta H7 Lite Connected,Arduino,board,0,0,0,0,1,recorded-not-rechecked,Board datasheet not yet recorded,https://docs.arduino.cc/hardware/portenta-h7-lite-connected/
arduino-other-portenta-machine-control,Portenta Machine Control,Arduino,board,0,0,0,0,10,recorded-not-rechecked,Board datasheet not yet recorded,https://docs.arduino.cc/hardware/portenta-machine-control/
arduino-other-portenta-x8,Portenta X8,Arduino,board,0,0,0,0,19,recorded-not-rechecked,Board datasheet not yet recorded,https://docs.arduino.cc/hardware/portenta-x8/
arduino-other-primo,Primo,Arduino,board,0,0,0,0,0,recorded-not-rechecked,Board datasheet not yet recorded; Board/device visual reference still needed,https://docs.arduino.cc/retired/boards/arduino-primo/
arduino-other-primo-core,Primo Core,Arduino,board,0,0,0,0,0,recorded-not-rechecked,Board datasheet not yet recorded; Board/device visual reference still needed,https://docs.arduino.cc/retired/boards/arduino-primo-core/
arduino-other-pro,Pro,Arduino,board,0,0,0,0,0,recorded-not-rechecked,Board datasheet not yet recorded; Board/device visual reference still needed,https://docs.arduino.cc/retired/boards/arduino-pro/
arduino-other-pro-mini,Pro Mini,Arduino,board,0,0,0,0,0,recorded-not-rechecked,Board datasheet not yet recorded; Board/device visual reference still needed,https://docs.arduino.cc/retired/boards/arduino-pro-mini/
arduino-other-tian,Tian,Arduino,board,0,0,0,0,0,recorded-not-rechecked,Board datasheet not yet recorded; Board/device visual reference still needed,https://docs.arduino.cc/retired/boards/arduino-tian/
arduino-other-tre,Tre,Arduino,board,0,0,0,0,0,recorded-not-rechecked,Board datasheet not yet recorded; Board/device visual reference still needed,https://docs.arduino.cc/retired/boards/arduino-tre/
arduino-other-uno-mini-limited-edition,UNO Mini Limited Edition,Arduino,board,0,0,0,0,5,recorded-not-rechecked,Board datasheet not yet recorded,https://docs.arduino.cc/hardware/uno-mini-limited-edition/
arduino-other-uno-r3-smd,UNO R3 SMD,Arduino,board,0,0,0,0,4,recorded-not-rechecked,Board datasheet not yet recorded,https://docs.arduino.cc/hardware/uno-rev3-smd/
arduino-other-uno-r4-minima,UNO R4 Minima,Arduino,board,0,0,0,0,5,recorded-not-rechecked,Board datasheet not yet recorded,https://docs.arduino.cc/hardware/uno-r4-minima/
arduino-other-uno-r4-wifi,UNO R4 WiFi,Arduino,board,0,0,0,0,5,recorded-not-rechecked,Board datasheet not yet recorded,https://docs.arduino.cc/hardware/uno-r4-wifi/
arduino-other-uno-rev3-with-long-pins,UNO Rev3 with Long Pins,Arduino,board,0,0,0,0,1,recorded-not-rechecked,Board datasheet not yet recorded,https://docs.arduino.cc/retired/boards/arduino-uno-rev3-with-long-pins/
arduino-other-uno-wifi,Uno WiFi,Arduino,board,0,0,0,0,0,recorded-not-rechecked,Board datasheet not yet recorded; Board/device visual reference still needed,https://docs.arduino.cc/retired/boards/arduino-uno-wifi/
arduino-other-uno-wifi-rev2,UNO WiFi Rev2,Arduino,board,0,0,0,0,4,recorded-not-rechecked,Board datasheet not yet recorded,https://docs.arduino.cc/hardware/uno-wifi-rev2/
arduino-other-usb,USB,Arduino,board,0,0,0,0,0,recorded-not-rechecked,Board datasheet not yet recorded; Board/device visual reference still needed,https://docs.arduino.cc/retired/boards/arduino-usb/
arduino-other-ventuno-q,VENTUNO Q,Arduino,board,0,0,0,0,8,recorded-not-rechecked,Board datasheet not yet recorded,https://docs.arduino.cc/hardware/ventuno-q/
arduino-other-y-n,Yún,Arduino,board,0,0,0,0,0,recorded-not-rechecked,Board datasheet not yet recorded; Board/device visual reference still needed,https://docs.arduino.cc/retired/boards/arduino-yun/
arduino-other-y-n-mini,Yún Mini,Arduino,board,0,0,0,0,0,recorded-not-rechecked,Board datasheet not yet recorded; Board/device visual reference still needed,https://docs.arduino.cc/retired/boards/arduino-yun-mini/
arduino-other-y-n-rev2,Yún Rev2,Arduino,board,0,0,0,0,4,recorded-not-rechecked,Board datasheet not yet recorded,https://docs.arduino.cc/hardware/yun-rev2/
arduino-other-y-n-with-poe,Yún with PoE,Arduino,board,0,0,0,0,0,recorded-not-rechecked,Board datasheet not yet recorded; Board/device visual reference still needed,https://docs.arduino.cc/retired/boards/arduino-yun-with-poe/
arduino-other-zero,Zero,Arduino,board,0,0,0,0,3,recorded-not-rechecked,Board datasheet not yet recorded,https://docs.arduino.cc/hardware/zero/
beagleboard-org-other-beagleconnect-freedom,BeagleConnect Freedom,BeagleBoard.org,board,0,0,0,0,2,missing,Board datasheet not yet recorded; Original manufacturer website not yet identified,
generic-manufacturer-unconfirmed-other-stm32f103c6t6-blue-pill,STM32F103C6T6 Blue Pill,Generic - manufacturer unconfirmed,board,0,0,0,0,1,missing,Board datasheet not yet recorded; Original manufacturer website not yet identified,
generic-manufacturer-unconfirmed-other-stm32f103c8t6-blue-pill,STM32F103C8T6 Blue Pill,Generic - manufacturer unconfirmed,board,0,0,0,0,1,missing,Board datasheet not yet recorded; Original manufacturer website not yet identified,
heltec-other-cubecell-capsule,CubeCell Capsule,Heltec,board,0,0,0,0,1,missing,Board datasheet not yet recorded; Original manufacturer website not yet identified,
heltec-other-cubecell-htcc-ab01,CubeCell HTCC-AB01,Heltec,board,0,0,0,0,1,missing,Board datasheet not yet recorded; Original manufacturer website not yet identified,
heltec-other-cubecell-htcc-ab01-v2,CubeCell HTCC-AB01 V2,Heltec,board,0,0,0,0,1,missing,Board datasheet not yet recorded; Original manufacturer website not yet identified,
heltec-other-cubecell-htcc-ab02,CubeCell HTCC-AB02,Heltec,board,0,0,0,0,1,missing,Board datasheet not yet recorded; Original manufacturer website not yet identified,
heltec-other-cubecell-htcc-ab02a,CubeCell HTCC-AB02A,Heltec,board,0,0,0,0,1,missing,Board datasheet not yet recorded; Original manufacturer website not yet identified,
heltec-other-cubecell-htcc-ab02s,CubeCell HTCC-AB02S,Heltec,board,0,0,0,0,1,missing,Board datasheet not yet recorded; Original manufacturer website not yet identified,
heltec-other-cubecell-htcc-am01-module-board,CubeCell HTCC-AM01 Module Board,Heltec,board,0,0,0,0,1,missing,Board datasheet not yet recorded; Original manufacturer website not yet identified,
heltec-other-cubecell-htcc-am01-v2,CubeCell HTCC-AM01 V2,Heltec,board,0,0,0,0,1,missing,Board datasheet not yet recorded; Original manufacturer website not yet identified,
heltec-other-cubecell-htcc-am02-module-board,CubeCell HTCC-AM02 Module Board,Heltec,board,0,0,0,0,1,missing,Board datasheet not yet recorded; Original manufacturer website not yet identified,
heltec-other-lora-kit-151,LoRa Kit 151,Heltec,board,0,0,0,0,0,missing,Board datasheet not yet recorded; Original manufacturer website not yet identified; Board/device visual reference still needed,
heltec-other-lora-node-151,LoRa Node 151,Heltec,board,0,0,0,0,1,missing,Board datasheet not yet recorded; Original manufacturer website not yet identified,
heltec-other-mesh-node-t114,Mesh Node T114,Heltec,board,0,0,0,0,1,missing,Board datasheet not yet recorded; Original manufacturer website not yet identified,
heltec-other-meshsolar,MeshSolar,Heltec,board,0,0,0,0,1,missing,Board datasheet not yet recorded; Original manufacturer website not yet identified,
lilygo-other-t-bhi260ap,T-BHI260AP,LILYGO,board,0,0,0,0,1,recorded-not-rechecked,Board datasheet not yet recorded,https://wiki.lilygo.cc/products/other/t-bhi260ap/
lilygo-other-t-display-k230,T-Display K230,LILYGO,board,0,0,0,0,2,recorded-not-rechecked,Board datasheet not yet recorded,https://wiki.lilygo.cc/products/t-display-series/t-display-k230/
lilygo-other-t-display-k230-cased-version,T-Display K230 Cased Version,LILYGO,board,0,0,0,0,1,recorded-not-rechecked,Board datasheet not yet recorded,https://wiki.lilygo.cc/products/t-display-series/t-display-k230/cased-version.html
lilygo-other-t-display-sf32,T-Display SF32,LILYGO,board,0,0,0,0,1,recorded-not-rechecked,Board datasheet not yet recorded,https://wiki.lilygo.cc/products/t-display-series/t-display-sf32/
lilygo-other-t-echo-card,T-Echo Card,LILYGO,board,0,0,0,0,1,recorded-not-rechecked,Board datasheet not yet recorded,https://wiki.lilygo.cc/products/t-echo-series/t-echo-card/
lilygo-other-t-echo-lite-kit,T-Echo Lite Kit,LILYGO,board,0,0,0,0,1,recorded-not-rechecked,Board datasheet not yet recorded,https://wiki.lilygo.cc/products/t-echo-series/t-echo-lite-kit/
lilygo-other-t-echo-plus,T-Echo-Plus,LILYGO,board,0,0,0,0,1,recorded-not-rechecked,Board datasheet not yet recorded,https://wiki.lilygo.cc/products/t-echo-series/t-echo-plus/
lilygo-other-t-halow-rj45,T-Halow RJ45,LILYGO,board,0,0,0,0,1,recorded-not-rechecked,Board datasheet not yet recorded,https://wiki.lilygo.cc/products/t-halow-series/t-halow-rj45/
lilygo-other-t-impulse-plus,T-Impulse Plus,LILYGO,board,0,0,0,0,1,recorded-not-rechecked,Board datasheet not yet recorded,https://wiki.lilygo.cc/products/t-impulse-series/t-impulse-plus/
lilygo-other-t-motion-v1-0,T-Motion V1.0,LILYGO,board,0,0,0,0,2,missing,Board datasheet not yet recorded; Original manufacturer website not yet identified,
lilygo-other-t-pcie-sim7600e,T-PCIE SIM7600E,LILYGO,board,0,0,0,0,1,recorded-not-rechecked,Board datasheet not yet recorded,https://wiki.lilygo.cc/products/t-sim-series/sim7600e/
lilygo-other-t-radar,T-Radar,LILYGO,board,0,0,0,0,1,recorded-not-rechecked,Board datasheet not yet recorded,https://wiki.lilygo.cc/products/other/t-radar/
lilygo-other-t3-stm32,T3-STM32,LILYGO,board,0,0,0,0,1,recorded-not-rechecked,Board datasheet not yet recorded,https://wiki.lilygo.cc/products/t3-series/t3-stm32/
luckfox-other-aura,Luckfox Aura,Luckfox,board,0,0,0,0,2,missing,Board datasheet not yet recorded; Original manufacturer website not yet identified,
luckfox-other-lume,Luckfox Lume,Luckfox,board,0,0,0,0,1,missing,Board datasheet not yet recorded; Original manufacturer website not yet identified,
luckfox-other-lyra,Luckfox Lyra,Luckfox,board,0,0,0,0,1,missing,Board datasheet not yet recorded; Original manufacturer website not yet identified,
luckfox-other-lyra-pi,Luckfox Lyra Pi,Luckfox,board,0,0,0,0,1,missing,Board datasheet not yet recorded; Original manufacturer website not yet identified,
luckfox-other-lyra-plus,Luckfox Lyra Plus,Luckfox,board,0,0,0,0,1,missing,Board datasheet not yet recorded; Original manufacturer website not yet identified,
luckfox-other-lyra-ultra,Luckfox Lyra Ultra,Luckfox,board,0,0,0,0,1,missing,Board datasheet not yet recorded; Original manufacturer website not yet identified,
luckfox-other-lyra-zero-w,Luckfox Lyra Zero W,Luckfox,board,0,0,0,0,1,missing,Board datasheet not yet recorded; Original manufacturer website not yet identified,
luckfox-other-nova,Luckfox Nova,Luckfox,board,0,0,0,0,1,missing,Board datasheet not yet recorded; Original manufacturer website not yet identified,
luckfox-other-omni3576,Luckfox Omni3576,Luckfox,board,0,0,0,0,0,missing,Board datasheet not yet recorded; Original manufacturer website not yet identified; Board/device visual reference still needed,
luckfox-other-pico,Luckfox Pico,Luckfox,board,0,0,0,0,1,missing,Board datasheet not yet recorded; Original manufacturer website not yet identified,
luckfox-other-pico-86-panel,Luckfox Pico 86 Panel,Luckfox,board,0,0,0,0,0,missing,Board datasheet not yet recorded; Original manufacturer website not yet identified; Board/device visual reference still needed,
luckfox-other-pico-mini,Luckfox Pico Mini,Luckfox,board,0,0,0,0,1,missing,Board datasheet not yet recorded; Original manufacturer website not yet identified,
luckfox-other-pico-pi,Luckfox Pico Pi,Luckfox,board,0,0,0,0,2,missing,Board datasheet not yet recorded; Original manufacturer website not yet identified,
luckfox-other-pico-plus,Luckfox Pico Plus,Luckfox,board,0,0,0,0,1,missing,Board datasheet not yet recorded; Original manufacturer website not yet identified,
luckfox-other-pico-pro,Luckfox Pico Pro,Luckfox,board,0,0,0,0,1,missing,Board datasheet not yet recorded; Original manufacturer website not yet identified,
luckfox-other-pico-ultra,Luckfox Pico Ultra,Luckfox,board,0,0,0,0,1,missing,Board datasheet not yet recorded; Original manufacturer website not yet identified,
luckfox-other-pico-zero,Luckfox Pico Zero,Luckfox,board,0,0,0,0,2,missing,Board datasheet not yet recorded; Original manufacturer website not yet identified,
luckfox-other-webbee,Luckfox WebBee,Luckfox,board,0,0,0,0,0,missing,Board datasheet not yet recorded; Original manufacturer website not yet identified; Board/device visual reference still needed,
micro-bit-educational-foundation-other-micro-bit,Micro:bit,micro-bit Educational Foundation,board,0,0,0,0,1,missing,Board datasheet not yet recorded; Original manufacturer website not yet identified,
micro-bit-educational-foundation-other-micro-bit-v2,Micro:bit V2,micro-bit Educational Foundation,board,0,0,0,0,1,missing,Board datasheet not yet recorded; Original manufacturer website not yet identified,
nologo-other-arduino-nano,Arduino Nano,Nologo,board,0,0,0,0,0,recorded-not-rechecked,Board datasheet not yet recorded; Board/device visual reference still needed,https://www.nologo.tech/product/arduino/arduinoNano.html
nologo-other-arduino-nano33ble,Arduino Nano33BLE,Nologo,board,0,0,0,0,0,recorded-not-rechecked,Board datasheet not yet recorded; Board/device visual reference still needed,https://www.nologo.tech/product/arduino/arduinoNano33Ble.html
nologo-other-arduino-promicro,Arduino ProMicro,Nologo,board,0,0,0,0,1,recorded-not-rechecked,Board datasheet not yet recorded,https://www.nologo.tech/product/arduino/arduinoPromicro.html
nologo-other-arduino-promini,Arduino ProMini,Nologo,board,0,0,0,0,0,recorded-not-rechecked,Board datasheet not yet recorded; Board/device visual reference still needed,https://www.nologo.tech/product/arduino/arduinoProMini.html
nologo-other-arduino-uno,Arduino Uno,Nologo,board,0,0,0,0,0,recorded-not-rechecked,Board datasheet not yet recorded; Board/device visual reference still needed,https://www.nologo.tech/product/arduino/arduinoUno.html
nologo-other-arduino-uno-r4-minima,Arduino Uno R4 MINIMA,Nologo,board,0,0,0,0,0,recorded-not-rechecked,Board datasheet not yet recorded; Board/device visual reference still needed,https://www.nologo.tech/product/arduino/arduinoUnoR4MINIMA.html
nologo-other-arduino-uno-r4-wifi,Arduino Uno R4 WIFI,Nologo,board,0,0,0,0,1,recorded-not-rechecked,Board datasheet not yet recorded,https://www.nologo.tech/product/arduino/ArduinoUnoR4WIFI.html
nologo-other-arduino-unopro2m,Arduino UnoPro2M,Nologo,board,0,0,0,0,1,recorded-not-rechecked,Board datasheet not yet recorded,https://www.nologo.tech/product/arduino/arduinoUnoPro2M.html
nologo-other-arduino-unopro4m,Arduino UnoPro4M,Nologo,board,0,0,0,0,1,recorded-not-rechecked,Board datasheet not yet recorded,https://www.nologo.tech/product/arduino/arduinoUnoPro4M.html
nologo-other-ch32v003,CH32V003,Nologo,board,0,0,0,0,0,recorded-not-rechecked,Board datasheet not yet recorded; Board/device visual reference still needed,https://www.nologo.tech/product/otherboard/CH32V003.html
nologo-other-ch552t,CH552T,Nologo,board,0,0,0,0,0,recorded-not-rechecked,Board datasheet not yet recorded; Board/device visual reference still needed,https://www.nologo.tech/product/otherboard/CH552T.html
nologo-other-ch571f,CH571F,Nologo,board,0,0,0,0,0,recorded-not-rechecked,Board datasheet not yet recorded; Board/device visual reference still needed,https://www.nologo.tech/product/otherboard/CH571F.html
nologo-other-ch573f,CH573F,Nologo,board,0,0,0,0,0,recorded-not-rechecked,Board datasheet not yet recorded; Board/device visual reference still needed,https://www.nologo.tech/product/otherboard/CH573F.html
nologo-other-ch582f,CH582F,Nologo,board,0,0,0,0,0,recorded-not-rechecked,Board datasheet not yet recorded; Board/device visual reference still needed,https://www.nologo.tech/product/otherboard/CH582F.html
nologo-other-promicro-nrf52840-formerly-supermini,ProMicro NRF52840 (formerly SuperMini),Nologo,board,0,0,0,0,1,recorded-not-rechecked,Board datasheet not yet recorded,https://www.nologo.tech/product/otherboard/NRF52840.html
nologo-other-stm32f103c6t6,STM32F103C6T6,Nologo,board,0,0,0,0,0,recorded-not-rechecked,Board datasheet not yet recorded; Board/device visual reference still needed,https://www.nologo.tech/product/stm32/stm32f103c6t6.html
nologo-other-stm32f103c8t6,STM32F103C8T6,Nologo,board,0,0,0,0,1,recorded-not-rechecked,Board datasheet not yet recorded,https://www.nologo.tech/product/stm32/stm32f103c8t6.html
nologo-other-stm32f103c8t6-c6t60-96tft,STM32F103C8T6-C6T60.96TFT,Nologo,board,0,0,0,0,0,recorded-not-rechecked,Board datasheet not yet recorded; Board/device visual reference still needed,https://www.nologo.tech/product/stm32/STM32F103C8T6-C6T60.96TFT/
nologo-other-stm32f411ceu6,STM32F411CEU6,Nologo,board,0,0,0,0,0,recorded-not-rechecked,Board datasheet not yet recorded; Board/device visual reference still needed,https://www.nologo.tech/product/stm32/stm32f411ceu6.html
nologo-other-super-nrf52840,Super nRF52840,Nologo,board,0,0,0,0,2,recorded-not-rechecked,Board datasheet not yet recorded,https://www.nologo.tech/product/keyboard/keyboard_controll/super52840/super528401.html
nologo-other-supermini-nano328p,SuperMini Nano328P,Nologo,board,0,0,0,0,0,recorded-not-rechecked,Board datasheet not yet recorded; Board/device visual reference still needed,https://www.nologo.tech/product/arduino/superminiNano328P.html
nvidia-other-jetson-agx-orin-developer-kit,Jetson AGX Orin Developer Kit,NVIDIA,board,1,0,0,0,2,checked-model-page,,https://docs.nvidia.com/jetson/agx-orin-devkit/user-guide/hardware_layout.html
nvidia-other-jetson-agx-thor-developer-kit,Jetson AGX Thor Developer Kit,NVIDIA,board,1,0,0,0,3,checked-model-page,,https://docs.nvidia.com/jetson/agx-thor-devkit/user-guide/latest/hardware_layout.html
nvidia-other-jetson-agx-xavier-developer-kit,Jetson AGX Xavier Developer Kit,NVIDIA,board,0,1,0,0,1,checked-model-page,Board datasheet not yet recorded,https://developer.nvidia.com/embedded/downloads#?search=Jetson%20AGX%20Xavier%20Developer%20Kit%20User%20Guide
nvidia-other-jetson-nano-2gb-developer-kit,Jetson Nano 2GB Developer Kit,NVIDIA,board,0,1,0,0,1,checked-model-page,Board datasheet not yet recorded,https://developer.nvidia.com/embedded/learn/jetson-nano-2gb-devkit-user-guide
nvidia-other-jetson-nano-developer-kit,Jetson Nano Developer Kit,NVIDIA,board,0,1,0,0,1,checked-model-page,Board datasheet not yet recorded,https://developer.nvidia.com/embedded/learn/get-started-jetson-nano-devkit
nvidia-other-jetson-orin-nano-developer-kit,Jetson Orin Nano Developer Kit,NVIDIA,board,1,0,0,0,2,checked-model-page,,https://docs.nvidia.com/jetson/orin-nano-devkit/user-guide/hardware_layout.html
nvidia-other-jetson-xavier-nx-developer-kit,Jetson Xavier NX Developer Kit,NVIDIA,board,0,1,0,0,1,checked-model-page,Board datasheet not yet recorded,https://developer.nvidia.com/embedded/learn/get-started-jetson-xavier-nx-devkit
rakwireless-other-bastwan,BastWAN,RAKwireless,board,0,0,0,0,3,recorded-not-rechecked,Board datasheet not yet recorded,https://docs.rakwireless.com/product-categories/wisduo/bastwan/datasheet/
rakwireless-other-rak11720-module,RAK11720-Module,RAKwireless,board,0,0,0,0,1,recorded-not-rechecked,Board datasheet not yet recorded,https://docs.rakwireless.com/product-categories/wisduo/rak11720-module/datasheet/
rakwireless-other-rak11721-breakout-board,RAK11721-Breakout-Board,RAKwireless,board,0,0,0,0,0,recorded-not-rechecked,Board datasheet not yet recorded; Board/device visual reference still needed,https://docs.rakwireless.com/product-categories/wisduo/rak11721-breakout-board/datasheet/
rakwireless-other-rak11722,RAK11722,RAKwireless,board,1,0,0,0,2,checked-model-page,,https://docs.rakwireless.com/product-categories/wisblock/rak11722/datasheet/
rakwireless-other-rak3172-evaluation-board,RAK3172-Evaluation-Board,RAKwireless,board,0,0,0,0,1,recorded-not-rechecked,Board datasheet not yet recorded,https://docs.rakwireless.com/product-categories/wisduo/rak3172-evaluation-board/datasheet/
rakwireless-other-rak3172-module,RAK3172-Module,RAKwireless,board,0,0,0,0,1,recorded-not-rechecked,Board datasheet not yet recorded,https://docs.rakwireless.com/product-categories/wisduo/rak3172-module/datasheet/
rakwireless-other-rak3272-sip-breakout-board,RAK3272-SiP-Breakout-Board,RAKwireless,board,0,0,0,0,2,recorded-not-rechecked,Board datasheet not yet recorded,https://docs.rakwireless.com/product-categories/wisduo/rak3272-sip-breakout-board/datasheet/
rakwireless-other-rak3272s-breakout-board,RAK3272S-Breakout-Board,RAKwireless,board,0,0,0,0,1,recorded-not-rechecked,Board datasheet not yet recorded,https://docs.rakwireless.com/product-categories/wisduo/rak3272s-breakout-board/datasheet/
rakwireless-other-rak3372,RAK3372,RAKwireless,board,0,0,0,0,1,recorded-not-rechecked,Board datasheet not yet recorded,https://docs.rakwireless.com/product-categories/wisblock/rak3372/datasheet/
rakwireless-other-rak4200-breakout-board,RAK4200-Breakout-Board,RAKwireless,board,0,0,0,0,1,recorded-not-rechecked,Board datasheet not yet recorded,https://docs.rakwireless.com/product-categories/wisduo/rak4200-breakout-board/datasheet/
rakwireless-other-rak4200-evaluation-board,RAK4200-Evaluation-Board,RAKwireless,board,0,0,0,0,0,recorded-not-rechecked,Board datasheet not yet recorded; Board/device visual reference still needed,https://docs.rakwireless.com/product-categories/wisduo/rak4200-evaluation-board/datasheet/
rakwireless-other-rak4200-module,RAK4200-Module,RAKwireless,board,0,0,0,0,1,recorded-not-rechecked,Board datasheet not yet recorded,https://docs.rakwireless.com/product-categories/wisduo/rak4200-module/datasheet/
rakwireless-other-rak4260-breakout-board,RAK4260-Breakout-Board,RAKwireless,board,0,0,0,0,1,recorded-not-rechecked,Board datasheet not yet recorded,https://docs.rakwireless.com/product-categories/wisduo/rak4260-breakout-board/datasheet/
rakwireless-other-rak4260-evaluation-board,RAK4260-Evaluation-Board,RAKwireless,board,0,0,0,0,1,recorded-not-rechecked,Board datasheet not yet recorded,https://docs.rakwireless.com/product-categories/wisduo/rak4260-evaluation-board/datasheet/
rakwireless-other-rak4260-module,RAK4260-Module,RAKwireless,board,0,0,0,0,1,recorded-not-rechecked,Board datasheet not yet recorded,https://docs.rakwireless.com/product-categories/wisduo/rak4260-module/datasheet/
rakwireless-other-rak4270-breakout-board,RAK4270-Breakout-Board,RAKwireless,board,0,0,0,0,1,recorded-not-rechecked,Board datasheet not yet recorded,https://docs.rakwireless.com/product-categories/wisduo/rak4270-breakout-board/datasheet/
rakwireless-other-rak4270-module,RAK4270-Module,RAKwireless,board,0,0,0,0,1,recorded-not-rechecked,Board datasheet not yet recorded,https://docs.rakwireless.com/product-categories/wisduo/rak4270-module/datasheet/
rakwireless-other-rak4600-breakout-board,RAK4600-Breakout-Board,RAKwireless,board,0,0,0,0,1,recorded-not-rechecked,Board datasheet not yet recorded,https://docs.rakwireless.com/product-categories/wisduo/rak4600-breakout-board/datasheet/
rakwireless-other-rak4600-evaluation-board,RAK4600-Evaluation-Board,RAKwireless,board,0,0,0,0,0,recorded-not-rechecked,Board datasheet not yet recorded; Board/device visual reference still needed,https://docs.rakwireless.com/product-categories/wisduo/rak4600-evaluation-board/datasheet/
rakwireless-other-rak4600-module,RAK4600-Module,RAKwireless,board,0,0,0,0,1,recorded-not-rechecked,Board datasheet not yet recorded,https://docs.rakwireless.com/product-categories/wisduo/rak4600-module/datasheet/
rakwireless-other-rak4630-module,RAK4630-Module,RAKwireless,board,0,0,0,0,1,recorded-not-rechecked,Board datasheet not yet recorded,https://docs.rakwireless.com/product-categories/wisduo/rak4630-module/datasheet/
rakwireless-other-rak4631,RAK4631,RAKwireless,board,2,0,0,0,3,checked-model-page,,https://docs.rakwireless.com/product-categories/wisblock/rak4631/datasheet/
rakwireless-other-rak811-breakout-board,RAK811-Breakout-Board,RAKwireless,board,0,0,0,0,0,recorded-not-rechecked,Board datasheet not yet recorded; Board/device visual reference still needed,https://docs.rakwireless.com/product-categories/wisduo/rak811-breakout-board/datasheet/
rakwireless-other-rak811-breakout-board-high-rf,RAK811-Breakout-Board High RF,RAKwireless,board,0,0,0,0,1,recorded-not-rechecked,Board datasheet not yet recorded,https://docs.rakwireless.com/product-categories/wisduo/rak811-breakout-board/datasheet/
rakwireless-other-rak811-breakout-board-low-rf,RAK811-Breakout-Board Low RF,RAKwireless,board,0,0,0,0,1,recorded-not-rechecked,Board datasheet not yet recorded,https://docs.rakwireless.com/product-categories/wisduo/rak811-breakout-board/datasheet/
rakwireless-other-rak811-module,RAK811-Module,RAKwireless,board,0,0,0,0,0,recorded-not-rechecked,Board datasheet not yet recorded; Board/device visual reference still needed,https://docs.rakwireless.com/product-categories/wisduo/rak811-module/datasheet/
rakwireless-other-rak811-module-high-rf,RAK811-Module High RF,RAKwireless,board,0,0,0,0,1,recorded-not-rechecked,Board datasheet not yet recorded,https://docs.rakwireless.com/product-categories/wisduo/rak811-module/datasheet/
rakwireless-other-rak811-module-low-rf,RAK811-Module Low RF,RAKwireless,board,0,0,0,0,1,recorded-not-rechecked,Board datasheet not yet recorded,https://docs.rakwireless.com/product-categories/wisduo/rak811-module/datasheet/
rakwireless-other-rak813-module,RAK813-Module,RAKwireless,board,0,0,0,0,1,recorded-not-rechecked,Board datasheet not yet recorded,https://docs.rakwireless.com/product-categories/wisduo/rak813-module/datasheet/
rakwireless-other-wismesh-base,WisMesh Base Board RAK19026,RAKwireless,board,2,0,0,0,0,checked-model-page,Board/device visual reference still needed,https://store.rakwireless.com/products/wismesh-baseboard-rak19026
seeed-studio-other-air602-wifi-development-board,Air602 WiFi Development Board,Seeed Studio,board,0,0,0,0,3,recorded-not-rechecked,Board datasheet not yet recorded,https://wiki.seeedstudio.com/Air602_WiFi_Development_Board/
seeed-studio-other-arch-ble,Arch BLE,Seeed Studio,board,0,0,0,0,1,recorded-not-rechecked,Board datasheet not yet recorded,https://wiki.seeedstudio.com/Arch_BLE/
seeed-studio-other-arch-gprs-v2,Arch GPRS V2,Seeed Studio,board,0,0,0,0,1,recorded-not-rechecked,Board datasheet not yet recorded,https://wiki.seeedstudio.com/Arch_GPRS_V2/
seeed-studio-other-arch-link,Arch Link,Seeed Studio,board,0,0,0,0,1,recorded-not-rechecked,Board datasheet not yet recorded,https://wiki.seeedstudio.com/Arch_Link/
seeed-studio-other-arch-max,Arch Max,Seeed Studio,board,0,0,0,0,1,recorded-not-rechecked,Board datasheet not yet recorded,https://wiki.seeedstudio.com/Arch_Max/
seeed-studio-other-arch-max-v1-1,Arch Max V1.1,Seeed Studio,board,0,0,0,0,1,recorded-not-rechecked,Board datasheet not yet recorded,https://wiki.seeedstudio.com/Arch_Max_v1.1/
seeed-studio-other-arch-mix,Arch Mix,Seeed Studio,board,0,0,0,0,4,recorded-not-rechecked,Board datasheet not yet recorded,https://wiki.seeedstudio.com/Arch_Mix/
seeed-studio-other-arch-pro,Arch Pro,Seeed Studio,board,0,0,0,0,1,recorded-not-rechecked,Board datasheet not yet recorded,https://wiki.seeedstudio.com/Arch_Pro/
seeed-studio-other-arch-v1-1,Arch V1.1,Seeed Studio,board,0,0,0,0,1,recorded-not-rechecked,Board datasheet not yet recorded,https://wiki.seeedstudio.com/Arch_V1.1/
seeed-studio-other-azure-sphere-mt3620-development-kit,Azure Sphere MT3620 Development Kit,Seeed Studio,board,0,0,0,0,5,recorded-not-rechecked,Board datasheet not yet recorded,https://wiki.seeedstudio.com/MT3620_Ethernet_Shield_v1.0/
seeed-studio-other-ble-dual-bee-v1-0,BLE (Dual) Bee V1.0,Seeed Studio,board,0,0,0,0,1,recorded-not-rechecked,Board datasheet not yet recorded,https://wiki.seeedstudio.com/BLE_dual_Bee_v1.0/
seeed-studio-other-ble-bee,BLE Bee,Seeed Studio,board,0,0,0,0,1,recorded-not-rechecked,Board datasheet not yet recorded,https://wiki.seeedstudio.com/BLE_Bee/
seeed-studio-other-ble-carbon,BLE Carbon,Seeed Studio,board,0,0,0,0,2,recorded-not-rechecked,Board datasheet not yet recorded,https://wiki.seeedstudio.com/BLE_Carbon/
seeed-studio-other-ble-micro,BLE Micro,Seeed Studio,board,0,0,0,0,2,recorded-not-rechecked,Board datasheet not yet recorded,https://wiki.seeedstudio.com/BLE_Micro/
seeed-studio-other-ble-nitrogen,BLE Nitrogen,Seeed Studio,board,0,0,0,0,2,recorded-not-rechecked,Board datasheet not yet recorded,https://wiki.seeedstudio.com/BLE_Nitrogen/
seeed-studio-other-cui32stem,CUI32Stem,Seeed Studio,board,0,0,0,0,2,recorded-not-rechecked,Board datasheet not yet recorded,https://wiki.seeedstudio.com/CUI32Stem/
seeed-studio-other-gd32-risc-v-dev-board,GD32 RISC-V Dev Board,Seeed Studio,board,0,0,0,0,2,recorded-not-rechecked,Board datasheet not yet recorded,https://wiki.seeedstudio.com/SeeedStudio-GD32-RISC-V-Dev-Board/
seeed-studio-other-mt3620-mini-dev-board,MT3620 Mini Dev Board,Seeed Studio,board,0,0,0,0,2,recorded-not-rechecked,Board datasheet not yet recorded,https://wiki.seeedstudio.com/MT3620_Mini_Dev_Board/
seeed-studio-other-rephone-core-2g-atmelsamd21,RePhone Core 2G-AtmelSAMD21,Seeed Studio,board,0,0,0,0,2,recorded-not-rechecked,Board datasheet not yet recorded,https://wiki.seeedstudio.com/Rephone_core_2G-AtmelSAMD21/
seeed-studio-other-rephone-strap-kit-for-pebble,RePhone Strap Kit for Pebble,Seeed Studio,board,0,0,0,0,2,recorded-not-rechecked,Board datasheet not yet recorded,https://wiki.seeedstudio.com/RePhone_Strap_Kit_for_Pebble/
seeed-studio-other-rfbee-v1-1,RFbee V1.1,Seeed Studio,board,0,0,0,0,1,recorded-not-rechecked,Board datasheet not yet recorded,https://wiki.seeedstudio.com/RFbee_V1.1-Wireless_Arduino_compatible_node/
seeed-studio-other-seeeduino-arch,Seeeduino Arch,Seeed Studio,board,0,0,0,0,1,recorded-not-rechecked,Board datasheet not yet recorded,https://wiki.seeedstudio.com/Seeeduino_Arch/
seeed-studio-other-seeeduino-cortex-m0,Seeeduino Cortex-M0+,Seeed Studio,board,0,0,0,0,3,recorded-not-rechecked,Board datasheet not yet recorded,https://wiki.seeedstudio.com/Seeeduino-Cortex-M0/
seeed-studio-other-seeeduino-lotus-cortex-m0,Seeeduino Lotus Cortex-M0+,Seeed Studio,board,0,0,0,0,7,recorded-not-rechecked,Board datasheet not yet recorded,https://wiki.seeedstudio.com/Seeeduino_Lotus_Cortex-M0-/
seeed-studio-other-seeeduino-stalker,Seeeduino Stalker,Seeed Studio,board,0,0,0,0,1,recorded-not-rechecked,Board datasheet not yet recorded,https://wiki.seeedstudio.com/Seeeduino_Stalker/
seeed-studio-other-seeeduino-stalker-v3-1,Seeeduino Stalker V3.1,Seeed Studio,board,0,0,0,0,2,recorded-not-rechecked,Board datasheet not yet recorded,https://wiki.seeedstudio.com/Seeeduino_Stalker_V3.1/
seeed-studio-other-seeeduino-v2,Seeeduino V2,Seeed Studio,board,0,0,0,0,1,recorded-not-rechecked,Board datasheet not yet recorded,https://wiki.seeedstudio.com/Seeeduino/
seeed-studio-other-seeeduino-v2-2,Seeeduino V2.2,Seeed Studio,board,0,0,0,0,1,recorded-not-rechecked,Board datasheet not yet recorded,https://wiki.seeedstudio.com/Seeeduino_V2.2/
seeed-studio-other-seeeduino-v2-2-atmega168p,Seeeduino V2.2 (ATmega168P),Seeed Studio,board,0,0,0,0,1,recorded-not-rechecked,Board datasheet not yet recorded,https://wiki.seeedstudio.com/Seeeduino_V2.2/
seeed-studio-other-seeeduino-v2-21,Seeeduino V2.21,Seeed Studio,board,0,0,0,0,1,recorded-not-rechecked,Board datasheet not yet recorded,https://wiki.seeedstudio.com/Seeeduino_v2.21/
seeed-studio-other-seeeduino-v3-0,Seeeduino V3.0,Seeed Studio,board,0,0,0,0,4,recorded-not-rechecked,Board datasheet not yet recorded,https://wiki.seeedstudio.com/Seeeduino/
seeed-studio-other-seeeduino-v4,Seeeduino V4,Seeed Studio,board,0,0,0,0,1,recorded-not-rechecked,Board datasheet not yet recorded,https://wiki.seeedstudio.com/Seeeduino/
seeed-studio-other-seeeduino-v4-2,Seeeduino V4.2,Seeed Studio,board,0,0,0,0,2,recorded-not-rechecked,Board datasheet not yet recorded,https://wiki.seeedstudio.com/Seeeduino/
seeed-studio-other-semtech-lr2021-lora-plus-evaluation-kit,Semtech LR2021 LoRa Plus Evaluation Kit,Seeed Studio,board,0,0,0,0,2,recorded-not-rechecked,Board datasheet not yet recorded,https://wiki.seeedstudio.com/semtech_lr2021_evk_getting_started/
seeed-studio-other-tiny-ble,Tiny BLE,Seeed Studio,board,0,0,0,0,2,recorded-not-rechecked,Board datasheet not yet recorded,https://wiki.seeedstudio.com/Tiny_BLE/
seeed-studio-other-w600-module,W600 Module,Seeed Studio,board,0,0,0,0,2,recorded-not-rechecked,Board datasheet not yet recorded,https://wiki.seeedstudio.com/W600_Module/
seeed-studio-other-wio-tracker-1110-dev-board,Wio Tracker 1110 Dev Board,Seeed Studio,board,0,0,0,0,2,recorded-not-rechecked,Board datasheet not yet recorded,https://wiki.seeedstudio.com/development_tutorial_for_Wio-trakcer/
seeed-studio-other-wio-tracker-1110-dev-kit-for-meshtastic,Wio Tracker 1110 Dev Kit for Meshtastic,Seeed Studio,board,0,0,0,0,1,recorded-not-rechecked,Board datasheet not yet recorded,https://wiki.seeedstudio.com/development_tutorial_for_Wio-trakcer/
seeed-studio-other-wio-e5-development-kit,Wio-E5 Development Kit,Seeed Studio,board,0,0,0,0,2,recorded-not-rechecked,Board datasheet not yet recorded,https://wiki.seeedstudio.com/LoRa_E5_Dev_Board/
seeed-studio-other-wio-e5-mini,Wio-E5 mini,Seeed Studio,board,0,0,0,0,2,recorded-not-rechecked,Board datasheet not yet recorded,https://wiki.seeedstudio.com/LoRa_E5_mini/
seeed-studio-other-wio-e5-stm32wle5jc-module,Wio-E5 STM32WLE5JC Module,Seeed Studio,board,0,0,0,0,1,recorded-not-rechecked,Board datasheet not yet recorded,https://wiki.seeedstudio.com/LoRa-E5_STM32WLE5JC_Module/
seeed-studio-other-wio-s3-wireless-module,Wio-S3 Wireless Module,Seeed Studio,board,0,0,0,0,5,recorded-not-rechecked,Board datasheet not yet recorded,https://wiki.seeedstudio.com/wio-s3_wireless_module_introduction/
seeed-studio-other-wio-wm1110-dev-kit,Wio-WM1110 Dev Kit,Seeed Studio,board,0,0,0,0,5,recorded-not-rechecked,Board datasheet not yet recorded,https://wiki.seeedstudio.com/Wio-WM1110_Dev_Kit_Hardware_Overview/
seeed-studio-other-xiao-mg24,XIAO MG24,Seeed Studio,board,0,0,0,0,2,recorded-not-rechecked,Board datasheet not yet recorded,https://wiki.seeedstudio.com/xiao_mg24_getting_started/
seeed-studio-other-xiao-mg24-sense,XIAO MG24 Sense,Seeed Studio,board,0,0,0,0,2,recorded-not-rechecked,Board datasheet not yet recorded,https://wiki.seeedstudio.com/xiao_mg24_getting_started/
seeed-studio-other-xiao-nrf52840,XIAO nRF52840,Seeed Studio,board,0,0,0,0,3,recorded-not-rechecked,Board datasheet not yet recorded,https://wiki.seeedstudio.com/XIAO_BLE/
seeed-studio-other-xiao-nrf52840-wio-sx1262-kit,XIAO nRF52840 & Wio-SX1262 Kit,Seeed Studio,board,0,0,0,0,2,recorded-not-rechecked,Board datasheet not yet recorded,https://wiki.seeedstudio.com/xiao_nrf52840&_wio_SX1262_kit_for_meshtastic/
seeed-studio-other-xiao-nrf52840-plus,XIAO nRF52840 Plus,Seeed Studio,board,0,0,0,0,2,recorded-not-rechecked,Board datasheet not yet recorded,https://wiki.seeedstudio.com/XIAO_BLE/
seeed-studio-other-xiao-nrf52840-sense,XIAO nRF52840 Sense,Seeed Studio,board,0,0,0,0,4,recorded-not-rechecked,Board datasheet not yet recorded,https://wiki.seeedstudio.com/XIAO_BLE/
seeed-studio-other-xiao-nrf52840-sense-plus,XIAO nRF52840 Sense Plus,Seeed Studio,board,0,0,0,0,2,recorded-not-rechecked,Board datasheet not yet recorded,https://wiki.seeedstudio.com/XIAO_BLE/
seeed-studio-other-xiao-nrf54l15,XIAO nRF54L15,Seeed Studio,board,0,0,0,0,3,recorded-not-rechecked,Board datasheet not yet recorded,https://wiki.seeedstudio.com/xiao_nrf54l15_sense_getting_started/
seeed-studio-other-xiao-nrf54l15-sense,XIAO nRF54L15 Sense,Seeed Studio,board,0,0,0,0,2,recorded-not-rechecked,Board datasheet not yet recorded,https://wiki.seeedstudio.com/xiao_nrf54l15_sense_getting_started/
seeed-studio-other-xiao-nrf54lm20a,XIAO nRF54LM20A,Seeed Studio,board,0,0,0,0,2,recorded-not-rechecked,Board datasheet not yet recorded,https://wiki.seeedstudio.com/xiao_nrf54lm20a_getting_started/
seeed-studio-other-xiao-nrf54lm20a-sense,XIAO nRF54LM20A Sense,Seeed Studio,board,0,0,0,0,3,recorded-not-rechecked,Board datasheet not yet recorded,https://wiki.seeedstudio.com/xiao_nrf54lm20a_getting_started/
seeed-studio-other-xiao-ra4m1,XIAO RA4M1,Seeed Studio,board,0,0,0,0,2,recorded-not-rechecked,Board datasheet not yet recorded,https://wiki.seeedstudio.com/getting_started_xiao_ra4m1/
seeed-studio-other-xiao-samd21,XIAO SAMD21,Seeed Studio,board,0,0,0,0,4,recorded-not-rechecked,Board datasheet not yet recorded,https://wiki.seeedstudio.com/Seeeduino-XIAO/
seeed-studio-other-xiao-samd21-plus,XIAO SAMD21 Plus,Seeed Studio,board,0,0,0,0,2,recorded-not-rechecked,Board datasheet not yet recorded,https://wiki.seeedstudio.com/Seeeduino-XIAO/
sipeed-other-maix-bit-aiot-developer-kit,Maix Bit AIoT Developer Kit,Sipeed,board,0,0,0,0,0,missing,Board datasheet not yet recorded; Original manufacturer website not yet identified; Board/device visual reference still needed,
sipeed-other-maix-go-aiot-developer-kit,Maix Go AIoT Developer Kit,Sipeed,board,0,0,0,0,0,missing,Board datasheet not yet recorded; Original manufacturer website not yet identified; Board/device visual reference still needed,
sparkfun-other-arduino-pro-mini-328-3-3v-8mhz,Arduino Pro Mini 328 - 3.3V 8MHz,SparkFun,board,0,0,0,0,1,recorded-not-rechecked,Board datasheet not yet recorded,https://github.com/sparkfun/Arduino_Pro_Mini_328
sparkfun-other-arduino-pro-mini-328-5v-16mhz,Arduino Pro Mini 328 - 5V 16MHz,SparkFun,board,0,0,0,0,1,recorded-not-rechecked,Board datasheet not yet recorded,https://github.com/sparkfun/Arduino_Pro_Mini_328
stmicroelectronics-other-nucleo-f030r8,NUCLEO-F030R8,STMicroelectronics,board,0,0,0,0,0,missing,Board datasheet not yet recorded; Original manufacturer website not yet identified; Board/device visual reference still needed,
stmicroelectronics-other-nucleo-f031k6,NUCLEO-F031K6,STMicroelectronics,board,0,0,0,0,0,missing,Board datasheet not yet recorded; Original manufacturer website not yet identified; Board/device visual reference still needed,
stmicroelectronics-other-nucleo-f042k6,NUCLEO-F042K6,STMicroelectronics,board,0,0,0,0,0,missing,Board datasheet not yet recorded; Original manufacturer website not yet identified; Board/device visual reference still needed,
stmicroelectronics-other-nucleo-f070rb,NUCLEO-F070RB,STMicroelectronics,board,0,0,0,0,0,missing,Board datasheet not yet recorded; Original manufacturer website not yet identified; Board/device visual reference still needed,
stmicroelectronics-other-nucleo-f072rb,NUCLEO-F072RB,STMicroelectronics,board,0,0,0,0,0,missing,Board datasheet not yet recorded; Original manufacturer website not yet identified; Board/device visual reference still needed,
stmicroelectronics-other-nucleo-f091rc,NUCLEO-F091RC,STMicroelectronics,board,0,0,0,0,0,missing,Board datasheet not yet recorded; Original manufacturer website not yet identified; Board/device visual reference still needed,
stmicroelectronics-other-nucleo-f103rb,NUCLEO-F103RB,STMicroelectronics,board,0,0,0,0,0,missing,Board datasheet not yet recorded; Original manufacturer website not yet identified; Board/device visual reference still needed,
stmicroelectronics-other-nucleo-f207zg,NUCLEO-F207ZG,STMicroelectronics,board,0,0,0,0,0,missing,Board datasheet not yet recorded; Original manufacturer website not yet identified; Board/device visual reference still needed,
stmicroelectronics-other-nucleo-f302r8,NUCLEO-F302R8,STMicroelectronics,board,0,0,0,0,0,missing,Board datasheet not yet recorded; Original manufacturer website not yet identified; Board/device visual reference still needed,
stmicroelectronics-other-nucleo-f303k8,NUCLEO-F303K8,STMicroelectronics,board,0,0,0,0,0,missing,Board datasheet not yet recorded; Original manufacturer website not yet identified; Board/device visual reference still needed,
stmicroelectronics-other-nucleo-f303re,NUCLEO-F303RE,STMicroelectronics,board,0,0,0,0,0,missing,Board datasheet not yet recorded; Original manufacturer website not yet identified; Board/device visual reference still needed,
stmicroelectronics-other-nucleo-f303ze,NUCLEO-F303ZE,STMicroelectronics,board,0,0,0,0,0,missing,Board datasheet not yet recorded; Original manufacturer website not yet identified; Board/device visual reference still needed,
stmicroelectronics-other-nucleo-f334r8,NUCLEO-F334R8,STMicroelectronics,board,0,0,0,0,0,missing,Board datasheet not yet recorded; Original manufacturer website not yet identified; Board/device visual reference still needed,
stmicroelectronics-other-nucleo-f401re,NUCLEO-F401RE,STMicroelectronics,board,0,0,0,0,0,missing,Board datasheet not yet recorded; Original manufacturer website not yet identified; Board/device visual reference still needed,
stmicroelectronics-other-nucleo-f410rb,NUCLEO-F410RB,STMicroelectronics,board,0,0,0,0,0,missing,Board datasheet not yet recorded; Original manufacturer website not yet identified; Board/device visual reference still needed,
stmicroelectronics-other-nucleo-f411re,NUCLEO-F411RE,STMicroelectronics,board,0,0,0,0,0,missing,Board datasheet not yet recorded; Original manufacturer website not yet identified; Board/device visual reference still needed,
stmicroelectronics-other-nucleo-f429zi,NUCLEO-F429ZI,STMicroelectronics,board,0,0,0,0,0,missing,Board datasheet not yet recorded; Original manufacturer website not yet identified; Board/device visual reference still needed,
stmicroelectronics-other-nucleo-f446re,NUCLEO-F446RE,STMicroelectronics,board,0,0,0,0,0,missing,Board datasheet not yet recorded; Original manufacturer website not yet identified; Board/device visual reference still needed,
stmicroelectronics-other-nucleo-f446ze,NUCLEO-F446ZE,STMicroelectronics,board,0,0,0,0,0,missing,Board datasheet not yet recorded; Original manufacturer website not yet identified; Board/device visual reference still needed,
stmicroelectronics-other-nucleo-f746zg,NUCLEO-F746ZG,STMicroelectronics,board,0,0,0,0,0,missing,Board datasheet not yet recorded; Original manufacturer website not yet identified; Board/device visual reference still needed,
stmicroelectronics-other-nucleo-f767zi,NUCLEO-F767ZI,STMicroelectronics,board,0,0,0,0,0,missing,Board datasheet not yet recorded; Original manufacturer website not yet identified; Board/device visual reference still needed,
stmicroelectronics-other-nucleo-l053r8,NUCLEO-L053R8,STMicroelectronics,board,0,0,0,0,0,missing,Board datasheet not yet recorded; Original manufacturer website not yet identified; Board/device visual reference still needed,
stmicroelectronics-other-nucleo-l073rz,NUCLEO-L073RZ,STMicroelectronics,board,0,0,0,0,0,missing,Board datasheet not yet recorded; Original manufacturer website not yet identified; Board/device visual reference still needed,
stmicroelectronics-other-nucleo-l152re,NUCLEO-L152RE,STMicroelectronics,board,0,0,0,0,0,missing,Board datasheet not yet recorded; Original manufacturer website not yet identified; Board/device visual reference still needed,
stmicroelectronics-other-nucleo-l476rg,NUCLEO-L476RG,STMicroelectronics,board,0,0,0,0,0,missing,Board datasheet not yet recorded; Original manufacturer website not yet identified; Board/device visual reference still needed,
stmicroelectronics-other-stm32f072b-disco,STM32F072B-DISCO,STMicroelectronics,board,0,0,0,0,0,missing,Board datasheet not yet recorded; Original manufacturer website not yet identified; Board/device visual reference still needed,
stmicroelectronics-other-stm32f0discovery,STM32F0DISCOVERY,STMicroelectronics,board,0,0,0,0,0,missing,Board datasheet not yet recorded; Original manufacturer website not yet identified; Board/device visual reference still needed,
stmicroelectronics-other-stm32f3discovery,STM32F3DISCOVERY,STMicroelectronics,board,0,0,0,0,0,missing,Board datasheet not yet recorded; Original manufacturer website not yet identified; Board/device visual reference still needed,
stmicroelectronics-other-stm32f401c-disco,STM32F401C-DISCO,STMicroelectronics,board,0,0,0,0,0,missing,Board datasheet not yet recorded; Original manufacturer website not yet identified; Board/device visual reference still needed,
stmicroelectronics-other-stm32f411e-disco,STM32F411E-DISCO,STMicroelectronics,board,0,0,0,0,0,missing,Board datasheet not yet recorded; Original manufacturer website not yet identified; Board/device visual reference still needed,
stmicroelectronics-other-stm32f429i-disco,STM32F429I-DISCO,STMicroelectronics,board,0,0,0,0,0,missing,Board datasheet not yet recorded; Original manufacturer website not yet identified; Board/device visual reference still needed,
stmicroelectronics-other-stm32f469i-disco,STM32F469I-DISCO,STMicroelectronics,board,0,0,0,0,0,missing,Board datasheet not yet recorded; Original manufacturer website not yet identified; Board/device visual reference still needed,
stmicroelectronics-other-stm32f4discovery,STM32F4DISCOVERY,STMicroelectronics,board,0,0,0,0,0,missing,Board datasheet not yet recorded; Original manufacturer website not yet identified; Board/device visual reference still needed,
stmicroelectronics-other-stm32f746g-disco,STM32F746G-DISCO,STMicroelectronics,board,0,0,0,0,0,missing,Board datasheet not yet recorded; Original manufacturer website not yet identified; Board/device visual reference still needed,
stmicroelectronics-other-stm32l-discovery,STM32L-DISCOVERY,STMicroelectronics,board,0,0,0,0,0,missing,Board datasheet not yet recorded; Original manufacturer website not yet identified; Board/device visual reference still needed,
stmicroelectronics-other-stm32l152c-disco,STM32L152C-DISCO,STMicroelectronics,board,0,0,0,0,0,missing,Board datasheet not yet recorded; Original manufacturer website not yet identified; Board/device visual reference still needed,
stmicroelectronics-other-stm32l476g-disco,STM32L476G-DISCO,STMicroelectronics,board,0,0,0,0,0,missing,Board datasheet not yet recorded; Original manufacturer website not yet identified; Board/device visual reference still needed,
stmicroelectronics-other-stm32vldiscovery,STM32VLDISCOVERY,STMicroelectronics,board,0,0,0,0,0,missing,Board datasheet not yet recorded; Original manufacturer website not yet identified; Board/device visual reference still needed,
stmicroelectronics-other-stm8a-discovery,STM8A-DISCOVERY,STMicroelectronics,board,0,0,0,0,0,missing,Board datasheet not yet recorded; Original manufacturer website not yet identified; Board/device visual reference still needed,
stmicroelectronics-other-stm8l-discovery,STM8L-DISCOVERY,STMicroelectronics,board,0,0,0,0,0,missing,Board datasheet not yet recorded; Original manufacturer website not yet identified; Board/device visual reference still needed,
stmicroelectronics-other-stm8s-discovery,STM8S-DISCOVERY,STMicroelectronics,board,0,0,0,0,0,missing,Board datasheet not yet recorded; Original manufacturer website not yet identified; Board/device visual reference still needed,
stmicroelectronics-other-stm8svldiscovery,STM8SVLDISCOVERY,STMicroelectronics,board,0,0,0,0,0,missing,Board datasheet not yet recorded; Original manufacturer website not yet identified; Board/device visual reference still needed,
waveshare-other-core103r,Core103R,Waveshare,board,0,0,0,0,0,recorded-not-rechecked,Board datasheet not yet recorded; Board/device visual reference still needed,https://www.waveshare.com/wiki/Core103R
waveshare-other-core103v,Core103V,Waveshare,board,0,0,0,0,0,recorded-not-rechecked,Board datasheet not yet recorded; Board/device visual reference still needed,https://www.waveshare.com/wiki/Core103V
waveshare-other-core103z,Core103Z,Waveshare,board,0,0,0,0,0,recorded-not-rechecked,Board datasheet not yet recorded; Board/device visual reference still needed,https://www.waveshare.com/wiki/Core103Z
waveshare-other-core107v,Core107V,Waveshare,board,0,0,0,0,0,recorded-not-rechecked,Board datasheet not yet recorded; Board/device visual reference still needed,https://www.waveshare.com/wiki/Core107V
waveshare-other-core1106,Core1106,Waveshare,board,0,0,0,0,0,recorded-not-rechecked,Board datasheet not yet recorded; Board/device visual reference still needed,https://www.waveshare.com/core1106.htm
waveshare-other-core205r,Core205R,Waveshare,board,0,0,0,0,0,recorded-not-rechecked,Board datasheet not yet recorded; Board/device visual reference still needed,https://www.waveshare.com/wiki/Core205R
waveshare-other-core2530,Core2530,Waveshare,board,0,0,0,0,0,recorded-not-rechecked,Board datasheet not yet recorded; Board/device visual reference still needed,https://www.waveshare.com/wiki/Core2530
waveshare-other-core2530-b,Core2530 (B),Waveshare,board,0,0,0,0,0,recorded-not-rechecked,Board datasheet not yet recorded; Board/device visual reference still needed,https://www.waveshare.com/wiki/Core2530_(B)
waveshare-other-core3506,Core3506,Waveshare,board,0,0,0,0,0,recorded-not-rechecked,Board datasheet not yet recorded; Board/device visual reference still needed,https://www.waveshare.com/core3506.htm
waveshare-other-core3566,Core3566,Waveshare,board,0,0,0,0,0,recorded-not-rechecked,Board datasheet not yet recorded; Board/device visual reference still needed,https://www.waveshare.com/core3566.htm
waveshare-other-core3566-kit,Core3566-kit,Waveshare,board,0,0,0,0,0,recorded-not-rechecked,Board datasheet not yet recorded; Board/device visual reference still needed,https://www.waveshare.com/core3566-kit.htm
waveshare-other-core3576,Core3576,Waveshare,board,0,0,0,0,0,recorded-not-rechecked,Board datasheet not yet recorded; Board/device visual reference still needed,https://www.waveshare.com/core3576-module.htm
waveshare-other-core3s250e,Core3S250E,Waveshare,board,0,0,0,0,0,recorded-not-rechecked,Board datasheet not yet recorded; Board/device visual reference still needed,https://www.waveshare.com/wiki/Core3S250E
waveshare-other-core3s500e,Core3S500E,Waveshare,board,0,0,0,0,0,recorded-not-rechecked,Board datasheet not yet recorded; Board/device visual reference still needed,https://www.waveshare.com/wiki/Core3S500E
waveshare-other-core405r,Core405R,Waveshare,board,0,0,0,0,0,recorded-not-rechecked,Board datasheet not yet recorded; Board/device visual reference still needed,https://www.waveshare.com/wiki/Core405R
waveshare-other-core407i,Core407I,Waveshare,board,0,0,0,0,0,recorded-not-rechecked,Board datasheet not yet recorded; Board/device visual reference still needed,https://www.waveshare.com/wiki/Core407I
waveshare-other-core407v,Core407V,Waveshare,board,0,0,0,0,0,recorded-not-rechecked,Board datasheet not yet recorded; Board/device visual reference still needed,https://www.waveshare.com/wiki/Core407V
waveshare-other-core407z,Core407Z,Waveshare,board,0,0,0,0,0,recorded-not-rechecked,Board datasheet not yet recorded; Board/device visual reference still needed,https://www.waveshare.com/wiki/Core407Z
waveshare-other-core429i,Core429I,Waveshare,board,0,0,0,0,0,recorded-not-rechecked,Board datasheet not yet recorded; Board/device visual reference still needed,https://www.waveshare.com/wiki/Core429I
waveshare-other-core4337,Core4337,Waveshare,board,0,0,0,0,0,recorded-not-rechecked,Board datasheet not yet recorded; Board/device visual reference still needed,https://www.waveshare.com/wiki/Core4337
waveshare-other-core4357,Core4357,Waveshare,board,0,0,0,0,0,recorded-not-rechecked,Board datasheet not yet recorded; Board/device visual reference still needed,https://www.waveshare.com/wiki/Core4357
waveshare-other-core51822,Core51822,Waveshare,board,0,0,0,0,1,recorded-not-rechecked,Board datasheet not yet recorded,https://www.waveshare.com/core51822.htm
waveshare-other-core51822-b,Core51822 (B),Waveshare,board,0,0,0,0,1,recorded-not-rechecked,Board datasheet not yet recorded,https://www.waveshare.com/core51822-b.htm
waveshare-other-core52840,Core52840,Waveshare,board,0,0,0,0,1,recorded-not-rechecked,Board datasheet not yet recorded,https://www.waveshare.com/core52840.htm
waveshare-other-core746i,Core746I,Waveshare,board,0,0,0,0,0,recorded-not-rechecked,Board datasheet not yet recorded; Board/device visual reference still needed,https://www.waveshare.com/wiki/Core746I
waveshare-other-coreep4ce10,CoreEP4CE10,Waveshare,board,0,0,0,0,0,recorded-not-rechecked,Board datasheet not yet recorded; Board/device visual reference still needed,https://www.waveshare.com/wiki/CoreEP4CE10
waveshare-other-coreep4ce6,CoreEP4CE6,Waveshare,board,0,0,0,0,0,recorded-not-rechecked,Board datasheet not yet recorded; Board/device visual reference still needed,https://www.waveshare.com/wiki/CoreEP4CE6
waveshare-other-evk407i,EVK407I,Waveshare,board,0,0,0,0,0,recorded-not-rechecked,Board datasheet not yet recorded; Board/device visual reference still needed,https://www.waveshare.com/wiki/EVK407I
waveshare-other-ex-stm8-q48a-105,EX-STM8-Q48A-105,Waveshare,board,0,0,0,0,0,recorded-not-rechecked,Board datasheet not yet recorded; Board/device visual reference still needed,https://www.waveshare.com/ex-stm8-q48a-105-standard.htm
waveshare-other-ex-stm8-q64a-207,EX-STM8-Q64A-207,Waveshare,board,0,0,0,0,0,recorded-not-rechecked,Board datasheet not yet recorded; Board/device visual reference still needed,https://www.waveshare.com/ex-stm8-q64a-207-premium.htm
waveshare-other-jetson-nano-mini,JETSON NANO MINI,Waveshare,board,0,0,0,0,0,recorded-not-rechecked,Board datasheet not yet recorded; Board/device visual reference still needed,https://www.waveshare.com/wiki/JETSON_NANO_MINI
waveshare-other-jetson-nano-dev-kit,JETSON-NANO-DEV-KIT,Waveshare,board,0,0,0,0,0,recorded-not-rechecked,Board datasheet not yet recorded; Board/device visual reference still needed,https://www.waveshare.com/wiki/JETSON-NANO-DEV-KIT
waveshare-other-jetson-nano-dev-kit-a,JETSON-NANO-DEV-KIT-A,Waveshare,board,0,0,0,0,0,recorded-not-rechecked,Board datasheet not yet recorded; Board/device visual reference still needed,https://www.waveshare.com/wiki/JETSON-NANO-DEV-KIT-A
waveshare-other-jetson-nano-lite-dev-kit,JETSON-NANO-LITE-DEV-KIT,Waveshare,board,0,0,0,0,0,recorded-not-rechecked,Board datasheet not yet recorded; Board/device visual reference still needed,https://www.waveshare.com/wiki/JETSON-NANO-LITE-DEV-KIT
waveshare-other-jetson-orin-nx-16g-dev-kit,JETSON-ORIN-NX-16G-DEV-KIT,Waveshare,board,0,0,0,0,0,recorded-not-rechecked,Board datasheet not yet recorded; Board/device visual reference still needed,https://www.waveshare.com/wiki/JETSON-ORIN-NX-16G-DEV-KIT
waveshare-other-jetson-tx2-nx-dev-kit,JETSON-TX2-NX-DEV-KIT,Waveshare,board,0,0,0,0,0,recorded-not-rechecked,Board datasheet not yet recorded; Board/device visual reference still needed,https://www.waveshare.com/wiki/JETSON-TX2-NX-DEV-KIT
waveshare-other-jetson-xavier-nx-dev-kit,JETSON-XAVIER-NX-DEV-KIT,Waveshare,board,0,0,0,0,0,recorded-not-rechecked,Board datasheet not yet recorded; Board/device visual reference still needed,https://www.waveshare.com/wiki/JETSON-XAVIER-NX-DEV-KIT
waveshare-other-nrf51822-eval-kit,NRF51822 Eval Kit,Waveshare,board,0,0,0,0,0,recorded-not-rechecked,Board datasheet not yet recorded; Board/device visual reference still needed,https://www.waveshare.com/wiki/NRF51822_Eval_Kit
waveshare-other-nrf52840-eval-kit,NRF52840 Eval Kit,Waveshare,board,0,0,0,0,0,recorded-not-rechecked,Board datasheet not yet recorded; Board/device visual reference still needed,https://www.waveshare.com/wiki/NRF52840_Eval_Kit
waveshare-other-open051c,Open051C,Waveshare,board,0,0,0,0,0,recorded-not-rechecked,Board datasheet not yet recorded; Board/device visual reference still needed,https://www.waveshare.com/wiki/Open051C
waveshare-other-open103c,Open103C,Waveshare,board,0,0,0,0,0,recorded-not-rechecked,Board datasheet not yet recorded; Board/device visual reference still needed,https://www.waveshare.com/wiki/Open103C
waveshare-other-open103r,Open103R,Waveshare,board,0,0,0,0,0,recorded-not-rechecked,Board datasheet not yet recorded; Board/device visual reference still needed,https://www.waveshare.com/wiki/Open103R
waveshare-other-open103v,Open103V,Waveshare,board,0,0,0,0,0,recorded-not-rechecked,Board datasheet not yet recorded; Board/device visual reference still needed,https://www.waveshare.com/wiki/Open103V
waveshare-other-open103z,Open103Z,Waveshare,board,0,0,0,0,0,recorded-not-rechecked,Board datasheet not yet recorded; Board/device visual reference still needed,https://www.waveshare.com/wiki/Open103Z
waveshare-other-open107v,Open107V,Waveshare,board,0,0,0,0,0,recorded-not-rechecked,Board datasheet not yet recorded; Board/device visual reference still needed,https://www.waveshare.com/wiki/Open107V
waveshare-other-open1114,Open1114,Waveshare,board,0,0,0,0,0,recorded-not-rechecked,Board datasheet not yet recorded; Board/device visual reference still needed,https://www.waveshare.com/wiki/Open1114
waveshare-other-open1343,Open1343,Waveshare,board,0,0,0,0,0,recorded-not-rechecked,Board datasheet not yet recorded; Board/device visual reference still needed,https://www.waveshare.com/wiki/Open1343
waveshare-other-open16f877a,Open16F877A,Waveshare,board,0,0,0,0,0,recorded-not-rechecked,Board datasheet not yet recorded; Board/device visual reference still needed,https://www.waveshare.com/wiki/Open16F877A
waveshare-other-open1768,Open1768,Waveshare,board,0,0,0,0,0,recorded-not-rechecked,Board datasheet not yet recorded; Board/device visual reference still needed,https://www.waveshare.com/wiki/Open1768
waveshare-other-open1788,Open1788,Waveshare,board,0,0,0,0,0,recorded-not-rechecked,Board datasheet not yet recorded; Board/device visual reference still needed,https://www.waveshare.com/wiki/Open1788
waveshare-other-open18f4520,Open18F4520,Waveshare,board,0,0,0,0,0,recorded-not-rechecked,Board datasheet not yet recorded; Board/device visual reference still needed,https://www.waveshare.com/wiki/Open18F4520
waveshare-other-open205r-c,Open205R-C,Waveshare,board,0,0,0,0,0,recorded-not-rechecked,Board datasheet not yet recorded; Board/device visual reference still needed,https://www.waveshare.com/wiki/Open205R-C
waveshare-other-open32f0-d,Open32F0-D,Waveshare,board,0,0,0,0,0,recorded-not-rechecked,Board datasheet not yet recorded; Board/device visual reference still needed,https://www.waveshare.com/wiki/Open32F0-D
waveshare-other-open32f3-d,Open32F3-D,Waveshare,board,0,0,0,0,0,recorded-not-rechecked,Board datasheet not yet recorded; Board/device visual reference still needed,https://www.waveshare.com/wiki/Open32F3-D
waveshare-other-open32l-d,Open32L-D,Waveshare,board,0,0,0,0,0,recorded-not-rechecked,Board datasheet not yet recorded; Board/device visual reference still needed,https://www.waveshare.com/wiki/Open32L-D
waveshare-other-open3s500e,Open3S500E,Waveshare,board,0,0,0,0,0,recorded-not-rechecked,Board datasheet not yet recorded; Board/device visual reference still needed,https://www.waveshare.com/wiki/Open3S500E
waveshare-other-open405r-c,Open405R-C,Waveshare,board,0,0,0,0,0,recorded-not-rechecked,Board datasheet not yet recorded; Board/device visual reference still needed,https://www.waveshare.com/wiki/Open405R-C
waveshare-other-open407i-c,Open407I-C,Waveshare,board,0,0,0,0,0,recorded-not-rechecked,Board datasheet not yet recorded; Board/device visual reference still needed,https://www.waveshare.com/wiki/Open407I-C
waveshare-other-open407v-c,Open407V-C,Waveshare,board,0,0,0,0,0,recorded-not-rechecked,Board datasheet not yet recorded; Board/device visual reference still needed,https://www.waveshare.com/wiki/Open407V-C
waveshare-other-open407v-d,Open407V-D,Waveshare,board,0,0,0,0,0,recorded-not-rechecked,Board datasheet not yet recorded; Board/device visual reference still needed,https://www.waveshare.com/wiki/Open407V-D
waveshare-other-open407z-c,Open407Z-C,Waveshare,board,0,0,0,0,0,recorded-not-rechecked,Board datasheet not yet recorded; Board/device visual reference still needed,https://www.waveshare.com/wiki/Open407Z-C
waveshare-other-open429i-c,Open429I-C,Waveshare,board,0,0,0,0,0,recorded-not-rechecked,Board datasheet not yet recorded; Board/device visual reference still needed,https://www.waveshare.com/wiki/Open429I-C
waveshare-other-open429z-d,Open429Z-D,Waveshare,board,0,0,0,0,0,recorded-not-rechecked,Board datasheet not yet recorded; Board/device visual reference still needed,https://www.waveshare.com/wiki/Open429Z-D
waveshare-other-open746i-c,Open746I-C,Waveshare,board,0,0,0,0,0,recorded-not-rechecked,Board datasheet not yet recorded; Board/device visual reference still needed,https://www.waveshare.com/wiki/Open746I-C
waveshare-other-openep4ce10-c,OpenEP4CE10-C,Waveshare,board,0,0,0,0,0,recorded-not-rechecked,Board datasheet not yet recorded; Board/device visual reference still needed,https://www.waveshare.com/wiki/OpenEP4CE10-C
waveshare-other-openep4ce6-c,OpenEP4CE6-C,Waveshare,board,0,0,0,0,0,recorded-not-rechecked,Board datasheet not yet recorded; Board/device visual reference still needed,https://www.waveshare.com/wiki/OpenEP4CE6-C
waveshare-other-openepm1270,OpenEPM1270,Waveshare,board,0,0,0,0,0,recorded-not-rechecked,Board datasheet not yet recorded; Board/device visual reference still needed,https://www.waveshare.com/wiki/OpenEPM1270
waveshare-other-openm128,OpenM128,Waveshare,board,0,0,0,0,0,recorded-not-rechecked,Board datasheet not yet recorded; Board/device visual reference still needed,https://www.waveshare.com/wiki/OpenM128
waveshare-other-port103z,Port103Z,Waveshare,board,0,0,0,0,0,recorded-not-rechecked,Board datasheet not yet recorded; Board/device visual reference still needed,https://www.waveshare.com/wiki/Port103Z
waveshare-other-port407z,Port407Z,Waveshare,board,0,0,0,0,0,recorded-not-rechecked,Board datasheet not yet recorded; Board/device visual reference still needed,https://www.waveshare.com/wiki/Port407Z
waveshare-other-r3-plus,R3 PLUS,Waveshare,board,0,0,0,0,1,recorded-not-rechecked,Board datasheet not yet recorded,https://www.waveshare.com/wiki/R3_PLUS
waveshare-other-uno-plus,UNO PLUS,Waveshare,board,0,0,0,0,0,recorded-not-rechecked,Board datasheet not yet recorded; Board/device visual reference still needed,https://www.waveshare.com/wiki/UNO_PLUS
waveshare-other-xcore407i,XCore407I,Waveshare,board,0,0,0,0,0,recorded-not-rechecked,Board datasheet not yet recorded; Board/device visual reference still needed,https://www.waveshare.com/wiki/XCore407I
waveshare-other-xnucleo-f030r8,XNUCLEO-F030R8,Waveshare,board,0,1,0,0,1,recorded-not-rechecked,Board datasheet not yet recorded,https://www.waveshare.com/wiki/XNUCLEO-F030R8
waveshare-other-xnucleo-f103rb,XNUCLEO-F103RB,Waveshare,board,0,1,0,0,1,recorded-not-rechecked,Board datasheet not yet recorded,https://www.waveshare.com/wiki/XNUCLEO-F103RB
waveshare-other-xnucleo-f302r8,XNUCLEO-F302R8,Waveshare,board,0,0,0,0,0,recorded-not-rechecked,Board datasheet not yet recorded; Board/device visual reference still needed,https://www.waveshare.com/wiki/XNUCLEO-F302R8
waveshare-other-xnucleo-f401re,XNUCLEO-F401RE,Waveshare,board,0,1,0,0,1,recorded-not-rechecked,Board datasheet not yet recorded,https://www.waveshare.com/wiki/XNUCLEO-F401RE
waveshare-other-xnucleo-f411re,XNUCLEO-F411RE,Waveshare,board,0,1,0,0,1,recorded-not-rechecked,Board datasheet not yet recorded,https://www.waveshare.com/wiki/XNUCLEO-F411RE
weact-studio-other-at32f405-48pin-core-board,AT32F405 48Pin Core Board,WeAct Studio,board,0,0,0,0,1,recorded-not-rechecked,Board datasheet not yet recorded,https://github.com/WeActStudio/WeActStudio.AT32F405_48Pin_CoreBoard
weact-studio-other-atmega328p-core-board,ATMEGA328P Core Board,WeAct Studio,board,0,0,0,0,2,recorded-not-rechecked,Board datasheet not yet recorded,https://github.com/WeActStudio/WeActStudio.ATMEGA328P_CoreBoard
weact-studio-other-ch32v003-core-board,CH32V003 Core Board,WeAct Studio,board,0,0,0,0,1,recorded-not-rechecked,Board datasheet not yet recorded,https://github.com/WeActStudio/WeActStudio.CH32V003CoreBoard
weact-studio-other-ch32v00x-core-board,CH32V00x Core Board,WeAct Studio,board,0,0,0,0,1,recorded-not-rechecked,Board datasheet not yet recorded,https://github.com/WeActStudio/WeActStudio.CH32V00xCoreBoard
weact-studio-other-ch32x035-core-board,CH32X035 Core Board,WeAct Studio,board,0,0,0,0,1,recorded-not-rechecked,Board datasheet not yet recorded,https://github.com/WeActStudio/WeActStudio.CH32X035CoreBoard
weact-studio-other-ch552-core-board,CH552 Core Board,WeAct Studio,board,0,0,0,0,1,recorded-not-rechecked,Board datasheet not yet recorded,https://github.com/WeActStudio/WeActStudio.CH552CoreBoard
weact-studio-other-ministm32f4x1-v2-0,MiniSTM32F4x1 (v2.0+),WeAct Studio,board,0,0,0,0,3,recorded-not-rechecked,Board datasheet not yet recorded,https://github.com/WeActStudio/WeActStudio.MiniSTM32F4x1
weact-studio-other-ministm32h723,MiniSTM32H723,WeAct Studio,board,0,0,0,0,1,recorded-not-rechecked,Board datasheet not yet recorded,https://github.com/WeActStudio/WeActStudio.MiniSTM32H723
weact-studio-other-ministm32h7b0,MiniSTM32H7B0,WeAct Studio,board,0,0,0,0,0,recorded-not-rechecked,Board datasheet not yet recorded; Board/device visual reference still needed,https://github.com/WeActStudio/WeActStudio.MiniSTM32H7B0
weact-studio-other-ministm32h7xx,MiniSTM32H7xx,WeAct Studio,board,0,0,0,0,0,recorded-not-rechecked,Board datasheet not yet recorded; Board/device visual reference still needed,https://github.com/WeActStudio/MiniSTM32H7xx
weact-studio-other-mspm0g3507-core-board,MSPM0G3507 Core Board,WeAct Studio,board,0,0,0,0,1,recorded-not-rechecked,Board datasheet not yet recorded,https://github.com/WeActStudio/WeActStudio.MSPM0G3507CoreBoard
weact-studio-other-ra4m1-64pin-core-board,RA4M1 64Pin Core Board,WeAct Studio,board,0,0,0,0,1,recorded-not-rechecked,Board datasheet not yet recorded,https://github.com/WeActStudio/WeActStudio.RA4M1_64Pin_CoreBoard
weact-studio-other-stm32c5-100pin-core-board,STM32C5 100Pin Core Board,WeAct Studio,board,0,0,0,0,1,recorded-not-rechecked,Board datasheet not yet recorded,https://github.com/WeActStudio/WeActStudio.STM32C5_100Pin_CoreBoard
weact-studio-other-stm32c5-48pin-core-board,STM32C5 48Pin Core Board,WeAct Studio,board,0,0,0,0,1,recorded-not-rechecked,Board datasheet not yet recorded,https://github.com/WeActStudio/WeActStudio.STM32C5_48Pin_CoreBoard
weact-studio-other-stm32f4-64pin-core-board,STM32F4 64Pin Core Board,WeAct Studio,board,0,0,0,0,2,recorded-not-rechecked,Board datasheet not yet recorded,https://github.com/WeActStudio/WeActStudio.STM32F4_64Pin_CoreBoard
weact-studio-other-stm32f401ccu6-black-pill,STM32F401CCU6 Black Pill,WeAct Studio,board,0,0,0,0,1,missing,Board datasheet not yet recorded; Original manufacturer website not yet identified,
weact-studio-other-stm32f411ceu6-black-pill,STM32F411CEU6 Black Pill,WeAct Studio,board,0,0,0,0,1,missing,Board datasheet not yet recorded; Original manufacturer website not yet identified,
weact-studio-other-stm32g0b1-core-board,STM32G0B1 Core Board,WeAct Studio,board,0,0,0,0,1,recorded-not-rechecked,Board datasheet not yet recorded,https://github.com/WeActStudio/WeActStudio.STM32G0B1CoreBoard
weact-studio-other-stm32g0xxc0xx-core-board,STM32G0xxC0xx Core Board,WeAct Studio,board,0,0,0,0,1,recorded-not-rechecked,Board datasheet not yet recorded,https://github.com/WeActStudio/WeActStudio.STM32G0xxC0xxCoreBoard
weact-studio-other-stm32g4-100pin-core-board,STM32G4 100Pin Core Board,WeAct Studio,board,0,0,0,0,1,recorded-not-rechecked,Board datasheet not yet recorded,https://github.com/WeActStudio/WeActStudio.STM32G4_100Pin_CoreBoard
weact-studio-other-stm32g431-core-board,STM32G431 Core Board,WeAct Studio,board,0,0,0,0,4,recorded-not-rechecked,Board datasheet not yet recorded,https://github.com/WeActStudio/WeActStudio.STM32G431CoreBoard
weact-studio-other-stm32g474-core-board,STM32G474 Core Board,WeAct Studio,board,0,0,0,0,4,recorded-not-rechecked,Board datasheet not yet recorded,https://github.com/WeActStudio/WeActStudio.STM32G474CoreBoard
weact-studio-other-stm32h5-100pin-core-board,STM32H5 100Pin Core Board,WeAct Studio,board,0,0,0,0,1,recorded-not-rechecked,Board datasheet not yet recorded,https://github.com/WeActStudio/WeActStudio.STM32H5_100Pin_CoreBoard
weact-studio-other-stm32h5-64pin-core-board,STM32H5 64Pin Core Board,WeAct Studio,board,0,0,0,0,2,recorded-not-rechecked,Board datasheet not yet recorded,https://github.com/WeActStudio/WeActStudio.STM32H5_64Pin_CoreBoard
weact-studio-other-stm32h503-core-board,STM32H503 Core Board,WeAct Studio,board,0,0,0,0,1,recorded-not-rechecked,Board datasheet not yet recorded,https://github.com/WeActStudio/WeActStudio.STM32H503CoreBoard
weact-studio-other-stm32h523-core-board,STM32H523 Core Board,WeAct Studio,board,0,0,0,0,2,recorded-not-rechecked,Board datasheet not yet recorded,https://github.com/WeActStudio/WeActStudio.STM32H523CoreBoard
weact-studio-other-stm32h7r3zx-core-board,STM32H7R3Zx Core Board,WeAct Studio,board,0,0,0,0,1,recorded-not-rechecked,Board datasheet not yet recorded,https://github.com/WeActStudio/WeActStudio.STM32H7R3Zx_CoreBoard
weact-studio-other-stm32u585cx-core-board,STM32U585Cx Core Board,WeAct Studio,board,0,0,0,0,1,recorded-not-rechecked,Board datasheet not yet recorded,https://github.com/WeActStudio/WeActStudio.STM32U585Cx_CoreBoard
weact-studio-other-stm32wb55-core-board,STM32WB55 Core Board,WeAct Studio,board,0,0,0,0,1,recorded-not-rechecked,Board datasheet not yet recorded,https://github.com/WeActStudio/WeActStudio.STM32WB55CoreBoard
weact-studio-other-stm32wba6xcx-core-board,STM32WBA6xCx Core Board,WeAct Studio,board,0,0,0,0,1,recorded-not-rechecked,Board datasheet not yet recorded,https://github.com/WeActStudio/WeActStudio.STM32WBA6xCxCoreBoard
banana-pi-other-sbc-bananapi-bpi-cm5-pro,BananaPi BPI-CM5 Pro,Banana Pi,board,0,0,0,0,0,recorded-not-rechecked,Board datasheet not yet recorded; Board/device visual reference still needed,https://docs.banana-pi.org/en/BPI-CM5_Pro/BananaPi_BPI-CM5_Pro/Rockchip_RKNN_Guide
banana-pi-other-sbc-bpi-2k3000,BPI-2K3000,Banana Pi,board,0,0,0,0,0,recorded-not-rechecked,Board datasheet not yet recorded; Board/device visual reference still needed,https://docs.banana-pi.org/en/BPI-2K3000/BananaPi_BPI-2K3000
banana-pi-other-sbc-bpi-3a5000,BPI-3A5000,Banana Pi,board,0,0,0,0,0,recorded-not-rechecked,Board datasheet not yet recorded; Board/device visual reference still needed,https://docs.banana-pi.org/en/BPI-3A5000/BananaPi_BPI-3A5000
banana-pi-other-sbc-bpi-3a6000,BPI-3A6000,Banana Pi,board,0,0,0,0,0,recorded-not-rechecked,Board datasheet not yet recorded; Board/device visual reference still needed,https://docs.banana-pi.org/en/BPI-3A6000/BananaPi_BPI-3A6000
banana-pi-other-sbc-bpi-ai,BPI-AI,Banana Pi,board,0,0,0,0,0,recorded-not-rechecked,Board datasheet not yet recorded; Board/device visual reference still needed,https://docs.banana-pi.org/en/BPI-AI/BananaPi_BPI-AI
banana-pi-other-sbc-bpi-ai2h,BPI-AI2H,Banana Pi,board,0,0,0,0,0,recorded-not-rechecked,Board datasheet not yet recorded; Board/device visual reference still needed,https://docs.banana-pi.org/en/BPI-AI2H/BananaPi_BPI-AI2H
banana-pi-other-sbc-bpi-ai2n,BPI-AI2N,Banana Pi,board,0,0,0,0,0,recorded-not-rechecked,Board datasheet not yet recorded; Board/device visual reference still needed,https://docs.banana-pi.org/en/BPI-AI2N/BananaPi_BPI-AI2N
banana-pi-other-sbc-bpi-ai2n-carrier,BPI-AI2N-Carrier,Banana Pi,board,0,0,0,0,0,recorded-not-rechecked,Board datasheet not yet recorded; Board/device visual reference still needed,https://docs.banana-pi.org/en/BPI-AI2N-Carrier/BananaPi_BPI-AI2N-Carrier
banana-pi-other-sbc-bpi-aim7,BPI-AIM7,Banana Pi,board,0,0,0,0,0,recorded-not-rechecked,Board datasheet not yet recorded; Board/device visual reference still needed,https://docs.banana-pi.org/en/BPI-AIM7/BananaPi_BPI-AIM7
banana-pi-other-sbc-bpi-canmv-k230d,BPI-CanMV-K230D,Banana Pi,board,0,0,0,0,0,recorded-not-rechecked,Board datasheet not yet recorded; Board/device visual reference still needed,https://docs.banana-pi.org/en/BPI-CanMV-K230D/BananaPi_BPI-CanMV-K230D-Zero
banana-pi-other-sbc-bpi-cm2,BPI-CM2,Banana Pi,board,0,0,0,0,0,recorded-not-rechecked,Board datasheet not yet recorded; Board/device visual reference still needed,https://docs.banana-pi.org/en/BPI-CM2/BananaPi_BPI-CM2
banana-pi-other-sbc-bpi-cm4,BPI-CM4,Banana Pi,board,0,0,0,0,0,recorded-not-rechecked,Board datasheet not yet recorded; Board/device visual reference still needed,https://docs.banana-pi.org/en/BPI-CM4/BananaPi_BPI-CM4
banana-pi-other-sbc-bpi-cm4io,BPI-CM4IO,Banana Pi,board,0,0,0,0,0,recorded-not-rechecked,Board datasheet not yet recorded; Board/device visual reference still needed,https://docs.banana-pi.org/en/BPI-CM4IO/BananaPi_BPI-CM4IO
banana-pi-other-sbc-bpi-cm5,BPI-CM5,Banana Pi,board,0,0,0,0,0,recorded-not-rechecked,Board datasheet not yet recorded; Board/device visual reference still needed,https://docs.banana-pi.org/en/BPI-CM5/BananaPi_BPI-CM5
banana-pi-other-sbc-bpi-cm5-pro,BPI-CM5 Pro,Banana Pi,board,0,0,0,0,2,recorded-not-rechecked,Board datasheet not yet recorded,https://docs.banana-pi.org/en/BPI-CM5_Pro/BananaPi_BPI-CM5_Pro
banana-pi-other-sbc-bpi-cm6,BPI-CM6,Banana Pi,board,0,0,0,0,0,recorded-not-rechecked,Board datasheet not yet recorded; Board/device visual reference still needed,https://docs.banana-pi.org/en/BPI-CM6/BananaPi_BPI-CM6
banana-pi-other-sbc-bpi-cm7,BPI-CM7,Banana Pi,board,0,0,0,0,0,recorded-not-rechecked,Board datasheet not yet recorded; Board/device visual reference still needed,https://docs.banana-pi.org/en/BPI-CM7/BananaPi_BPI-CM7
banana-pi-other-sbc-bpi-cm7io,BPI-CM7IO,Banana Pi,board,0,0,0,0,0,recorded-not-rechecked,Board datasheet not yet recorded; Board/device visual reference still needed,https://docs.banana-pi.org/en/BPI-CM7IO/BananaPi_BPI-CM7IO
banana-pi-other-sbc-bpi-cm7s,BPI-CM7s,Banana Pi,board,0,0,0,0,0,recorded-not-rechecked,Board datasheet not yet recorded; Board/device visual reference still needed,https://docs.banana-pi.org/en/BPI-CM7s/BananaPi_BPI-CM7s
banana-pi-other-sbc-bpi-f2,BPI-F2,Banana Pi,board,0,0,0,0,0,recorded-not-rechecked,Board datasheet not yet recorded; Board/device visual reference still needed,https://docs.banana-pi.org/en/BPI-F2/BananaPi_BPI-F2
banana-pi-other-sbc-bpi-f2p,BPI-F2P,Banana Pi,board,0,0,0,0,0,recorded-not-rechecked,Board datasheet not yet recorded; Board/device visual reference still needed,https://docs.banana-pi.org/en/BPI-F2P/BananaPi_BPI-F2P
banana-pi-other-sbc-bpi-f2s,BPI-F2S,Banana Pi,board,0,0,0,0,0,recorded-not-rechecked,Board datasheet not yet recorded; Board/device visual reference still needed,https://docs.banana-pi.org/en/BPI-F2S/BananaPi_BPI-F2S
banana-pi-other-sbc-bpi-f3,BPI-F3,Banana Pi,board,0,0,0,0,0,recorded-not-rechecked,Board datasheet not yet recorded; Board/device visual reference still needed,https://docs.banana-pi.org/en/BPI-F3/BananaPi_BPI-F3
banana-pi-other-sbc-bpi-f4,BPI-F4,Banana Pi,board,0,0,0,0,1,recorded-not-rechecked,Board datasheet not yet recorded,https://docs.banana-pi.org/en/BPI-F4/BananaPi_BPI-F4
banana-pi-other-sbc-bpi-forge1,BPI-Forge1,Banana Pi,board,0,0,0,0,0,recorded-not-rechecked,Board datasheet not yet recorded; Board/device visual reference still needed,https://docs.banana-pi.org/en/BPI-Forge1/BananaPi_BPI-Forge1
banana-pi-other-sbc-bpi-kvm,BPI-KVM,Banana Pi,board,0,0,0,0,0,recorded-not-rechecked,Board datasheet not yet recorded; Board/device visual reference still needed,https://docs.banana-pi.org/en/BPI-KVM/BananaPi_BPI-KVM
banana-pi-other-sbc-bpi-m1,BPI-M1,Banana Pi,board,0,0,0,0,2,recorded-not-rechecked,Board datasheet not yet recorded,https://docs.banana-pi.org/en/BPI-M1/BananaPi_BPI-M1
banana-pi-other-sbc-bpi-m1-plus,BPI-M1 Plus,Banana Pi,board,0,0,0,0,1,recorded-not-rechecked,Board datasheet not yet recorded,https://docs.banana-pi.org/en/BPI-M1_Plus/BananaPi_BPI-M1_Plus
banana-pi-other-sbc-bpi-m1s,BPI-M1S,Banana Pi,board,0,0,0,0,0,recorded-not-rechecked,Board datasheet not yet recorded; Board/device visual reference still needed,https://docs.banana-pi.org/en/BPI-M1S/BananaPi_BPI-M1S
banana-pi-other-sbc-bpi-m2-berry,BPI-M2 Berry,Banana Pi,board,0,0,0,0,0,recorded-not-rechecked,Board datasheet not yet recorded; Board/device visual reference still needed,https://docs.banana-pi.org/en/BPI-M2_Berry/BananaPi_BPI-M2_Berry
banana-pi-other-sbc-bpi-m2-magic,BPI-M2 Magic,Banana Pi,board,0,0,0,0,0,recorded-not-rechecked,Board datasheet not yet recorded; Board/device visual reference still needed,https://docs.banana-pi.org/en/BPI-M2_Magic/BananaPi_BPI-M2_Magic
banana-pi-other-sbc-bpi-m2-plus,BPI-M2 Plus,Banana Pi,board,0,0,0,0,0,recorded-not-rechecked,Board datasheet not yet recorded; Board/device visual reference still needed,https://docs.banana-pi.org/en/BPI-M2_Plus/BananaPi_BPI-M2_Plus
banana-pi-other-sbc-bpi-m2-pro,BPI-M2 Pro,Banana Pi,board,0,0,0,0,0,recorded-not-rechecked,Board datasheet not yet recorded; Board/device visual reference still needed,https://docs.banana-pi.org/en/BPI-M2_Pro/BananaPi_BPI-M2_Pro
banana-pi-other-sbc-bpi-m2-super,BPI-M2 Super,Banana Pi,board,0,0,0,0,0,recorded-not-rechecked,Board datasheet not yet recorded; Board/device visual reference still needed,https://docs.banana-pi.org/en/BPI-M2_Super/BananaPi_BPI-M2_Super
banana-pi-other-sbc-bpi-m2-ultra,BPI-M2 Ultra,Banana Pi,board,0,0,0,0,0,recorded-not-rechecked,Board datasheet not yet recorded; Board/device visual reference still needed,https://docs.banana-pi.org/en/BPI-M2_Ultra/BananaPi_BPI-M2_Ultra
banana-pi-other-sbc-bpi-m2-zero,BPI-M2 Zero,Banana Pi,board,0,0,0,0,0,recorded-not-rechecked,Board datasheet not yet recorded; Board/device visual reference still needed,https://docs.banana-pi.org/en/BPI-M2_Zero/BananaPi_BPI-M2_Zero
banana-pi-other-sbc-bpi-m2c,BPI-M2C,Banana Pi,board,0,0,0,0,0,recorded-not-rechecked,Board datasheet not yet recorded; Board/device visual reference still needed,https://docs.banana-pi.org/en/BPI-M2C/BananaPi_BPI-M2C
banana-pi-other-sbc-bpi-m3,BPI-M3,Banana Pi,board,0,0,0,0,0,recorded-not-rechecked,Board datasheet not yet recorded; Board/device visual reference still needed,https://docs.banana-pi.org/en/BPI-M3/BananaPi_BPI-M3
banana-pi-other-sbc-bpi-m4,BPI-M4,Banana Pi,board,0,0,0,0,0,recorded-not-rechecked,Board datasheet not yet recorded; Board/device visual reference still needed,https://docs.banana-pi.org/en/BPI-M4/BananaPi_BPI-M4
banana-pi-other-sbc-bpi-m4-berry,BPI-M4 Berry,Banana Pi,board,0,0,0,0,1,recorded-not-rechecked,Board datasheet not yet recorded,https://docs.banana-pi.org/en/BPI-M4_Berry/BananaPi_BPI-M4_Berry
banana-pi-other-sbc-bpi-m4-zero,BPI-M4 Zero,Banana Pi,board,0,0,0,0,0,recorded-not-rechecked,Board datasheet not yet recorded; Board/device visual reference still needed,https://docs.banana-pi.org/en/BPI-M4_Zero/BananaPi_BPI-M4_Zero
banana-pi-other-sbc-bpi-m4s,BPI-M4S,Banana Pi,board,0,0,0,0,0,recorded-not-rechecked,Board datasheet not yet recorded; Board/device visual reference still needed,https://docs.banana-pi.org/en/BPI-M4S/BananaPi_BPI-M4S
banana-pi-other-sbc-bpi-m5,BPI-M5,Banana Pi,board,0,0,0,0,0,recorded-not-rechecked,Board datasheet not yet recorded; Board/device visual reference still needed,https://docs.banana-pi.org/en/BPI-M5/BananaPi_BPI-M5
banana-pi-other-sbc-bpi-m6,BPI-M6,Banana Pi,board,0,0,0,0,0,recorded-not-rechecked,Board datasheet not yet recorded; Board/device visual reference still needed,https://docs.banana-pi.org/en/BPI-M6/BananaPi_BPI-M6
banana-pi-other-sbc-bpi-m64,BPI-M64,Banana Pi,board,0,0,0,0,0,recorded-not-rechecked,Board datasheet not yet recorded; Board/device visual reference still needed,https://docs.banana-pi.org/en/BPI-M64/BananaPi_BPI-M64
banana-pi-other-sbc-bpi-m7,BPI-M7,Banana Pi,board,0,0,0,0,0,recorded-not-rechecked,Board datasheet not yet recorded; Board/device visual reference still needed,https://docs.banana-pi.org/en/BPI-M7/BananaPi_BPI-M7
banana-pi-other-sbc-bpi-m7s,BPI-M7S,Banana Pi,board,0,0,0,0,0,recorded-not-rechecked,Board datasheet not yet recorded; Board/device visual reference still needed,https://docs.banana-pi.org/en/BPI-M7S/BananaPi_BPI-M7S
banana-pi-other-sbc-bpi-m8,BPI-M8,Banana Pi,board,0,0,0,0,0,recorded-not-rechecked,Board datasheet not yet recorded; Board/device visual reference still needed,https://docs.banana-pi.org/en/BPI-M8/BananaPi_BPI-M8
banana-pi-other-sbc-bpi-p2-pro,BPI-P2 Pro,Banana Pi,board,0,0,0,0,0,recorded-not-rechecked,Board datasheet not yet recorded; Board/device visual reference still needed,https://docs.banana-pi.org/en/BPI-P2_Pro/BananaPi_BPI-P2_Pro
banana-pi-other-sbc-bpi-p2-zero,BPI-P2 Zero,Banana Pi,board,0,0,0,0,0,recorded-not-rechecked,Board datasheet not yet recorded; Board/device visual reference still needed,https://docs.banana-pi.org/en/BPI-P2_Zero/BananaPi_BPI-P2_Zero
banana-pi-other-sbc-bpi-r1,BPI-R1,Banana Pi,board,0,0,0,0,1,recorded-not-rechecked,Board datasheet not yet recorded,https://docs.banana-pi.org/en/BPI-R1/BananaPi_BPI-R1
banana-pi-other-sbc-bpi-r2,BPI-R2,Banana Pi,board,0,0,0,0,1,recorded-not-rechecked,Board datasheet not yet recorded,https://docs.banana-pi.org/en/BPI-R2/BananaPi_BPI-R2
banana-pi-other-sbc-bpi-r2-mini,BPI-R2 Mini,Banana Pi,board,0,0,0,0,0,recorded-not-rechecked,Board datasheet not yet recorded; Board/device visual reference still needed,https://docs.banana-pi.org/en/BPI-R2_Mini/BananaPi_BPI-R2_Mini
banana-pi-other-sbc-bpi-r2-pro,BPI-R2 Pro,Banana Pi,board,0,0,0,0,0,recorded-not-rechecked,Board datasheet not yet recorded; Board/device visual reference still needed,https://docs.banana-pi.org/en/BPI-R2_Pro/BananaPi_BPI-R2_Pro
banana-pi-other-sbc-bpi-r3,BPI-R3,Banana Pi,board,0,0,0,0,0,recorded-not-rechecked,Board datasheet not yet recorded; Board/device visual reference still needed,https://docs.banana-pi.org/en/BPI-R3/BananaPi_BPI-R3
banana-pi-other-sbc-bpi-r3-mini,BPI-R3 Mini,Banana Pi,board,0,0,0,0,0,recorded-not-rechecked,Board datasheet not yet recorded; Board/device visual reference still needed,https://docs.banana-pi.org/en/BPI-R3_Mini/BananaPi_BPI-R3_Mini
banana-pi-other-sbc-bpi-r4,BPI-R4,Banana Pi,board,0,0,0,0,0,recorded-not-rechecked,Board datasheet not yet recorded; Board/device visual reference still needed,https://docs.banana-pi.org/en/BPI-R4/BananaPi_BPI-R4
banana-pi-other-sbc-bpi-r4-lite,BPI-R4 Lite,Banana Pi,board,0,0,0,0,0,recorded-not-rechecked,Board datasheet not yet recorded; Board/device visual reference still needed,https://docs.banana-pi.org/en/BPI-R4_Lite/BananaPi_BPI-R4_Lite
banana-pi-other-sbc-bpi-r4-mini,BPI-R4 Mini,Banana Pi,board,0,0,0,0,0,recorded-not-rechecked,Board datasheet not yet recorded; Board/device visual reference still needed,https://docs.banana-pi.org/en/BPI-R4_Mini/BananaPi_BPI-R4_Mini
banana-pi-other-sbc-bpi-r4-pro,BPI-R4 Pro,Banana Pi,board,0,0,0,0,0,recorded-not-rechecked,Board datasheet not yet recorded; Board/device visual reference still needed,https://docs.banana-pi.org/en/BPI-R4_Pro/BananaPi_BPI-R4_Pro
banana-pi-other-sbc-bpi-r64,BPI-R64,Banana Pi,board,0,0,0,0,0,recorded-not-rechecked,Board datasheet not yet recorded; Board/device visual reference still needed,https://docs.banana-pi.org/en/BPI-R64/BananaPi_BPI-R64
banana-pi-other-sbc-bpi-rk3588-coreboardanddevelopmentkit,BPI-RK3588 CoreBoardAndDevelopmentKit,Banana Pi,board,0,0,0,0,0,recorded-not-rechecked,Board datasheet not yet recorded; Board/device visual reference still needed,https://docs.banana-pi.org/en/BPI-RK3588_CoreBoardAndDevelopmentKit/BananaPi_BPI-RK3588_CoreBoardAndDevelopmentKit
banana-pi-other-sbc-bpi-rt2,BPI-RT2,Banana Pi,board,0,0,0,0,0,recorded-not-rechecked,Board datasheet not yet recorded; Board/device visual reference still needed,https://docs.banana-pi.org/en/BPI-RT2/BananaPi_BPI-RT2
banana-pi-other-sbc-bpi-rv2,BPI-RV2,Banana Pi,board,0,0,0,0,0,recorded-not-rechecked,Board datasheet not yet recorded; Board/device visual reference still needed,https://docs.banana-pi.org/en/BPI-RV2/BananaPi_BPI-RV2
banana-pi-other-sbc-bpi-s64-core,BPI-S64 Core,Banana Pi,board,0,0,0,0,0,recorded-not-rechecked,Board datasheet not yet recorded; Board/device visual reference still needed,https://docs.banana-pi.org/en/BPI-S64_Core/BananaPi_BPI-S64_Core
banana-pi-other-sbc-bpi-secure-pi,BPI-Secure-Pi,Banana Pi,board,0,0,0,0,0,recorded-not-rechecked,Board datasheet not yet recorded; Board/device visual reference still needed,https://docs.banana-pi.org/en/BPI-Secure-Pi/BananaPi_Secure-Pi
banana-pi-other-sbc-bpi-sm10,BPI-SM10,Banana Pi,board,0,0,0,0,0,recorded-not-rechecked,Board datasheet not yet recorded; Board/device visual reference still needed,https://docs.banana-pi.org/en/BPI-SM10/BananaPi_BPI-SM10
banana-pi-other-sbc-bpi-sm9-core,BPI-SM9 Core,Banana Pi,board,0,0,0,0,0,recorded-not-rechecked,Board datasheet not yet recorded; Board/device visual reference still needed,https://docs.banana-pi.org/en/BPI-SM9_Core/BananaPi_BPI-SM9
banana-pi-other-sbc-bpi-vp10,BPI-VP10,Banana Pi,board,0,0,0,0,0,recorded-not-rechecked,Board datasheet not yet recorded; Board/device visual reference still needed,https://docs.banana-pi.org/en/BPI-VP10/BananaPi_BPI-VP10
banana-pi-other-sbc-bpi-w2,BPI-W2,Banana Pi,board,0,0,0,0,1,recorded-not-rechecked,Board datasheet not yet recorded,https://docs.banana-pi.org/en/BPI-W2/BananaPi_BPI-W2
banana-pi-other-sbc-bpi-w3,BPI-W3,Banana Pi,board,0,0,0,0,0,recorded-not-rechecked,Board datasheet not yet recorded; Board/device visual reference still needed,https://docs.banana-pi.org/en/BPI-W3/BananaPi_BPI-W3
banana-pi-other-sbc-bpi-wifi5,BPI-WiFi5,Banana Pi,board,0,0,0,0,0,recorded-not-rechecked,Board datasheet not yet recorded; Board/device visual reference still needed,https://docs.banana-pi.org/en/BPI-WiFi5/BananaPi_BPI-WiFi5_Router
banana-pi-other-sbc-bpi-wifi6-mini,BPI-WiFi6 Mini,Banana Pi,board,0,0,0,0,0,recorded-not-rechecked,Board datasheet not yet recorded; Board/device visual reference still needed,https://docs.banana-pi.org/en/BPI-WiFi6_Mini/BananaPi_BPI-WiFi6_Mini
banana-pi-other-sbc-bpi-wifi6-router,BPI-WiFi6 Router,Banana Pi,board,0,0,0,0,0,recorded-not-rechecked,Board datasheet not yet recorded; Board/device visual reference still needed,https://docs.banana-pi.org/en/BPI-WiFi6_Router/BananaPi_BPI-WiFi6_Router
banana-pi-other-sbc-openwrt-one,OpenWRT-One,Banana Pi,board,0,0,0,0,0,recorded-not-rechecked,Board datasheet not yet recorded; Board/device visual reference still needed,https://docs.banana-pi.org/en/OpenWRT-One/BananaPi_OpenWRT-One
beagleboard-org-other-sbc-beaglebone-ai-64,BeagleBone AI-64,BeagleBoard.org,board,0,0,0,0,2,missing,Board datasheet not yet recorded; Original manufacturer website not yet identified,
beagleboard-org-other-sbc-beaglebone-blue,BeagleBone Blue,BeagleBoard.org,board,0,0,0,0,2,missing,Board datasheet not yet recorded; Original manufacturer website not yet identified,
beagleboard-org-other-sbc-beaglev-ahead,BeagleV Ahead,BeagleBoard.org,board,0,0,0,0,2,missing,Board datasheet not yet recorded; Original manufacturer website not yet identified,
beagleboard-org-other-sbc-beaglev-fire,BeagleV Fire,BeagleBoard.org,board,0,0,0,0,2,missing,Board datasheet not yet recorded; Original manufacturer website not yet identified,
beagleboard-org-other-sbc-beagley-ai,BeagleY AI,BeagleBoard.org,board,0,0,0,0,2,recorded-not-rechecked,Board datasheet not yet recorded,https://docs.beagleboard.org/boards/beagley/ai/index.html
beagleboard-org-other-sbc-pocketbeagle,PocketBeagle,BeagleBoard.org,board,0,0,0,0,1,missing,Board datasheet not yet recorded; Original manufacturer website not yet identified,
beagleboard-org-other-sbc-pocketbeagle-2,PocketBeagle 2,BeagleBoard.org,board,0,0,0,0,2,missing,Board datasheet not yet recorded; Original manufacturer website not yet identified,
m5stack-other-sbc-cm4stack,CM4Stack,M5Stack,board,0,0,0,0,2,recorded-not-rechecked,Board datasheet not yet recorded,https://docs.m5stack.com/en/core/CM4Stack
m5stack-other-sbc-coremp135,CoreMP135,M5Stack,board,0,0,0,0,2,recorded-not-rechecked,Board datasheet not yet recorded,https://docs.m5stack.com/en/core/M5CoreMP135
m5stack-other-sbc-llm630-compute-kit,LLM630 Compute Kit,M5Stack,board,0,0,0,0,2,recorded-not-rechecked,Board datasheet not yet recorded,https://docs.m5stack.com/en/core/LLM630%20Compute%20Kit
milk-v-other-sbc-duo,Duo,Milk-V,board,0,0,0,0,5,missing,Board datasheet not yet recorded; Original manufacturer website not yet identified,
milk-v-other-sbc-duo-256m,Duo 256M,Milk-V,board,0,0,0,0,1,recorded-not-rechecked,Board datasheet not yet recorded,https://milkv.io/docs/duo/getting-started/duo256m
milk-v-other-sbc-duo-module-01-evb,Duo Module 01 EVB,Milk-V,board,0,0,0,0,1,missing,Board datasheet not yet recorded; Original manufacturer website not yet identified,
milk-v-other-sbc-duo-s,Duo S,Milk-V,board,0,0,0,0,2,recorded-not-rechecked,Board datasheet not yet recorded,https://milkv.io/docs/duo/getting-started/download
milk-v-other-sbc-duo-s-v1-1,Duo S v1.1,Milk-V,board,0,0,0,0,1,recorded-not-rechecked,Board datasheet not yet recorded,https://milkv.io/docs/duo/getting-started/download
orange-pi-other-sbc-2g-iot,Orange Pi 2G-IoT,Orange Pi,board,0,0,0,0,0,recorded-not-rechecked,Board datasheet not yet recorded; Board/device visual reference still needed,http://www.orangepi.org/orangepiwiki/index.php/Orange_Pi_2G-IoT
orange-pi-other-sbc-3,Orange Pi 3,Orange Pi,board,0,0,0,0,0,recorded-not-rechecked,Board datasheet not yet recorded; Board/device visual reference still needed,http://www.orangepi.org/orangepiwiki/index.php/Orange_Pi_3
orange-pi-other-sbc-3-lts,Orange Pi 3 LTS,Orange Pi,board,0,0,0,0,0,recorded-not-rechecked,Board datasheet not yet recorded; Board/device visual reference still needed,http://www.orangepi.org/orangepiwiki/index.php/Orange_Pi_3_LTS
orange-pi-other-sbc-3g-iot-a,Orange Pi 3G- IoT -A,Orange Pi,board,0,0,0,0,0,recorded-not-rechecked,Board datasheet not yet recorded; Board/device visual reference still needed,http://www.orangepi.org/orangepiwiki/index.php/Orange_Pi_3G-_IoT_-A
orange-pi-other-sbc-3g-iot-b,Orange Pi 3G- IoT -B,Orange Pi,board,0,0,0,0,0,recorded-not-rechecked,Board datasheet not yet recorded; Board/device visual reference still needed,http://www.orangepi.org/orangepiwiki/index.php/Orange_Pi_3G-_IoT_-B
orange-pi-other-sbc-4,Orange Pi 4,Orange Pi,board,0,0,0,0,0,recorded-not-rechecked,Board datasheet not yet recorded; Board/device visual reference still needed,http://www.orangepi.org/orangepiwiki/index.php/Orange_Pi_4
orange-pi-other-sbc-4-lts,Orange Pi 4 LTS,Orange Pi,board,0,0,0,0,0,recorded-not-rechecked,Board datasheet not yet recorded; Board/device visual reference still needed,http://www.orangepi.org/orangepiwiki/index.php/Orange_Pi_4_LTS
orange-pi-other-sbc-4a,Orange Pi 4A,Orange Pi,board,0,0,0,0,4,recorded-not-rechecked,Board datasheet not yet recorded,http://www.orangepi.org/orangepiwiki/index.php/Orange_Pi_4A
orange-pi-other-sbc-4b,Orange Pi 4B,Orange Pi,board,0,0,0,0,0,recorded-not-rechecked,Board datasheet not yet recorded; Board/device visual reference still needed,http://www.orangepi.org/orangepiwiki/index.php/Orange_Pi_4B
orange-pi-other-sbc-4g-iot,Orange Pi 4G- IoT,Orange Pi,board,0,0,0,0,0,recorded-not-rechecked,Board datasheet not yet recorded; Board/device visual reference still needed,http://www.orangepi.org/orangepiwiki/index.php/Orange_Pi_4G-_IoT
orange-pi-other-sbc-5,Orange Pi 5,Orange Pi,board,0,0,0,0,4,recorded-not-rechecked,Board datasheet not yet recorded,http://www.orangepi.org/orangepiwiki/index.php/26_Pin_Interface_Pin_Description
orange-pi-other-sbc-5-plus,Orange Pi 5 Plus,Orange Pi,board,0,0,0,0,6,recorded-not-rechecked,Board datasheet not yet recorded,http://www.orangepi.org/orangepiwiki/index.php/Orange_Pi_5_Plus
orange-pi-other-sbc-5-ultra,Orange Pi 5 Ultra,Orange Pi,board,0,0,0,0,4,recorded-not-rechecked,Board datasheet not yet recorded,http://www.orangepi.org/orangepiwiki/index.php/Orange_Pi_5_Ultra
orange-pi-other-sbc-800,Orange Pi 800,Orange Pi,board,0,0,0,0,0,recorded-not-rechecked,Board datasheet not yet recorded; Board/device visual reference still needed,http://www.orangepi.org/orangepiwiki/index.php/Orange_Pi_800
orange-pi-other-sbc-cm4,Orange Pi CM4,Orange Pi,board,0,0,0,0,0,recorded-not-rechecked,Board datasheet not yet recorded; Board/device visual reference still needed,http://www.orangepi.org/orangepiwiki/index.php/Orange_Pi_CM4
orange-pi-other-sbc-cm4-with-expansion-board,Orange Pi CM4 with expansion board,Orange Pi,board,0,0,0,0,4,recorded-not-rechecked,Board datasheet not yet recorded,http://www.orangepi.org/orangepiwiki/index.php/Orange_Pi_CM4
orange-pi-other-sbc-i96,Orange Pi i96,Orange Pi,board,0,0,0,0,0,recorded-not-rechecked,Board datasheet not yet recorded; Board/device visual reference still needed,http://www.orangepi.org/orangepiwiki/index.php/Orange_Pi_i96
orange-pi-other-sbc-lite,Orange Pi Lite,Orange Pi,board,0,0,0,0,0,recorded-not-rechecked,Board datasheet not yet recorded; Board/device visual reference still needed,http://www.orangepi.org/orangepiwiki/index.php/Orange_Pi_Lite
orange-pi-other-sbc-lite-2,Orange Pi Lite 2,Orange Pi,board,0,0,0,0,0,recorded-not-rechecked,Board datasheet not yet recorded; Board/device visual reference still needed,http://www.orangepi.org/orangepiwiki/index.php/Orange_Pi_Lite_2
orange-pi-other-sbc-one,Orange Pi One,Orange Pi,board,0,0,0,0,0,recorded-not-rechecked,Board datasheet not yet recorded; Board/device visual reference still needed,http://www.orangepi.org/orangepiwiki/index.php/Orange_Pi_One
orange-pi-other-sbc-one-plus,Orange Pi One Plus,Orange Pi,board,0,0,0,0,0,recorded-not-rechecked,Board datasheet not yet recorded; Board/device visual reference still needed,http://www.orangepi.org/orangepiwiki/index.php/Orange_Pi_One_Plus
orange-pi-other-sbc-pc,Orange Pi PC,Orange Pi,board,0,0,0,0,0,recorded-not-rechecked,Board datasheet not yet recorded; Board/device visual reference still needed,http://www.orangepi.org/orangepiwiki/index.php/Orange_Pi_PC
orange-pi-other-sbc-pc-2,Orange Pi PC 2,Orange Pi,board,0,0,0,0,0,recorded-not-rechecked,Board datasheet not yet recorded; Board/device visual reference still needed,http://www.orangepi.org/orangepiwiki/index.php/Orange_Pi_PC_2
orange-pi-other-sbc-pc-plus,Orange Pi PC Plus,Orange Pi,board,0,0,0,0,0,recorded-not-rechecked,Board datasheet not yet recorded; Board/device visual reference still needed,http://www.orangepi.org/orangepiwiki/index.php/Orange_Pi_PC_Plus
orange-pi-other-sbc-plus-2e,Orange Pi Plus 2E,Orange Pi,board,0,0,0,0,0,recorded-not-rechecked,Board datasheet not yet recorded; Board/device visual reference still needed,http://www.orangepi.org/orangepiwiki/index.php/Orange_Pi_Plus_2E
orange-pi-other-sbc-prime,Orange Pi Prime,Orange Pi,board,0,0,0,0,0,recorded-not-rechecked,Board datasheet not yet recorded; Board/device visual reference still needed,http://www.orangepi.org/orangepiwiki/index.php/Orange_Pi_Prime
orange-pi-other-sbc-r1,Orange Pi R1,Orange Pi,board,0,0,0,0,0,recorded-not-rechecked,Board datasheet not yet recorded; Board/device visual reference still needed,http://www.orangepi.org/orangepiwiki/index.php/Orange_Pi_R1
orange-pi-other-sbc-r1-plus,Orange Pi R1 Plus,Orange Pi,board,0,0,0,0,0,recorded-not-rechecked,Board datasheet not yet recorded; Board/device visual reference still needed,http://www.orangepi.org/orangepiwiki/index.php/Orange_Pi_R1_Plus
orange-pi-other-sbc-r1-plus-lts,Orange Pi R1 Plus LTS,Orange Pi,board,0,0,0,0,0,recorded-not-rechecked,Board datasheet not yet recorded; Board/device visual reference still needed,http://www.orangepi.org/orangepiwiki/index.php/Orange_Pi_R1_Plus_LTS
orange-pi-other-sbc-r1-plus-lts-with-metal-case,Orange Pi R1 Plus LTS（With Metal Case）,Orange Pi,board,0,0,0,0,0,recorded-not-rechecked,Board datasheet not yet recorded; Board/device visual reference still needed,http://www.orangepi.org/orangepiwiki/index.php/Orange_Pi_R1_Plus_LTS%EF%BC%88With_Metal_Case%EF%BC%89
orange-pi-other-sbc-rk3399,Orange Pi RK3399,Orange Pi,board,0,0,0,0,0,recorded-not-rechecked,Board datasheet not yet recorded; Board/device visual reference still needed,http://www.orangepi.org/orangepiwiki/index.php/Orange_Pi_RK3399
orange-pi-other-sbc-rv2,Orange Pi RV2,Orange Pi,board,0,0,0,0,4,recorded-not-rechecked,Board datasheet not yet recorded,http://www.orangepi.org/orangepiwiki/index.php/Orange_Pi_RV2
orange-pi-other-sbc-win-plus,Orange Pi Win Plus,Orange Pi,board,0,0,0,0,0,recorded-not-rechecked,Board datasheet not yet recorded; Board/device visual reference still needed,http://www.orangepi.org/orangepiwiki/index.php/Orange_Pi_Win_Plus
orange-pi-other-sbc-zero,Orange Pi Zero,Orange Pi,board,0,0,0,0,0,recorded-not-rechecked,Board datasheet not yet recorded; Board/device visual reference still needed,http://www.orangepi.org/orangepiwiki/index.php/Orange_Pi_Zero
orange-pi-other-sbc-zero-2,Orange Pi Zero 2,Orange Pi,board,0,0,0,0,0,recorded-not-rechecked,Board datasheet not yet recorded; Board/device visual reference still needed,http://www.orangepi.org/orangepiwiki/index.php/Orange_Pi_Zero_2
orange-pi-other-sbc-zero-2w,Orange Pi Zero 2W,Orange Pi,board,0,0,0,0,3,recorded-not-rechecked,Board datasheet not yet recorded,http://www.orangepi.org/orangepiwiki/index.php/Orange_Pi_Zero_2W
orange-pi-other-sbc-zero-3,Orange Pi Zero 3,Orange Pi,board,0,0,0,0,3,recorded-not-rechecked,Board datasheet not yet recorded,http://www.orangepi.org/orangepiwiki/index.php/Orange_Pi_Zero_3
orange-pi-other-sbc-zero-lts,Orange Pi Zero LTS,Orange Pi,board,0,0,0,0,0,recorded-not-rechecked,Board datasheet not yet recorded; Board/device visual reference still needed,http://www.orangepi.org/orangepiwiki/index.php/Orange_Pi_Zero_LTS
orange-pi-other-sbc-zero-plus,Orange Pi Zero Plus,Orange Pi,board,0,0,0,0,0,recorded-not-rechecked,Board datasheet not yet recorded; Board/device visual reference still needed,http://www.orangepi.org/orangepiwiki/index.php/Orange_Pi_Zero_Plus
orange-pi-other-sbc-zero-plus-2,Orange Pi Zero Plus 2,Orange Pi,board,0,0,0,0,0,recorded-not-rechecked,Board datasheet not yet recorded; Board/device visual reference still needed,http://www.orangepi.org/orangepiwiki/index.php/Orange_Pi_Zero_Plus_2
radxa-other-sbc-c200,C200,Radxa,board,0,0,0,0,2,missing,Board datasheet not yet recorded; Original manufacturer website not yet identified,
radxa-other-sbc-cubie-a5e,Cubie A5E,Radxa,board,0,0,0,0,1,missing,Board datasheet not yet recorded; Original manufacturer website not yet identified,
radxa-other-sbc-cubie-a7a,Cubie A7A,Radxa,board,0,0,0,0,1,missing,Board datasheet not yet recorded; Original manufacturer website not yet identified,
radxa-other-sbc-cubie-a7z,Cubie A7Z,Radxa,board,0,0,0,0,1,missing,Board datasheet not yet recorded; Original manufacturer website not yet identified,
radxa-other-sbc-dragon-q6a,Dragon Q6A,Radxa,board,0,0,0,0,1,missing,Board datasheet not yet recorded; Original manufacturer website not yet identified,
radxa-other-sbc-dragon-q8b,Dragon Q8B,Radxa,board,0,0,0,0,1,missing,Board datasheet not yet recorded; Original manufacturer website not yet identified,
radxa-other-sbc-e24c,E24C,Radxa,board,0,0,0,0,1,missing,Board datasheet not yet recorded; Original manufacturer website not yet identified,
radxa-other-sbc-orion-o6,Orion O6,Radxa,board,0,0,0,0,2,recorded-not-rechecked,Board datasheet not yet recorded,https://docs.radxa.com/en/orion/o6
radxa-other-sbc-rock-4d,ROCK 4D,Radxa,board,0,0,0,0,1,recorded-not-rechecked,Board datasheet not yet recorded,https://docs.radxa.com/en/rock4/rock4d
radxa-other-sbc-taco-carrier,TACO carrier,Radxa,board,0,0,0,0,1,missing,Board datasheet not yet recorded; Original manufacturer website not yet identified,
seeed-studio-other-sbc-beaglebone-green-wireless,BeagleBone Green Wireless,Seeed Studio,board,0,0,0,0,14,recorded-not-rechecked,Board datasheet not yet recorded,https://wiki.seeedstudio.com/BeagleBone_Green_Wireless/
seeed-studio-other-sbc-eagleye-530s,Eagleye 530s,Seeed Studio,board,0,0,0,0,8,recorded-not-rechecked,Board datasheet not yet recorded,https://wiki.seeedstudio.com/Eagleye_530s/
seeed-studio-other-sbc-mini-ai-computer-t906,Mini AI Computer T906,Seeed Studio,board,0,0,0,0,9,recorded-not-rechecked,Board datasheet not yet recorded,https://wiki.seeedstudio.com/Mini_AI_Computer_T906/
seeed-studio-other-sbc-odyssey-stm32mp135d,ODYSSEY STM32MP135D,Seeed Studio,board,0,0,0,0,1,recorded-not-rechecked,Board datasheet not yet recorded,https://wiki.seeedstudio.com/ODYSSEY-STM32MP135D/
seeed-studio-other-sbc-odyssey-stm32mp157c,ODYSSEY STM32MP157C,Seeed Studio,board,0,0,0,0,3,recorded-not-rechecked,Board datasheet not yet recorded,https://wiki.seeedstudio.com/ODYSSEY-STM32MP157C/
seeed-studio-other-sbc-odyssey-x86j4105,ODYSSEY X86J4105,Seeed Studio,board,0,0,0,0,3,recorded-not-rechecked,Board datasheet not yet recorded,https://wiki.seeedstudio.com/Fan_Pinout/
seeed-studio-other-sbc-odyssey-x86j4125,ODYSSEY X86J4125,Seeed Studio,board,0,0,0,0,2,recorded-not-rechecked,Board datasheet not yet recorded,https://wiki.seeedstudio.com/ODYSSEY-X86J4105/
seeed-studio-other-sbc-odyssey-x86j4125-v2,ODYSSEY X86J4125 V2,Seeed Studio,board,0,0,0,0,2,recorded-not-rechecked,Board datasheet not yet recorded,https://wiki.seeedstudio.com/ODYSSEY-X86J4105/
seeed-studio-other-sbc-recomputer-classic-j501,reComputer Classic J501,Seeed Studio,board,0,0,0,0,4,recorded-not-rechecked,Board datasheet not yet recorded,https://wiki.seeedstudio.com/ai_robotics_seeed_agx_orin_dev_kit_getting_started/
seeed-studio-other-sbc-recomputer-super-j3010,reComputer Super J3010,Seeed Studio,board,0,0,0,0,3,recorded-not-rechecked,Board datasheet not yet recorded,https://wiki.seeedstudio.com/recomputer_jetson_super_hardware_interfaces_usage/
seeed-studio-other-sbc-reserver-j2032,reServer J2032,Seeed Studio,board,0,0,0,0,6,recorded-not-rechecked,Board datasheet not yet recorded,https://wiki.seeedstudio.com/reServer_J2032_Flash_Jetpack/
seeed-studio-other-sbc-reserver-x86,reServer X86,Seeed Studio,board,0,0,0,0,9,recorded-not-rechecked,Board datasheet not yet recorded,https://wiki.seeedstudio.com/reServer-Getting-Started/
seeed-studio-other-sbc-respeaker-core,reSpeaker Core,Seeed Studio,board,0,0,0,0,2,recorded-not-rechecked,Board datasheet not yet recorded,https://wiki.seeedstudio.com/ReSpeaker_Core/
0xcb-rp2040-gemini,Gemini,0xCB,board,0,0,0,0,2,missing,Board datasheet not yet recorded; Original manufacturer website not yet identified,
0xcb-rp2040-helios,Helios,0xCB,board,0,0,0,0,0,missing,Board datasheet not yet recorded; Original manufacturer website not yet identified; Board/device visual reference still needed,
2231puppy-rp2040-e-fidget,E-Fidget,2231puppy,board,0,0,0,0,0,missing,Board datasheet not yet recorded; Original manufacturer website not yet identified; Board/device visual reference still needed,
42-keebs-rp2040-the-frood,The Frood,42. Keebs,board,0,0,0,0,0,missing,Board datasheet not yet recorded; Original manufacturer website not yet identified; Board/device visual reference still needed,
8086-consultancy-rp2040-rp2040-interfacer,RP2040 Interfacer,8086 Consultancy,board,0,0,0,0,0,missing,Board datasheet not yet recorded; Original manufacturer website not yet identified; Board/device visual reference still needed,
8086-consultancy-rp2040-usb-interposer,USB Interposer,8086 Consultancy,board,0,0,0,0,0,missing,Board datasheet not yet recorded; Original manufacturer website not yet identified; Board/device visual reference still needed,
adafruit-rp2040-floppsy-rp2040,Adafruit Floppsy RP2040,Adafruit,board,0,0,0,0,0,recorded-not-rechecked,Board datasheet not yet recorded; Board/device visual reference still needed,https://www.adafruit.com/
adafruit-rp2040-feather-rp2040,Feather RP2040,Adafruit,board,0,0,0,0,1,recorded-not-rechecked,Board datasheet not yet recorded,https://learn.adafruit.com/adafruit-feather-rp2040-pico/pinouts
adafruit-rp2040-feather-rp2040-adalogger,Feather RP2040 Adalogger,Adafruit,board,0,0,0,0,1,recorded-not-rechecked,Board datasheet not yet recorded,https://learn.adafruit.com/adafruit-feather-rp2040-adalogger/pinouts
adafruit-rp2040-feather-rp2040-can-bus,Feather RP2040 CAN Bus,Adafruit,board,0,0,0,0,1,recorded-not-rechecked,Board datasheet not yet recorded,https://learn.adafruit.com/adafruit-rp2040-can-bus-feather/pinouts
adafruit-rp2040-feather-rp2040-prop-maker,Feather RP2040 Prop-Maker,Adafruit,board,0,0,0,0,1,recorded-not-rechecked,Board datasheet not yet recorded,https://learn.adafruit.com/adafruit-rp2040-prop-maker-feather/pinouts
adafruit-rp2040-feather-rp2040-rfm69,Feather RP2040 RFM69,Adafruit,board,0,0,0,0,1,recorded-not-rechecked,Board datasheet not yet recorded,https://learn.adafruit.com/feather-rp2040-rfm69/pinouts
adafruit-rp2040-feather-rp2040-rfm95,Feather RP2040 RFM95,Adafruit,board,0,0,0,0,1,recorded-not-rechecked,Board datasheet not yet recorded,https://learn.adafruit.com/feather-rp2040-rfm95/pinouts
adafruit-rp2040-feather-rp2040-rfm9x,Feather RP2040 RFM9x,Adafruit,board,0,0,0,0,0,recorded-not-rechecked,Board datasheet not yet recorded; Board/device visual reference still needed,https://www.adafruit.com/product/5714
adafruit-rp2040-feather-rp2040-scorpio,Feather RP2040 SCORPIO,Adafruit,board,0,0,0,0,1,recorded-not-rechecked,Board datasheet not yet recorded,https://learn.adafruit.com/introducing-feather-rp2040-scorpio/pinouts
adafruit-rp2040-feather-rp2040-thinkink,Feather RP2040 ThinkInk,Adafruit,board,0,0,0,0,1,recorded-not-rechecked,Board datasheet not yet recorded,https://learn.adafruit.com/adafruit-rp2040-feather-thinkink/pinouts
adafruit-rp2040-feather-rp2040-with-dvi-output-port,Feather RP2040 with DVI Output Port,Adafruit,board,0,0,0,0,1,recorded-not-rechecked,Board datasheet not yet recorded,https://learn.adafruit.com/adafruit-feather-rp2040-dvi/pinouts
adafruit-rp2040-feather-rp2040-with-usb-type-a-host,Feather RP2040 with USB Type A Host,Adafruit,board,0,0,0,0,1,recorded-not-rechecked,Board datasheet not yet recorded,https://learn.adafruit.com/adafruit-feather-rp2040-with-usb-type-a-host/pinouts
adafruit-rp2040-itsybitsy-rp2040,ItsyBitsy RP2040,Adafruit,board,0,0,0,0,1,recorded-not-rechecked,Board datasheet not yet recorded,https://learn.adafruit.com/adafruit-itsybitsy-rp2040/pinouts
adafruit-rp2040-kb2040,KB2040,Adafruit,board,0,0,0,0,1,recorded-not-rechecked,Board datasheet not yet recorded,https://learn.adafruit.com/adafruit-kb2040/pinouts
adafruit-rp2040-macropad-rp2040,MacroPad RP2040,Adafruit,board,0,0,0,0,1,recorded-not-rechecked,Board datasheet not yet recorded,https://learn.adafruit.com/adafruit-macropad-rp2040/pinouts
adafruit-rp2040-metro-rp2040,Metro RP2040,Adafruit,board,0,0,0,0,1,recorded-not-rechecked,Board datasheet not yet recorded,https://learn.adafruit.com/adafruit-metro-rp2040/pinouts
adafruit-rp2040-qt-py-rp2040,QT Py RP2040,Adafruit,board,0,0,0,0,1,recorded-not-rechecked,Board datasheet not yet recorded,https://learn.adafruit.com/adafruit-qt-py-2040/pinouts
adafruit-rp2040-trinkey-qt2040,Trinkey QT2040,Adafruit,board,0,0,0,0,1,recorded-not-rechecked,Board datasheet not yet recorded,https://learn.adafruit.com/adafruit-trinkey-qt2040/pinouts
arduino-rp2040-nano-rp2040-connect,Nano RP2040 Connect,Arduino,board,0,0,0,0,8,recorded-not-rechecked,Board datasheet not yet recorded,https://store-usa.arduino.cc/products/arduino-nano-rp2040-connect
banana-pi-rp2040-bpi-pico-2040,BPI-Pico-2040,Banana Pi,board,0,0,0,0,0,recorded-not-rechecked,Board datasheet not yet recorded; Board/device visual reference still needed,https://docs.banana-pi.org/en/BPI-Pico-2040/BananaPi_BPI-Pico-2040
benjamin-shockley-rp2040-figpi,FigPi,Benjamin Shockley,board,0,0,0,0,1,missing,Board datasheet not yet recorded; Original manufacturer website not yet identified,
boardsource-rp2040-blok,Blok,Boardsource,board,0,0,0,0,0,missing,Board datasheet not yet recorded; Original manufacturer website not yet identified; Board/device visual reference still needed,
brad-n-lane-studio-rp2040-explorer-badge-rp2040,Bradán Lane STUDIO Explorer Badge RP2040,Bradán Lane STUDIO,board,0,0,0,0,0,missing,Board datasheet not yet recorded; Original manufacturer website not yet identified; Board/device visual reference still needed,
breadstick-innovations-rp2040-raspberry-breadstick,Raspberry Breadstick,Breadstick Innovations,board,0,0,0,0,0,missing,Board datasheet not yet recorded; Original manufacturer website not yet identified; Board/device visual reference still needed,
cytron-technologies-rp2040-edu-pico-for-pico-w,EDU PICO for Pico W,Cytron Technologies,board,0,0,0,0,0,recorded-not-rechecked,Board datasheet not yet recorded; Board/device visual reference still needed,https://www.cytron.io/p-edu-project-and-innovation-kits-for-pico-w
cytron-technologies-rp2040-maker-nano-rp2040,Maker Nano RP2040,Cytron Technologies,board,0,0,0,0,0,recorded-not-rechecked,Board datasheet not yet recorded; Board/device visual reference still needed,https://www.cytron.io/p-maker-nano-rp2040
cytron-technologies-rp2040-maker-pi-rp2040,Maker Pi RP2040,Cytron Technologies,board,0,0,0,0,0,recorded-not-rechecked,Board datasheet not yet recorded; Board/device visual reference still needed,https://www.cytron.io/p-maker-pi-rp2040
cytron-technologies-rp2040-maker-uno-rp2040,Maker UNO RP2040,Cytron Technologies,board,0,0,0,0,1,recorded-not-rechecked,Board datasheet not yet recorded,https://my.cytron.io/p-maker-uno-rp2040
datanoisetv-rp2040-picoadk-audio-development-kit,PicoADK - Audio Development Kit,DatanoiseTV,board,0,0,0,0,0,missing,Board datasheet not yet recorded; Original manufacturer website not yet identified; Board/device visual reference still needed,
elecfreaks-rp2040-pico-ed,ELECFREAKS Pico:ed,ELECFREAKS,board,0,0,0,0,0,missing,Board datasheet not yet recorded; Original manufacturer website not yet identified; Board/device visual reference still needed,
elecrow-rp2040-crowpanel-pico-hmi-2-4-inch-display,CrowPanel PICO HMI 2.4-inch Display,Elecrow,board,0,0,0,0,1,recorded-not-rechecked,Board datasheet not yet recorded,https://www.elecrow.com/wiki/CrowPanel_Pico_HMI_Display-2.4.html
elecrow-rp2040-crowpanel-pico-hmi-2-8-inch-display,CrowPanel PICO HMI 2.8-inch Display,Elecrow,board,0,0,0,0,1,recorded-not-rechecked,Board datasheet not yet recorded,https://www.elecrow.com/wiki/CrowPanel_Pico_HMI_Display-2.8.html
elecrow-rp2040-crowpanel-pico-hmi-4-3-inch-display,CrowPanel PICO HMI 4.3-inch Display,Elecrow,board,0,0,0,0,1,recorded-not-rechecked,Board datasheet not yet recorded,https://www.elecrow.com/wiki/CrowPanel_Pico_HMI_Display-4.3.html
elecrow-rp2040-pico-w5-rp2040-dev-board,PICO W5 RP2040 Dev Board,Elecrow,board,0,0,0,0,1,recorded-not-rechecked,Board datasheet not yet recorded,https://www.elecrow.com/wiki/PICO_W5_RP2040_Dev_Board.html
electrolama-rp2040-minik-octave,Electrolama minik Octave,Electrolama,board,0,0,0,0,0,missing,Board datasheet not yet recorded; Original manufacturer website not yet identified; Board/device visual reference still needed,
hack-club-rp2040-sprig,Hack Club Sprig,Hack Club,board,0,0,0,0,0,missing,Board datasheet not yet recorded; Original manufacturer website not yet identified; Board/device visual reference still needed,
hack-club-rp2040-orpheus-pico,Orpheus Pico,Hack Club,board,0,0,0,0,0,missing,Board datasheet not yet recorded; Original manufacturer website not yet identified; Board/device visual reference still needed,
heia-fr-rp2040-picomo-v2,PicoMo V2,HEIA-FR,board,0,0,0,0,0,missing,Board datasheet not yet recorded; Original manufacturer website not yet identified; Board/device visual reference still needed,
heia-fr-rp2040-picomo-v3,PicoMo V3,HEIA-FR,board,0,0,0,0,0,missing,Board datasheet not yet recorded; Original manufacturer website not yet identified; Board/device visual reference still needed,
hxr-dk-rp2040-sao-digital-multimeter,SAO Digital Multimeter,HXR.DK,board,0,0,0,0,0,missing,Board datasheet not yet recorded; Original manufacturer website not yet identified; Board/device visual reference still needed,
invector-labs-rp2040-challenger-nb-rp2040-wifi,Challenger NB RP2040 WiFi,Invector Labs,board,0,0,0,0,1,missing,Board datasheet not yet recorded; Original manufacturer website not yet identified,
invector-labs-rp2040-challenger-rp2040-lora,Challenger RP2040 LoRa,Invector Labs,board,0,0,0,0,2,missing,Board datasheet not yet recorded; Original manufacturer website not yet identified,
invector-labs-rp2040-challenger-rp2040-lte,Challenger RP2040 LTE,Invector Labs,board,0,0,0,0,0,missing,Board datasheet not yet recorded; Original manufacturer website not yet identified; Board/device visual reference still needed,
invector-labs-rp2040-challenger-rp2040-nfc,Challenger RP2040 NFC,Invector Labs,board,0,0,0,0,0,missing,Board datasheet not yet recorded; Original manufacturer website not yet identified; Board/device visual reference still needed,
invector-labs-rp2040-challenger-rp2040-sd-rtc,Challenger RP2040 SD/RTC,Invector Labs,board,0,0,0,0,1,missing,Board datasheet not yet recorded; Original manufacturer website not yet identified,
invector-labs-rp2040-challenger-rp2040-subghz,Challenger RP2040 SubGHz,Invector Labs,board,0,0,0,0,1,missing,Board datasheet not yet recorded; Original manufacturer website not yet identified,
invector-labs-rp2040-challenger-rp2040-wifi,Challenger RP2040 WiFi,Invector Labs,board,0,0,0,0,1,missing,Board datasheet not yet recorded; Original manufacturer website not yet identified,
invector-labs-rp2040-challenger-rp2040-wifi-ble,Challenger RP2040 WiFi/BLE,Invector Labs,board,0,0,0,0,1,missing,Board datasheet not yet recorded; Original manufacturer website not yet identified,
jpconstantineau-rp2040-encoderpad-rp2040,EncoderPad RP2040,JPConstantineau,board,0,0,0,0,0,missing,Board datasheet not yet recorded; Original manufacturer website not yet identified; Board/device visual reference still needed,
jpconstantineau-rp2040-pykey18-numpad,PyKey18 Numpad,JPConstantineau,board,0,0,0,0,0,missing,Board datasheet not yet recorded; Original manufacturer website not yet identified; Board/device visual reference still needed,
jpconstantineau-rp2040-pykey44-ergo-keyboard,PyKey44 Ergo Keyboard,JPConstantineau,board,0,0,0,0,0,missing,Board datasheet not yet recorded; Original manufacturer website not yet identified; Board/device visual reference still needed,
jpconstantineau-rp2040-pykey60-keyboard,PyKey60 Keyboard,JPConstantineau,board,0,0,0,0,0,missing,Board datasheet not yet recorded; Original manufacturer website not yet identified; Board/device visual reference still needed,
jpconstantineau-rp2040-pykey87-ten-key-less-tkl-keyboard,PyKey87 Ten Key Less (TKL) Keyboard,JPConstantineau,board,0,0,0,0,0,missing,Board datasheet not yet recorded; Original manufacturer website not yet identified; Board/device visual reference still needed,
lilygo-rp2040-t-display-rp2040,T-Display RP2040,LILYGO,board,0,0,0,0,1,recorded-not-rechecked,Board datasheet not yet recorded,https://www.lilygo.cc/products/t-display-rp2040
lilygo-rp2040-t-picoc3,T-PicoC3,LILYGO,board,0,0,0,0,1,missing,Board datasheet not yet recorded; Original manufacturer website not yet identified,
maple-rp2040-elite-pi,Maple Elite-Pi,Maple,board,0,0,0,0,1,missing,Board datasheet not yet recorded; Original manufacturer website not yet identified,
melopero-rp2040-shake-rp2040,Shake RP2040,Melopero,board,0,0,0,0,0,missing,Board datasheet not yet recorded; Original manufacturer website not yet identified; Board/device visual reference still needed,
music-thing-modular-rp2040-workshop-system,Music Thing Modular Workshop System ,Music Thing Modular,board,0,0,0,0,0,missing,Board datasheet not yet recorded; Original manufacturer website not yet identified; Board/device visual reference still needed,
newsan-rp2040-archi,Archi,Newsan,board,0,0,0,0,0,missing,Board datasheet not yet recorded; Original manufacturer website not yet identified; Board/device visual reference still needed,
nologo-rp2040-rp2040-promicro,RP2040 ProMicro,Nologo,board,0,0,0,0,1,recorded-not-rechecked,Board datasheet not yet recorded,https://www.nologo.tech/product/raspberrypie/RP2040/RP2040ProMicro.html
nologo-rp2040-rp2040-promini,RP2040 ProMini,Nologo,board,0,0,0,0,1,recorded-not-rechecked,Board datasheet not yet recorded,https://www.nologo.tech/product/raspberrypie/RP2040/RP2040Promini.html
nologo-rp2040-rp2040-uno,RP2040 Uno,Nologo,board,0,0,0,0,0,recorded-not-rechecked,Board datasheet not yet recorded; Board/device visual reference still needed,https://www.nologo.tech/product/raspberrypie/RP2040/rp2040uno/
nologo-rp2040-rp2040-usb,RP2040 USB,Nologo,board,0,0,0,0,0,recorded-not-rechecked,Board datasheet not yet recorded; Board/device visual reference still needed,https://www.nologo.tech/product/raspberrypie/RP2040/rp2040usb/
nologo-rp2040-rp2040supermini,RP2040SuperMini,Nologo,board,0,0,0,0,0,recorded-not-rechecked,Board datasheet not yet recorded; Board/device visual reference still needed,https://www.nologo.tech/product/raspberrypie/RP2040/RP2040SuperMini.html
nullbits-rp2040-bit-c-pro,Bit-C PRO,nullbits,board,0,0,0,0,1,missing,Board datasheet not yet recorded; Original manufacturer website not yet identified,
oak-development-technologies-rp2040-bread-2040-dev-board,Bread 2040 Dev Board,Oak Development Technologies,board,0,0,0,0,0,missing,Board datasheet not yet recorded; Original manufacturer website not yet identified; Board/device visual reference still needed,
oak-development-technologies-rp2040-cast-away-rp2040,CAST-AWAY RP2040,Oak Development Technologies,board,0,0,0,0,1,missing,Board datasheet not yet recorded; Original manufacturer website not yet identified,
oak-development-technologies-rp2040-rpga-feather,RPGA Feather,Oak Development Technologies,board,0,0,0,0,0,missing,Board datasheet not yet recorded; Original manufacturer website not yet identified; Board/device visual reference still needed,
otake-takayoshi-rp2040-octave,OTAKE Takayoshi Octave,OTAKE Takayoshi,board,0,0,0,0,0,missing,Board datasheet not yet recorded; Original manufacturer website not yet identified; Board/device visual reference still needed,
pajenicko-s-r-o-rp2040-pajenicko-picopad,Pajenicko Picopad,Pajenicko s.r.o.,board,0,0,0,0,0,missing,Board datasheet not yet recorded; Original manufacturer website not yet identified; Board/device visual reference still needed,
pcbcupid-rp2040-glyph-mini-2040,Glyph Mini 2040,Pcbcupid,board,0,0,0,0,0,missing,Board datasheet not yet recorded; Original manufacturer website not yet identified; Board/device visual reference still needed,
pimoroni-rp2040-badger-2040,Badger 2040,Pimoroni,board,0,0,0,0,0,recorded-not-rechecked,Board datasheet not yet recorded; Board/device visual reference still needed,https://shop.pimoroni.com/products/badger-2040
pimoroni-rp2040-badger-2040-w-pico-w-aboard,Badger 2040 W (Pico W Aboard),Pimoroni,board,0,0,0,0,0,recorded-not-rechecked,Board datasheet not yet recorded; Board/device visual reference still needed,https://shop.pimoroni.com/products/badger-2040-w
pimoroni-rp2040-inky-frame-5-7-pico-w-aboard,"Inky Frame 5.7\"" (Pico W Aboard)",Pimoroni,board,0,0,0,0,0,recorded-not-rechecked,Board datasheet not yet recorded; Board/device visual reference still needed,https://shop.pimoroni.com/products/inky-frame-5-7
pimoroni-rp2040-inky-frame-7-3-pico-w-aboard,"Inky Frame 7.3\"" (Pico W Aboard)",Pimoroni,board,0,0,0,0,0,recorded-not-rechecked,Board datasheet not yet recorded; Board/device visual reference still needed,https://shop.pimoroni.com/products/inky-frame-7-3
pimoroni-rp2040-interstate-75,Interstate 75,Pimoroni,board,0,0,0,0,0,recorded-not-rechecked,Board datasheet not yet recorded; Board/device visual reference still needed,https://shop.pimoroni.com/products/interstate-75
pimoroni-rp2040-keybow-2040,Keybow 2040,Pimoroni,board,0,0,0,0,0,recorded-not-rechecked,Board datasheet not yet recorded; Board/device visual reference still needed,https://shop.pimoroni.com/products/keybow-2040
pimoroni-rp2040-motor-2040,Motor 2040,Pimoroni,board,0,0,0,0,0,recorded-not-rechecked,Board datasheet not yet recorded; Board/device visual reference still needed,https://shop.pimoroni.com/products/motor-2040
pimoroni-rp2040-pga2040,PGA2040,Pimoroni,board,0,0,0,0,1,recorded-not-rechecked,Board datasheet not yet recorded,https://shop.pimoroni.com/products/pga2040
pimoroni-rp2040-picosystem,PicoSystem,Pimoroni,board,0,0,0,0,0,recorded-not-rechecked,Board datasheet not yet recorded; Board/device visual reference still needed,https://shop.pimoroni.com/products/picosystem
pimoroni-rp2040-pico-dv-demo-base-for-pico,Pimoroni Pico DV Demo Base for Pico,Pimoroni,board,0,0,0,0,0,recorded-not-rechecked,Board datasheet not yet recorded; Board/device visual reference still needed,https://shop.pimoroni.com/en-us/products/pimoroni-pico-dv-demo-base
pimoroni-rp2040-pico-dv-demo-base-for-pico-w,Pimoroni Pico DV Demo Base for Pico W,Pimoroni,board,0,0,0,0,0,recorded-not-rechecked,Board datasheet not yet recorded; Board/device visual reference still needed,https://shop.pimoroni.com/en-us/products/pimoroni-pico-dv-demo-base
pimoroni-rp2040-pico-lipo-16mb,Pimoroni Pico LiPo (16MB),Pimoroni,board,0,0,0,0,1,recorded-not-rechecked,Board datasheet not yet recorded,https://shop.pimoroni.com/products/picolipo
pimoroni-rp2040-pico-lipo-4mb,Pimoroni Pico LiPo (4MB),Pimoroni,board,0,0,0,0,0,recorded-not-rechecked,Board datasheet not yet recorded; Board/device visual reference still needed,https://shop.pimoroni.com/products/picolipo
pimoroni-rp2040-plasma-2040,Plasma 2040,Pimoroni,board,0,0,0,0,0,recorded-not-rechecked,Board datasheet not yet recorded; Board/device visual reference still needed,https://shop.pimoroni.com/products/plasma-2040
pimoroni-rp2040-plasma-stick-2040-w-pico-w-aboard,Plasma Stick 2040 W (Pico W Aboard),Pimoroni,board,0,0,0,0,0,recorded-not-rechecked,Board datasheet not yet recorded; Board/device visual reference still needed,https://shop.pimoroni.com/products/plasma-stick-2040-w
pimoroni-rp2040-servo-2040,Servo 2040,Pimoroni,board,0,0,0,0,0,recorded-not-rechecked,Board datasheet not yet recorded; Board/device visual reference still needed,https://shop.pimoroni.com/products/servo-2040
pimoroni-rp2040-tiny-2040,Tiny 2040,Pimoroni,board,0,0,0,0,1,recorded-not-rechecked,Board datasheet not yet recorded,https://shop.pimoroni.com/products/tiny-2040
pimoroni-rp2040-tiny-2040-2mb,Tiny 2040 (2MB),Pimoroni,board,0,0,0,0,0,recorded-not-rechecked,Board datasheet not yet recorded; Board/device visual reference still needed,https://shop.pimoroni.com/products/tiny-2040?variant=39560012300371
pimoroni-rp2040-tiny-2040-8mb,Tiny 2040 (8MB),Pimoroni,board,0,0,0,0,0,recorded-not-rechecked,Board datasheet not yet recorded; Board/device visual reference still needed,https://shop.pimoroni.com/products/tiny-2040
pimoroni-rp2040-tiny-fx,Tiny FX,Pimoroni,board,0,0,0,0,2,recorded-not-rechecked,Board datasheet not yet recorded,https://shop.pimoroni.com/products/tinyfx
potekku-rp2040-cosmo-pico,COSMO-Pico,Potekku,board,0,0,0,0,0,missing,Board datasheet not yet recorded; Original manufacturer website not yet identified; Board/device visual reference still needed,
proves-kit-rp2040-rp2040-v4,PROVES Kit RP2040 V4,PROVES Kit,board,0,0,0,0,0,missing,Board datasheet not yet recorded; Original manufacturer website not yet identified; Board/device visual reference still needed,
quadbit-rp2040-upico,uPico,Quadbit,board,0,0,0,0,0,missing,Board datasheet not yet recorded; Original manufacturer website not yet identified; Board/device visual reference still needed,
radomir-dopieralski-rp2040-game-22,µGame 22,Radomir Dopieralski,board,0,0,0,0,0,missing,Board datasheet not yet recorded; Original manufacturer website not yet identified; Board/device visual reference still needed,
rakwireless-rp2040-rak11300-module,RAK11300-Module,RAKwireless,board,0,0,0,0,1,recorded-not-rechecked,Board datasheet not yet recorded,https://docs.rakwireless.com/product-categories/wisduo/rak11300-module/datasheet/
rakwireless-rp2040-rak11310,RAK11310,RAKwireless,board,1,0,0,0,3,checked-model-page,,https://docs.rakwireless.com/product-categories/wisblock/rak11310/datasheet/
raspberry-pi-rp2040-pico,Raspberry Pi Pico,Raspberry Pi,board,0,0,0,0,4,missing,Board datasheet not yet recorded; Original manufacturer website not yet identified,
raspberry-pi-rp2040-pico-h,Raspberry Pi Pico H,Raspberry Pi,board,0,0,0,0,1,missing,Board datasheet not yet recorded; Original manufacturer website not yet identified,
raspberry-pi-rp2040-pico-w,Raspberry Pi Pico W,Raspberry Pi,board,0,0,0,0,3,missing,Board datasheet not yet recorded; Original manufacturer website not yet identified,
rf-guru-rp2040-pico,µPico,RF.Guru,board,0,0,0,0,0,missing,Board datasheet not yet recorded; Original manufacturer website not yet identified; Board/device visual reference still needed,
securinghardware-com-rp2040-xiaomao,Xiaomao,SecuringHardware.com,board,0,0,0,0,0,missing,Board datasheet not yet recorded; Original manufacturer website not yet identified; Board/device visual reference still needed,
seeed-studio-rp2040-wio-rp2040-mini-dev-board,Wio RP2040 mini Dev Board,Seeed Studio,board,0,0,0,0,2,recorded-not-rechecked,Board datasheet not yet recorded,https://wiki.seeedstudio.com/Wio_RP2040_mini_Dev_Board-Onboard_Wifi/
seeed-studio-rp2040-wio-rp2040-module,Wio RP2040 Module,Seeed Studio,board,0,0,0,0,1,recorded-not-rechecked,Board datasheet not yet recorded,https://wiki.seeedstudio.com/Wio_RP2040_Module_Build-in_Wireless_2.4G/
seeed-studio-rp2040-xiao-rp2040,XIAO RP2040,Seeed Studio,board,0,0,0,0,4,recorded-not-rechecked,Board datasheet not yet recorded,https://wiki.seeedstudio.com/XIAO-RP2040/
seeed-studio-rp2040-xiao-rp2040-plus,XIAO RP2040 Plus,Seeed Studio,board,0,0,0,0,2,recorded-not-rechecked,Board datasheet not yet recorded,https://wiki.seeedstudio.com/XIAO-RP2040/
silicognition-llc-rp2040-rp2040-shim,RP2040-Shim,Silicognition LLC,board,0,0,0,0,1,missing,Board datasheet not yet recorded; Original manufacturer website not yet identified,
solder-party-rp2040-bb-q20-keyboard-with-trackpad,BB Q20 Keyboard with trackpad,Solder Party,board,0,0,0,0,0,missing,Board datasheet not yet recorded; Original manufacturer website not yet identified; Board/device visual reference still needed,
solder-party-rp2040-rp2040-stamp,RP2040 STAMP,Solder Party,board,0,0,0,0,1,missing,Board datasheet not yet recorded; Original manufacturer website not yet identified,
sparkfun-rp2040-micromod-rp2040-processor,MicroMod RP2040 Processor,SparkFun,board,0,0,0,0,1,recorded-not-rechecked,Board datasheet not yet recorded,https://www.sparkfun.com/products/17720
sparkfun-rp2040-pro-micro-rp2040,Pro Micro RP2040,SparkFun,board,0,0,0,0,1,recorded-not-rechecked,Board datasheet not yet recorded,https://www.sparkfun.com/sparkfun-pro-micro-rp2040.html
sparkfun-rp2040-thing-plus-rp2040,Thing Plus - RP2040,SparkFun,board,0,0,0,0,3,recorded-not-rechecked,Board datasheet not yet recorded,https://learn.sparkfun.com/tutorials/rp2040-thing-plus-hookup-guide/all
splitkb-rp2040-liatris,Liatris,SplitKB,board,0,0,0,0,1,missing,Board datasheet not yet recorded; Original manufacturer website not yet identified,
tinycircuits-rp2040-thumby,Thumby,TinyCircuits,board,0,0,0,0,0,recorded-not-rechecked,Board datasheet not yet recorded; Board/device visual reference still needed,https://tinycircuits.com/products/thumby
vcc-gnd-studio-rp2040-yd-rp2040,YD-RP2040,VCC-GND Studio,board,0,0,0,0,0,missing,Board datasheet not yet recorded; Original manufacturer website not yet identified; Board/device visual reference still needed,
waveshare-rp2040-rp2040-ble,RP2040-BLE,Waveshare,board,0,0,0,0,2,recorded-not-rechecked,Board datasheet not yet recorded,https://www.waveshare.com/rp2040-ble.htm
waveshare-rp2040-rp2040-eth,RP2040-ETH,Waveshare,board,0,0,0,0,1,recorded-not-rechecked,Board datasheet not yet recorded,https://www.waveshare.com/wiki/RP2040-ETH
waveshare-rp2040-rp2040-geek,RP2040-GEEK,Waveshare,board,0,0,0,0,0,recorded-not-rechecked,Board datasheet not yet recorded; Board/device visual reference still needed,https://www.waveshare.com/wiki/RP2040-GEEK
waveshare-rp2040-rp2040-keyboard-3,RP2040-Keyboard-3,Waveshare,board,0,0,0,0,0,recorded-not-rechecked,Board datasheet not yet recorded; Board/device visual reference still needed,https://www.waveshare.com/wiki/RP2040-Keyboard-3
waveshare-rp2040-rp2040-lcd-0-96,RP2040-LCD-0.96,Waveshare,board,0,0,0,0,2,recorded-not-rechecked,Board datasheet not yet recorded,https://www.waveshare.com/rp2040-lcd-0.96.htm
waveshare-rp2040-rp2040-lcd-0-99-b,RP2040-LCD-0.99-B,Waveshare,board,0,0,0,0,0,recorded-not-rechecked,Board datasheet not yet recorded; Board/device visual reference still needed,https://www.waveshare.com/wiki/RP2040-LCD-0.99-B
waveshare-rp2040-rp2040-lcd-1-28,RP2040-LCD-1.28,Waveshare,board,0,0,0,0,2,recorded-not-rechecked,Board datasheet not yet recorded,https://www.waveshare.com/rp2040-lcd-1.28.htm
waveshare-rp2040-rp2040-lora,RP2040-LoRa,Waveshare,board,0,0,0,0,1,recorded-not-rechecked,Board datasheet not yet recorded,https://www.waveshare.com/wiki/RP2040-LoRa
waveshare-rp2040-rp2040-matrix,RP2040-Matrix,Waveshare,board,0,0,0,0,1,recorded-not-rechecked,Board datasheet not yet recorded,https://www.waveshare.com/wiki/RP2040-Matrix
waveshare-rp2040-rp2040-one,RP2040-One,Waveshare,board,0,0,0,0,1,recorded-not-rechecked,Board datasheet not yet recorded,https://www.waveshare.com/wiki/RP2040-One
waveshare-rp2040-rp2040-pizero,RP2040-PiZero,Waveshare,board,0,0,0,0,0,recorded-not-rechecked,Board datasheet not yet recorded; Board/device visual reference still needed,https://www.waveshare.com/wiki/RP2040-PiZero
waveshare-rp2040-rp2040-plus,RP2040-Plus,Waveshare,board,0,0,0,0,3,recorded-not-rechecked,Board datasheet not yet recorded,https://www.waveshare.com/rp2040-plus.htm
waveshare-rp2040-rp2040-plus-with-16mb-flash,RP2040-Plus with 16MB Flash,Waveshare,board,0,0,0,0,0,recorded-not-rechecked,Board datasheet not yet recorded; Board/device visual reference still needed,https://www.waveshare.com/rp2040-plus.htm
waveshare-rp2040-rp2040-plus-with-4mb-flash,RP2040-Plus with 4MB Flash,Waveshare,board,0,0,0,0,0,recorded-not-rechecked,Board datasheet not yet recorded; Board/device visual reference still needed,https://www.waveshare.com/rp2040-plus.htm
waveshare-rp2040-rp2040-tiny,RP2040-Tiny,Waveshare,board,0,0,0,0,2,recorded-not-rechecked,Board datasheet not yet recorded,https://www.waveshare.com/rp2040-tiny.htm
waveshare-rp2040-rp2040-touch-lcd-1-28,RP2040-Touch-LCD-1.28,Waveshare,board,0,0,0,0,1,recorded-not-rechecked,Board datasheet not yet recorded,https://www.waveshare.com/wiki/RP2040-Touch-LCD-1.28
waveshare-rp2040-rp2040-touch-lcd-1-69,RP2040-Touch-LCD-1.69,Waveshare,board,0,0,0,0,2,recorded-not-rechecked,Board datasheet not yet recorded,https://www.waveshare.com/rp2040-touch-lcd-1.69.htm
waveshare-rp2040-rp2040-zero,RP2040-Zero,Waveshare,board,0,0,0,0,3,recorded-not-rechecked,Board datasheet not yet recorded,https://www.waveshare.com/rp2040-zero.htm
weact-studio-rp2040-rp2040-core,RP2040 Core,WeAct Studio,board,0,0,0,0,2,recorded-not-rechecked,Board datasheet not yet recorded,https://github.com/WeActStudio/WeActStudio.RP2040CoreBoard
weact-studio-rp2040-pico,WeAct Studio Pico,WeAct Studio,board,0,0,0,0,0,missing,Board datasheet not yet recorded; Original manufacturer website not yet identified; Board/device visual reference still needed,
weact-studio-rp2040-pico-16mb-variant,WeAct Studio Pico (16MB Variant),WeAct Studio,board,0,0,0,0,0,missing,Board datasheet not yet recorded; Original manufacturer website not yet identified; Board/device visual reference still needed,
wee-noise-makers-rp2040-noise-nugget-2040,Noise Nugget 2040,Wee Noise Makers,board,0,0,0,0,0,missing,Board datasheet not yet recorded; Original manufacturer website not yet identified; Board/device visual reference still needed,
wee-noise-makers-rp2040-noise-nugget-2040-breakout,Noise Nugget 2040 Breakout,Wee Noise Makers,board,0,0,0,0,1,missing,Board datasheet not yet recorded; Original manufacturer website not yet identified,
wee-noise-makers-rp2040-noise-nugget-2040-development-kit,Noise Nugget 2040 Development Kit,Wee Noise Makers,board,0,0,0,0,1,missing,Board datasheet not yet recorded; Original manufacturer website not yet identified,
weekin-rp2040-wk-50-bat-shaped-keyboard,WK-50 Bat Shaped Keyboard,WEEKIN,board,0,0,0,0,0,missing,Board datasheet not yet recorded; Original manufacturer website not yet identified; Board/device visual reference still needed,
wisdpi-rp2040-ardu2040m,WisdPi Ardu2040M,WisdPi,board,0,0,0,0,0,missing,Board datasheet not yet recorded; Original manufacturer website not yet identified; Board/device visual reference still needed,
wisdpi-rp2040-tiny-rp2040,WisdPi Tiny RP2040,WisdPi,board,0,0,0,0,1,missing,Board datasheet not yet recorded; Original manufacturer website not yet identified,
wiznet-rp2040-w5100s-evb-pico,W5100S-EVB-Pico,WIZnet,board,0,0,0,0,2,recorded-not-rechecked,Board datasheet not yet recorded,https://docs.wiznet.io/Product/Chip/Ethernet/W5100S/w5100s-evb-pico
wiznet-rp2040-w5500-evb-pico,W5500-EVB-Pico,WIZnet,board,0,0,0,0,1,recorded-not-rechecked,Board datasheet not yet recorded,https://docs.wiznet.io/Product/Chip/Ethernet/W5500/w5500-evb-pico
wiznet-rp2040-w55rp20-evb-pico,W55RP20-EVB-Pico,WIZnet,board,0,0,0,0,1,recorded-not-rechecked,Board datasheet not yet recorded,https://docs.wiznet.io/Product/Chip/MCU/W55RP20/w55rp20-evb-pico
zach-richard-rp2040-rp2-65-f,RP2.65-F,Zach Richard,board,0,0,0,0,0,missing,Board datasheet not yet recorded; Original manufacturer website not yet identified; Board/device visual reference still needed,
adafruit-rp2350-tinychad-rp2350,Adafruit TinyChad RP2350,Adafruit,board,0,0,0,0,0,recorded-not-rechecked,Board datasheet not yet recorded; Board/device visual reference still needed,https://www.adafruit.com/
adafruit-rp2350-feather-rp2350,Feather RP2350,Adafruit,board,0,0,0,0,1,recorded-not-rechecked,Board datasheet not yet recorded,https://learn.adafruit.com/adafruit-feather-rp2350/pinouts
adafruit-rp2350-feather-rp2350-adalogger,Feather RP2350 Adalogger,Adafruit,board,0,0,0,0,0,recorded-not-rechecked,Board datasheet not yet recorded; Board/device visual reference still needed,https://www.adafruit.com/
adafruit-rp2350-fruit-jam-mini-rp2350-computer,Fruit Jam - Mini RP2350 Computer,Adafruit,board,0,0,0,0,1,recorded-not-rechecked,Board datasheet not yet recorded,https://www.adafruit.com/product/6200
adafruit-rp2350-metro-rp2350,Metro RP2350,Adafruit,board,0,0,0,0,1,recorded-not-rechecked,Board datasheet not yet recorded,https://learn.adafruit.com/adafruit-metro-rp2350/pinouts
cytron-technologies-rp2350-edu-pico-2-for-pico-2-w,EDU PICO 2 for Pico 2 W,Cytron Technologies,board,0,0,0,0,0,recorded-not-rechecked,Board datasheet not yet recorded; Board/device visual reference still needed,https://www.cytron.io/p-edu-pico2
cytron-technologies-rp2350-iriv-io-controller-rp2350,IRIV IO Controller (RP2350),Cytron Technologies,board,0,0,0,0,0,recorded-not-rechecked,Board datasheet not yet recorded; Board/device visual reference still needed,https://www.cytron.io/p-iriv-ioc
cytron-technologies-rp2350-motion-2350-pro,Motion 2350 Pro,Cytron Technologies,board,0,0,0,0,1,recorded-not-rechecked,Board datasheet not yet recorded,https://www.cytron.io/p-motion-2350-pro
datanoise-rp2350-picoadk-v2-audio-development-kit,PicoADK v2 - Audio Development Kit,Datanoise,board,0,0,0,0,0,missing,Board datasheet not yet recorded; Original manufacturer website not yet identified; Board/device visual reference still needed,
elecrow-rp2350-rp2350-pico-w5,RP2350 Pico W5,Elecrow,board,0,0,0,0,1,recorded-not-rechecked,Board datasheet not yet recorded,https://www.elecrow.com/wiki/Elecrow_RP2350_Pico_W5_Board.html
invector-labs-rp2350-challenger-rp2350-bconnect,Challenger+ RP2350 BConnect,Invector Labs,board,0,0,0,0,1,missing,Board datasheet not yet recorded; Original manufacturer website not yet identified,
invector-labs-rp2350-challenger-rp2350-wifi6-ble5,Challenger+ RP2350 WiFi6 BLE5,Invector Labs,board,0,0,0,0,0,missing,Board datasheet not yet recorded; Original manufacturer website not yet identified; Board/device visual reference still needed,
lilygo-rp2350-t-pico-2350,T-PICO-2350,LILYGO,board,0,0,0,0,1,recorded-not-rechecked,Board datasheet not yet recorded,https://wiki.lilygo.cc/products/other/t-pico-2350/
nologo-rp2350-rp2350-pico2,RP2350 Pico2,Nologo,board,0,0,0,0,0,recorded-not-rechecked,Board datasheet not yet recorded; Board/device visual reference still needed,https://www.nologo.tech/product/raspberrypie/RP2350/rp2350pico/
nologo-rp2350-rp2350-promicro,RP2350 ProMicro,Nologo,board,0,0,0,0,0,recorded-not-rechecked,Board datasheet not yet recorded; Board/device visual reference still needed,https://www.nologo.tech/product/raspberrypie/RP2350/rp2350promicro/
nologo-rp2350-rp2350-supermini,RP2350 SuperMini,Nologo,board,0,0,0,0,0,recorded-not-rechecked,Board datasheet not yet recorded; Board/device visual reference still needed,https://www.nologo.tech/product/raspberrypie/RP2350/rp2350supermini/
nologo-rp2350-rp2350-uno,RP2350 Uno,Nologo,board,0,0,0,0,0,recorded-not-rechecked,Board datasheet not yet recorded; Board/device visual reference still needed,https://www.nologo.tech/product/raspberrypie/RP2350/rp2350uno/
nologo-rp2350-rp2350-usb,RP2350 USB,Nologo,board,0,0,0,0,0,recorded-not-rechecked,Board datasheet not yet recorded; Board/device visual reference still needed,https://www.nologo.tech/product/raspberrypie/RP2350/rp2350usb/
nologo-rp2350-rp2350b-super,RP2350B Super,Nologo,board,0,0,0,0,1,recorded-not-rechecked,Board datasheet not yet recorded,https://www.nologo.tech/product/raspberrypie/RP2350/rp2350b_super/superrp2350b.html
pimoroni-rp2350-badger-2350,Badger 2350,Pimoroni,board,0,0,0,0,0,recorded-not-rechecked,Board datasheet not yet recorded; Board/device visual reference still needed,https://shop.pimoroni.com/products/badger-2350
pimoroni-rp2350-pga2350,PGA2350,Pimoroni,board,0,0,0,0,2,recorded-not-rechecked,Board datasheet not yet recorded,https://shop.pimoroni.com/products/pga2350
pimoroni-rp2350-pico-plus-2,Pico Plus 2,Pimoroni,board,0,0,0,0,2,recorded-not-rechecked,Board datasheet not yet recorded,https://shop.pimoroni.com/products/pimoroni-pico-plus-2
pimoroni-rp2350-pico-plus-2-w,Pico Plus 2 W,Pimoroni,board,0,0,0,0,2,recorded-not-rechecked,Board datasheet not yet recorded,https://shop.pimoroni.com/products/pimoroni-pico-plus-2-w
pimoroni-rp2350-explorer-rp2350,Pimoroni Explorer (RP2350),Pimoroni,board,0,0,0,0,0,missing,Board datasheet not yet recorded; Original manufacturer website not yet identified; Board/device visual reference still needed,
pimoroni-rp2350-plasma-2350,Plasma 2350,Pimoroni,board,0,0,0,0,2,recorded-not-rechecked,Board datasheet not yet recorded,https://shop.pimoroni.com/products/plasma-2350
pimoroni-rp2350-plasma-2350-w,Plasma 2350 W,Pimoroni,board,0,0,0,0,1,recorded-not-rechecked,Board datasheet not yet recorded,https://shop.pimoroni.com/products/plasma-2350-w
pimoroni-rp2350-tiny-2350,Tiny 2350,Pimoroni,board,0,0,0,0,2,recorded-not-rechecked,Board datasheet not yet recorded,https://shop.pimoroni.com/products/tiny-2350
raspberry-pi-rp2350-pico-2,Raspberry Pi Pico 2,Raspberry Pi,board,0,0,0,0,2,recorded-not-rechecked,Board datasheet not yet recorded,https://www.raspberrypi.com/products/raspberry-pi-pico-2/
raspberry-pi-rp2350-pico-2-w,Raspberry Pi Pico 2 W,Raspberry Pi,board,0,0,0,0,3,missing,Board datasheet not yet recorded; Original manufacturer website not yet identified,
seeed-studio-rp2350-xiao-rp2350,XIAO RP2350,Seeed Studio,board,0,0,0,0,3,recorded-not-rechecked,Board datasheet not yet recorded,https://wiki.seeedstudio.com/xiao_rp2350_arduino/
solder-party-rp2350-rp2350-stamp,RP2350 STAMP,Solder Party,board,0,0,0,0,1,missing,Board datasheet not yet recorded; Original manufacturer website not yet identified,
solder-party-rp2350-rp2350-stamp-xl,RP2350 STAMP XL,Solder Party,board,0,0,0,0,1,missing,Board datasheet not yet recorded; Original manufacturer website not yet identified,
sparkfun-rp2350-pro-micro-rp2350,Pro Micro - RP2350,SparkFun,board,0,0,0,0,1,recorded-not-rechecked,Board datasheet not yet recorded,https://www.sparkfun.com/products/24870
sparkfun-rp2350-thing-plus-rp2350,Thing Plus - RP2350,SparkFun,board,0,0,0,0,1,recorded-not-rechecked,Board datasheet not yet recorded,https://www.sparkfun.com/products/25134
spotpear-manufacturer-unconfirmed-rp2350-rp2350b-lcd-2-25,RP2350B-LCD-2.25,Spotpear (manufacturer unconfirmed),board,0,0,0,0,1,missing,Board datasheet not yet recorded; Original manufacturer website not yet identified,
studiolab-rp2350-real-pico-expander,Real Pico Expander,StudioLab,board,0,0,0,0,0,missing,Board datasheet not yet recorded; Original manufacturer website not yet identified; Board/device visual reference still needed,
teenage-engineering-rp2350-ep-2350-ting,EP–2350 ting,Teenage Engineering,board,0,0,0,0,0,missing,Board datasheet not yet recorded; Original manufacturer website not yet identified; Board/device visual reference still needed,
tinycircuits-rp2350-thumby-color,Thumby Color,TinyCircuits,board,0,0,0,0,0,recorded-not-rechecked,Board datasheet not yet recorded; Board/device visual reference still needed,https://tinycircuits.com/products/thumby-color
waveshare-rp2350-core2350b,Core2350B,Waveshare,board,0,0,0,0,1,recorded-not-rechecked,Board datasheet not yet recorded,https://www.waveshare.com/wiki/Core2350B0
waveshare-rp2350-rp2350-can,RP2350-CAN,Waveshare,board,0,0,0,0,2,recorded-not-rechecked,Board datasheet not yet recorded,https://www.waveshare.com/rp2350-can.htm
waveshare-rp2350-rp2350-eth,RP2350-ETH,Waveshare,board,0,0,0,0,2,recorded-not-rechecked,Board datasheet not yet recorded,https://www.waveshare.com/rp2350-eth.htm
waveshare-rp2350-rp2350-eth-8di-8ro,RP2350-ETH-8DI-8RO,Waveshare,board,0,0,0,0,2,recorded-not-rechecked,Board datasheet not yet recorded,https://www.waveshare.com/rp2350-eth-8di-8ro.htm
waveshare-rp2350-rp2350-geek,RP2350-GEEK,Waveshare,board,0,0,0,0,0,recorded-not-rechecked,Board datasheet not yet recorded; Board/device visual reference still needed,https://www.waveshare.com/wiki/RP2350-GEEK
waveshare-rp2350-rp2350-lcd-0-85,RP2350-LCD-0.85,Waveshare,board,0,0,0,0,0,recorded-not-rechecked,Board datasheet not yet recorded; Board/device visual reference still needed,https://docs.waveshare.com/RP2350-LCD-0.85
waveshare-rp2350-rp2350-lcd-0-96,RP2350-LCD-0.96,Waveshare,board,0,0,0,0,1,recorded-not-rechecked,Board datasheet not yet recorded,https://www.waveshare.com/wiki/RP2350-LCD-0.96
waveshare-rp2350-rp2350-lcd-1-28,RP2350-LCD-1.28,Waveshare,board,0,0,0,0,2,recorded-not-rechecked,Board datasheet not yet recorded,https://www.waveshare.com/rp2350-lcd-1.28.htm
waveshare-rp2350-rp2350-lcd-1-47-a,RP2350-LCD-1.47-A,Waveshare,board,0,0,0,0,2,recorded-not-rechecked,Board datasheet not yet recorded,https://www.waveshare.com/rp2350-lcd-1.47-a.htm
waveshare-rp2350-rp2350-lcd-1-47-b,RP2350-LCD-1.47-B,Waveshare,board,0,0,0,0,1,recorded-not-rechecked,Board datasheet not yet recorded,https://www.waveshare.com/wiki/RP2350-LCD-1.47-B
waveshare-rp2350-rp2350-matrix,RP2350-Matrix,Waveshare,board,0,0,0,0,2,recorded-not-rechecked,Board datasheet not yet recorded,https://www.waveshare.com/rp2350-matrix.htm
waveshare-rp2350-rp2350-one,RP2350-One,Waveshare,board,0,0,0,0,1,recorded-not-rechecked,Board datasheet not yet recorded,https://www.waveshare.com/wiki/RP2350-One
waveshare-rp2350-rp2350-pizero,RP2350-PiZero,Waveshare,board,0,0,0,0,0,recorded-not-rechecked,Board datasheet not yet recorded; Board/device visual reference still needed,https://www.waveshare.com/wiki/RP2350-PiZero
waveshare-rp2350-rp2350-plus,RP2350-Plus,Waveshare,board,0,0,0,0,2,recorded-not-rechecked,Board datasheet not yet recorded,https://www.waveshare.com/rp2350-plus.htm
waveshare-rp2350-rp2350-poe-eth,RP2350-POE-ETH,Waveshare,board,0,0,0,0,2,recorded-not-rechecked,Board datasheet not yet recorded,https://www.waveshare.com/rp2350-poe-eth.htm
waveshare-rp2350-rp2350-relay-6ch,RP2350-Relay-6CH,Waveshare,board,0,0,0,0,2,recorded-not-rechecked,Board datasheet not yet recorded,https://www.waveshare.com/rp2350-relay-6ch.htm
waveshare-rp2350-rp2350-tiny,RP2350-Tiny,Waveshare,board,0,0,0,0,1,recorded-not-rechecked,Board datasheet not yet recorded,https://www.waveshare.com/wiki/RP2350-Tiny
waveshare-rp2350-rp2350-touch-amoled-1-43,RP2350-Touch-AMOLED-1.43,Waveshare,board,0,0,0,0,2,recorded-not-rechecked,Board datasheet not yet recorded,https://www.waveshare.com/rp2350-touch-amoled-1.43.htm
waveshare-rp2350-rp2350-touch-amoled-1-64,RP2350-Touch-AMOLED-1.64,Waveshare,board,0,0,0,0,3,recorded-not-rechecked,Board datasheet not yet recorded,https://www.waveshare.com/rp2350-touch-amoled-1.64-m.htm
waveshare-rp2350-rp2350-touch-amoled-1-75,RP2350-Touch-AMOLED-1.75,Waveshare,board,0,0,0,0,1,recorded-not-rechecked,Board datasheet not yet recorded,https://docs.waveshare.com/RP2350-Touch-AMOLED-1.75
waveshare-rp2350-rp2350-touch-amoled-1-8,RP2350-Touch-AMOLED-1.8,Waveshare,board,0,0,0,0,2,recorded-not-rechecked,Board datasheet not yet recorded,https://www.waveshare.com/rp2350-touch-amoled-1.8.htm
waveshare-rp2350-rp2350-touch-amoled-2-41,RP2350-Touch-AMOLED-2.41,Waveshare,board,0,0,0,0,3,recorded-not-rechecked,Board datasheet not yet recorded,https://www.waveshare.com/rp2350-touch-amoled-2.41.htm
waveshare-rp2350-rp2350-touch-epaper-1-54,RP2350-Touch-ePaper-1.54,Waveshare,board,0,0,0,0,0,recorded-not-rechecked,Board datasheet not yet recorded; Board/device visual reference still needed,https://docs.waveshare.com/RP2350-Touch-ePaper-1.54
waveshare-rp2350-rp2350-touch-lcd-1-28,RP2350-Touch-LCD-1.28,Waveshare,board,0,0,0,0,2,recorded-not-rechecked,Board datasheet not yet recorded,https://www.waveshare.com/rp2350-touch-lcd-1.28.htm
waveshare-rp2350-rp2350-touch-lcd-1-46,RP2350-Touch-LCD-1.46,Waveshare,board,0,0,0,0,2,recorded-not-rechecked,Board datasheet not yet recorded,https://www.waveshare.com/rp2350-touch-lcd-1.46.htm
waveshare-rp2350-rp2350-touch-lcd-1-54,RP2350-Touch-LCD-1.54,Waveshare,board,0,0,0,0,0,recorded-not-rechecked,Board datasheet not yet recorded; Board/device visual reference still needed,https://docs.waveshare.com/RP2350-Touch-LCD-1.54
waveshare-rp2350-rp2350-touch-lcd-1-69,RP2350-Touch-LCD-1.69,Waveshare,board,0,0,0,0,2,recorded-not-rechecked,Board datasheet not yet recorded,https://www.waveshare.com/rp2350-touch-lcd-1.69.htm
waveshare-rp2350-rp2350-touch-lcd-1-85c,RP2350-Touch-LCD-1.85C,Waveshare,board,0,0,0,0,2,recorded-not-rechecked,Board datasheet not yet recorded,https://www.waveshare.com/rp2350-touch-lcd-1.85c.htm
waveshare-rp2350-rp2350-touch-lcd-2,RP2350-Touch-LCD-2,Waveshare,board,0,0,0,0,2,recorded-not-rechecked,Board datasheet not yet recorded,https://www.waveshare.com/rp2350-touch-lcd-2.htm
waveshare-rp2350-rp2350-touch-lcd-2-1,RP2350-Touch-LCD-2.1,Waveshare,board,0,0,0,0,2,recorded-not-rechecked,Board datasheet not yet recorded,https://www.waveshare.com/rp2350-touch-lcd-2.1.htm
waveshare-rp2350-rp2350-touch-lcd-2-8,RP2350-Touch-LCD-2.8,Waveshare,board,0,0,0,0,2,recorded-not-rechecked,Board datasheet not yet recorded,https://www.waveshare.com/rp2350-touch-lcd-2.8.htm
waveshare-rp2350-rp2350-touch-lcd-2-8c,RP2350-Touch-LCD-2.8C,Waveshare,board,0,0,0,0,2,recorded-not-rechecked,Board datasheet not yet recorded,https://www.waveshare.com/rp2350-touch-lcd-2.8c.htm
waveshare-rp2350-rp2350-touch-lcd-3-49,RP2350-Touch-LCD-3.49,Waveshare,board,0,0,0,0,2,recorded-not-rechecked,Board datasheet not yet recorded,https://www.waveshare.com/rp2350-touch-lcd-3.49.htm
waveshare-rp2350-rp2350-touch-lcd-3-5,RP2350-Touch-LCD-3.5,Waveshare,board,0,0,0,0,2,recorded-not-rechecked,Board datasheet not yet recorded,https://www.waveshare.com/rp2350-touch-lcd-3.5.htm
waveshare-rp2350-rp2350-touch-lcd-4,RP2350-Touch-LCD-4,Waveshare,board,0,0,0,0,0,recorded-not-rechecked,Board datasheet not yet recorded; Board/device visual reference still needed,https://www.waveshare.com/wiki/RP2350-Touch-LCD-4
waveshare-rp2350-rp2350-touch-lcd-4-3b,RP2350-Touch-LCD-4.3B,Waveshare,board,0,0,0,0,1,recorded-not-rechecked,Board datasheet not yet recorded,https://www.waveshare.com/rp2350-touch-lcd-4.3b.htm
waveshare-rp2350-rp2350-touch-lcd-7,RP2350-Touch-LCD-7,Waveshare,board,0,0,0,0,0,recorded-not-rechecked,Board datasheet not yet recorded; Board/device visual reference still needed,https://www.waveshare.com/wiki/RP2350-Touch-LCD-7
waveshare-rp2350-rp2350-usb-a,RP2350-USB-A,Waveshare,board,0,0,0,0,2,recorded-not-rechecked,Board datasheet not yet recorded,https://www.waveshare.com/rp2350-usb-a.htm
waveshare-rp2350-rp2350-usb-c,RP2350-USB-C,Waveshare,board,0,0,0,0,2,recorded-not-rechecked,Board datasheet not yet recorded,https://www.waveshare.com/rp2350-usb-c.htm
waveshare-rp2350-rp2350-zero,RP2350-Zero,Waveshare,board,0,0,0,0,2,recorded-not-rechecked,Board datasheet not yet recorded,https://www.waveshare.com/rp2350-zero.htm
waveshare-rp2350-rp2350-zero-cm,RP2350-Zero-CM,Waveshare,board,0,0,0,0,2,recorded-not-rechecked,Board datasheet not yet recorded,https://www.waveshare.com/rp2350-zero-cm.htm
waveshare-rp2350-rp2350b-plus-w,RP2350B-Plus-W,Waveshare,board,0,0,0,0,3,recorded-not-rechecked,Board datasheet not yet recorded,https://www.waveshare.com/rp2350b-plus-w.htm
weact-studio-rp2350-rp2350a-core-board,RP2350A Core Board,WeAct Studio,board,0,0,0,0,0,recorded-not-rechecked,Board datasheet not yet recorded; Board/device visual reference still needed,https://github.com/WeActStudio/WeActStudio.RP2350ACoreBoard
weact-studio-rp2350-rp2350a-core-v1-0,RP2350A Core v1.0,WeAct Studio,board,0,0,0,0,1,missing,Board datasheet not yet recorded; Original manufacturer website not yet identified,
weact-studio-rp2350-rp2350a-core-v2-0,RP2350A Core v2.0,WeAct Studio,board,0,0,0,0,1,missing,Board datasheet not yet recorded; Original manufacturer website not yet identified,
weact-studio-rp2350-rp2350b-core,RP2350B Core,WeAct Studio,board,0,0,0,0,1,recorded-not-rechecked,Board datasheet not yet recorded,https://github.com/WeActStudio/WeActStudio.RP2350BCoreBoard
wiznet-rp2350-w5100s-evb-pico2,W5100S-EVB-Pico2,WIZnet,board,0,0,0,0,1,recorded-not-rechecked,Board datasheet not yet recorded,https://docs.wiznet.io/Product/Chip/Ethernet/W5100S/w5100s-evb-pico2
wiznet-rp2350-w5500-evb-pico2,W5500-EVB-Pico2,WIZnet,board,0,0,0,0,1,recorded-not-rechecked,Board datasheet not yet recorded,https://docs.wiznet.io/Product/Chip/Ethernet/W5500/w5500-evb-pico2
diodes-delight-raspberry-pi-sbc-piunora,Piunora,Diodes Delight,board,0,0,0,0,0,missing,Board datasheet not yet recorded; Original manufacturer website not yet identified; Board/device visual reference still needed,
raspberry-pi-raspberry-pi-sbc-40-pin-gpio-header-shared-computer-board-reference,40-pin GPIO header - shared computer-board reference,Raspberry Pi,board,0,0,0,0,1,missing,Board datasheet not yet recorded; Original manufacturer website not yet identified,
raspberry-pi-raspberry-pi-sbc-compute-module-4,Compute Module 4,Raspberry Pi,board,0,0,0,0,0,recorded-not-rechecked,Board datasheet not yet recorded; Board/device visual reference still needed,https://www.raspberrypi.com/products/compute-module-4/
raspberry-pi-raspberry-pi-sbc-compute-module-4-io-board,Compute Module 4 IO Board,Raspberry Pi,board,1,0,0,0,2,checked-model-page,,https://pip.raspberrypi.com/categories/756-raspberry-pi-compute-module-4-io-board
raspberry-pi-raspberry-pi-sbc-model-b-revisions-and-40-pin-header-comparison,Model B revisions and 40-pin header comparison,Raspberry Pi,board,0,0,0,0,1,missing,Board datasheet not yet recorded; Original manufacturer website not yet identified,
raspberry-pi-raspberry-pi-sbc-pi-4-model-b,Pi 4 Model B,Raspberry Pi,board,0,0,0,0,0,recorded-not-rechecked,Board datasheet not yet recorded; Board/device visual reference still needed,https://www.raspberrypi.com/products/raspberry-pi-4-model-b/
raspberry-pi-raspberry-pi-sbc-3-model-a,Raspberry Pi 3 Model A+,Raspberry Pi,board,0,0,0,0,0,missing,Board datasheet not yet recorded; Original manufacturer website not yet identified; Board/device visual reference still needed,
raspberry-pi-raspberry-pi-sbc-3-model-b,Raspberry Pi 3 Model B+,Raspberry Pi,board,0,0,0,0,0,missing,Board datasheet not yet recorded; Original manufacturer website not yet identified; Board/device visual reference still needed,
raspberry-pi-raspberry-pi-sbc-4-model-b,Raspberry Pi 4 Model B,Raspberry Pi,board,0,0,0,0,1,recorded-not-rechecked,Board datasheet not yet recorded,https://www.raspberrypi.com/documentation/computers/raspberry-pi.html#gpio-and-the-40-pin-header
raspberry-pi-raspberry-pi-sbc-5,Raspberry Pi 5,Raspberry Pi,board,0,0,0,0,0,missing,Board datasheet not yet recorded; Original manufacturer website not yet identified; Board/device visual reference still needed,
raspberry-pi-raspberry-pi-sbc-500,Raspberry Pi 500,Raspberry Pi,board,0,0,0,0,0,missing,Board datasheet not yet recorded; Original manufacturer website not yet identified; Board/device visual reference still needed,
raspberry-pi-raspberry-pi-sbc-500-plus,Raspberry Pi 500 Plus,Raspberry Pi,board,0,0,0,0,0,missing,Board datasheet not yet recorded; Original manufacturer website not yet identified; Board/device visual reference still needed,
raspberry-pi-raspberry-pi-sbc-zero,Raspberry Pi Zero,Raspberry Pi,board,0,0,0,0,0,recorded-not-rechecked,Board datasheet not yet recorded; Board/device visual reference still needed,https://www.raspberrypi.com/products/raspberry-pi-zero/
raspberry-pi-raspberry-pi-sbc-zero-2-w,Raspberry Pi Zero 2 W,Raspberry Pi,board,0,0,0,0,1,recorded-not-rechecked,Board datasheet not yet recorded,https://www.raspberrypi.com/products/raspberry-pi-zero-2-w/
raspberry-pi-raspberry-pi-sbc-zero-w,Raspberry Pi Zero W,Raspberry Pi,board,0,0,0,0,0,recorded-not-rechecked,Board datasheet not yet recorded; Board/device visual reference still needed,https://www.raspberrypi.com/products/raspberry-pi-zero-w/
raspberry-pi-raspberry-pi-sbc-zero-wh,Raspberry Pi Zero WH,Raspberry Pi,board,0,0,0,0,0,missing,Board datasheet not yet recorded; Original manufacturer website not yet identified; Board/device visual reference still needed,
raspberry-pi-raspberry-pi-sbc-rpi3-b,RPi3 B,Raspberry Pi,board,0,0,0,0,0,missing,Board datasheet not yet recorded; Original manufacturer website not yet identified; Board/device visual reference still needed,
pjrc-teensy-teensy-1-0,Teensy 1.0,PJRC,board,0,0,0,0,2,recorded-not-rechecked,Board datasheet not yet recorded,https://www.pjrc.com/teensy/pinout.html
pjrc-teensy-teensy-2-0,Teensy 2.0,PJRC,board,0,0,0,0,2,recorded-not-rechecked,Board datasheet not yet recorded,https://www.pjrc.com/teensy/pinout.html
pjrc-teensy-teensy-3-0,Teensy 3.0,PJRC,board,0,0,0,0,2,recorded-not-rechecked,Board datasheet not yet recorded,https://www.pjrc.com/teensy/pinout.html
pjrc-teensy-teensy-3-1,Teensy 3.1,PJRC,board,0,0,0,0,2,recorded-not-rechecked,Board datasheet not yet recorded,https://www.pjrc.com/teensy/pinout.html
pjrc-teensy-teensy-3-2,Teensy 3.2,PJRC,board,0,0,0,0,2,recorded-not-rechecked,Board datasheet not yet recorded,https://www.pjrc.com/teensy/pinout.html
pjrc-teensy-teensy-3-5,Teensy 3.5,PJRC,board,0,0,0,0,2,recorded-not-rechecked,Board datasheet not yet recorded,https://www.pjrc.com/teensy/pinout.html
pjrc-teensy-teensy-3-6,Teensy 3.6,PJRC,board,0,0,0,0,2,recorded-not-rechecked,Board datasheet not yet recorded,https://www.pjrc.com/teensy/pinout.html
pjrc-teensy-teensy-4-0,Teensy 4.0,PJRC,board,0,0,0,0,2,recorded-not-rechecked,Board datasheet not yet recorded,https://www.pjrc.com/teensy/pinout.html
pjrc-teensy-teensy-4-1,Teensy 4.1,PJRC,board,0,0,0,0,2,recorded-not-rechecked,Board datasheet not yet recorded,https://www.pjrc.com/teensy/pinout.html
pjrc-teensy-teensy-lc,Teensy LC,PJRC,board,0,0,0,0,2,recorded-not-rechecked,Board datasheet not yet recorded,https://www.pjrc.com/teensy/pinout.html
pjrc-teensy-teensy-plus-plus-1-0,Teensy++ 1.0,PJRC,board,0,0,0,0,2,recorded-not-rechecked,Board datasheet not yet recorded,https://www.pjrc.com/teensy/pinout.html
pjrc-teensy-teensy-plus-plus-2-0,Teensy++ 2.0,PJRC,board,0,0,0,0,2,recorded-not-rechecked,Board datasheet not yet recorded,https://www.pjrc.com/teensy/pinout.html
source-board-57492cac1e1ae8b467,6060-Push,M5Stack,board,0,0,0,0,1,recorded-not-rechecked,Board datasheet not yet recorded,https://docs.m5stack.com/en/1515/6060-push
source-board-da525b9c655706bb3f,Aluminium Extrusions,M5Stack,board,0,0,0,0,5,recorded-not-rechecked,Board datasheet not yet recorded,https://docs.m5stack.com/en/1515/ap
source-board-49d8c6099b3a7b5286,Connector,M5Stack,board,0,0,0,0,11,recorded-not-rechecked,Board datasheet not yet recorded,https://docs.m5stack.com/en/1515/connectors
source-board-d11fb46eaa1e2c11c3,Corner,M5Stack,board,0,0,0,0,2,recorded-not-rechecked,Board datasheet not yet recorded,https://docs.m5stack.com/en/1515/corner
source-board-c7bfcef1d68fc45b83,Nut,M5Stack,board,0,0,0,0,1,recorded-not-rechecked,Board datasheet not yet recorded,https://docs.m5stack.com/en/1515/nut
source-board-b58ecc1d34dcdc3e04,1.27-Socket Kit for Stamp-S3,M5Stack,board,0,0,0,0,1,recorded-not-rechecked,Board datasheet not yet recorded,https://docs.m5stack.com/en/accessory/1.27-Socket%20Kit%20for%20StampS3
source-board-0a22ad2de84e38d923,485T,M5Stack,board,0,0,0,0,1,recorded-not-rechecked,Board datasheet not yet recorded,https://docs.m5stack.com/en/accessory/485t
source-board-bf541458bf93d6b6b1,Atomic ToChain Base,M5Stack,board,0,0,0,0,1,recorded-not-rechecked,Board datasheet not yet recorded,https://docs.m5stack.com/en/accessory/Atomic_ToChain_Base
source-board-4c6dddf9466ba9c6e6,Atomic ToUnit Base,M5Stack,board,0,0,0,0,1,recorded-not-rechecked,Board datasheet not yet recorded,https://docs.m5stack.com/en/accessory/Atomic_ToUnit_Base
source-board-61dc2315aba1d78807,BAVG to Socket,M5Stack,board,0,0,0,0,1,recorded-not-rechecked,Board datasheet not yet recorded,https://docs.m5stack.com/en/accessory/converter/bavg2socket
source-board-c1836e18c8afadc61f,Bus Socket SMD 13.2,M5Stack,board,0,0,0,0,1,recorded-not-rechecked,Board datasheet not yet recorded,https://docs.m5stack.com/en/accessory/bus_socket_smd_13.2
source-board-b430b7d9b47753112b,CamModule SC850SL,M5Stack,board,0,0,0,0,1,recorded-not-rechecked,Board datasheet not yet recorded,https://docs.m5stack.com/en/accessory/CamModule_SC850SL
source-board-42bedf822aedda5aac,Capsule Proto,M5Stack,board,0,0,0,0,1,recorded-not-rechecked,Board datasheet not yet recorded,https://docs.m5stack.com/en/accessory/Capsule-proto
source-board-7f3220c8f565ad56c8,Cardputer Accessory Kit,M5Stack,board,0,0,0,0,1,recorded-not-rechecked,Board datasheet not yet recorded,https://docs.m5stack.com/en/accessory/Cardputer%20Accessory%20Kit
source-board-dbd35b902578999c85,Chain Bridge,M5Stack,board,0,0,0,0,1,recorded-not-rechecked,Board datasheet not yet recorded,https://docs.m5stack.com/en/accessory/converter/Chain_Bridge
source-board-826db93b53b37a89ef,Chain Return,M5Stack,board,0,0,0,0,1,recorded-not-rechecked,Board datasheet not yet recorded,https://docs.m5stack.com/en/accessory/converter/Chain_Return
source-board-60237e7bb4061c03d2,CLIP-A,M5Stack,board,0,0,0,0,4,recorded-not-rechecked,Board datasheet not yet recorded,https://docs.m5stack.com/en/accessory/CLIP-A
source-board-a193e8448eda7a6fb6,CLIP-B,M5Stack,board,0,0,0,0,3,recorded-not-rechecked,Board datasheet not yet recorded,https://docs.m5stack.com/en/accessory/CLIP-B
source-board-5a60b64daebe8b5c0e,Display 1.14 Inch,M5Stack,board,0,0,0,0,1,recorded-not-rechecked,Board datasheet not yet recorded,https://docs.m5stack.com/en/accessory/display/Display_1.14_Inch
source-board-47b9df028bbb8a10b4,Frame,M5Stack,board,0,0,0,0,1,recorded-not-rechecked,Board datasheet not yet recorded,https://docs.m5stack.com/en/accessory/frame
source-board-6e4b9ee9a0f3979694,Grove Converter,M5Stack,board,0,0,0,0,1,recorded-not-rechecked,Board datasheet not yet recorded,https://docs.m5stack.com/en/accessory/Grove_Converter
source-board-da76e277a8985719d4,Grove T,M5Stack,board,0,0,0,0,1,recorded-not-rechecked,Board datasheet not yet recorded,https://docs.m5stack.com/en/accessory/converter/grove_t
source-board-8b7bc8abf33e9365fe,Grove to 4P,M5Stack,board,0,0,0,0,1,recorded-not-rechecked,Board datasheet not yet recorded,https://docs.m5stack.com/en/accessory/converter/grove_to_4p
source-board-8cb9bff718fbbf41b6,Grove to Grove,M5Stack,board,0,0,0,0,1,recorded-not-rechecked,Board datasheet not yet recorded,https://docs.m5stack.com/en/accessory/converter/grove2grove
source-board-cc0272832d61950412,Grove to PIN,M5Stack,board,0,0,0,0,1,recorded-not-rechecked,Board datasheet not yet recorded,https://docs.m5stack.com/en/accessory/converter/Connector_Grove_to_PIN
source-board-9e85c320e96566c801,Grove to Servo,M5Stack,board,0,0,0,0,1,recorded-not-rechecked,Board datasheet not yet recorded,https://docs.m5stack.com/en/accessory/converter/Grove_to_Servo
source-board-1a18c2638cb34d6a64,Grove to USBC,M5Stack,board,0,0,0,0,1,recorded-not-rechecked,Board datasheet not yet recorded,https://docs.m5stack.com/en/accessory/Grove2USB-C
source-board-d1dbab67bcc1e40dfe,Guide Rail,M5Stack,board,0,0,0,0,1,recorded-not-rechecked,Board datasheet not yet recorded,https://docs.m5stack.com/en/accessory/guide_rail
source-board-954672a436eee96512,HY2.0-4P SMD,M5Stack,board,0,0,0,0,1,recorded-not-rechecked,Board datasheet not yet recorded,https://docs.m5stack.com/en/accessory/converter/hy2.0_4p_smd
source-board-2aa95729cf01c806de,KeyCap,M5Stack,board,0,0,0,0,1,recorded-not-rechecked,Board datasheet not yet recorded,https://docs.m5stack.com/en/accessory/KeyCap
source-board-474f37d1111c89e165,Magnet Nut,M5Stack,board,0,0,0,0,1,recorded-not-rechecked,Board datasheet not yet recorded,https://docs.m5stack.com/en/accessory/Magnet_Nut
source-board-e6d5bcae9df6feb312,Magnetic Type-C Cable,M5Stack,board,0,0,0,0,1,recorded-not-rechecked,Board datasheet not yet recorded,https://docs.m5stack.com/en/accessory/M5%20Magnetic%20Type-C%20Cable
source-board-b481048324688ec6c4,Module Proto Frame,M5Stack,board,0,0,0,0,1,recorded-not-rechecked,Board datasheet not yet recorded,https://docs.m5stack.com/en/accessory/proto_module_frame
source-board-6449cd36be938ca196,Panel Frame,M5Stack,board,0,0,0,0,1,recorded-not-rechecked,Board datasheet not yet recorded,https://docs.m5stack.com/en/accessory/panel_frame
source-board-571cc8955eea98117f,Proto Board,M5Stack,board,0,0,0,0,1,recorded-not-rechecked,Board datasheet not yet recorded,https://docs.m5stack.com/en/accessory/proto_board
source-board-31b1a147337ceaa48e,SandwichC,M5Stack,board,0,0,0,0,1,recorded-not-rechecked,Board datasheet not yet recorded,https://docs.m5stack.com/en/accessory/sandwichc
source-board-1f73053fe9b2e13ec0,Servo Kit 180°,M5Stack,board,0,0,0,0,1,recorded-not-rechecked,Board datasheet not yet recorded,https://docs.m5stack.com/en/accessory/servo_kit
source-board-78bad7861e820767c0,Stamp-S3 GroveBreakOut,M5Stack,board,0,0,0,0,1,recorded-not-rechecked,Board datasheet not yet recorded,https://docs.m5stack.com/en/accessory/StampS3%20GroveBreakOut
source-board-dc0349f59be7face17,Stick Watch Accessory Kit,M5Stack,board,0,0,0,0,3,recorded-not-rechecked,Board datasheet not yet recorded,https://docs.m5stack.com/en/accessory/Stick_Watch_Accessory_Kit
source-board-4682de2b379124784c,StickC-Plus2 Watch Kit,M5Stack,board,0,0,0,0,1,recorded-not-rechecked,Board datasheet not yet recorded,https://docs.m5stack.com/en/accessory/M5StickC%20Plus2%20with%20Watch%20Accessories
source-board-762c4c86bf177e5fd1,Unit Proto Case,M5Stack,board,0,0,0,0,1,recorded-not-rechecked,Board datasheet not yet recorded,https://docs.m5stack.com/en/accessory/proto_unit_case
source-board-33ddabc2939210a641,Watch Dev Kit v1.1,M5Stack,board,0,0,0,0,1,recorded-not-rechecked,Board datasheet not yet recorded,https://docs.m5stack.com/en/accessory/WATCH%20v1.1%20Dev%20Kit
source-board-a3ee65a1394cc4d38c,Atom Display,M5Stack,board,0,0,0,0,1,recorded-not-rechecked,Board datasheet not yet recorded,https://docs.m5stack.com/en/atom/atom_display
source-board-208741696f5b5c40f5,Atom DTU LoRaWAN-CN470,M5Stack,board,0,0,0,0,1,recorded-not-rechecked,Board datasheet not yet recorded,https://docs.m5stack.com/en/atom/Atom%20DTU%20LoRaWAN-CN470
source-board-d86cb3a1d711815839,Atom DTU NBIoT2,M5Stack,board,0,0,0,0,1,recorded-not-rechecked,Board datasheet not yet recorded,https://docs.m5stack.com/en/atom/Atom%20DTU_NB_IoT2
source-board-59012570dfcf09c535,Atom DTU NBIoT2 v1.1,M5Stack,board,0,0,0,0,1,recorded-not-rechecked,Board datasheet not yet recorded,https://docs.m5stack.com/en/atom/Atom_DTU_NBIoT2_v1.1
source-board-aa931d3d6bb37fa0e3,Atom Hub Proto,M5Stack,board,0,0,0,0,1,recorded-not-rechecked,Board datasheet not yet recorded,https://docs.m5stack.com/en/atom/atomhub
source-board-cf4122c1d7809c7742,Atom Mate,M5Stack,board,0,0,0,0,1,recorded-not-rechecked,Board datasheet not yet recorded,https://docs.m5stack.com/en/atom/atom_mate
source-board-4f4a1ccca28f3161bc,Atom QRCode v1.1,M5Stack,board,0,0,0,0,1,recorded-not-rechecked,Board datasheet not yet recorded,https://docs.m5stack.com/en/atom/ATOM%20QR-CODE%20Kit
source-board-6ce7c855d2c2fd76a1,Atom Socket,M5Stack,board,0,0,0,0,1,recorded-not-rechecked,Board datasheet not yet recorded,https://docs.m5stack.com/en/atom/atom_socket
source-board-d821d9916a24b95388,Atom Switch,M5Stack,board,0,0,0,0,1,recorded-not-rechecked,Board datasheet not yet recorded,https://docs.m5stack.com/en/atom/atomhub_switch
source-board-2d16b7a61d15ccb3db,Atom TFCard,M5Stack,board,0,0,0,0,1,recorded-not-rechecked,Board datasheet not yet recorded,https://docs.m5stack.com/en/atom/atomictf
source-board-7241298c7f9e0d6a09,Atom Voice,M5Stack,board,0,0,0,0,1,recorded-not-rechecked,Board datasheet not yet recorded,https://docs.m5stack.com/en/atom/atomecho
source-board-1c1077044dcd101eba,Atom VoiceS3R,M5Stack,board,0,0,0,0,1,recorded-not-rechecked,Board datasheet not yet recorded,https://docs.m5stack.com/en/core/Atom_EchoS3R
source-board-474ca0108b4acc2297,Atom-Lite,M5Stack,board,0,0,0,0,1,recorded-not-rechecked,Board datasheet not yet recorded,https://docs.m5stack.com/en/core/ATOM%20Lite
source-board-41f8fa131b3051248e,Atom-Matrix,M5Stack,board,0,0,0,0,1,recorded-not-rechecked,Board datasheet not yet recorded,https://docs.m5stack.com/en/core/ATOM%20Matrix
source-board-e238e5312b86803043,Atomic,M5Stack,board,0,0,0,0,1,recorded-not-rechecked,Board datasheet not yet recorded,https://docs.m5stack.com/en/atom/atomic
source-board-ddb091241f3a888f96,Atomic Audio-3.5 Base,M5Stack,board,0,0,0,0,1,recorded-not-rechecked,Board datasheet not yet recorded,https://docs.m5stack.com/en/atom/Atomic_Audio-3.5_Base
source-board-a86363e851e441d1f3,Atomic Battery Base,M5Stack,board,0,0,0,0,1,recorded-not-rechecked,Board datasheet not yet recorded,https://docs.m5stack.com/en/atom/Atomic%20Battery%20Base
source-board-d967181ddc065b5c5b,Atomic CAN Base,M5Stack,board,0,0,0,0,1,recorded-not-rechecked,Board datasheet not yet recorded,https://docs.m5stack.com/en/atom/Atomic%20CAN%20Base
source-board-01b49114bc8c1f6a97,Atomic Display Base,M5Stack,board,0,0,0,0,1,recorded-not-rechecked,Board datasheet not yet recorded,https://docs.m5stack.com/en/atom/Atomic%20Display%20Base
source-board-de7bf9d45be54755ea,Atomic GPS Base,M5Stack,board,0,0,0,0,1,recorded-not-rechecked,Board datasheet not yet recorded,https://docs.m5stack.com/en/atom/Atomic%20GPS%20Base
source-board-d8f1456f5c9d5feb9d,Atomic GPS Base v2.0,M5Stack,board,0,0,0,0,1,recorded-not-rechecked,Board datasheet not yet recorded,https://docs.m5stack.com/en/atom/Atomic_GPS_Base_v2.0
source-board-6e44b53e5d49d49550,Atomic Motion Base,M5Stack,board,0,0,0,0,1,recorded-not-rechecked,Board datasheet not yet recorded,https://docs.m5stack.com/en/atom/Atomic%20Motion%20Base
source-board-0e99ed6e4a3fa9eed5,Atomic PoE Base,M5Stack,board,0,0,0,0,1,recorded-not-rechecked,Board datasheet not yet recorded,https://docs.m5stack.com/en/atom/Atomic%20PoE%20Base
source-board-2bf34f5de70db40699,Atomic QRCode2 Base,M5Stack,board,0,0,0,0,1,recorded-not-rechecked,Board datasheet not yet recorded,https://docs.m5stack.com/en/atom/Atomic%20QRCode2%20Base
source-board-631525883d75f9b024,Atomic SPK Base,M5Stack,board,0,0,0,0,1,recorded-not-rechecked,Board datasheet not yet recorded,https://docs.m5stack.com/en/atom/Atomic%20SPK%20Base
source-board-06fe25e5fc818123d1,Atomic Stepmotor Base,M5Stack,board,0,0,0,0,1,recorded-not-rechecked,Board datasheet not yet recorded,https://docs.m5stack.com/en/atom/Atomic%20Stepmotor%20Base
source-board-0faecc933796bd04ba,Atomic Voice Base,M5Stack,board,0,0,0,0,1,recorded-not-rechecked,Board datasheet not yet recorded,https://docs.m5stack.com/en/atom/Atomic%20Echo%20Base
source-board-db00a56414b9489bd5,AtomS3,M5Stack,board,0,0,0,0,1,recorded-not-rechecked,Board datasheet not yet recorded,https://docs.m5stack.com/en/core/AtomS3
source-board-016709a97c893351b5,Tail Bat,M5Stack,board,0,0,0,0,1,recorded-not-rechecked,Board datasheet not yet recorded,https://docs.m5stack.com/en/atom/tailbat
source-board-a50b02ed4a8c219c1c,Tail RS485,M5Stack,board,0,0,0,0,1,recorded-not-rechecked,Board datasheet not yet recorded,https://docs.m5stack.com/en/atom/tail485
source-board-1b6514403a237a2b59,Voice Pyramid,M5Stack,board,0,0,0,0,1,recorded-not-rechecked,Board datasheet not yet recorded,https://docs.m5stack.com/en/atom/Echo_Pyramid
source-board-9e5ac27cf6564d62a7,Base AAA,M5Stack,board,0,0,0,0,1,recorded-not-rechecked,Board datasheet not yet recorded,https://docs.m5stack.com/en/base/base_aaa
source-board-222dd07c366a164425,Base AC Power,M5Stack,board,0,0,0,0,1,recorded-not-rechecked,Board datasheet not yet recorded,https://docs.m5stack.com/en/base/ac_power
source-board-05fc81318ac639cb54,Base Bottom v1.1,M5Stack,board,0,0,0,0,1,recorded-not-rechecked,Board datasheet not yet recorded,https://docs.m5stack.com/en/base/BLACK-BOTTOM_V1.1
source-board-ebd0730db329290f94,Base BTC,M5Stack,board,0,0,0,0,1,recorded-not-rechecked,Board datasheet not yet recorded,https://docs.m5stack.com/en/base/btc_base
source-board-776cf248a085c91f5b,Base DIN,M5Stack,board,0,0,0,0,1,recorded-not-rechecked,Board datasheet not yet recorded,https://docs.m5stack.com/en/base/DIN%20BASE
source-board-e3736b3da12836828d,Base DMX,M5Stack,board,0,0,0,0,1,recorded-not-rechecked,Board datasheet not yet recorded,https://docs.m5stack.com/en/base/DMX_Base
source-board-b06551639f7a523f9f,Base Dual 16340,M5Stack,board,0,0,0,0,1,recorded-not-rechecked,Board datasheet not yet recorded,https://docs.m5stack.com/en/base/Base_Dual_16340
source-board-1765fafdbeffdee8ac,Base LAN,M5Stack,board,0,0,0,0,1,recorded-not-rechecked,Board datasheet not yet recorded,https://docs.m5stack.com/en/base/lan_base
source-board-595c083ddc9277addb,Base LAN PoE v1.2,M5Stack,board,0,0,0,0,1,recorded-not-rechecked,Board datasheet not yet recorded,https://docs.m5stack.com/en/base/lan_poe_v12
source-board-8db6b3a7d82af5e109,Base M5GO Bottom,M5Stack,board,0,0,0,0,1,recorded-not-rechecked,Board datasheet not yet recorded,https://docs.m5stack.com/en/base/m5go_bottom
source-board-f7de86290aace08049,Base M5GO Bottom2 v1.3,M5Stack,board,0,0,0,0,1,recorded-not-rechecked,Board datasheet not yet recorded,https://docs.m5stack.com/en/base/Base_M5GO_Bottom2_v1.3
source-board-51455af15d25dddd34,Base M5GO Charger,M5Stack,board,0,0,0,0,1,recorded-not-rechecked,Board datasheet not yet recorded,https://docs.m5stack.com/en/base/m5go_charger
source-board-94cf55d3384002471a,Base PLC-M12,M5Stack,board,0,0,0,0,1,recorded-not-rechecked,Board datasheet not yet recorded,https://docs.m5stack.com/en/base/plc_m12
source-board-fddbe7e2c2e3a86e03,Base X,M5Stack,board,0,0,0,0,1,recorded-not-rechecked,Board datasheet not yet recorded,https://docs.m5stack.com/en/base/basex
source-board-b3ff3fa15c5e1dc487,Base15,M5Stack,board,0,0,0,0,1,recorded-not-rechecked,Board datasheet not yet recorded,https://docs.m5stack.com/en/base/base15
source-board-78096def53a41357fa,Base26,M5Stack,board,0,0,0,0,1,recorded-not-rechecked,Board datasheet not yet recorded,https://docs.m5stack.com/en/base/base26
source-board-9febb1a95664acbbdf,IoT Base CatM,M5Stack,board,0,0,0,0,1,recorded-not-rechecked,Board datasheet not yet recorded,https://docs.m5stack.com/en/base/iot_base_catm
source-board-91f67729d0cbe1a390,IoT Base NBIoT-CN,M5Stack,board,0,0,0,0,1,recorded-not-rechecked,Board datasheet not yet recorded,https://docs.m5stack.com/en/base/iot_base_nb_cn
source-board-4387171815548b2ff4,IoT Base Thermal Online CatM,M5Stack,board,0,0,0,0,1,recorded-not-rechecked,Board datasheet not yet recorded,https://docs.m5stack.com/en/base/thermalonline_catm
source-board-5ecba9322a25331bc8,StackChan Body,M5Stack,board,0,0,0,0,1,recorded-not-rechecked,Board datasheet not yet recorded,https://docs.m5stack.com/en/base/StackChan_Body
source-board-c9149fec7e585fb545,Cap CC1101,M5Stack,board,0,0,0,0,1,recorded-not-rechecked,Board datasheet not yet recorded,https://docs.m5stack.com/en/cap/Cap_CC1101
source-board-58b723a0e6d0c4f9f5,Cap LoRa-1262,M5Stack,board,0,0,0,0,1,recorded-not-rechecked,Board datasheet not yet recorded,https://docs.m5stack.com/en/cap/Cap_LoRa-1262
source-board-6feafee61eb3334d5e,Cap LoRa868,M5Stack,board,0,0,0,0,1,recorded-not-rechecked,Board datasheet not yet recorded,https://docs.m5stack.com/en/cap/Cap_LoRa868
source-board-b1a05b454e3b933e4e,Cardputer,M5Stack,board,0,0,0,0,1,recorded-not-rechecked,Board datasheet not yet recorded,https://docs.m5stack.com/en/core/Cardputer
source-board-d77e014d519192bc08,Cardputer Mesh Kit,M5Stack,board,0,0,0,0,1,recorded-not-rechecked,Board datasheet not yet recorded,https://docs.m5stack.com/en/core/Cardputer_Mesh_Kit
source-board-f5f80748f890bf0b9a,Chain Angle,M5Stack,board,0,0,0,0,1,recorded-not-rechecked,Board datasheet not yet recorded,https://docs.m5stack.com/en/chain/Chain_Angle
source-board-86185be9fb0acf9187,Chain Blank,M5Stack,board,0,0,0,0,1,recorded-not-rechecked,Board datasheet not yet recorded,https://docs.m5stack.com/en/chain/Chain_Blank
source-board-018197c2ee57fb1b2f,Chain Buzzer,M5Stack,board,0,0,0,0,1,recorded-not-rechecked,Board datasheet not yet recorded,https://docs.m5stack.com/en/chain/Chain_Buzzer
source-board-60579f1faed5fea3f0,Chain DualKey,M5Stack,board,0,0,0,0,1,recorded-not-rechecked,Board datasheet not yet recorded,https://docs.m5stack.com/en/chain/Chain_DualKey
source-board-afc62a0b699d555d6b,Chain Encoder,M5Stack,board,0,0,0,0,1,recorded-not-rechecked,Board datasheet not yet recorded,https://docs.m5stack.com/en/chain/Chain_Encoder
source-board-b75894da7240bc0597,Chain Joystick,M5Stack,board,0,0,0,0,1,recorded-not-rechecked,Board datasheet not yet recorded,https://docs.m5stack.com/en/chain/Chain_Joystick
source-board-11fe49807dca386af1,Chain Key,M5Stack,board,0,0,0,0,1,recorded-not-rechecked,Board datasheet not yet recorded,https://docs.m5stack.com/en/chain/Chain_Key
source-board-f3beadd48f89c7cd3e,Chain Mono,M5Stack,board,0,0,0,0,1,recorded-not-rechecked,Board datasheet not yet recorded,https://docs.m5stack.com/en/chain/Chain_Mono
source-board-43452e19ccc479c268,Chain Mount,M5Stack,board,0,0,0,0,1,recorded-not-rechecked,Board datasheet not yet recorded,https://docs.m5stack.com/en/chain/Chain_Mount
source-board-9a4821dd6b3132ad0e,Chain PIR,M5Stack,board,0,0,0,0,1,recorded-not-rechecked,Board datasheet not yet recorded,https://docs.m5stack.com/en/chain/Chain_PIR
source-board-f7a61346daa4a5d9d1,Chain ToF,M5Stack,board,0,0,0,0,1,recorded-not-rechecked,Board datasheet not yet recorded,https://docs.m5stack.com/en/chain/Chain_ToF
source-board-b5d19cbbec5a5c8ee7,AI Pyramid,M5Stack,board,0,0,0,0,1,recorded-not-rechecked,Board datasheet not yet recorded,https://docs.m5stack.com/en/ai_hardware/AI_Pyramid
source-board-df22717fc35261a7fc,LLM-8850 Card,M5Stack,board,0,0,0,0,1,recorded-not-rechecked,Board datasheet not yet recorded,https://docs.m5stack.com/en/ai_hardware/LLM-8850_Card
source-board-7636669ce880cc63ca,LLM-8850 Kit,M5Stack,board,0,0,0,0,1,recorded-not-rechecked,Board datasheet not yet recorded,https://docs.m5stack.com/en/ai_hardware/LLM-8850_Kit
source-board-b39a307feb2956657f,Basic,M5Stack,board,0,0,0,0,1,recorded-not-rechecked,Board datasheet not yet recorded,https://docs.m5stack.com/en/core/basic
source-board-7248f9fc326a4d6853,Core Metal,M5Stack,board,0,0,0,0,1,recorded-not-rechecked,Board datasheet not yet recorded,https://docs.m5stack.com/en/core/CORE%20Metal
source-board-d43cf2169f45b52c21,Core2 For AWS,M5Stack,board,0,0,0,0,1,recorded-not-rechecked,Board datasheet not yet recorded,https://docs.m5stack.com/en/core/core2_for_aws
source-board-e26c1d94097665811a,Core2 For AWS v1.3,M5Stack,board,0,0,0,0,1,recorded-not-rechecked,Board datasheet not yet recorded,https://docs.m5stack.com/en/core/Core2_For_AWS_v1.3
source-board-4bb8e8491bfda69bc4,Core2 v1.3,M5Stack,board,0,0,0,0,1,recorded-not-rechecked,Board datasheet not yet recorded,https://docs.m5stack.com/en/core/Core2_v1.3
source-board-9a155c0d44af0ff70d,CoreS3 Thread BR,M5Stack,board,0,0,0,0,1,recorded-not-rechecked,Board datasheet not yet recorded,https://docs.m5stack.com/en/core/CoreS3_Thread_BR
source-board-5b49f71851046f66df,Fire,M5Stack,board,0,0,0,0,2,recorded-not-rechecked,Board datasheet not yet recorded,https://docs.m5stack.com/en/core/fire
source-board-4cc4250cd910efda18,StackChan,M5Stack,board,0,0,0,0,2,recorded-not-rechecked,Board datasheet not yet recorded,https://docs.m5stack.com/en/StackChan
source-board-16add3f5d8350cb185,Tough,M5Stack,board,0,0,0,0,1,recorded-not-rechecked,Board datasheet not yet recorded,https://docs.m5stack.com/en/core/tough
source-board-b565ce3b072df52f79,Faces Bottom3,M5Stack,board,0,0,0,0,2,recorded-not-rechecked,Board datasheet not yet recorded,https://docs.m5stack.com/en/faces/Faces_Bottom3
source-board-9eefc93576d6d2e68e,Faces Calculator3,M5Stack,board,0,0,0,0,1,recorded-not-rechecked,Board datasheet not yet recorded,https://docs.m5stack.com/en/faces/Faces_Calculator3
source-board-84312f51f4f10bbd1a,Faces Gamepad3,M5Stack,board,0,0,0,0,1,recorded-not-rechecked,Board datasheet not yet recorded,https://docs.m5stack.com/en/faces/Faces_Gamepad3
source-board-a390fe2249279e4af6,Faces Keyboard3,M5Stack,board,0,0,0,0,1,recorded-not-rechecked,Board datasheet not yet recorded,https://docs.m5stack.com/en/faces/Faces_Keyboard3
source-board-cf10c114c8ee9a736d,Hat 18650C,M5Stack,board,0,0,0,0,1,recorded-not-rechecked,Board datasheet not yet recorded,https://docs.m5stack.com/en/hat/hat-18650
source-board-105bcbcfa4c4e66ee4,Hat 8Servos v1.1,M5Stack,board,0,0,0,0,1,recorded-not-rechecked,Board datasheet not yet recorded,https://docs.m5stack.com/en/hat/hat_8servos_1.1
source-board-4877090d95c8cc8f2d,Hat ADC,M5Stack,board,0,0,0,0,1,recorded-not-rechecked,Board datasheet not yet recorded,https://docs.m5stack.com/en/hat/hat-adc
source-board-ee823cc0c739cc68a9,Hat CBack Driver,M5Stack,board,0,0,0,0,1,recorded-not-rechecked,Board datasheet not yet recorded,https://docs.m5stack.com/en/hat/c_back_driver
source-board-3555cd753818111656,Hat CBack NBIoT,M5Stack,board,0,0,0,0,1,recorded-not-rechecked,Board datasheet not yet recorded,https://docs.m5stack.com/en/hat/C-BACK%20NB-IoT(SIM7020G)
source-board-1d0ea8ec55f0a394ad,Hat DAC2,M5Stack,board,0,0,0,0,1,recorded-not-rechecked,Board datasheet not yet recorded,https://docs.m5stack.com/en/hat/Hat-DAC2
source-board-399ef10be4806ce3ed,Hat DLight,M5Stack,board,0,0,0,0,1,recorded-not-rechecked,Board datasheet not yet recorded,https://docs.m5stack.com/en/hat/hat_dlight
source-board-3cedaa892782fc5525,Hat ENV-III,M5Stack,board,0,0,0,0,1,recorded-not-rechecked,Board datasheet not yet recorded,https://docs.m5stack.com/en/hat/hat_envIII
source-board-7b5f0350320324f1f7,Hat Finger,M5Stack,board,0,0,0,0,1,recorded-not-rechecked,Board datasheet not yet recorded,https://docs.m5stack.com/en/hat/hat-finger
source-board-d2d3f4c368230182e4,Hat JoyC,M5Stack,board,0,0,0,0,1,recorded-not-rechecked,Board datasheet not yet recorded,https://docs.m5stack.com/en/hat/hat-joyc
source-board-e6b5d24c07beacbcef,Hat Joystick,M5Stack,board,0,0,0,0,1,recorded-not-rechecked,Board datasheet not yet recorded,https://docs.m5stack.com/en/hat/hat-joystick
source-board-649edcf48a6fd38ddc,Hat Mini EncoderC,M5Stack,board,0,0,0,0,1,recorded-not-rechecked,Board datasheet not yet recorded,https://docs.m5stack.com/en/hat/MiniEncoderC%20Hat
source-board-dc2d1e6efbc6a3aec1,Hat Mini JoyC,M5Stack,board,0,0,0,0,1,recorded-not-rechecked,Board datasheet not yet recorded,https://docs.m5stack.com/en/hat/MiniJoyC
source-board-3dd88ccd022a68d8c4,Hat NCIR,M5Stack,board,0,0,0,0,1,recorded-not-rechecked,Board datasheet not yet recorded,https://docs.m5stack.com/en/hat/hat-ncir
source-board-58e701d75367d6990c,Hat PIR,M5Stack,board,0,0,0,0,1,recorded-not-rechecked,Board datasheet not yet recorded,https://docs.m5stack.com/en/hat/hat-pir
source-board-370b1f4efeb3ea0a02,Hat Proto,M5Stack,board,0,0,0,0,1,recorded-not-rechecked,Board datasheet not yet recorded,https://docs.m5stack.com/en/hat/hat-proto
source-board-b74501e755e031e6a7,Hat RS485,M5Stack,board,0,0,0,0,1,recorded-not-rechecked,Board datasheet not yet recorded,https://docs.m5stack.com/en/hat/hat-rs485
source-board-ed7f3f5ab940b544a5,Hat Servo,M5Stack,board,0,0,0,0,1,recorded-not-rechecked,Board datasheet not yet recorded,https://docs.m5stack.com/en/hat/hat-servo
source-board-11ec39816e44d7ec1f,Hat SPK,M5Stack,board,0,0,0,0,1,recorded-not-rechecked,Board datasheet not yet recorded,https://docs.m5stack.com/en/hat/hat-spk
source-board-cc4c1aeca6adcb313e,Hat Thermal,M5Stack,board,0,0,0,0,1,recorded-not-rechecked,Board datasheet not yet recorded,https://docs.m5stack.com/en/hat/hat-thermal
source-board-6f2f741b0af65afa7a,Hat ToF,M5Stack,board,0,0,0,0,1,recorded-not-rechecked,Board datasheet not yet recorded,https://docs.m5stack.com/en/hat/hat-tof
source-board-dd1dfe21c8f7ff15bc,Hat Vibrator,M5Stack,board,0,0,0,0,1,recorded-not-rechecked,Board datasheet not yet recorded,https://docs.m5stack.com/en/hat/HAT-Vibrator
source-board-7f498022d5cd12274a,Atom JoyStick,M5Stack,board,0,0,0,0,1,recorded-not-rechecked,Board datasheet not yet recorded,https://docs.m5stack.com/en/app/Atom%20JoyStick
source-board-e79956a4c0b01a40b6,Atom JoyStick v1.1,M5Stack,board,0,0,0,0,1,recorded-not-rechecked,Board datasheet not yet recorded,https://docs.m5stack.com/en/app/Atom_JoyStick_v1.1
source-board-226e53b100adda2b6a,BugC2,M5Stack,board,0,0,0,0,1,recorded-not-rechecked,Board datasheet not yet recorded,https://docs.m5stack.com/en/app/BUGC2
source-board-0b2d1ea98a7d7a686e,Demo Board,M5Stack,board,0,0,0,0,1,recorded-not-rechecked,Board datasheet not yet recorded,https://docs.m5stack.com/en/app/demo-board
source-board-1be2470e4282a1d527,Demo Board-SHT30,M5Stack,board,0,0,0,0,1,recorded-not-rechecked,Board datasheet not yet recorded,https://docs.m5stack.com/en/app/demo-board_sht30
source-board-0d52d9da07e5dc63a9,LidarBot,M5Stack,board,0,0,0,0,1,recorded-not-rechecked,Board datasheet not yet recorded,https://docs.m5stack.com/en/app/lidarbot
source-board-d8775e9e36120c2195,PM2.5 Air Quality Kit-SHT30,M5Stack,board,0,0,0,0,1,recorded-not-rechecked,Board datasheet not yet recorded,https://docs.m5stack.com/en/app/PM2.5_Air_Quality_Kit-SHT30
source-board-0b4fcf9abac318ec5a,Scales Kit,M5Stack,board,0,0,0,0,1,recorded-not-rechecked,Board datasheet not yet recorded,https://docs.m5stack.com/en/app/scales_kit
source-board-5e4088c95cfe8d7990,StampFly,M5Stack,board,0,0,0,0,1,recorded-not-rechecked,Board datasheet not yet recorded,https://docs.m5stack.com/en/app/Stamp%20Fly
source-board-00671040984b2260ab,StampFly v1.1,M5Stack,board,0,0,0,0,1,recorded-not-rechecked,Board datasheet not yet recorded,https://docs.m5stack.com/en/app/StampFly_v1.1
source-board-8ab88ebf65cd65ab2c,T-Lite,M5Stack,board,0,0,0,0,1,recorded-not-rechecked,Board datasheet not yet recorded,https://docs.m5stack.com/en/app/T-Lite
source-board-6e3dc9690edea8068a,Module 4EncoderMotor,M5Stack,board,0,0,0,0,1,recorded-not-rechecked,Board datasheet not yet recorded,https://docs.m5stack.com/en/module/Module-4EncoderMotor
source-board-a56f7ffa7285274433,Module 4EncoderMotor v1.1,M5Stack,board,0,0,0,0,1,recorded-not-rechecked,Board datasheet not yet recorded,https://docs.m5stack.com/en/module/Module_4EncoderMotor_V1.1
source-board-3b299715f598234f5a,Module Air Quality,M5Stack,board,0,0,0,0,1,recorded-not-rechecked,Board datasheet not yet recorded,https://docs.m5stack.com/en/module/PM2.5%20AIR%20QUALITY%20KIT%20(Excluding%20Core)
source-board-30d9237b1f6dcddf5c,Module ASR,M5Stack,board,0,0,0,0,1,recorded-not-rechecked,Board datasheet not yet recorded,https://docs.m5stack.com/en/module/Module_ASR
source-board-c203ae1acad081e528,Module Battery,M5Stack,board,0,0,0,0,1,recorded-not-rechecked,Board datasheet not yet recorded,https://docs.m5stack.com/en/module/battery
source-board-4a5f789a23ee2fe5d5,Module Bus,M5Stack,board,0,0,0,0,1,recorded-not-rechecked,Board datasheet not yet recorded,https://docs.m5stack.com/en/module/bus
source-board-27ec83602a0e893308,Module CC1101,M5Stack,board,0,0,0,0,1,recorded-not-rechecked,Board datasheet not yet recorded,https://docs.m5stack.com/en/module/Module_CC1101
source-board-83e8ae5da6a0f34206,Module COMMU,M5Stack,board,0,0,0,0,1,recorded-not-rechecked,Board datasheet not yet recorded,https://docs.m5stack.com/en/module/commu
source-board-a3728068228391b3e1,Module COMX Cat1,M5Stack,board,0,0,0,0,1,recorded-not-rechecked,Board datasheet not yet recorded,https://docs.m5stack.com/en/module/comx_cat1
source-board-c560ffe2964a48351a,Module ExtPort For Core2,M5Stack,board,0,0,0,0,2,recorded-not-rechecked,Board datasheet not yet recorded,https://docs.m5stack.com/en/module/extport_for_core2
source-board-95f3859b605dab0a85,Module Fan v1.1,M5Stack,board,0,0,0,0,1,recorded-not-rechecked,Board datasheet not yet recorded,https://docs.m5stack.com/en/module/Module%20Fan%20v1.1
source-board-c6c79d67f42fa85245,Module Gateway H2,M5Stack,board,0,0,0,0,1,recorded-not-rechecked,Board datasheet not yet recorded,https://docs.m5stack.com/en/module/Module%20Gateway%20H2
source-board-44364c1110885a327e,Module GPS v2.1,M5Stack,board,0,0,0,0,1,recorded-not-rechecked,Board datasheet not yet recorded,https://docs.m5stack.com/en/module/Module_GPS_v2.1
source-board-05507662d78ca9da33,Module HMI,M5Stack,board,0,0,0,0,1,recorded-not-rechecked,Board datasheet not yet recorded,https://docs.m5stack.com/en/module/HMI%20Module
source-board-5184d306f94dee5e99,Module LoRa433 v1.1,M5Stack,board,0,0,0,0,1,recorded-not-rechecked,Board datasheet not yet recorded,https://docs.m5stack.com/en/module/Module-LoRa433_V1.1
source-board-19fedbc3541758cfe4,Module LoRaWAN-EU868,M5Stack,board,0,0,0,0,1,recorded-not-rechecked,Board datasheet not yet recorded,https://docs.m5stack.com/en/module/Module_LoRaWAN-EU868
source-board-f09cfb45256c52238e,Module Proto,M5Stack,board,0,0,0,0,1,recorded-not-rechecked,Board datasheet not yet recorded,https://docs.m5stack.com/en/module/proto
source-board-ca5ac5069f3672db8c,Module13.2 2Relay,M5Stack,board,0,0,0,0,1,recorded-not-rechecked,Board datasheet not yet recorded,https://docs.m5stack.com/en/module/2Relay
source-board-9180b6a15972b74fad,Module13.2 4In8Out,M5Stack,board,0,0,0,0,1,recorded-not-rechecked,Board datasheet not yet recorded,https://docs.m5stack.com/en/module/4in8out
source-board-de2383c9a997eba58a,Module13.2 4Relay v1.1,M5Stack,board,0,0,0,0,1,recorded-not-rechecked,Board datasheet not yet recorded,https://docs.m5stack.com/en/module/4Relay%20Module%2013.2_V1.1
source-board-0b4a243a3290908eda,Module13.2 AIN4-20mA,M5Stack,board,0,0,0,0,1,recorded-not-rechecked,Board datasheet not yet recorded,https://docs.m5stack.com/en/module/AIN4-20mA%20Module%2013.2
source-board-a0521067c5e5c9ec95,Module13.2 Battery,M5Stack,board,0,0,0,0,1,recorded-not-rechecked,Board datasheet not yet recorded,https://docs.m5stack.com/en/module/battery13.2
source-board-0297d6aa0621cf50c4,Module13.2 BLDC Drvier,M5Stack,board,0,0,0,0,1,recorded-not-rechecked,Board datasheet not yet recorded,https://docs.m5stack.com/en/module/odrive
source-board-8e3d770acbcff70eaa,Module13.2 Display,M5Stack,board,0,0,0,0,1,recorded-not-rechecked,Board datasheet not yet recorded,https://docs.m5stack.com/en/module/Display%20Module%2013.2
source-board-4973313592458e3a6a,Module13.2 Dual Kmeter,M5Stack,board,0,0,0,0,1,recorded-not-rechecked,Board datasheet not yet recorded,https://docs.m5stack.com/en/module/DualKmeter%20Module13.2
source-board-0792da4c3ab81f4173,Module13.2 ECG,M5Stack,board,0,0,0,0,1,recorded-not-rechecked,Board datasheet not yet recorded,https://docs.m5stack.com/en/module/ecg
source-board-b51092673193244dbf,Module13.2 GoPlus2,M5Stack,board,0,0,0,0,1,recorded-not-rechecked,Board datasheet not yet recorded,https://docs.m5stack.com/en/module/goplus2
source-board-84d351cb075336ebda,Module13.2 GRBL,M5Stack,board,0,0,0,0,1,recorded-not-rechecked,Board datasheet not yet recorded,https://docs.m5stack.com/en/module/grbl13.2
source-board-c72b7f5c7431b5dc7f,Module13.2 PPS,M5Stack,board,0,0,0,0,1,recorded-not-rechecked,Board datasheet not yet recorded,https://docs.m5stack.com/en/module/Module13.2-PPS
source-board-8fbf3b9eb29a1eb700,Module13.2 Proto,M5Stack,board,0,0,0,0,1,recorded-not-rechecked,Board datasheet not yet recorded,https://docs.m5stack.com/en/module/proto13.2
source-board-d80bde771aecefeb74,Module13.2 Proto-Meas,M5Stack,board,0,0,0,0,1,recorded-not-rechecked,Board datasheet not yet recorded,https://docs.m5stack.com/en/module/proto13.2_mesu
source-board-b9e9cca64dddf0e6aa,Module13.2 QRCode,M5Stack,board,0,0,0,0,1,recorded-not-rechecked,Board datasheet not yet recorded,https://docs.m5stack.com/en/module/Module13.2_QRCode
source-board-428d05b083fd4de67e,Module13.2 RCA,M5Stack,board,0,0,0,0,1,recorded-not-rechecked,Board datasheet not yet recorded,https://docs.m5stack.com/en/module/RCA%20Module%2013.2
source-board-5e56132d0a5c47db56,Module13.2 RS232F,M5Stack,board,0,0,0,0,1,recorded-not-rechecked,Board datasheet not yet recorded,https://docs.m5stack.com/en/module/RS232F%20Module%2013.2
source-board-f0d28a23bf4b251145,Module13.2 Servo2,M5Stack,board,0,0,0,0,1,recorded-not-rechecked,Board datasheet not yet recorded,https://docs.m5stack.com/en/module/servo2
source-board-252d28a0c9ecfb3277,Stamp ISP,M5Stack,board,0,0,0,0,1,recorded-not-rechecked,Board datasheet not yet recorded,https://docs.m5stack.com/en/module/StampISP
source-board-60f1879faa5e41dd97,Stamp Timer Power,M5Stack,board,0,0,0,0,1,recorded-not-rechecked,Board datasheet not yet recorded,https://docs.m5stack.com/en/module/StampTimerPower
source-board-4a3f46fbd1ee9fafcc,Air Quality,M5Stack,board,0,0,0,0,1,recorded-not-rechecked,Board datasheet not yet recorded,https://docs.m5stack.com/en/core/Air_Quality
source-board-c7abeb928b8dabd964,Air Quality v1.1,M5Stack,board,0,0,0,0,1,recorded-not-rechecked,Board datasheet not yet recorded,https://docs.m5stack.com/en/core/Air_Quality_v1.1
source-board-a363aa4df93d30377d,Arduino Nesso N1,M5Stack,board,0,0,0,0,3,recorded-not-rechecked,Board datasheet not yet recorded,https://docs.m5stack.com/en/core/Arduino_Nesso_N1
source-board-2e468ee183dfdf8945,Dial v1.1,M5Stack,board,0,0,0,0,1,recorded-not-rechecked,Board datasheet not yet recorded,https://docs.m5stack.com/en/core/M5Dial%20V1.1
source-board-78312b711a6be4a8c3,DinMeter,M5Stack,board,0,0,0,0,1,recorded-not-rechecked,Board datasheet not yet recorded,https://docs.m5stack.com/en/core/M5DinMeter
source-board-f896f8e97d84ac2686,NanoC6,M5Stack,board,0,0,0,0,1,recorded-not-rechecked,Board datasheet not yet recorded,https://docs.m5stack.com/en/core/M5NanoC6
source-board-6185da76f83b0f69dd,PowerHub,M5Stack,board,0,0,0,0,1,recorded-not-rechecked,Board datasheet not yet recorded,https://docs.m5stack.com/en/core/PowerHub
source-board-e457087f1495af50c8,StopWatch,M5Stack,board,0,0,0,0,1,recorded-not-rechecked,Board datasheet not yet recorded,https://docs.m5stack.com/en/core/StopWatch
source-board-8acd9ca04c54eb4648,SwitchC6,M5Stack,board,0,0,0,0,1,recorded-not-rechecked,Board datasheet not yet recorded,https://docs.m5stack.com/en/iot/SwitchC6
source-board-e1d2f2e92df36ccd92,VAMeter,M5Stack,board,0,0,0,0,1,recorded-not-rechecked,Board datasheet not yet recorded,https://docs.m5stack.com/en/core/VA%20Meter
source-board-96cbaa9b0a7a27839f,CoreInk,M5Stack,board,0,0,0,0,1,recorded-not-rechecked,Board datasheet not yet recorded,https://docs.m5stack.com/en/core/coreink
source-board-30a956c87d7dcf4e3c,CoreInk Proto Base,M5Stack,board,0,0,0,0,1,recorded-not-rechecked,Board datasheet not yet recorded,https://docs.m5stack.com/en/coreink/proto_base
source-board-5654dd9b9e82931965,Paper,M5Stack,board,0,0,0,0,1,recorded-not-rechecked,Board datasheet not yet recorded,https://docs.m5stack.com/en/core/m5paper
source-board-dcfd0558f06c475600,PaperColor,M5Stack,board,0,0,0,0,1,recorded-not-rechecked,Board datasheet not yet recorded,https://docs.m5stack.com/en/core/PaperColor
source-board-ec1a5f98814395d523,PaperMono,M5Stack,board,0,0,0,0,1,recorded-not-rechecked,Board datasheet not yet recorded,https://docs.m5stack.com/en/core/PaperMono
source-board-7a09d81ba79e06acb2,PaperS3,M5Stack,board,0,0,0,0,1,recorded-not-rechecked,Board datasheet not yet recorded,https://docs.m5stack.com/en/core/PaperS3
source-board-fce2e6219b7df281a8,Stamp Cat1,M5Stack,board,0,0,0,0,1,recorded-not-rechecked,Board datasheet not yet recorded,https://docs.m5stack.com/en/stamp/stamp_cat1
source-board-d469340b08b191e4f2,Stamp IO,M5Stack,board,0,0,0,0,1,recorded-not-rechecked,Board datasheet not yet recorded,https://docs.m5stack.com/en/stamp/stamp_io
source-board-530769f84cc4ce6441,Stamp PWR485,M5Stack,board,0,0,0,0,1,recorded-not-rechecked,Board datasheet not yet recorded,https://docs.m5stack.com/en/stamp/stamp_pwr485
source-board-26502d3bfd4e3d490f,Stamp-C3,M5Stack,board,0,0,0,0,1,recorded-not-rechecked,Board datasheet not yet recorded,https://docs.m5stack.com/en/core/stamp_c3
source-board-3f9607529b57eb2ff6,Stamp-S3 BreakOut,M5Stack,board,0,0,0,0,1,recorded-not-rechecked,Board datasheet not yet recorded,https://docs.m5stack.com/en/stamp/StampS3BreakOut
source-board-8894cb7c12ef3c5b52,Stamp-S3A PIN1.27,M5Stack,board,0,0,0,0,1,recorded-not-rechecked,Board datasheet not yet recorded,https://docs.m5stack.com/en/core/Stamp-S3A_PIN127
source-board-aacdff2ecaa00a03c9,Stamp-S3A PIN2.54,M5Stack,board,0,0,0,0,1,recorded-not-rechecked,Board datasheet not yet recorded,https://docs.m5stack.com/en/core/Stamp-S3A_PIN254
source-board-a88a1fadbe8a66e238,StamPLC,M5Stack,board,0,0,0,0,1,recorded-not-rechecked,Board datasheet not yet recorded,https://docs.m5stack.com/en/core/StamPLC
source-board-caaf0accdd6bf81861,StamPLC AC,M5Stack,board,0,0,0,0,1,recorded-not-rechecked,Board datasheet not yet recorded,https://docs.m5stack.com/en/stamplc/StamPLC_AC
source-board-a59b6e38adee032109,StamPLC IO,M5Stack,board,0,0,0,0,1,recorded-not-rechecked,Board datasheet not yet recorded,https://docs.m5stack.com/en/stamplc/StamPLC_IO
source-board-74eada22f46e8feb79,StamPLC PoE,M5Stack,board,0,0,0,0,1,recorded-not-rechecked,Board datasheet not yet recorded,https://docs.m5stack.com/en/stamplc/StamPLC_PoE
source-board-33e2cea8feb8e51971,StickC-Plus SE,M5Stack,board,0,0,0,0,1,recorded-not-rechecked,Board datasheet not yet recorded,https://docs.m5stack.com/en/core/StickC-Plus_SE
source-board-baa53577358800c353,StickS3,M5Stack,board,0,0,0,0,1,recorded-not-rechecked,Board datasheet not yet recorded,https://docs.m5stack.com/en/core/StickS3
source-board-b62f34dd7646a14976,StickT2,M5Stack,board,0,0,0,0,1,recorded-not-rechecked,Board datasheet not yet recorded,https://docs.m5stack.com/en/core/m5stickt
source-board-f638cdc063642c1013,Tab5,M5Stack,board,0,0,0,0,1,recorded-not-rechecked,Board datasheet not yet recorded,https://docs.m5stack.com/en/core/Tab5
source-board-2c598ac059aab841e4,Tab5 Keyboard,M5Stack,board,0,0,0,0,1,recorded-not-rechecked,Board datasheet not yet recorded,https://docs.m5stack.com/en/tab5/Tab5_Keyboard
source-board-1555d961d806689c58,ESP32-CAM PSRAM,M5Stack,board,0,0,0,0,1,recorded-not-rechecked,Board datasheet not yet recorded,https://docs.m5stack.com/en/unit/ESP32CAM-PSRAM
source-board-19e516de7475584e02,M5Camera-X,M5Stack,board,0,0,0,0,1,recorded-not-rechecked,Board datasheet not yet recorded,https://docs.m5stack.com/en/unit/m5camera_x
source-board-95245d48ae18b8809f,TimerCamera-F,M5Stack,board,0,0,0,0,1,recorded-not-rechecked,Board datasheet not yet recorded,https://docs.m5stack.com/en/unit/timercam_f
source-board-65eb2a314dd301abcc,Unit 2Relay,M5Stack,board,0,0,0,0,1,recorded-not-rechecked,Board datasheet not yet recorded,https://docs.m5stack.com/en/unit/2relay
source-board-11aeaf594ae1cec034,Unit 3.96,M5Stack,board,0,0,0,0,1,recorded-not-rechecked,Board datasheet not yet recorded,https://docs.m5stack.com/en/unit/396port
source-board-7a1c360932c2af5e64,Unit 4Relay,M5Stack,board,0,0,0,0,1,recorded-not-rechecked,Board datasheet not yet recorded,https://docs.m5stack.com/en/unit/4relay
source-board-0711046c6ae397d072,Unit 8Angle,M5Stack,board,0,0,0,0,1,recorded-not-rechecked,Board datasheet not yet recorded,https://docs.m5stack.com/en/unit/8Angle
source-board-834f40b2126ac18fbc,Unit 8Encoder,M5Stack,board,0,0,0,0,1,recorded-not-rechecked,Board datasheet not yet recorded,https://docs.m5stack.com/en/unit/8Encoder
source-board-aac83aba13e5a6ef0c,Unit 8Servos,M5Stack,board,0,0,0,0,1,recorded-not-rechecked,Board datasheet not yet recorded,https://docs.m5stack.com/en/unit/8Servos%20Unit
source-board-1236d859c33d2398ca,Unit 8Servos2-Chain,M5Stack,board,0,0,0,0,1,recorded-not-rechecked,Board datasheet not yet recorded,https://docs.m5stack.com/en/unit/Unit_8Servos2-Chain
source-board-c9be29dd4aabd2546e,Unit Accel,M5Stack,board,0,0,0,0,1,recorded-not-rechecked,Board datasheet not yet recorded,https://docs.m5stack.com/en/unit/accel
source-board-5ed3e9384fdd5e49f7,Unit ACSSR,M5Stack,board,0,0,0,0,1,recorded-not-rechecked,Board datasheet not yet recorded,https://docs.m5stack.com/en/unit/acssr
source-board-0cbb8cb1ff28e5754b,Unit ADC,M5Stack,board,0,0,0,0,1,recorded-not-rechecked,Board datasheet not yet recorded,https://docs.m5stack.com/en/unit/adc
source-board-6f842c1018055cc899,Unit AIN4-20mA,M5Stack,board,0,0,0,0,1,recorded-not-rechecked,Board datasheet not yet recorded,https://docs.m5stack.com/en/unit/AIN4-20mA%20Unit
source-board-a7f71367218db84e3a,Unit AMeter,M5Stack,board,0,0,0,0,1,recorded-not-rechecked,Board datasheet not yet recorded,https://docs.m5stack.com/en/unit/Ameter%20Unit
source-board-17bd07bc39eefffb8d,Unit Angle,M5Stack,board,0,0,0,0,1,recorded-not-rechecked,Board datasheet not yet recorded,https://docs.m5stack.com/en/unit/angle
source-board-8d4a15e405a597d1dd,Unit ASR,M5Stack,board,0,0,0,0,1,recorded-not-rechecked,Board datasheet not yet recorded,https://docs.m5stack.com/en/unit/Unit%20ASR
source-board-5beb5c4cbdf08dc7a4,Unit AudioPlayer,M5Stack,board,0,0,0,0,1,recorded-not-rechecked,Board datasheet not yet recorded,https://docs.m5stack.com/en/unit/Unit_AudioPlayer
source-board-a428555279fa49793a,Unit BLDC Driver,M5Stack,board,0,0,0,0,1,recorded-not-rechecked,Board datasheet not yet recorded,https://docs.m5stack.com/en/unit/Unit-BLDC%20Driver
source-board-93f8f5b86b82e353c4,Unit Button,M5Stack,board,0,0,0,0,1,recorded-not-rechecked,Board datasheet not yet recorded,https://docs.m5stack.com/en/unit/button
source-board-801de8099af0a1c5c4,Unit Buzzer,M5Stack,board,0,0,0,0,1,recorded-not-rechecked,Board datasheet not yet recorded,https://docs.m5stack.com/en/unit/buzzer
source-board-a5c1c864be6e705563,Unit ByteButton,M5Stack,board,0,0,0,0,1,recorded-not-rechecked,Board datasheet not yet recorded,https://docs.m5stack.com/en/unit/Unit%20ByteButton
source-board-49a7e629a0418a8886,Unit ByteSwitch,M5Stack,board,0,0,0,0,1,recorded-not-rechecked,Board datasheet not yet recorded,https://docs.m5stack.com/en/unit/Unit%20ByteSwitch
source-board-4cbd9ff0b6a21ef607,Unit C6L,M5Stack,board,0,0,0,0,1,recorded-not-rechecked,Board datasheet not yet recorded,https://docs.m5stack.com/en/unit/Unit_C6L
source-board-833dff9546137267f1,Unit Camera,M5Stack,board,0,0,0,0,1,recorded-not-rechecked,Board datasheet not yet recorded,https://docs.m5stack.com/en/unit/Unit%20Camera
source-board-83b053da889c2603e0,Unit CamS3,M5Stack,board,0,0,0,0,1,recorded-not-rechecked,Board datasheet not yet recorded,https://docs.m5stack.com/en/unit/Unit-CamS3
source-board-399179cf665cf2d916,Unit CardKB2,M5Stack,board,0,0,0,0,1,recorded-not-rechecked,Board datasheet not yet recorded,https://docs.m5stack.com/en/unit/Unit_CardKB2
source-board-d282e51761a64c9876,Unit Cat1-CN,M5Stack,board,0,0,0,0,1,recorded-not-rechecked,Board datasheet not yet recorded,https://docs.m5stack.com/en/unit/Unit_Cat1-CN
source-board-6383c92a87a114d737,Unit Catch,M5Stack,board,0,0,0,0,1,recorded-not-rechecked,Board datasheet not yet recorded,https://docs.m5stack.com/en/unit/catch
source-board-4d02ce62687c830d61,Unit CatM GNSS,M5Stack,board,0,0,0,0,1,recorded-not-rechecked,Board datasheet not yet recorded,https://docs.m5stack.com/en/unit/catm_gnss
source-board-676c051d840ed74fac,Unit ChainBus,M5Stack,board,0,0,0,0,1,recorded-not-rechecked,Board datasheet not yet recorded,https://docs.m5stack.com/en/unit/Unit_ChainBus
source-board-f2b5b135d118cd8838,Unit CO2,M5Stack,board,0,0,0,0,1,recorded-not-rechecked,Board datasheet not yet recorded,https://docs.m5stack.com/en/unit/co2
source-board-db86e14f80111eba4c,Unit CO2L,M5Stack,board,0,0,0,0,1,recorded-not-rechecked,Board datasheet not yet recorded,https://docs.m5stack.com/en/unit/CO2L
source-board-9a0f004d0cc6c8536e,Unit Color,M5Stack,board,0,0,0,0,1,recorded-not-rechecked,Board datasheet not yet recorded,https://docs.m5stack.com/en/unit/COLOR
source-board-8ce1cf3d0ee0a51ed1,Unit DAC,M5Stack,board,0,0,0,0,1,recorded-not-rechecked,Board datasheet not yet recorded,https://docs.m5stack.com/en/unit/dac
source-board-18ed5c1f767cc2e793,Unit DAC2,M5Stack,board,0,0,0,0,1,recorded-not-rechecked,Board datasheet not yet recorded,https://docs.m5stack.com/en/unit/Unit-DAC2
source-board-4a314d8882fe8ac2fe,Unit DDS,M5Stack,board,0,0,0,0,1,recorded-not-rechecked,Board datasheet not yet recorded,https://docs.m5stack.com/en/unit/dds
source-board-d890bd2a0d89c86ad4,Unit DLight,M5Stack,board,0,0,0,0,1,recorded-not-rechecked,Board datasheet not yet recorded,https://docs.m5stack.com/en/unit/DLight%20Unit
source-board-1c76a6c25ec80de5ed,Unit DMX,M5Stack,board,0,0,0,0,1,recorded-not-rechecked,Board datasheet not yet recorded,https://docs.m5stack.com/en/unit/Unit-DMX
source-board-943d0b181f92dbfc8e,Unit Dual Button,M5Stack,board,0,0,0,0,1,recorded-not-rechecked,Board datasheet not yet recorded,https://docs.m5stack.com/en/unit/dual_button
source-board-695142eef6e58984e3,Unit Earth,M5Stack,board,0,0,0,0,1,recorded-not-rechecked,Board datasheet not yet recorded,https://docs.m5stack.com/en/unit/earth
source-board-a70dad63858e101475,Unit Encoder,M5Stack,board,0,0,0,0,1,recorded-not-rechecked,Board datasheet not yet recorded,https://docs.m5stack.com/en/unit/encoder
source-board-0473b4084149e1e41f,Unit ENV-III,M5Stack,board,0,0,0,0,1,recorded-not-rechecked,Board datasheet not yet recorded,https://docs.m5stack.com/en/unit/envIII
source-board-7d1e4ea106c3456c6e,Unit EXT.IO,M5Stack,board,0,0,0,0,1,recorded-not-rechecked,Board datasheet not yet recorded,https://docs.m5stack.com/en/unit/extio
source-board-57db784a8a3386d537,Unit ExtEncoder,M5Stack,board,0,0,0,0,2,recorded-not-rechecked,Board datasheet not yet recorded,https://docs.m5stack.com/en/unit/ExtEncoder%20Unit
source-board-f9da2d5a1b80c5b285,Unit Fader,M5Stack,board,0,0,0,0,1,recorded-not-rechecked,Board datasheet not yet recorded,https://docs.m5stack.com/en/unit/fader
source-board-48f3df202a3e5ba049,Unit Fan,M5Stack,board,0,0,0,0,1,recorded-not-rechecked,Board datasheet not yet recorded,https://docs.m5stack.com/en/unit/unit_fan
source-board-8535ed7db495c46a54,Unit Finger,M5Stack,board,0,0,0,0,1,recorded-not-rechecked,Board datasheet not yet recorded,https://docs.m5stack.com/en/unit/finger
source-board-6f6f329bfe576d3657,Unit Fingerprint2,M5Stack,board,0,0,0,0,1,recorded-not-rechecked,Board datasheet not yet recorded,https://docs.m5stack.com/en/unit/Unit_Fingerprint2
source-board-c41af7f5f00e2de084,Unit FlashLight,M5Stack,board,0,0,0,0,1,recorded-not-rechecked,Board datasheet not yet recorded,https://docs.m5stack.com/en/unit/FlashLight
source-board-19e3832e05505eee62,Unit Gateway H2,M5Stack,board,0,0,0,0,1,recorded-not-rechecked,Board datasheet not yet recorded,https://docs.m5stack.com/en/unit/Unit%20Gateway%20H2
source-board-46e754cf4dc301964c,Unit Gesture,M5Stack,board,0,0,0,0,1,recorded-not-rechecked,Board datasheet not yet recorded,https://docs.m5stack.com/en/unit/Gesture
source-board-0f797f4fc6408ab69e,Unit Glass,M5Stack,board,0,0,0,0,1,recorded-not-rechecked,Board datasheet not yet recorded,https://docs.m5stack.com/en/unit/Glass%20Unit
source-board-3cae9c1bced8e16a80,Unit Glass2,M5Stack,board,0,0,0,0,1,recorded-not-rechecked,Board datasheet not yet recorded,https://docs.m5stack.com/en/unit/Glass2%20Unit
source-board-4469908e23dfc1079d,Unit GPS,M5Stack,board,0,0,0,0,1,recorded-not-rechecked,Board datasheet not yet recorded,https://docs.m5stack.com/en/unit/gps
source-board-7cb5c281a1564e4e60,Unit Grove to Grove,M5Stack,board,0,0,0,0,1,recorded-not-rechecked,Board datasheet not yet recorded,https://docs.m5stack.com/en/unit/unit_grove2grove
source-board-7b051a6f89f7b3a4ec,Unit Heart,M5Stack,board,0,0,0,0,1,recorded-not-rechecked,Board datasheet not yet recorded,https://docs.m5stack.com/en/unit/heart
source-board-6d75103d33b3617063,Unit HEX,M5Stack,board,0,0,0,0,1,recorded-not-rechecked,Board datasheet not yet recorded,https://docs.m5stack.com/en/unit/hex
source-board-ec1ecab334af3f64bb,Unit Hub,M5Stack,board,0,0,0,0,1,recorded-not-rechecked,Board datasheet not yet recorded,https://docs.m5stack.com/en/unit/hub
source-board-160e2efda6b63a95da,Unit ID,M5Stack,board,0,0,0,0,1,recorded-not-rechecked,Board datasheet not yet recorded,https://docs.m5stack.com/en/unit/id
source-board-d82cd9b4c678a7e51d,Unit IR,M5Stack,board,0,0,0,0,1,recorded-not-rechecked,Board datasheet not yet recorded,https://docs.m5stack.com/en/unit/ir
source-board-8b464318f392fbaf9c,Unit Joystick v1.1,M5Stack,board,0,0,0,0,1,recorded-not-rechecked,Board datasheet not yet recorded,https://docs.m5stack.com/en/unit/joystick_1.1
source-board-637ca1de735dc5e859,Unit Joystick2,M5Stack,board,0,0,0,0,1,recorded-not-rechecked,Board datasheet not yet recorded,https://docs.m5stack.com/en/unit/Unit-JoyStick2
source-board-91a88779058500669a,Unit Key,M5Stack,board,0,0,0,0,1,recorded-not-rechecked,Board datasheet not yet recorded,https://docs.m5stack.com/en/unit/key
source-board-37fa4c27be8e1e21b0,Unit KMeter-ISO,M5Stack,board,0,0,0,0,1,recorded-not-rechecked,Board datasheet not yet recorded,https://docs.m5stack.com/en/unit/KMeterISO%20Unit
source-board-4a0ca9b6dca33a5d46,Unit Laser RX,M5Stack,board,0,0,0,0,1,recorded-not-rechecked,Board datasheet not yet recorded,https://docs.m5stack.com/en/unit/laser-rx
source-board-583a02cdb5e4a40a07,Unit LCD,M5Stack,board,0,0,0,0,1,recorded-not-rechecked,Board datasheet not yet recorded,https://docs.m5stack.com/en/unit/lcd
source-board-13ce62af46e87a241c,Unit Light,M5Stack,board,0,0,0,0,1,recorded-not-rechecked,Board datasheet not yet recorded,https://docs.m5stack.com/en/unit/LIGHT
source-board-2527d2ea1ad559d94d,Unit Limit,M5Stack,board,0,0,0,0,1,recorded-not-rechecked,Board datasheet not yet recorded,https://docs.m5stack.com/en/unit/Unit%20Limit
source-board-cfb352c345e0ddda30,Unit LoRaE220-433,M5Stack,board,0,0,0,0,1,recorded-not-rechecked,Board datasheet not yet recorded,https://docs.m5stack.com/en/unit/Unit%20LoRaE220-433
source-board-6d9ef7d2c385a09d32,Unit MIDI,M5Stack,board,0,0,0,0,1,recorded-not-rechecked,Board datasheet not yet recorded,https://docs.m5stack.com/en/unit/Unit-MIDI
source-board-470857140b66a94f21,Unit Mini BPS v1.1,M5Stack,board,0,0,0,0,1,recorded-not-rechecked,Board datasheet not yet recorded,https://docs.m5stack.com/en/unit/BPS(QMP6988)
source-board-3a474e2b3486b9fc9a,Unit Mini CAN,M5Stack,board,0,0,0,0,1,recorded-not-rechecked,Board datasheet not yet recorded,https://docs.m5stack.com/en/unit/Unit-Mini%20CAN
source-board-58a3464523a4a2c02e,Unit Mini IMU-Pro,M5Stack,board,0,0,0,0,1,recorded-not-rechecked,Board datasheet not yet recorded,https://docs.m5stack.com/en/unit/IMU%20Pro%20Mini%20Unit
source-board-006d629d6c06146f9f,Unit Mini OLED,M5Stack,board,0,0,0,0,1,recorded-not-rechecked,Board datasheet not yet recorded,https://docs.m5stack.com/en/unit/MiniOLED%20Unit
source-board-018e46d081f1e9de6a,Unit Mini PDM,M5Stack,board,0,0,0,0,1,recorded-not-rechecked,Board datasheet not yet recorded,https://docs.m5stack.com/en/unit/pdm
source-board-d98aa688f305d3abc1,Unit Mini Proto,M5Stack,board,0,0,0,0,1,recorded-not-rechecked,Board datasheet not yet recorded,https://docs.m5stack.com/en/unit/mini-proto
source-board-ca806d76c33d111205,Unit Mini Scales,M5Stack,board,0,0,0,0,1,recorded-not-rechecked,Board datasheet not yet recorded,https://docs.m5stack.com/en/unit/Unit-Mini%20Scales
source-board-ae1823dbebbc124a83,Unit Mini ToF-90°,M5Stack,board,0,0,0,0,1,recorded-not-rechecked,Board datasheet not yet recorded,https://docs.m5stack.com/en/unit/Unit%20Mini%20ToF-90
source-board-30f44e0d1f3cddc27a,Unit MQ,M5Stack,board,0,0,0,0,1,recorded-not-rechecked,Board datasheet not yet recorded,https://docs.m5stack.com/en/unit/Unit_MQ
source-board-5b1db598f87b36cea5,Unit MQTT,M5Stack,board,0,0,0,0,1,recorded-not-rechecked,Board datasheet not yet recorded,https://docs.m5stack.com/en/unit/mqtt
source-board-1e341275ea454a4761,Unit NBIoT2,M5Stack,board,0,0,0,0,1,recorded-not-rechecked,Board datasheet not yet recorded,https://docs.m5stack.com/en/unit/Unit%20NB-IoT2(SIM7028)
source-board-e91ee02407ca7da244,Unit NCIR,M5Stack,board,0,0,0,0,1,recorded-not-rechecked,Board datasheet not yet recorded,https://docs.m5stack.com/en/unit/ncir
source-board-41bab4646e04facc82,Unit NCIR2,M5Stack,board,0,0,0,0,1,recorded-not-rechecked,Board datasheet not yet recorded,https://docs.m5stack.com/en/unit/NCIR2
source-board-70d2c75f72335b6063,Unit Neco,M5Stack,board,0,0,0,0,1,recorded-not-rechecked,Board datasheet not yet recorded,https://docs.m5stack.com/en/unit/Neco%20Unit
source-board-71358175817868c0a7,Unit NeoHEX,M5Stack,board,0,0,0,0,1,recorded-not-rechecked,Board datasheet not yet recorded,https://docs.m5stack.com/en/unit/neohex
source-board-78a7dee46ac529b42e,Unit NFC,M5Stack,board,0,0,0,0,1,recorded-not-rechecked,Board datasheet not yet recorded,https://docs.m5stack.com/en/unit/Unit_NFC
source-board-ee98e1a23278e9d676,Unit OLED,M5Stack,board,0,0,0,0,1,recorded-not-rechecked,Board datasheet not yet recorded,https://docs.m5stack.com/en/unit/oled
source-board-f9ca4d6557f8a63eb1,Unit OP180,M5Stack,board,0,0,0,0,1,recorded-not-rechecked,Board datasheet not yet recorded,https://docs.m5stack.com/en/unit/OP180
source-board-d8ff421aaf3fa9b688,Unit OP90,M5Stack,board,0,0,0,0,1,recorded-not-rechecked,Board datasheet not yet recorded,https://docs.m5stack.com/en/unit/OP.90
source-board-ba9e5f605961dcedee,Unit PaHub,M5Stack,board,0,0,0,0,1,recorded-not-rechecked,Board datasheet not yet recorded,https://docs.m5stack.com/en/unit/pahub
source-board-2d9e671dd6280fac66,Unit PaHub v2.1,M5Stack,board,0,0,0,0,1,recorded-not-rechecked,Board datasheet not yet recorded,https://docs.m5stack.com/en/unit/Unit-PaHub%20v2.1
source-board-ab6064cda4c6d6cbe9,Unit PIR,M5Stack,board,0,0,0,0,1,recorded-not-rechecked,Board datasheet not yet recorded,https://docs.m5stack.com/en/unit/PIR
source-board-f995d7ef19a31f3d9a,Unit PoE CAM-W,M5Stack,board,0,0,0,0,1,recorded-not-rechecked,Board datasheet not yet recorded,https://docs.m5stack.com/en/unit/PoECAM-W
source-board-2477653d0c88e3be88,Unit PoE CAM-W v1.1,M5Stack,board,0,0,0,0,1,recorded-not-rechecked,Board datasheet not yet recorded,https://docs.m5stack.com/en/unit/M5PoECAM-W%20V1.1
source-board-7ef12a9cd3c02d0fcf,Unit Proto,M5Stack,board,0,0,0,0,1,recorded-not-rechecked,Board datasheet not yet recorded,https://docs.m5stack.com/en/unit/proto
source-board-d31271066d46e5fd4b,Unit Puzzle,M5Stack,board,0,0,0,0,1,recorded-not-rechecked,Board datasheet not yet recorded,https://docs.m5stack.com/en/unit/Unit-Puzzle
source-board-1ca67ec53bf2a3ce3a,Unit QRCode,M5Stack,board,0,0,0,0,1,recorded-not-rechecked,Board datasheet not yet recorded,https://docs.m5stack.com/en/unit/Unit-QRCode
source-board-cfb551b6de8e6c1587,Unit RCA,M5Stack,board,0,0,0,0,1,recorded-not-rechecked,Board datasheet not yet recorded,https://docs.m5stack.com/en/unit/RCA
source-board-3d09118d5e48953680,Unit Reflective IR,M5Stack,board,0,0,0,0,1,recorded-not-rechecked,Board datasheet not yet recorded,https://docs.m5stack.com/en/unit/Unit-Reflective%20IR
source-board-d68745531c69f4b7db,Unit Relay,M5Stack,board,0,0,0,0,1,recorded-not-rechecked,Board datasheet not yet recorded,https://docs.m5stack.com/en/unit/relay
source-board-f9bf0afb3681ad50aa,Unit RGB,M5Stack,board,0,0,0,0,1,recorded-not-rechecked,Board datasheet not yet recorded,https://docs.m5stack.com/en/unit/rgb
source-board-2f8863fd57f131c6f0,Unit Roller485,M5Stack,board,0,0,0,0,4,recorded-not-rechecked,Board datasheet not yet recorded,https://docs.m5stack.com/en/unit/Unit-Roller485
source-board-5b205f64cb5a1f17ef,Unit Scales,M5Stack,board,0,0,0,0,1,recorded-not-rechecked,Board datasheet not yet recorded,https://docs.m5stack.com/en/unit/UNIT%20Scales
source-board-be68305d414b05d2df,Unit Scroll,M5Stack,board,0,0,0,0,1,recorded-not-rechecked,Board datasheet not yet recorded,https://docs.m5stack.com/en/unit/UNIT-Scroll
source-board-0deb3cc52909696465,Unit SSR,M5Stack,board,0,0,0,0,1,recorded-not-rechecked,Board datasheet not yet recorded,https://docs.m5stack.com/en/unit/ssr
source-board-bcfccaf958283fb56a,Unit Step16,M5Stack,board,0,0,0,0,1,recorded-not-rechecked,Board datasheet not yet recorded,https://docs.m5stack.com/en/unit/Unit_Step16
source-board-0e3122dd0f2d467be1,Unit Thermal2,M5Stack,board,0,0,0,0,1,recorded-not-rechecked,Board datasheet not yet recorded,https://docs.m5stack.com/en/unit/Thermal2
source-board-d3430af2798820c2fa,Unit TimerPWR,M5Stack,board,0,0,0,0,1,recorded-not-rechecked,Board datasheet not yet recorded,https://docs.m5stack.com/en/unit/Unit-TimerPWR
source-board-310aca6f9b5384b17b,Unit TMOS PIR,M5Stack,board,0,0,0,0,1,recorded-not-rechecked,Board datasheet not yet recorded,https://docs.m5stack.com/en/unit/UNIT-TMOS%20PIR
source-board-b435576274d054c7ef,Unit ToF,M5Stack,board,0,0,0,0,1,recorded-not-rechecked,Board datasheet not yet recorded,https://docs.m5stack.com/en/unit/TOF
source-board-e19808c11c1b09dfd3,Unit ToF4M,M5Stack,board,0,0,0,0,1,recorded-not-rechecked,Board datasheet not yet recorded,https://docs.m5stack.com/en/unit/Unit-ToF4M
source-board-f128bcb679828e9993,Unit Tube Pressure,M5Stack,board,0,0,0,0,1,recorded-not-rechecked,Board datasheet not yet recorded,https://docs.m5stack.com/en/unit/tube_pressure
source-board-c360f4f6b8e1f0310a,Unit UHF-RFID,M5Stack,board,0,0,0,0,1,recorded-not-rechecked,Board datasheet not yet recorded,https://docs.m5stack.com/en/unit/uhf_rfid
source-board-a2285d667efa547c38,Unit Ultrasonic,M5Stack,board,0,0,0,0,1,recorded-not-rechecked,Board datasheet not yet recorded,https://docs.m5stack.com/en/unit/Ultrasonic
source-board-1944bd7d1e9fc877a6,Unit Ultrasonic-I2C,M5Stack,board,0,0,0,0,1,recorded-not-rechecked,Board datasheet not yet recorded,https://docs.m5stack.com/en/unit/ULTRASONIC%20I2C
source-board-fd2e7091a16298609a,Unit UWB,M5Stack,board,0,0,0,0,1,recorded-not-rechecked,Board datasheet not yet recorded,https://docs.m5stack.com/en/unit/uwb
source-board-cc26469cbed814787b,Unit Vibrator,M5Stack,board,0,0,0,0,1,recorded-not-rechecked,Board datasheet not yet recorded,https://docs.m5stack.com/en/unit/vibrator
source-board-4828539aa387945544,Unit Watering,M5Stack,board,0,0,0,0,1,recorded-not-rechecked,Board datasheet not yet recorded,https://docs.m5stack.com/en/unit/watering
source-board-12e23574aab03d88d0,Unit Weight,M5Stack,board,0,0,0,0,1,recorded-not-rechecked,Board datasheet not yet recorded,https://docs.m5stack.com/en/unit/WEIGHT
source-board-3f04e1ad26e264e446,Unit Weight-I2C,M5Stack,board,0,0,0,0,1,recorded-not-rechecked,Board datasheet not yet recorded,https://docs.m5stack.com/en/unit/Unit-Weight%20I2C
source-board-4e7417c1932cd71113,UnitV-M12,M5Stack,board,0,0,0,0,1,recorded-not-rechecked,Board datasheet not yet recorded,https://docs.m5stack.com/en/unit/UNIT-V%20M12
source-board-b6cf96dfe427e79e40,UnitV2,M5Stack,board,0,0,0,0,3,recorded-not-rechecked,Board datasheet not yet recorded,https://docs.m5stack.com/en/unit/unitv2
source-board-2cd1c4eb9846edebf1,UnitV2-M12,M5Stack,board,0,0,0,0,1,recorded-not-rechecked,Board datasheet not yet recorded,https://docs.m5stack.com/en/unit/unitv2_m12
source-board-cb0b52d3056fb07548,UnitV2-USB,M5Stack,board,0,0,0,0,1,recorded-not-rechecked,Board datasheet not yet recorded,https://docs.m5stack.com/en/unit/unitv2_usb
source-board-2eef993ff78502144a,Grove Vision AI Module,Seeed Studio,board,0,0,0,0,2,recorded-not-rechecked,Board datasheet not yet recorded,https://wiki.seeedstudio.com/Grove-Vision-AI-Module/
source-board-26f61aaf24516ca6f8,Grove Vision AI Module V2,Seeed Studio,board,0,0,0,0,1,recorded-not-rechecked,Board datasheet not yet recorded,https://wiki.seeedstudio.com/grove_vision_ai_v2a/
source-board-0607bf62a8c1b08271,reCamera 2002,Seeed Studio,board,0,0,0,0,2,recorded-not-rechecked,Board datasheet not yet recorded,https://wiki.seeedstudio.com/recamera_2002_series_hardware_and_specs/
source-board-8ee6f9d2d3009c621c,reCamera Gimbal,Seeed Studio,board,0,0,0,0,5,recorded-not-rechecked,Board datasheet not yet recorded,https://wiki.seeedstudio.com/recamera_gimbal_hardware_and_specs/
source-board-97cd27180910ffb7e1,reCamera Pro,Seeed Studio,board,0,0,0,0,2,recorded-not-rechecked,Board datasheet not yet recorded,https://wiki.seeedstudio.com/recamera_pro_hardware_specifications/
source-board-09dd14dad4781f80a9,SenseCAP A1101 (LoRaWAN Vision AI Sensor),Seeed Studio,board,0,0,0,0,0,recorded-not-rechecked,Board datasheet not yet recorded; Board/device visual reference still needed,https://wiki.seeedstudio.com/SenseCAP-Vision-AI-Get-Started/
source-board-77ca519cf5f8247c4a,SenseCAP Watcher,Seeed Studio,board,0,0,0,0,5,recorded-not-rechecked,Board datasheet not yet recorded,https://wiki.seeedstudio.com/watcher_hardware_overview/
source-board-2570effe06236b7059,XIAO Vision AI Camera,Seeed Studio,board,0,0,0,0,1,recorded-not-rechecked,Board datasheet not yet recorded,https://www.seeedstudio.com/XIAO-Vision-AI-Camera-p-6450.html
source-board-336396f404881e0a83,Arch GPRS,Seeed Studio,board,0,0,0,0,1,recorded-not-rechecked,Board datasheet not yet recorded,https://wiki.seeedstudio.com/Arch_GPRS/
source-board-0125766f84e25cab16,2.7inch Triple-Color E-Ink Shield for Arduino,Seeed Studio,board,0,0,0,0,1,recorded-not-rechecked,Board datasheet not yet recorded,https://wiki.seeedstudio.com/2.7inch-Triple-Color-E-Ink-Shield-for-Arduino/
source-board-c4a96654ff0a57dbef,2.8inch TFT Touch Shield V1.0,Seeed Studio,board,0,0,0,0,1,recorded-not-rechecked,Board datasheet not yet recorded,https://wiki.seeedstudio.com/TFT_Touch_Shield_V1.0/
source-board-e3bee503f79ffc95d9,4A Motor Shield,Seeed Studio,board,0,0,0,0,1,recorded-not-rechecked,Board datasheet not yet recorded,https://wiki.seeedstudio.com/4A_Motor_Shield/
source-board-34081ad4dcf2c3133c,Bees Shield,Seeed Studio,board,0,0,0,0,1,recorded-not-rechecked,Board datasheet not yet recorded,https://wiki.seeedstudio.com/Bees_Shield/
source-board-50d591837f6f543f8b,BLE Shield V1,Seeed Studio,board,0,0,0,0,1,recorded-not-rechecked,Board datasheet not yet recorded,https://wiki.seeedstudio.com/Seeed_BLE_Shield/
source-board-46065da89493865d31,Bluetooth Shield,Seeed Studio,board,0,0,0,0,1,recorded-not-rechecked,Board datasheet not yet recorded,https://wiki.seeedstudio.com/Bluetooth_Shield/
source-board-11f5675979fe1c1234,Bluetooth Shield V2,Seeed Studio,board,0,0,0,0,1,recorded-not-rechecked,Board datasheet not yet recorded,https://wiki.seeedstudio.com/Bluetooth_Shield_V2/
source-board-6414cf9e032e514c05,Brushless Motor Shield (TB6605FTG),Seeed Studio,board,0,0,0,0,1,recorded-not-rechecked,Board datasheet not yet recorded,https://wiki.seeedstudio.com/Brushless_Motor_Shield_TB6605FTG/
source-board-82e0c9235720f8e4b0,CAN-BUS Shield V2.0,Seeed Studio,board,0,0,0,0,3,recorded-not-rechecked,Board datasheet not yet recorded,https://wiki.seeedstudio.com/CAN-BUS_Shield_V2.0/
source-board-b8e4a52c1bf4f3f9ec,EL Shield,Seeed Studio,board,0,0,0,0,1,recorded-not-rechecked,Board datasheet not yet recorded,https://wiki.seeedstudio.com/EL_Shield/
source-board-aa774fd5f32cdd361e,Energy Shield,Seeed Studio,board,0,0,0,0,1,recorded-not-rechecked,Board datasheet not yet recorded,https://wiki.seeedstudio.com/Energy_Shield/
source-board-5f60f6f9c93c672168,Ethernet Shield,Seeed Studio,board,0,0,0,0,3,recorded-not-rechecked,Board datasheet not yet recorded,https://wiki.seeedstudio.com/Ethernet_Shield/
source-board-ad6e29a3089269dff2,Ethernet Shield V1.0,Seeed Studio,board,0,0,0,0,1,recorded-not-rechecked,Board datasheet not yet recorded,https://wiki.seeedstudio.com/Ethernet_Shield_V1.0/
source-board-477b72e580c41d2dcd,Ethernet Shield V2.0,Seeed Studio,board,0,0,0,0,1,recorded-not-rechecked,Board datasheet not yet recorded,https://wiki.seeedstudio.com/Ethernet_Shield_V2.0/
source-board-ca30a7d721dd769b1f,GPRS Shield,Seeed Studio,board,0,0,0,0,1,recorded-not-rechecked,Board datasheet not yet recorded,https://wiki.seeedstudio.com/GPRS-Shield/
source-board-71023119c4e0204aef,GPRS Shield V1.0,Seeed Studio,board,0,0,0,0,1,recorded-not-rechecked,Board datasheet not yet recorded,https://wiki.seeedstudio.com/GPRS_Shield_v1.0/
source-board-1eb8973c898cb26489,GPRS Shield V2.0,Seeed Studio,board,0,0,0,0,1,recorded-not-rechecked,Board datasheet not yet recorded,https://wiki.seeedstudio.com/GPRS_Shield_V2.0/
source-board-01b7475cdd9591c082,GPRS Shield V3.0,Seeed Studio,board,0,0,0,0,1,recorded-not-rechecked,Board datasheet not yet recorded,https://wiki.seeedstudio.com/GPRS_Shield_V3.0/
source-board-9314f0a5a8d895f75f,Mbed Shield,Seeed Studio,board,0,0,0,0,1,recorded-not-rechecked,Board datasheet not yet recorded,https://wiki.seeedstudio.com/mbed_Shield/
source-board-f6adaa1dd31d95a91d,Motor Shield,Seeed Studio,board,0,0,0,0,1,recorded-not-rechecked,Board datasheet not yet recorded,https://wiki.seeedstudio.com/Motor_Shield/
source-board-7ecb1896feb348bce1,Motor Shield V1.0,Seeed Studio,board,0,0,0,0,1,recorded-not-rechecked,Board datasheet not yet recorded,https://wiki.seeedstudio.com/Motor_Shield_V1.0/
source-board-e74acb5fa3062d1a14,Motor Shield V2.0,Seeed Studio,board,0,0,0,0,1,recorded-not-rechecked,Board datasheet not yet recorded,https://wiki.seeedstudio.com/Motor_Shield_V2.0/
source-board-f780c4169c6a1a8fb7,Music Shield,Seeed Studio,board,0,0,0,0,2,recorded-not-rechecked,Board datasheet not yet recorded,https://wiki.seeedstudio.com/Music_Shield/
source-board-8c8fec6e2e476249b8,Music Shield V1.0,Seeed Studio,board,0,0,0,0,1,recorded-not-rechecked,Board datasheet not yet recorded,https://wiki.seeedstudio.com/Music_Shield_V1.0/
source-board-2eeb4df5cafb6816af,Music Shield V2.2,Seeed Studio,board,0,0,0,0,1,recorded-not-rechecked,Board datasheet not yet recorded,https://wiki.seeedstudio.com/Music_Shield_V2.2/
source-board-ce826f8bec58242641,NFC Shield V2.0,Seeed Studio,board,0,0,0,0,2,recorded-not-rechecked,Board datasheet not yet recorded,https://wiki.seeedstudio.com/NFC_Shield_V2.0/
source-board-8d91194d92869ea61f,Protoshield Kit for Arduino,Seeed Studio,board,0,0,0,0,1,recorded-not-rechecked,Board datasheet not yet recorded,https://wiki.seeedstudio.com/Protoshield_Kit_for_Arduino/
source-board-1e3110a20ad606a6d3,Relay Shield,Seeed Studio,board,0,0,0,0,2,recorded-not-rechecked,Board datasheet not yet recorded,https://wiki.seeedstudio.com/Relay_Shield/
source-board-fa842f6706aa8b0e1c,Relay Shield V1.0,Seeed Studio,board,0,0,0,0,1,recorded-not-rechecked,Board datasheet not yet recorded,https://wiki.seeedstudio.com/Relay_Shield_V1/
source-board-6aeb5e0870c0407e21,Relay Shield V2.0,Seeed Studio,board,0,0,0,0,1,recorded-not-rechecked,Board datasheet not yet recorded,https://wiki.seeedstudio.com/Relay_Shield_V2/
source-board-83e3ef9039a1017e79,Relay Shield V3,Seeed Studio,board,0,0,0,0,1,recorded-not-rechecked,Board datasheet not yet recorded,https://wiki.seeedstudio.com/Relay_Shield_v3/
source-board-43ddb7886e3b68d733,RGBW Stripe Wireless Shield V1.0,Seeed Studio,board,0,0,0,0,1,recorded-not-rechecked,Board datasheet not yet recorded,https://wiki.seeedstudio.com/RGBW_Stripe_WireLess_Shield_V1.0/
source-board-7f1b762a917eb8a0cd,RS232 Shield,Seeed Studio,board,0,0,0,0,1,recorded-not-rechecked,Board datasheet not yet recorded,https://wiki.seeedstudio.com/RS232_Shield/
source-board-a8aa492386e019644e,SD Card Shield V3.0,Seeed Studio,board,0,0,0,0,1,recorded-not-rechecked,Board datasheet not yet recorded,https://wiki.seeedstudio.com/SD_Card_Shield_V3.0/
source-board-0bd3959bed5fd4c416,SD Card Shield V4.0,Seeed Studio,board,0,0,0,0,1,recorded-not-rechecked,Board datasheet not yet recorded,https://wiki.seeedstudio.com/SD_Card_shield_V4.0/
source-board-0522a16a6e39ed467a,Shield Bot V1.1,Seeed Studio,board,0,0,0,0,1,recorded-not-rechecked,Board datasheet not yet recorded,https://wiki.seeedstudio.com/Shield_Bot_V1.1/
source-board-86ab6a844f7d2db033,Shield MaTrix V0.9,Seeed Studio,board,0,0,0,0,1,recorded-not-rechecked,Board datasheet not yet recorded,https://wiki.seeedstudio.com/Shield-MaTrix-V0.9b/
source-board-c35d7f91d6d4f5a52c,Small e-Paper Shield,Seeed Studio,board,0,0,0,0,2,recorded-not-rechecked,Board datasheet not yet recorded,https://wiki.seeedstudio.com/Small_e-Paper_Shield/
source-board-f85cd857916a872a69,Small e-Paper Shield V2,Seeed Studio,board,0,0,0,0,1,recorded-not-rechecked,Board datasheet not yet recorded,https://wiki.seeedstudio.com/Small_e-Paper_Shield_V2/
source-board-2d6fdb698418c77a39,Solar Charger Shield,Seeed Studio,board,0,0,0,0,1,recorded-not-rechecked,Board datasheet not yet recorded,https://wiki.seeedstudio.com/Solar_Charger_Shield/
source-board-826c092d15ca798f84,Solar Charger Shield V2.2,Seeed Studio,board,0,0,0,0,3,recorded-not-rechecked,Board datasheet not yet recorded,https://wiki.seeedstudio.com/Solar_Charger_Shield_V2.2/
source-board-b932254fe511e4237b,Starter Shield EN,Seeed Studio,board,0,0,0,0,1,recorded-not-rechecked,Board datasheet not yet recorded,https://wiki.seeedstudio.com/Starter_Shield_EN/
source-board-1e8d793f9b27cb4414,W5500 Ethernet Shield V1.0,Seeed Studio,board,0,0,0,0,1,recorded-not-rechecked,Board datasheet not yet recorded,https://wiki.seeedstudio.com/W5500_Ethernet_Shield_v1.0/
source-board-0d910c74cda08f4f93,Wifi Shield,Seeed Studio,board,0,0,0,0,1,recorded-not-rechecked,Board datasheet not yet recorded,https://wiki.seeedstudio.com/Wifi_Shield/
source-board-6e6297bc9551ed2ac2,Wifi Shield (Fi250) V1.1,Seeed Studio,board,0,0,0,0,1,recorded-not-rechecked,Board datasheet not yet recorded,https://wiki.seeedstudio.com/Wifi_Shield_Fi250_V1.1/
source-board-d0ca02c8c62437c9af,Wifi Shield V1.0,Seeed Studio,board,0,0,0,0,1,recorded-not-rechecked,Board datasheet not yet recorded,https://wiki.seeedstudio.com/Wifi_Shield_V1.0/
source-board-ce1f990d20c98b6b79,Wifi Shield V1.1,Seeed Studio,board,0,0,0,0,1,recorded-not-rechecked,Board datasheet not yet recorded,https://wiki.seeedstudio.com/Wifi_Shield_V1.1/
source-board-d2e5a0fe79714054e2,Wireless Gate Shield V1.0,Seeed Studio,board,0,0,0,0,1,recorded-not-rechecked,Board datasheet not yet recorded,https://wiki.seeedstudio.com/WireLess_Gate_Shield_V1.0/
source-board-c4aab704827e8fa8e6,XBee Shield V2.0,Seeed Studio,board,0,0,0,0,1,recorded-not-rechecked,Board datasheet not yet recorded,https://wiki.seeedstudio.com/XBee_Shield_V2.0/
source-board-b98860e81260dea498,BeagleBone Blue,Seeed Studio,board,0,0,0,0,1,recorded-not-rechecked,Board datasheet not yet recorded,https://wiki.seeedstudio.com/BeagleBone_Blue/
source-board-be7cc52b09843da466,BeagleBone Green,Seeed Studio,board,0,0,0,0,9,recorded-not-rechecked,Board datasheet not yet recorded,https://wiki.seeedstudio.com/BeagleBone_Green/
source-board-1b9fbe6e6c74c97b22,BeagleBone Green Eco,Seeed Studio,board,0,0,0,0,9,recorded-not-rechecked,Board datasheet not yet recorded,https://wiki.seeedstudio.com/getting_started_with_seeedstudio_beaglebone_green_eco/
source-board-92925ce4377c66f0c9,BeagleBone Green Gateway,Seeed Studio,board,0,0,0,0,2,recorded-not-rechecked,Board datasheet not yet recorded,https://wiki.seeedstudio.com/BeagleBone-Green-Gateway/
source-board-d39ab40c96b76009aa,BeagleBone Green HDMI Cape,Seeed Studio,board,0,0,0,0,1,recorded-not-rechecked,Board datasheet not yet recorded,https://wiki.seeedstudio.com/BeagleBone_Green_HDMI_Cape/
source-board-75e0efa418d0aa3d8a,Motor Bridge Cape V1.0,Seeed Studio,board,0,0,0,0,1,missing,Board datasheet not yet recorded; Original manufacturer website not yet identified,
source-board-3fda0d79435e5e6385,reTerminal D1001,Seeed Studio,board,0,0,0,0,3,recorded-not-rechecked,Board datasheet not yet recorded,https://wiki.seeedstudio.com/driving_reterminal_d1001_microphone/
source-board-affe34611e23a71386,reTerminal E1001,Seeed Studio,board,0,0,0,0,1,recorded-not-rechecked,Board datasheet not yet recorded,https://wiki.seeedstudio.com/getting_started_with_reterminal_e1001/
source-board-3c0a71f5bc3d7061d7,reTerminal E1002,Seeed Studio,board,0,0,0,0,1,recorded-not-rechecked,Board datasheet not yet recorded,https://wiki.seeedstudio.com/getting_started_with_reterminal_e1002/
source-board-d95572958eb41df8dd,reTerminal E1003,Seeed Studio,board,0,0,0,0,1,recorded-not-rechecked,Board datasheet not yet recorded,https://wiki.seeedstudio.com/getting_started_with_reterminal_e1003/
source-board-b6f74353d0de2230ed,reTerminal Sticky,Seeed Studio,board,0,0,0,0,1,recorded-not-rechecked,Board datasheet not yet recorded,https://www.seeedstudio.com/reTerminal-Sticky-p-6861.html
source-board-1c8333bd42896ca6b7,SenseCAP Indicator for Meshtastic,Seeed Studio,board,0,0,0,0,1,recorded-not-rechecked,Board datasheet not yet recorded,https://wiki.seeedstudio.com/sensecap_indicator_meshtastic/
source-board-750c8afdaeb3a6b56f,XIAO ePaper Display Board EE02,Seeed Studio,board,0,0,0,0,1,recorded-not-rechecked,Board datasheet not yet recorded,https://wiki.seeedstudio.com/getting_started_with_ee02/
source-board-2836c886514d0fd146,XIAO ePaper Display Board EE03,Seeed Studio,board,0,0,0,0,1,recorded-not-rechecked,Board datasheet not yet recorded,https://wiki.seeedstudio.com/getting_started_with_ee03/
source-board-123c024de4e07e9960,XIAO ePaper Display Board EE04,Seeed Studio,board,0,0,0,0,2,recorded-not-rechecked,Board datasheet not yet recorded,https://wiki.seeedstudio.com/epaper_ee04/
source-board-98b162eb92f8fd1d66,XIAO ePaper Display Board EE05,Seeed Studio,board,0,0,0,0,2,recorded-not-rechecked,Board datasheet not yet recorded,https://wiki.seeedstudio.com/epaper_ee05/
source-board-9e7113085098fd354c,XIAO ePaper Display Board EN04,Seeed Studio,board,0,0,0,0,2,recorded-not-rechecked,Board datasheet not yet recorded,https://wiki.seeedstudio.com/xiao_epaper_display_board_overview/
source-board-d745c212b37971519a,XIAO ePaper Display Board EN05,Seeed Studio,board,0,0,0,0,1,recorded-not-rechecked,Board datasheet not yet recorded,https://wiki.seeedstudio.com/xiao_epaper_display_board_overview/
source-board-7dcfd81099ece50e65,Base Shield V2,Seeed Studio,board,0,0,0,0,2,recorded-not-rechecked,Board datasheet not yet recorded,https://wiki.seeedstudio.com/Base_Shield_V2/
source-board-1693a7d0c2aa221a4e,BitMaker,Seeed Studio,board,0,0,0,0,1,recorded-not-rechecked,Board datasheet not yet recorded,https://wiki.seeedstudio.com/BitMaker/
source-board-c5feae5a57ba67f8a9,BitMaker Lite,Seeed Studio,board,0,0,0,0,1,recorded-not-rechecked,Board datasheet not yet recorded,https://wiki.seeedstudio.com/BitMaker_lite/
source-board-ae7e50de81b20a51b0,BitPlayer,Seeed Studio,board,0,0,0,0,1,recorded-not-rechecked,Board datasheet not yet recorded,https://wiki.seeedstudio.com/BitPlayer/
source-board-4f6c0dc43f4b242d4c,BitWear,Seeed Studio,board,0,0,0,0,1,recorded-not-rechecked,Board datasheet not yet recorded,https://wiki.seeedstudio.com/BitWear/
source-board-c219ddbb601c475420,Grove - Base Shield for IOIO-OTG,Seeed Studio,board,0,0,0,0,1,recorded-not-rechecked,Board datasheet not yet recorded,https://wiki.seeedstudio.com/Grove-Base_Shield_for_IOIO-OTG/
source-board-a4388d63a62bacb53d,Grove - Mega Shield,Seeed Studio,board,0,0,0,0,2,recorded-not-rechecked,Board datasheet not yet recorded,https://wiki.seeedstudio.com/Grove-Mega_Shield/
source-board-9c816d9f975c7f0db0,Grove - Protoshield,Seeed Studio,board,0,0,0,0,1,recorded-not-rechecked,Board datasheet not yet recorded,https://wiki.seeedstudio.com/Grove-Protoshield/
source-board-838efa674dcac12fa7,Grove Base Cape for BeagleBone V2,Seeed Studio,board,0,0,0,0,1,recorded-not-rechecked,Board datasheet not yet recorded,https://wiki.seeedstudio.com/Grove_Base_Cape_for_BeagleBone_v2/
source-board-e3a347ef6612592656,Grove Base HAT,Seeed Studio,board,0,0,0,0,1,recorded-not-rechecked,Board datasheet not yet recorded,https://wiki.seeedstudio.com/Grove_Base_HAT/
source-board-df9b36454f16b53f6e,Grove Base Shield for NodeMCU V1.0,Seeed Studio,board,0,0,0,0,1,recorded-not-rechecked,Board datasheet not yet recorded,https://wiki.seeedstudio.com/Grove_Base_Shield_for_NodeMCU_V1.0/
source-board-b5a886dc67e44a7a2a,Grove Base Shield for Photon,Seeed Studio,board,0,0,0,0,1,recorded-not-rechecked,Board datasheet not yet recorded,https://wiki.seeedstudio.com/Grove_Base_Shield_for_Photon/
source-board-f3ba78f8e9b88aa08e,Grove Beginner Kit for Arduino,Seeed Studio,board,0,0,0,0,2,recorded-not-rechecked,Board datasheet not yet recorded,https://wiki.seeedstudio.com/Grove-Beginner-Kit-For-Arduino/
source-board-8f6616a53c6803d732,Grove Cape for BeagleBone Series,Seeed Studio,board,0,0,0,0,1,recorded-not-rechecked,Board datasheet not yet recorded,https://wiki.seeedstudio.com/Grove_Cape_for_BeagleBone_Series/
source-board-39a2114c0a0f24ce52,Grove Shield for Intel Joule,Seeed Studio,board,0,0,0,0,1,recorded-not-rechecked,Board datasheet not yet recorded,https://wiki.seeedstudio.com/Grove_Shield_for_Intel_Joule/
source-board-16121f72660f3c5746,Grove Starter Kit for Azure Sphere MT3620 Development Kit,Seeed Studio,board,0,0,0,0,1,recorded-not-rechecked,Board datasheet not yet recorded,https://wiki.seeedstudio.com/Grove_Starter_Kit_for_Azure_Sphere_MT3620_Development_Kit/
source-board-9411f7846292008faf,MT3620 Grove Shield,Seeed Studio,board,0,0,0,0,1,recorded-not-rechecked,Board datasheet not yet recorded,https://wiki.seeedstudio.com/Grove_Starter_Kit_for_Azure_Sphere_MT3620_Development_Kit/
source-board-2305dbb9fe7f16d9f2,Arduino Breakout for LinkIt Smart 7688 Duo,Seeed Studio,board,0,0,0,0,1,recorded-not-rechecked,Board datasheet not yet recorded,https://wiki.seeedstudio.com/Arduino_Breakout_for_LinkIt_Smart_7688_Duo/
source-board-0dfef0d3f815db929a,Breakout for LinkIt Smart 7688,Seeed Studio,board,0,0,0,0,1,recorded-not-rechecked,Board datasheet not yet recorded,https://wiki.seeedstudio.com/Breakout_for_LinkIt_Smart_7688/
source-board-df48c497c5307de060,Breakout for LinkIt Smart 7688 V2.0,Seeed Studio,board,0,0,0,0,2,recorded-not-rechecked,Board datasheet not yet recorded,https://wiki.seeedstudio.com/Breakout_for_LinkIt_Smart_7688_v2.0/
source-board-fe6e96ae8e667278de,Grove Breakout for LinkIt Smart 7688 Duo,Seeed Studio,board,0,0,0,0,1,recorded-not-rechecked,Board datasheet not yet recorded,https://wiki.seeedstudio.com/Grove_Breakout_for_LinkIt_Smart_7688_Duo/
source-board-ab35086a0b3ba00bff,LinkIt Connect 7681,Seeed Studio,board,0,0,0,0,1,recorded-not-rechecked,Board datasheet not yet recorded,https://wiki.seeedstudio.com/Linkit_Connect_7681/
source-board-14a0e935d969a8ead0,LinkIt Smart 7688,Seeed Studio,board,0,0,0,0,2,missing,Board datasheet not yet recorded; Original manufacturer website not yet identified,
source-board-87d29f352fbd9321b8,LinkIt Smart 7688 Duo,Seeed Studio,board,0,0,0,0,2,missing,Board datasheet not yet recorded; Original manufacturer website not yet identified,
source-board-9a55e6ea941837767b,RePhone Core 2G-Atmel32u4,Seeed Studio,board,0,0,0,0,1,recorded-not-rechecked,Board datasheet not yet recorded,https://wiki.seeedstudio.com/RePhone/
source-board-1970dd513570e6290f,RePhone Extension Pack,Seeed Studio,board,0,0,0,0,1,recorded-not-rechecked,Board datasheet not yet recorded,https://wiki.seeedstudio.com/RePhone/
source-board-c8379204438b83599a,RePhone Geo Kit,Seeed Studio,board,0,0,0,0,1,recorded-not-rechecked,Board datasheet not yet recorded,https://wiki.seeedstudio.com/RePhone_Geo_Kit/
source-board-63992f8c5d1df48acc,RePhone Lumi Kit,Seeed Studio,board,0,0,0,0,1,recorded-not-rechecked,Board datasheet not yet recorded,https://wiki.seeedstudio.com/RePhone_Lumi_Kit/
source-board-0f5329461fd5c05e1a,LinkStar H28K,Seeed Studio,board,0,0,0,0,1,recorded-not-rechecked,Board datasheet not yet recorded,https://wiki.seeedstudio.com/H28K_Datasheet/
source-board-2a6f76cf24fa45181f,LinkStar H68K,Seeed Studio,board,0,0,0,0,1,recorded-not-rechecked,Board datasheet not yet recorded,https://wiki.seeedstudio.com/Linkstar_Datasheet/
source-board-fadff82abb37efa3ea,LinkStar H68K V2,Seeed Studio,board,0,0,0,0,1,recorded-not-rechecked,Board datasheet not yet recorded,https://wiki.seeedstudio.com/h68kv2_datasheet/
source-board-e899956e609c824cdd,NPi i.MX6ULL Dev Board,Seeed Studio,board,0,0,0,0,3,recorded-not-rechecked,Board datasheet not yet recorded,https://wiki.seeedstudio.com/NPi-i.MX6ULL-Dev-Board-Linux-SBC/
source-board-1edff47c9cee97fc9c,Quantum Mini Linux Development Kit,Seeed Studio,board,0,0,0,0,1,recorded-not-rechecked,Board datasheet not yet recorded,https://wiki.seeedstudio.com/Quantum-Mini-Linux-Development-Kit/
source-board-769f4e73d34427714a,reComputer RK3576 Module Dev Kit,Seeed Studio,board,0,0,0,0,2,recorded-not-rechecked,Board datasheet not yet recorded,https://www.seeedstudio.com/reComputer-RK3576-Module-Dev-Kit-p-6952.html
source-board-4eeb492918be405a72,reComputer RK3576-20,Seeed Studio,board,0,0,0,0,4,recorded-not-rechecked,Board datasheet not yet recorded,https://www.seeedstudio.com/reComputer-RK3576-20-p-6816.html
source-board-fd10e45093cc77bb26,reComputer RK3576-30,Seeed Studio,board,0,0,0,0,2,recorded-not-rechecked,Board datasheet not yet recorded,https://www.seeedstudio.com/reComputer-RK3576-30-p-6815.html
source-board-d58ca32f6fa0b35423,reComputer RK3588-30,Seeed Studio,board,0,0,0,0,2,recorded-not-rechecked,Board datasheet not yet recorded,https://www.seeedstudio.com/reComputer-RK3588-30-p-6817.html
source-board-b4dea0da76a7bbd456,SOM STM32MP157C,Seeed Studio,board,0,0,0,0,1,recorded-not-rechecked,Board datasheet not yet recorded,https://wiki.seeedstudio.com/SEEED-SOM-STM32MP157C/
source-board-1bc9746fa7191f556e,4WD Driver Platform V1.0,Seeed Studio,board,0,0,0,0,1,recorded-not-rechecked,Board datasheet not yet recorded,https://wiki.seeedstudio.com/4WD_Driver_Platform_V1.0/
source-board-127efc76086a5f08cd,AI Assistant (STM32N657),Seeed Studio,board,0,0,0,0,3,recorded-not-rechecked,Board datasheet not yet recorded,https://wiki.seeedstudio.com/ai_assistant_getting_started/
source-board-3a69c1ce6cc7bc4ff9,Atom Node,Seeed Studio,board,0,0,0,0,2,recorded-not-rechecked,Board datasheet not yet recorded,https://wiki.seeedstudio.com/Atom_Node/
source-board-b767d4380f07dca705,EdgeBox-ESP-100,Seeed Studio,board,0,0,0,0,6,recorded-not-rechecked,Board datasheet not yet recorded,https://wiki.seeedstudio.com/Edgebox-ESP-100-Arduino/
source-board-9dc75d0723bea0c85a,FSM-55,Seeed Studio,board,0,0,0,0,1,recorded-not-rechecked,Board datasheet not yet recorded,https://wiki.seeedstudio.com/FSM-55/
source-board-d220203c496d8c8dd6,Fubarino SD,Seeed Studio,board,0,0,0,0,1,recorded-not-rechecked,Board datasheet not yet recorded,https://wiki.seeedstudio.com/Fubarino_SD/
source-board-f779602767197be572,Hercules Dual 15A 6-20V Motor Controller,Seeed Studio,board,0,0,0,0,1,recorded-not-rechecked,Board datasheet not yet recorded,https://wiki.seeedstudio.com/Hercules_Dual_15A_6-20V_Motor_Controller/
source-board-8b56d9293a7661b819,IoT Fast Prototyping Kit S5D9,Seeed Studio,board,0,0,0,0,8,recorded-not-rechecked,Board datasheet not yet recorded,https://wiki.seeedstudio.com/IoT_Fast_Prototyping_Kit_S5D9/
source-board-25736f1f8dac893df4,MT3620 Ethernet Shield V1.0,Seeed Studio,board,0,0,0,0,6,recorded-not-rechecked,Board datasheet not yet recorded,https://wiki.seeedstudio.com/MT3620_Ethernet_Shield_v1.0/
source-board-ef2965a55971c4ecb5,Rainbow Cube Kit - RGB 4x4x4,Seeed Studio,board,0,0,0,0,2,recorded-not-rechecked,Board datasheet not yet recorded,https://wiki.seeedstudio.com/Rainbow_Cube_kit_RGB_4_4_4_Rainbowduino_Compatible/
source-board-f77727d723ad08c0d0,Rainbowduino,Seeed Studio,board,0,0,0,0,2,recorded-not-rechecked,Board datasheet not yet recorded,https://wiki.seeedstudio.com/Rainbowduino/
source-board-f28df9241f25674096,Rainbowduino LED Driver Platform - ATmega328,Seeed Studio,board,0,0,0,0,1,recorded-not-rechecked,Board datasheet not yet recorded,https://wiki.seeedstudio.com/Rainbowduino_LED_driver_platform-ATmega328/
source-board-502c8c324d0cebff83,Rainbowduino V3.0,Seeed Studio,board,0,0,0,0,1,recorded-not-rechecked,Board datasheet not yet recorded,https://wiki.seeedstudio.com/Rainbowduino_v3.0/
source-board-8663674c7e8620a6d6,Spartan Edge Accelerator Board,Seeed Studio,board,0,0,0,0,1,recorded-not-rechecked,Board datasheet not yet recorded,https://wiki.seeedstudio.com/Spartan-Edge-Accelerator-Board/
source-board-69b0df3dc8b7d67e52,Bluetooth Multimeter,Seeed Studio,board,0,0,0,0,2,recorded-not-rechecked,Board datasheet not yet recorded,https://wiki.seeedstudio.com/Bluetooth_Multimeter/
source-board-072e30f9c1edcad3c6,Bus Pirate V3,Seeed Studio,board,0,0,0,0,1,recorded-not-rechecked,Board datasheet not yet recorded,https://wiki.seeedstudio.com/Bus_Pirate_v3_assembled/
source-board-d7ae45564724234773,DSO Nano V3,Seeed Studio,board,0,0,0,0,1,recorded-not-rechecked,Board datasheet not yet recorded,https://wiki.seeedstudio.com/DSO_Nano_v3/
source-board-e0a23349cd64bf2454,Lipo Rider Plus,Seeed Studio,board,0,0,0,0,1,recorded-not-rechecked,Board datasheet not yet recorded,https://wiki.seeedstudio.com/Lipo-Rider-Plus/
source-board-edfaabdc714ee27cdb,Lipo Rider Pro,Seeed Studio,board,0,0,0,0,2,recorded-not-rechecked,Board datasheet not yet recorded,https://wiki.seeedstudio.com/Lipo_Rider_Pro/
source-board-1662f8895b0c44a9ce,Lipo Rider V1.1,Seeed Studio,board,0,0,0,0,1,recorded-not-rechecked,Board datasheet not yet recorded,https://wiki.seeedstudio.com/Lipo_Rider_V1.1/
source-board-982542c02b82f4ed6f,Logic DC Jack,Seeed Studio,board,0,0,0,0,1,recorded-not-rechecked,Board datasheet not yet recorded,https://wiki.seeedstudio.com/Logic_DC_Jack/
source-board-cbc4d89eab0178569d,UartSBee V5,Seeed Studio,board,0,0,0,0,1,recorded-not-rechecked,Board datasheet not yet recorded,https://wiki.seeedstudio.com/UartSBee_v5/
source-board-8b3ee5760ce281c8f4,USB To Uart 3V3,Seeed Studio,board,0,0,0,0,1,recorded-not-rechecked,Board datasheet not yet recorded,https://wiki.seeedstudio.com/USB_To_Uart_3V3/
source-board-60b8a0e4ad9ffdfd90,USB To Uart 5V,Seeed Studio,board,0,0,0,0,1,recorded-not-rechecked,Board datasheet not yet recorded,https://wiki.seeedstudio.com/USB_To_Uart_5V/
source-board-06371a7dd03c1eeea5,USB To Uart 5V-3V3,Seeed Studio,board,0,0,0,0,1,recorded-not-rechecked,Board datasheet not yet recorded,https://wiki.seeedstudio.com/USB_To_Uart_5V_3V3/
source-board-06f212159c0fa5b28d,2-Channel CAN-BUS FD Shield for Raspberry Pi,Seeed Studio,board,0,0,0,0,4,recorded-not-rechecked,Board datasheet not yet recorded,https://wiki.seeedstudio.com/2-Channel-CAN-BUS-FD-Shield-for-Raspberry-Pi/
source-board-c30706f3dad957e401,4-Channel SPDT Relay HAT for Raspberry Pi,Seeed Studio,board,0,0,0,0,1,recorded-not-rechecked,Board datasheet not yet recorded,https://wiki.seeedstudio.com/Raspberry_Pi_Relay_Board_v1.0/
source-board-19fe0ec05e6e5bbd00,8-Channel 12-Bit ADC for Raspberry Pi (STM32F030),Seeed Studio,board,0,0,0,0,1,recorded-not-rechecked,Board datasheet not yet recorded,https://wiki.seeedstudio.com/8-Channel_12-Bit_ADC_for_Raspberry_Pi-STM32F030/
source-board-8669627ca0e540609e,Grove AI HAT for Edge Computing,Seeed Studio,board,0,0,0,0,1,recorded-not-rechecked,Board datasheet not yet recorded,https://wiki.seeedstudio.com/Grove_AI_HAT_for_Edge_Computing/
source-board-1f5a3d1fe25d2bf80c,PCIe 3.0 to Dual M.2 HAT for Raspberry Pi 5,Seeed Studio,board,0,0,0,0,1,recorded-not-rechecked,Board datasheet not yet recorded,https://www.seeedstudio.com/PCIe3-0-to-dual-M-2-hat-for-Raspberry-Pi-5-p-6358.html
source-board-6b7476508f551376e7,Raspberry Pi 4G LTE HAT,Seeed Studio,board,0,0,0,0,2,recorded-not-rechecked,Board datasheet not yet recorded,https://wiki.seeedstudio.com/getting_started_raspberry_pi_4g_lte_hat/
source-board-484fb596c42404bf51,Raspberry Pi Breakout Board V1.0,Seeed Studio,board,0,0,0,0,1,recorded-not-rechecked,Board datasheet not yet recorded,https://wiki.seeedstudio.com/Raspberry_Pi_Breakout_Board_v1.0/
source-board-b9c55548e5b3a79215,Raspberry Pi Motor Driver Board V1.0,Seeed Studio,board,0,0,0,0,1,recorded-not-rechecked,Board datasheet not yet recorded,https://wiki.seeedstudio.com/Raspberry_Pi_Motor_Driver_Board_v1.0/
source-board-d943afbce934f575ba,Raspberry Pi RS232 Board V1.0,Seeed Studio,board,0,0,0,0,1,recorded-not-rechecked,Board datasheet not yet recorded,https://wiki.seeedstudio.com/Raspberry_Pi_R232_Board_v1.0/
source-board-a9d27e11131283217b,Edge Box RPi-200,Seeed Studio,board,0,0,0,0,4,recorded-not-rechecked,Board datasheet not yet recorded,https://wiki.seeedstudio.com/Edge_Box_introduction/
source-board-299914265863831ad1,reComputer AI Industrial R2135,Seeed Studio,board,0,0,0,0,5,recorded-not-rechecked,Board datasheet not yet recorded,https://wiki.seeedstudio.com/recomputer_ai_industrial_r2135_getting_start/
source-board-148df812ff7d82e56c,reComputer AI R2000 Series,Seeed Studio,board,0,0,0,0,2,missing,Board datasheet not yet recorded; Original manufacturer website not yet identified,
source-board-b59a2c2c3e25128d7c,reComputer Industrial R20xx,Seeed Studio,board,0,0,0,0,10,recorded-not-rechecked,Board datasheet not yet recorded,https://wiki.seeedstudio.com/recomputer_industrial_r20xx_getting_start/
source-board-4d82cbc4a058e209e3,reComputer Industrial R21xx,Seeed Studio,board,0,0,0,0,3,missing,Board datasheet not yet recorded; Original manufacturer website not yet identified,
source-board-30061f1f606eee24f5,reComputer Industrial R22xx,Seeed Studio,board,0,0,0,0,13,missing,Board datasheet not yet recorded; Original manufacturer website not yet identified,
source-board-2ab6a5daaffc0de1ce,reComputer R1000,Seeed Studio,board,0,0,0,0,6,missing,Board datasheet not yet recorded; Original manufacturer website not yet identified,
source-board-f0242ad3488d9ed6d2,reComputer R1000 V1.1,Seeed Studio,board,0,0,0,0,1,recorded-not-rechecked,Board datasheet not yet recorded,https://wiki.seeedstudio.com/recomputer_r1000_v1_1_description/
source-board-113b9f4130aafe6eec,reComputer R1100,Seeed Studio,board,0,0,0,0,5,recorded-not-rechecked,Board datasheet not yet recorded,https://wiki.seeedstudio.com/recomputer_r1100_intro/
source-board-aacb33b2fb93109d60,reComputer R1225,Seeed Studio,board,0,0,0,0,4,recorded-not-rechecked,Board datasheet not yet recorded,https://wiki.seeedstudio.com/r1225_introduction/
source-board-f271a8debb70adc43e,reRouter CM4,Seeed Studio,board,0,0,0,0,1,missing,Board datasheet not yet recorded; Original manufacturer website not yet identified,
source-board-20a7df6f0ca907b518,reTerminal DM,Seeed Studio,board,0,0,0,0,6,recorded-not-rechecked,Board datasheet not yet recorded,https://wiki.seeedstudio.com/reterminal-dm/
source-board-4a9c04e448c0594475,reTerminal E10-1,Seeed Studio,board,0,0,0,0,3,recorded-not-rechecked,Board datasheet not yet recorded,https://wiki.seeedstudio.com/reTerminalBridge/
source-board-8a6ca60b3f21712d8a,A203 Carrier Board,Seeed Studio,board,0,0,0,0,4,recorded-not-rechecked,Board datasheet not yet recorded,https://wiki.seeedstudio.com/reComputer_A203_Flash_System/
source-board-b2530201efa3873193,A203E Mini PC,Seeed Studio,board,0,0,0,0,1,recorded-not-rechecked,Board datasheet not yet recorded,https://wiki.seeedstudio.com/reComputer_A203E_Flash_System/
source-board-30302252fc47f679fc,A205 Carrier Board,Seeed Studio,board,0,0,0,0,1,recorded-not-rechecked,Board datasheet not yet recorded,https://wiki.seeedstudio.com/reComputer_A205_Flash_System/
source-board-898e4bd259b43937dd,A205E Carrier Board,Seeed Studio,board,0,0,0,0,1,recorded-not-rechecked,Board datasheet not yet recorded,https://wiki.seeedstudio.com/reComputer_A205E_Flash_System/
source-board-4b43a23fae89f9579e,A205E Mini PC,Seeed Studio,board,0,0,0,0,1,recorded-not-rechecked,Board datasheet not yet recorded,https://wiki.seeedstudio.com/reComputer_A205E_Flash_System/
source-board-ea5a9400b09023d4d4,A206 Carrier Board,Seeed Studio,board,0,0,0,0,3,recorded-not-rechecked,Board datasheet not yet recorded,https://wiki.seeedstudio.com/reComputer_Jetson_Series_Introduction/
source-board-3828a950e19fb1aa02,A603 Carrier Board,Seeed Studio,board,0,0,0,0,1,recorded-not-rechecked,Board datasheet not yet recorded,https://wiki.seeedstudio.com/reComputer_A603_Flash_System/
source-board-7e935064cf6e2ee755,A607 Carrier Board,Seeed Studio,board,0,0,0,0,1,recorded-not-rechecked,Board datasheet not yet recorded,https://wiki.seeedstudio.com/reComputer_A607_Flash_System/
source-board-4a5be486bd304d3ef9,J101 Carrier Board,Seeed Studio,board,0,0,0,0,1,recorded-not-rechecked,Board datasheet not yet recorded,https://wiki.seeedstudio.com/reComputer_Jetson_Series_Introduction/
source-board-c23c330b669652db37,J202 Carrier Board,Seeed Studio,board,0,0,0,0,2,recorded-not-rechecked,Board datasheet not yet recorded,https://wiki.seeedstudio.com/reComputer_J2021_J202_Flash_Jetpack/
source-board-117e877111f3bbb924,J401 Carrier Board,Seeed Studio,board,0,0,0,0,2,recorded-not-rechecked,Board datasheet not yet recorded,https://wiki.seeedstudio.com/J401_carrierboard_Hardware_Interfaces_Usage/
source-board-d6c8ce7a020faa7bcc,J401-Mini Carrier Board,Seeed Studio,board,0,0,0,0,5,recorded-not-rechecked,Board datasheet not yet recorded,https://wiki.seeedstudio.com/recomputer_mini_j401_getting_started/
source-board-83eada24dce1ad6b97,J401B Carrier Board,Seeed Studio,board,0,0,0,0,1,recorded-not-rechecked,Board datasheet not yet recorded,https://wiki.seeedstudio.com/recomputer_j401b_interfaces_usage/
source-board-3231b0b4eb40cd42ba,J501 Carrier Board,Seeed Studio,board,0,0,0,0,1,recorded-not-rechecked,Board datasheet not yet recorded,https://wiki.seeedstudio.com/j501_carrier_board_interfaces_usage/
source-board-25890607e136c2f767,Jetson Mate,Seeed Studio,board,0,0,0,0,2,recorded-not-rechecked,Board datasheet not yet recorded,https://wiki.seeedstudio.com/Jetson-Mate/
source-board-452a66d3eb8fbd3417,Mini J501 Carrier Board,Seeed Studio,board,0,0,0,0,4,recorded-not-rechecked,Board datasheet not yet recorded,https://wiki.seeedstudio.com/recomputer_j501_mini_getting_started/
source-board-d07c7d9d8c8a3d8f38,reComputer Industrial J2011,Seeed Studio,board,0,0,0,0,2,recorded-not-rechecked,Board datasheet not yet recorded,https://wiki.seeedstudio.com/reComputer_Industrial_J20_Hardware_Interfaces_Usage/
source-board-c43745b5a06481df20,reComputer J1010,Seeed Studio,board,0,0,0,0,4,recorded-not-rechecked,Board datasheet not yet recorded,https://wiki.seeedstudio.com/reComputer_Jetson_Series_Hardware_Layout/
source-board-475453a94502db1013,reComputer J1020 V1,Seeed Studio,board,0,0,0,0,1,recorded-not-rechecked,Board datasheet not yet recorded,https://wiki.seeedstudio.com/reComputer_J1020_A206_Flash_JetPack/
source-board-1aac133918fc097d3f,reComputer J1020 V2,Seeed Studio,board,0,0,0,0,2,missing,Board datasheet not yet recorded; Original manufacturer website not yet identified,
source-board-158f8749acec6e9ad7,reComputer J2011,Seeed Studio,board,0,0,0,0,2,recorded-not-rechecked,Board datasheet not yet recorded,https://wiki.seeedstudio.com/reComputer_Jetson_Series_Hardware_Layout/
source-board-234003088cbdf81859,reComputer J3010,Seeed Studio,board,0,0,0,0,3,recorded-not-rechecked,Board datasheet not yet recorded,https://wiki.seeedstudio.com/reComputer_J4012_Flash_Jetpack/
source-board-1a27b9220305d01d61,reComputer J4012,Seeed Studio,board,0,0,0,0,1,missing,Board datasheet not yet recorded; Original manufacturer website not yet identified,
source-board-8d737c6cb5d66d4f70,reComputer Jetson Series,Seeed Studio,board,0,0,0,0,2,recorded-not-rechecked,Board datasheet not yet recorded,https://wiki.seeedstudio.com/reComputer_Jetson_GPIO/
source-board-e9d9af7d1114221e3e,reComputer Mini J3010,Seeed Studio,board,0,0,0,0,9,missing,Board datasheet not yet recorded; Original manufacturer website not yet identified,
source-board-5fbb170630fc19a33d,reComputer Mini J3011,Seeed Studio,board,0,0,0,0,2,recorded-not-rechecked,Board datasheet not yet recorded,https://wiki.seeedstudio.com/recomputer_jetson_mini_hardware_interfaces_usage/
source-board-5c1db1d671dea0dbc2,reComputer Robotics J3010,Seeed Studio,board,0,0,0,0,3,missing,Board datasheet not yet recorded; Original manufacturer website not yet identified,
source-board-6f48011d267f2d1ef4,reComputer Robotics J501,Seeed Studio,board,0,0,0,0,6,recorded-not-rechecked,Board datasheet not yet recorded,https://wiki.seeedstudio.com/ai_robotics_recomputer_j501_robotics_getting_started/
source-board-93aed86ced57dd734c,reComputer Robotics J601,Seeed Studio,board,0,0,0,0,3,missing,Board datasheet not yet recorded; Original manufacturer website not yet identified,
source-board-3fa466addb77f4d351,reComputer Rugged J401,Seeed Studio,board,0,0,0,0,4,recorded-not-rechecked,Board datasheet not yet recorded,https://wiki.seeedstudio.com/ai_robotics_recomputer_rugged_j401_hardware_and_interface_usage/
source-board-7cf65477191ee9846a,reComputer Super J3011,Seeed Studio,board,0,0,0,0,1,missing,Board datasheet not yet recorded; Original manufacturer website not yet identified,
source-board-7f29cc7024abf427a8,reServer Industrial J2011,Seeed Studio,board,0,0,0,0,3,recorded-not-rechecked,Board datasheet not yet recorded,https://wiki.seeedstudio.com/reserver_industrial_hardware_interface_usage/
source-board-7de6fd7504825d6327,reServer J501,Seeed Studio,board,0,0,0,0,1,missing,Board datasheet not yet recorded; Original manufacturer website not yet identified,
source-board-5d54dc68faf9496bcc,Robotics J401 Carrier Board,Seeed Studio,board,0,0,0,0,6,recorded-not-rechecked,Board datasheet not yet recorded,https://wiki.seeedstudio.com/recomputer_jetson_robotics_j401_getting_started/
source-board-f4f10eb1386711951c,Robotics J601 Carrier Board,Seeed Studio,board,0,0,0,0,2,missing,Board datasheet not yet recorded; Original manufacturer website not yet identified,
source-board-b2d3dd8ee676eeb89f,reSpeaker 2-Mics Pi HAT,Seeed Studio,board,0,0,0,0,2,recorded-not-rechecked,Board datasheet not yet recorded,https://wiki.seeedstudio.com/ReSpeaker_2_Mics_Pi_HAT/
source-board-b84e8a922e3a30cb4f,reSpeaker 4-Mic Array for Raspberry Pi,Seeed Studio,board,0,0,0,0,1,recorded-not-rechecked,Board datasheet not yet recorded,https://wiki.seeedstudio.com/ReSpeaker_4_Mic_Array_for_Raspberry_Pi/
source-board-e9e6dfdd8e5811d456,reSpeaker 4-Mic Linear Array Kit for Raspberry Pi,Seeed Studio,board,0,0,0,0,2,recorded-not-rechecked,Board datasheet not yet recorded,https://wiki.seeedstudio.com/ReSpeaker_4-Mic_Linear_Array_Kit_for_Raspberry_Pi/
source-board-df361a596271197c9d,reSpeaker 6-Mic Circular Array Kit for Raspberry Pi,Seeed Studio,board,0,0,0,0,1,recorded-not-rechecked,Board datasheet not yet recorded,https://wiki.seeedstudio.com/ReSpeaker_6-Mic_Circular_Array_kit_for_Raspberry_Pi/
source-board-f9c8b22056aff7ee5d,reSpeaker Clip,Seeed Studio,board,0,0,0,0,1,recorded-not-rechecked,Board datasheet not yet recorded,https://wiki.seeedstudio.com/respeaker_clip/
source-board-ef3849c9841f7e80da,reSpeaker Core V2.0,Seeed Studio,board,0,0,0,0,6,recorded-not-rechecked,Board datasheet not yet recorded,https://wiki.seeedstudio.com/ReSpeaker_Core_v2.0/
source-board-aa6405f26a11fada29,reSpeaker Flex Circular Mic Array,Seeed Studio,board,0,0,0,0,2,recorded-not-rechecked,Board datasheet not yet recorded,https://wiki.seeedstudio.com/respeaker_flex_introduction/
source-board-6cff07730366ff4b43,reSpeaker Flex Linear Mic Array,Seeed Studio,board,0,0,0,0,1,recorded-not-rechecked,Board datasheet not yet recorded,https://wiki.seeedstudio.com/respeaker_flex_introduction/
source-board-82e3454064f9081a15,reSpeaker USB 4-Mic Array XVF3000 V2.0,Seeed Studio,board,0,0,0,0,5,recorded-not-rechecked,Board datasheet not yet recorded,https://wiki.seeedstudio.com/ReSpeaker-USB-Mic-Array/
source-board-d621c05b7c575ff0d3,reSpeaker USB 4-Mic Array XVF3000 V3.0,Seeed Studio,board,0,0,0,0,3,recorded-not-rechecked,Board datasheet not yet recorded,https://wiki.seeedstudio.com/respeaker_mic_array_v3.0/
source-board-862b85bf3d9027c3e4,reSpeaker USB Mic Array,Seeed Studio,board,0,0,0,0,1,recorded-not-rechecked,Board datasheet not yet recorded,https://wiki.seeedstudio.com/ReSpeaker-USB-Mic-Array/
source-board-5fc752650eb8ceacc3,Grove - Joint V2.0,Seeed Studio,board,0,0,0,0,1,recorded-not-rechecked,Board datasheet not yet recorded,https://wiki.seeedstudio.com/Grove-Joint_v2.0/
source-board-0a8506110cfa3707bb,Seeeduino ADK Main Board,Seeed Studio,board,0,0,0,0,1,recorded-not-rechecked,Board datasheet not yet recorded,https://wiki.seeedstudio.com/Seeeduino_ADK_Main_Board/
source-board-f6083779010d881b32,Seeeduino Cloud,Seeed Studio,board,0,0,0,0,1,recorded-not-rechecked,Board datasheet not yet recorded,https://wiki.seeedstudio.com/Seeeduino_Cloud/
source-board-f108aaa0da380f731b,Seeeduino Crypto (ATmega4809 ECC608),Seeed Studio,board,0,0,0,0,1,recorded-not-rechecked,Board datasheet not yet recorded,https://wiki.seeedstudio.com/Seeeduino-Crypto-ATmega4809-ECC608/
source-board-d961153f752c60f409,Seeeduino Ethernet,Seeed Studio,board,0,0,0,0,1,recorded-not-rechecked,Board datasheet not yet recorded,https://wiki.seeedstudio.com/Seeeduino_Ethernet/
source-board-1d7e921e3904247e8c,Seeeduino GPRS,Seeed Studio,board,0,0,0,0,1,recorded-not-rechecked,Board datasheet not yet recorded,https://wiki.seeedstudio.com/Seeeduino_GPRS/
source-board-fa2828bb33736dc422,Seeeduino Lite,Seeed Studio,board,0,0,0,0,1,recorded-not-rechecked,Board datasheet not yet recorded,https://wiki.seeedstudio.com/Seeeduino_Lite/
source-board-08acbdc74782d9deda,Seeeduino LoRaWAN,Seeed Studio,board,0,0,0,0,1,recorded-not-rechecked,Board datasheet not yet recorded,https://wiki.seeedstudio.com/Seeeduino_LoRAWAN/
source-board-06de7748e531b85b2f,Seeeduino Lotus,Seeed Studio,board,0,0,0,0,1,recorded-not-rechecked,Board datasheet not yet recorded,https://wiki.seeedstudio.com/Seeeduino_Lotus/
source-board-3c45046ee247bf482f,Seeeduino Mega,Seeed Studio,board,0,0,0,0,1,recorded-not-rechecked,Board datasheet not yet recorded,https://wiki.seeedstudio.com/Seeeduino_Mega/
source-board-aee3cebfd65083aedf,Seeeduino Nano,Seeed Studio,board,0,0,0,0,3,recorded-not-rechecked,Board datasheet not yet recorded,https://wiki.seeedstudio.com/Seeeduino-Nano/
source-board-fe83e52f4b213af3e2,Seeeduino Stalker V1.0,Seeed Studio,board,0,0,0,0,2,recorded-not-rechecked,Board datasheet not yet recorded,https://wiki.seeedstudio.com/Seeeduino_Stalker_v1.0/
source-board-81647f2bd43b44ede6,Seeeduino Stalker V2.3,Seeed Studio,board,0,0,0,0,2,recorded-not-rechecked,Board datasheet not yet recorded,https://wiki.seeedstudio.com/Seeeduino_Stalker_v2.3/
source-board-841f15b713f34747aa,Seeeduino Stalker V3,Seeed Studio,board,0,0,0,0,2,recorded-not-rechecked,Board datasheet not yet recorded,https://wiki.seeedstudio.com/Seeeduino-Stalker_v3/
source-board-79da39109c298c1c4c,Seeeduino V4.0,Seeed Studio,board,0,0,0,0,1,recorded-not-rechecked,Board datasheet not yet recorded,https://wiki.seeedstudio.com/Seeeduino_v4.0/
source-board-da3e9881423f9b6dad,IoT Button,Seeed Studio,board,0,0,0,0,1,recorded-not-rechecked,Board datasheet not yet recorded,https://wiki.seeedstudio.com/getting_started_with_seeed_iot_button/
source-board-138969b01817b1e472,IoT Button for AWS,Seeed Studio,board,0,0,0,0,1,recorded-not-rechecked,Board datasheet not yet recorded,https://wiki.seeedstudio.com/SEEED-IOT-BUTTON-FOR-AWS/
source-board-93e8ed5cc8e7d6d1af,SenseCAP Card Tracker T1000-E,Seeed Studio,board,0,0,0,0,3,recorded-not-rechecked,Board datasheet not yet recorded,https://wiki.seeedstudio.com/get_started_with_lorawan_tracker/
source-board-53ef0544272aaa560c,SenseCAP M1 LoRaWAN Indoor Gateway,Seeed Studio,board,0,0,0,0,4,recorded-not-rechecked,Board datasheet not yet recorded,https://www.seeedstudio.com/SenseCAP-M1-LoRaWAN-Indoor-Gateway-US915-p-5023.html
source-board-83c49520a589e74cfa,SenseCAP M2 Multi-Platform Gateway,Seeed Studio,board,0,0,0,0,2,recorded-not-rechecked,Board datasheet not yet recorded,https://www.seeedstudio.com/SenseCAP-Multi-Platform-LoRaWAN-Indoor-Gateway-SX1302-EU868-p-5471.html
source-board-ea973389e5013fc905,SenseCAP MeshTracker X1,Seeed Studio,board,0,0,0,0,2,recorded-not-rechecked,Board datasheet not yet recorded,https://wiki.seeedstudio.com/meshtracker_x1_intro/
source-board-543509c5ebc201f64b,SenseCAP Solar Node P1,Seeed Studio,board,0,0,0,0,2,recorded-not-rechecked,Board datasheet not yet recorded,https://wiki.seeedstudio.com/meshtastic_solar_node/
source-board-50c907769be71a034c,SenseCAP T1000 Tracker,Seeed Studio,board,0,0,0,0,2,recorded-not-rechecked,Board datasheet not yet recorded,https://wiki.seeedstudio.com/SenseCAP_T1000_tracker/Introduction/
source-board-93fd6c4164c1453cf3,SenseCAP T2000 Tracker,Seeed Studio,board,0,0,0,0,3,recorded-not-rechecked,Board datasheet not yet recorded,https://wiki.seeedstudio.com/Get_Started_with_SenseCAP_T2000_tracker/
source-board-e0696dfc461225e348,LPWAN Dev Kit for Sidewalk,Seeed Studio,board,0,0,0,0,1,recorded-not-rechecked,Board datasheet not yet recorded,https://wiki.seeedstudio.com/wio_tracker_for_sidewalk/
source-board-4dd0645e437d9bb35b,Wio Extension RTC,Seeed Studio,board,0,0,0,0,2,recorded-not-rechecked,Board datasheet not yet recorded,https://wiki.seeedstudio.com/Wio-Extension-RTC/
source-board-881e745251b7644609,Wio Link,Seeed Studio,board,0,0,0,0,1,recorded-not-rechecked,Board datasheet not yet recorded,https://wiki.seeedstudio.com/Wio_Link/
source-board-8bd6582e4235bc3775,Wio Lite MG126,Seeed Studio,board,0,0,0,0,1,recorded-not-rechecked,Board datasheet not yet recorded,https://wiki.seeedstudio.com/Wio-Lite-MG126/
source-board-1829d3f600c1767de9,Wio Lite RISC-V GD32VF103 with ESP8266,Seeed Studio,board,0,0,0,0,1,recorded-not-rechecked,Board datasheet not yet recorded,https://wiki.seeedstudio.com/Wio_Lite_RISC_V_GD32VF103_with_ESP8266/
source-board-817835a4e7b98f45d8,Wio Lite W600,Seeed Studio,board,0,0,0,0,1,recorded-not-rechecked,Board datasheet not yet recorded,https://wiki.seeedstudio.com/Wio-Lite-W600/
source-board-5d61cf770f4b2e3207,Wio LTE Cat M1-NB-IoT Tracker,Seeed Studio,board,0,0,0,0,3,recorded-not-rechecked,Board datasheet not yet recorded,https://wiki.seeedstudio.com/Wio_LTE_Cat_M1_NB-IoT_Tracker/
source-board-b97fc057797792a3c6,Wio LTE Cat.1,Seeed Studio,board,0,0,0,0,2,recorded-not-rechecked,Board datasheet not yet recorded,https://wiki.seeedstudio.com/Wio_LTE_Cat.1/
source-board-1d1d1bc4a94c83068b,Wio Node,Seeed Studio,board,0,0,0,0,1,recorded-not-rechecked,Board datasheet not yet recorded,https://wiki.seeedstudio.com/Wio_Node/
source-board-51eb849298243e37e1,Wio Terminal Chassis - Battery (650mAh),Seeed Studio,board,0,0,0,0,2,recorded-not-rechecked,Board datasheet not yet recorded,https://wiki.seeedstudio.com/Wio-Terminal-Chassis-Battery_650mAh/
source-board-e480465de04274a647,Wio Terminal LoRaWAN Chassis with Antenna-built-in LoRa-E5 and GNSS,Seeed Studio,board,0,0,0,0,1,recorded-not-rechecked,Board datasheet not yet recorded,https://wiki.seeedstudio.com/Wio_Terminal_LoRaWan_Chassis_with_Antenna-built-in_LoRa-E5_and_GNSS_EU868_US915/
source-board-37f9bdc8a14fc66753,"Wio Tracker - GPS, BT3.0, GSM",Seeed Studio,board,0,0,0,0,2,recorded-not-rechecked,Board datasheet not yet recorded,https://wiki.seeedstudio.com/wio_gps_board/
source-board-7f5c6549cf76f5e412,Wio Tracker L1,Seeed Studio,board,0,1,0,0,3,checked-model-page,Board datasheet not yet recorded,https://wiki.seeedstudio.com/wio_tracker_l1_node/
source-board-976577678dfc4cebe8,Wio Tracker L1 E-Ink,Seeed Studio,board,0,1,0,0,1,checked-model-page,Board datasheet not yet recorded,https://wiki.seeedstudio.com/wio_tracker_l1_node/
source-board-73106bbb60db7faf8b,Wio Tracker L1 Pro,Seeed Studio,board,0,1,0,0,2,checked-model-page,Board datasheet not yet recorded,https://wiki.seeedstudio.com/wio_tracker_l1_node/
source-board-0cb846db3217a93759,Wio Tracker L2,Seeed Studio,board,0,0,0,0,3,recorded-not-rechecked,Board datasheet not yet recorded,https://wiki.seeedstudio.com/meshtastic_wio_tracker_l2_intro/
source-board-2e3986c06a4bd69eb2,2KM Long Range RF Link Kit,Seeed Studio,board,0,0,0,0,2,recorded-not-rechecked,Board datasheet not yet recorded,https://wiki.seeedstudio.com/2KM_Long_Range_RF_link_kits_w_encoder_and_decoder/
source-board-f1f0e06a863ef1294b,315MHz RF Link Kit,Seeed Studio,board,0,0,0,0,1,recorded-not-rechecked,Board datasheet not yet recorded,https://wiki.seeedstudio.com/315Mhz_RF_link_kit/
source-board-e647bd642b7bcbb4a8,Bluetooth Bee - Standalone,Seeed Studio,board,0,0,0,0,1,recorded-not-rechecked,Board datasheet not yet recorded,https://wiki.seeedstudio.com/Bluetooth_Bee_Standalone/
source-board-1839886bc22caa270e,Bluetooth V4.0 HM-11 BLE Module,Seeed Studio,board,0,0,0,0,1,recorded-not-rechecked,Board datasheet not yet recorded,https://wiki.seeedstudio.com/Bluetooth_V4.0_HM_11_BLE_Module/
source-board-a17635f8ee434814e3,Grove - Node,Seeed Studio,board,0,0,0,0,1,recorded-not-rechecked,Board datasheet not yet recorded,https://wiki.seeedstudio.com/Grove-Node/
source-board-4a797fd4d0f753b7e3,Grove - Wio-E5,Seeed Studio,board,0,0,0,0,1,recorded-not-rechecked,Board datasheet not yet recorded,https://wiki.seeedstudio.com/Grove_LoRa_E5_New_Version/
source-board-8b0e3f03922c352347,Grove - XBee Carrier,Seeed Studio,board,0,0,0,0,1,recorded-not-rechecked,Board datasheet not yet recorded,https://wiki.seeedstudio.com/Grove-XBee_Carrier/
source-board-6ee8ce359d809bce59,LoNet 808 - Mini GSM-GPRS + GPS Breakout,Seeed Studio,board,0,0,0,0,2,recorded-not-rechecked,Board datasheet not yet recorded,https://wiki.seeedstudio.com/Mini_GSM_GPRS_GPS_Breakout_SIM808/
source-board-0dcaac442f6ce018ea,LoRa-LoRaWAN Gateway Kit,Seeed Studio,board,0,0,0,0,1,recorded-not-rechecked,Board datasheet not yet recorded,https://wiki.seeedstudio.com/LoRa_LoRaWan_Gateway_Kit/
source-board-ec912e26d3fcc14eb3,Wi-Fi HaLow Module for reCamera,Seeed Studio,board,0,0,0,0,3,recorded-not-rechecked,Board datasheet not yet recorded,https://wiki.seeedstudio.com/wifi_halow_getting_started/
source-board-162d81500e3c01ba14,Wifi Bee,Seeed Studio,board,0,0,0,0,2,recorded-not-rechecked,Board datasheet not yet recorded,https://wiki.seeedstudio.com/Wifi_Bee/
source-board-46cc91e23ccadb5750,Wio-LR1121,Seeed Studio,board,1,0,0,0,3,checked-model-page,,https://www.seeedstudio.com/Wio-LR1121-with-IPEX-antenna-connector-p-6479.html
source-board-bea007a7950ac7b820,Wio-WM1110 Module,Seeed Studio,board,0,0,0,0,1,recorded-not-rechecked,Board datasheet not yet recorded,https://www.seeedstudio.com/Wio-WM1110-Module-LR1110-and-nRF52840-p-5676.html
source-board-9741860a7ed890420c,Xadow - 1.54 inch Touchscreen,Seeed Studio,board,0,0,0,0,1,recorded-not-rechecked,Board datasheet not yet recorded,https://wiki.seeedstudio.com/Xadow_1.54_inch_Touchscreen/
source-board-8140d9f3e2e3bc859c,Xadow - 3-Axis Accelerometer,Seeed Studio,board,0,0,0,0,1,recorded-not-rechecked,Board datasheet not yet recorded,https://wiki.seeedstudio.com/Xadow_3_Aixs_Accelerometer/
source-board-760407a57add0c79b9,Xadow - 3-Axis Digital Accelerometer (±400g),Seeed Studio,board,0,0,0,0,1,recorded-not-rechecked,Board datasheet not yet recorded,https://wiki.seeedstudio.com/Xadow_3_Aixs_Digital_Accelerometer_plusandminus_400g/
source-board-3f1ebaab3d0ce223f5,Xadow - Audio,Seeed Studio,board,0,0,0,0,1,recorded-not-rechecked,Board datasheet not yet recorded,https://wiki.seeedstudio.com/Xadow_Audio/
source-board-456f84f8bad3aa3e68,Xadow - Barometer,Seeed Studio,board,0,0,0,0,1,recorded-not-rechecked,Board datasheet not yet recorded,https://wiki.seeedstudio.com/Xadow_Barometer/
source-board-02d0f40df13ec735e8,Xadow - Barometer BMP180,Seeed Studio,board,0,0,0,0,1,recorded-not-rechecked,Board datasheet not yet recorded,https://wiki.seeedstudio.com/Xadow_Barometer_BMP180/
source-board-b559332bf40915efce,Xadow - Basic Sensors,Seeed Studio,board,0,0,0,0,1,recorded-not-rechecked,Board datasheet not yet recorded,https://wiki.seeedstudio.com/Xadow_Basic_Sensors/
source-board-d1f05dd33e46312345,Xadow - BLE,Seeed Studio,board,0,0,0,0,1,recorded-not-rechecked,Board datasheet not yet recorded,https://wiki.seeedstudio.com/Xadow_BLE/
source-board-7882531805d6e08aa0,Xadow - BLE (Dual Model) V1.0,Seeed Studio,board,0,0,0,0,1,recorded-not-rechecked,Board datasheet not yet recorded,https://wiki.seeedstudio.com/Xadow_BLE_Dual_Model_V1.0/
source-board-6c8de1d39d78b75c1e,Xadow - BLE Slave,Seeed Studio,board,0,0,0,0,1,recorded-not-rechecked,Board datasheet not yet recorded,https://wiki.seeedstudio.com/Xadow_BLE_Slave/
source-board-93d8f17792275456ee,Xadow - Breakout,Seeed Studio,board,0,0,0,0,1,recorded-not-rechecked,Board datasheet not yet recorded,https://wiki.seeedstudio.com/Xadow_Breakout/
source-board-bdd41cb388ce2d746e,Xadow - Buzzer,Seeed Studio,board,0,0,0,0,1,recorded-not-rechecked,Board datasheet not yet recorded,https://wiki.seeedstudio.com/Xadow_Buzzer/
source-board-0572d7a186005e7de8,Xadow - Compass,Seeed Studio,board,0,0,0,0,1,recorded-not-rechecked,Board datasheet not yet recorded,https://wiki.seeedstudio.com/Xadow_Compass/
source-board-f14ef57c3dbead5c50,Xadow - Duino,Seeed Studio,board,0,0,0,0,2,recorded-not-rechecked,Board datasheet not yet recorded,https://wiki.seeedstudio.com/Xadow_Duino/
source-board-5414779ffdbc65a2f0,Xadow - Gesture V1.0,Seeed Studio,board,0,0,0,0,2,recorded-not-rechecked,Board datasheet not yet recorded,https://wiki.seeedstudio.com/Xadow_Gesture_v1.0/
source-board-27844ac1e9c8730096,Xadow - GPS V2,Seeed Studio,board,0,0,0,0,1,missing,Board datasheet not yet recorded; Original manufacturer website not yet identified,
source-board-e780a26a33ed65ed4a,Xadow - GSM Breakout,Seeed Studio,board,0,0,0,0,3,missing,Board datasheet not yet recorded; Original manufacturer website not yet identified,
source-board-cb748eaee737a77b70,Xadow - IMU 10DOF,Seeed Studio,board,0,0,0,0,1,recorded-not-rechecked,Board datasheet not yet recorded,https://wiki.seeedstudio.com/Xadow_IMU_10DOF/
source-board-7f96232cc48554253d,Xadow - IMU 9DOF,Seeed Studio,board,0,0,0,0,1,recorded-not-rechecked,Board datasheet not yet recorded,https://wiki.seeedstudio.com/Xadow_IMU_9DOF/
source-board-bfc165752a28124f33,Xadow - LED 5x7,Seeed Studio,board,0,0,0,0,1,recorded-not-rechecked,Board datasheet not yet recorded,https://wiki.seeedstudio.com/Xadow_LED_5x7/
source-board-7fd009287a0f9932df,Xadow - M0,Seeed Studio,board,0,0,0,0,1,recorded-not-rechecked,Board datasheet not yet recorded,https://wiki.seeedstudio.com/Xadow_M0/
source-board-43a2f3a40bbde6d48a,Xadow - Main Board,Seeed Studio,board,0,0,0,0,2,recorded-not-rechecked,Board datasheet not yet recorded,https://wiki.seeedstudio.com/Xadow_Main_Board/
source-board-cf94c05464f1df9ad4,Xadow - Motor Driver,Seeed Studio,board,0,0,0,0,1,recorded-not-rechecked,Board datasheet not yet recorded,https://wiki.seeedstudio.com/Xadow_Motor_Driver/
source-board-e3a84d91705df46b1d,Xadow - Multichannel Gas Sensor,Seeed Studio,board,0,0,0,0,1,recorded-not-rechecked,Board datasheet not yet recorded,https://wiki.seeedstudio.com/Xadow_Multichannel_Gas_Sensor/
source-board-8b620b9bf093f9fc7c,Xadow - NFC V2,Seeed Studio,board,0,0,0,0,1,recorded-not-rechecked,Board datasheet not yet recorded,https://wiki.seeedstudio.com/Xadow_NFC_v2/
source-board-05e1108602f96cdaaf,Xadow - Pebble Time Adapter,Seeed Studio,board,0,0,0,0,2,recorded-not-rechecked,Board datasheet not yet recorded,https://wiki.seeedstudio.com/Xadow_Pebble_Time_Adapter/
source-board-3ed41ac2f7590b1856,Xadow - Q Touch Sensor,Seeed Studio,board,0,0,0,0,1,recorded-not-rechecked,Board datasheet not yet recorded,https://wiki.seeedstudio.com/Xadow_Q_Touch_Sensor/
source-board-b7a01acf3f960b5f03,Xadow - RGB OLED 96x64,Seeed Studio,board,0,0,0,0,1,recorded-not-rechecked,Board datasheet not yet recorded,https://wiki.seeedstudio.com/Xadow_RGB_OLED_96multiply64/
source-board-9487d629d3d167d1c6,Xadow Wearable Kit for Edison,Seeed Studio,board,0,0,0,0,1,recorded-not-rechecked,Board datasheet not yet recorded,https://wiki.seeedstudio.com/Xadow_Edison_Kit/
source-board-237a8854b3461dfe7f,2-Channel Wi-Fi AC Relay Module,Seeed Studio,board,0,0,0,0,1,recorded-not-rechecked,Board datasheet not yet recorded,https://wiki.seeedstudio.com/2_channel_wifi_ac_relay/
source-board-9196615d93d4734b0d,24GHz mmWave for XIAO,Seeed Studio,board,0,0,0,0,1,recorded-not-rechecked,Board datasheet not yet recorded,https://wiki.seeedstudio.com/mmwave_for_xiao/
source-board-6e59abd77014f717d8,6-Channel Wi-Fi Relay Module,Seeed Studio,board,0,0,0,0,1,recorded-not-rechecked,Board datasheet not yet recorded,https://wiki.seeedstudio.com/6_channel_wifi_relay/
source-board-a1072b0b8018f0fe99,Bus Servo Driver Board,Seeed Studio,board,0,0,0,0,3,recorded-not-rechecked,Board datasheet not yet recorded,https://wiki.seeedstudio.com/bus_servo_driver_board/
source-board-0779a1bafc1bf0d053,COB LED Driver Board for XIAO,Seeed Studio,board,0,0,0,0,1,recorded-not-rechecked,Board datasheet not yet recorded,https://wiki.seeedstudio.com/getting_started_with_cob_led_dirver_board/
source-board-0238ffd3a86f18796a,ePaper Breakout Board for XIAO,Seeed Studio,board,0,0,0,0,2,recorded-not-rechecked,Board datasheet not yet recorded,https://wiki.seeedstudio.com/XIAO-eInk-Expansion-Board/
source-board-87745abe4316759f71,ePaper Driver Board for XIAO V2,Seeed Studio,board,0,0,0,0,1,recorded-not-rechecked,Board datasheet not yet recorded,https://wiki.seeedstudio.com/xiao_eink_expansion_board_v2/
source-board-5b3ae6e603546a5545,IO Expander for XIAO,Seeed Studio,board,0,0,0,0,1,recorded-not-rechecked,Board datasheet not yet recorded,https://wiki.seeedstudio.com/io_expander_for_xiao/
source-board-e3199ac49cb857fde7,mmWave Human Detection Sensor Kit (MR24HPC1),Seeed Studio,board,0,0,0,0,1,recorded-not-rechecked,Board datasheet not yet recorded,https://wiki.seeedstudio.com/mmwave_human_detection_kit/
source-board-6a46acf091548bef03,MR60BHA2 60GHz mmWave Breathing and Heartbeat Detection Sensor Kit with XIAO ESP32C6,Seeed Studio,board,0,0,0,0,1,recorded-not-rechecked,Board datasheet not yet recorded,https://wiki.seeedstudio.com/getting_started_with_mr60bha2_mmwave_kit/
source-board-1efb48e63932be5801,Relay Add On Module for XIAO,Seeed Studio,board,0,0,0,0,1,recorded-not-rechecked,Board datasheet not yet recorded,https://wiki.seeedstudio.com/relay_add_on_module_for_xiao/
source-board-97304de8e4eba3d420,Round Display for XIAO,Seeed Studio,board,0,0,0,0,7,recorded-not-rechecked,Board datasheet not yet recorded,https://wiki.seeedstudio.com/get_start_round_display/
source-board-9e4525fbacabe917ab,Sound Event Detection Module,Seeed Studio,board,0,0,0,0,2,recorded-not-rechecked,Board datasheet not yet recorded,https://wiki.seeedstudio.com/sound_event_detection_module/
source-board-e8913abb586f21436f,TRMNL 7.5inch (OG) DIY Kit,Seeed Studio,board,0,0,0,0,1,recorded-not-rechecked,Board datasheet not yet recorded,https://wiki.seeedstudio.com/trmnl_7inch5_diy_kit_main_page/
source-board-3a832a8f02c1f6a4cd,XIAO 0.96inch IPS Display (ESP32S3),Seeed Studio,board,0,0,0,0,1,recorded-not-rechecked,Board datasheet not yet recorded,https://wiki.seeedstudio.com/getting_started_0.96_inch_display_esp32s3/
source-board-52ca232e284ac4b5e6,XIAO 0.96inch IPS Display (nRF52840),Seeed Studio,board,0,0,0,0,1,recorded-not-rechecked,Board datasheet not yet recorded,https://wiki.seeedstudio.com/getting_started_0.96_inch_display_nrf52840/
source-board-e7082eb182f614652b,XIAO 1.14inch IPS Display (ESP32S3),Seeed Studio,board,0,0,0,0,1,recorded-not-rechecked,Board datasheet not yet recorded,https://wiki.seeedstudio.com/getting_started_1.14_inch_display_esp32s3/
source-board-bd5e884db0b986f040,XIAO 1.14inch IPS Display (nRF52840),Seeed Studio,board,0,0,0,0,1,recorded-not-rechecked,Board datasheet not yet recorded,https://wiki.seeedstudio.com/getting_started_1.14_inch_display_nrf52840/
source-board-a7c495d474ce74ef6d,XIAO 1.47inch IPS Touch Display (ESP32S3),Seeed Studio,board,0,0,0,0,1,recorded-not-rechecked,Board datasheet not yet recorded,https://wiki.seeedstudio.com/getting_started_1.47_inch_touch_display_esp32s3/
source-board-1120ad25cf95f165f8,XIAO 1.47inch IPS Touch Display (nRF52840),Seeed Studio,board,0,0,0,0,1,recorded-not-rechecked,Board datasheet not yet recorded,https://wiki.seeedstudio.com/getting_started_1.47_inch_touch_display_nrf52840/
source-board-41d8dcc7a655426e80,XIAO 2-Channel Wi-Fi AC Energy Meter,Seeed Studio,board,0,0,0,0,1,recorded-not-rechecked,Board datasheet not yet recorded,https://wiki.seeedstudio.com/2_channel_wifi_ac_energy_meter/
source-board-002270abd5db43ec4e,XIAO 7.5inch ePaper Panel,Seeed Studio,board,0,0,0,0,2,recorded-not-rechecked,Board datasheet not yet recorded,https://wiki.seeedstudio.com/xiao_075inch_epaper_panel/
source-board-5c82ea74255eb28bc7,XIAO Bus Servo Adapter,Seeed Studio,board,0,0,0,0,1,recorded-not-rechecked,Board datasheet not yet recorded,https://wiki.seeedstudio.com/xiao_bus_servo_adapter/
source-board-bc55b23b3301baeb8e,XIAO CAN Bus Expansion Board,Seeed Studio,board,0,0,0,0,2,recorded-not-rechecked,Board datasheet not yet recorded,https://wiki.seeedstudio.com/xiao-can-bus-expansion/
source-board-4c7a32b6f6919ca9aa,XIAO IR Mate Smart IR Remote,Seeed Studio,board,0,0,0,0,1,recorded-not-rechecked,Board datasheet not yet recorded,https://wiki.seeedstudio.com/XIAO_IR_Mate_Smart_IR_Remote/
source-board-edc5342af766fe6ef7,XIAO MIDI Synthesizer,Seeed Studio,board,0,0,0,0,2,recorded-not-rechecked,Board datasheet not yet recorded,https://wiki.seeedstudio.com/xiao_midi_synthesizer/
source-board-86ebac141812f19aab,XIAO Soil Moisture Sensor,Seeed Studio,board,0,0,0,0,1,recorded-not-rechecked,Board datasheet not yet recorded,https://wiki.seeedstudio.com/xiao_soil_moisture_sensor/
source-board-933b042800cc892e4b,XIAO W5500 Ethernet Adapter,Seeed Studio,board,0,0,0,0,3,recorded-not-rechecked,Board datasheet not yet recorded,https://wiki.seeedstudio.com/xiao_w5500_ethernet_adapter/
source-board-43f9349d98852db142,Micro-bit V2,Waveshare,board,0,0,0,0,1,missing,Board datasheet not yet recorded; Original manufacturer website not yet identified,
source-board-58c935f3ada73fde17,ATmega,Unattributed chip reference,board,0,0,0,0,0,missing,Board datasheet not yet recorded; Original manufacturer website not yet identified; Board/device visual reference still needed,
source-board-0bb50be3f1eb6412d9,ATtiny,Unattributed chip reference,board,0,0,0,0,0,missing,Board datasheet not yet recorded; Original manufacturer website not yet identified; Board/device visual reference still needed,
lilygo-gpio-device-t-lora-pager,T-LoRa Pager,LILYGO,board,0,0,0,0,1,recorded-not-rechecked,Board datasheet not yet recorded,https://wiki.lilygo.cc/products/t-lora-series/t-lora-pager/
lilygo-gpio-device-t-echo-lite,T-Echo Lite,LILYGO,board,0,0,0,0,1,recorded-not-rechecked,Board datasheet not yet recorded,https://github.com/Xinyuan-LilyGO/T-Echo-Lite
lilygo-gpio-device-t-echo-lite-core-v1-0,T-Echo Lite Core V1.0,LILYGO,board,0,0,0,0,1,recorded-not-rechecked,Board datasheet not yet recorded,https://github.com/Xinyuan-LilyGO/T-Echo-Lite
lilygo-gpio-device-t-watch-2019,T-Watch 2019,LILYGO,board,0,0,0,0,1,recorded-not-rechecked,Board datasheet not yet recorded,https://github.com/Xinyuan-LilyGO/TTGO_TWatch_Library
wiphone-gpio-device-bus-pirate-daughter-board-v1-1,WiPhone Bus Pirate Daughter Board V1.1,WiPhone,board,0,0,0,0,4,missing,Board datasheet not yet recorded; Original manufacturer website not yet identified,
lilygo-gpio-device-t-embed-cc1101-plus,T-Embed CC1101 Plus,LILYGO,board,0,0,0,0,2,recorded-not-rechecked,Board datasheet not yet recorded,https://lilygo.cc/products/t-embed-cc1101-plus
sparkfun-esp32-thing-plus-wrl-20168,ESP32 Thing Plus (USB-C),SparkFun,board,0,0,0,0,1,missing,Board datasheet not yet recorded; Original manufacturer website not yet identified,
sparkfun-esp32-thing-plus-wrl-15663,ESP32 Thing Plus (micro-B),SparkFun,board,0,0,0,0,1,missing,Board datasheet not yet recorded; Original manufacturer website not yet identified,
adafruit-feather-nrf52840,Feather nRF52840,Adafruit,board,0,0,0,0,1,recorded-not-rechecked,Board datasheet not yet recorded,https://www.adafruit.com/product/4062
adafruit-metro-328p,Metro 328P,Adafruit,board,0,0,0,0,1,recorded-not-rechecked,Board datasheet not yet recorded,https://www.adafruit.com/product/2466
adafruit-metro-mini,Metro Mini (legacy),Adafruit,board,0,0,0,0,1,recorded-not-rechecked,Board datasheet not yet recorded,https://www.adafruit.com/product/2590
adafruit-trinket-3v,Trinket 3V,Adafruit,board,0,0,0,0,1,recorded-not-rechecked,Board datasheet not yet recorded,https://www.adafruit.com/product/1500
adafruit-trinket-5v,Trinket 5V,Adafruit,board,0,0,0,0,1,recorded-not-rechecked,Board datasheet not yet recorded,https://www.adafruit.com/product/1501
adafruit-feather-m0-basic-proto,Feather M0 Basic Proto,Adafruit,board,0,0,0,0,1,recorded-not-rechecked,Board datasheet not yet recorded,https://www.adafruit.com/product/2772
adafruit-pro-trinket-3v,Pro Trinket 3V,Adafruit,board,0,0,0,0,1,recorded-not-rechecked,Board datasheet not yet recorded,https://www.adafruit.com/product/2010
adafruit-pro-trinket-5v,Pro Trinket 5V,Adafruit,board,0,0,0,0,1,recorded-not-rechecked,Board datasheet not yet recorded,https://www.adafruit.com/product/2000
adafruit-feather-32u4-bluefruit-le,Feather 32u4 Bluefruit LE,Adafruit,board,0,0,0,0,1,recorded-not-rechecked,Board datasheet not yet recorded,https://www.adafruit.com/product/2829
adafruit-feather-32u4-rfm69,Feather 32u4 RFM69,Adafruit,board,0,0,0,0,1,recorded-not-rechecked,Board datasheet not yet recorded,https://www.adafruit.com/product/3076
adafruit-feather-32u4-rfm9x,Feather 32u4 RFM9x,Adafruit,board,0,0,0,0,1,recorded-not-rechecked,Board datasheet not yet recorded,https://www.adafruit.com/product/3078
adafruit-pygamer,PyGamer,Adafruit,board,0,0,0,0,1,recorded-not-rechecked,Board datasheet not yet recorded,https://www.adafruit.com/product/4242
adafruit-trinket-m0,Trinket M0,Adafruit,board,0,0,0,0,1,recorded-not-rechecked,Board datasheet not yet recorded,https://www.adafruit.com/product/3500
adafruit-feather-m0-winc1500,Feather M0 WINC1500,Adafruit,board,0,0,0,0,1,recorded-not-rechecked,Board datasheet not yet recorded,https://www.adafruit.com/product/3010
adafruit-feather-m0-express,Feather M0 Express,Adafruit,board,0,0,0,0,1,recorded-not-rechecked,Board datasheet not yet recorded,https://www.adafruit.com/product/3403
adafruit-feather-m4-express,Feather M4 Express,Adafruit,board,0,0,0,0,1,recorded-not-rechecked,Board datasheet not yet recorded,https://www.adafruit.com/product/3857
adafruit-qt-py-samd21,QT Py SAMD21,Adafruit,board,0,0,0,0,1,recorded-not-rechecked,Board datasheet not yet recorded,https://www.adafruit.com/product/4600
adafruit-feather-m0-rfm69,Feather M0 RFM69,Adafruit,board,0,0,0,0,1,recorded-not-rechecked,Board datasheet not yet recorded,https://www.adafruit.com/product/3176
adafruit-feather-m0-rfm9x,Feather M0 RFM9x,Adafruit,board,0,0,0,0,1,recorded-not-rechecked,Board datasheet not yet recorded,https://www.adafruit.com/product/3178
adafruit-itsybitsy-m4-express,ItsyBitsy M4 Express,Adafruit,board,0,0,0,0,1,recorded-not-rechecked,Board datasheet not yet recorded,https://www.adafruit.com/product/3800
adafruit-grand-central-m4-express,Grand Central M4 Express,Adafruit,board,0,0,0,0,1,recorded-not-rechecked,Board datasheet not yet recorded,https://www.adafruit.com/product/4064
adafruit-feather-nrf52840-sense,Feather nRF52840 Sense,Adafruit,board,0,0,0,0,1,recorded-not-rechecked,Board datasheet not yet recorded,https://www.adafruit.com/product/4516
adafruit-feather-m0-adalogger,Feather M0 Adalogger,Adafruit,board,0,0,0,0,1,recorded-not-rechecked,Board datasheet not yet recorded,https://www.adafruit.com/product/2796
adafruit-metro-m4-express,Metro M4 Express,Adafruit,board,0,0,0,0,1,recorded-not-rechecked,Board datasheet not yet recorded,https://www.adafruit.com/product/3382
adafruit-itsybitsy-m0,ItsyBitsy M0,Adafruit,board,0,0,0,0,1,recorded-not-rechecked,Board datasheet not yet recorded,https://www.adafruit.com/product/3727
adafruit-hallowing-m0,HalloWing M0,Adafruit,board,0,0,0,0,1,recorded-not-rechecked,Board datasheet not yet recorded,https://www.adafruit.com/product/3900
adafruit-neotrellis-m4,NeoTrellis M4,Adafruit,board,0,0,0,0,1,recorded-not-rechecked,Board datasheet not yet recorded,https://www.adafruit.com/product/3938
adafruit-neo-trinkey,Neo Trinkey,Adafruit,board,0,0,0,0,1,recorded-not-rechecked,Board datasheet not yet recorded,https://www.adafruit.com/product/4870
adafruit-neokey-trinkey,NeoKey Trinkey,Adafruit,board,0,0,0,0,1,recorded-not-rechecked,Board datasheet not yet recorded,https://www.adafruit.com/product/5020
adafruit-gemma-m0,GEMMA M0,Adafruit,board,0,0,0,0,1,recorded-not-rechecked,Board datasheet not yet recorded,https://www.adafruit.com/product/3501
adafruit-metro-m0-express,Metro M0 Express,Adafruit,board,0,0,0,0,1,recorded-not-rechecked,Board datasheet not yet recorded,https://www.adafruit.com/product/3505
adafruit-itsybitsy-nrf52840,ItsyBitsy nRF52840,Adafruit,board,0,0,0,0,1,recorded-not-rechecked,Board datasheet not yet recorded,https://www.adafruit.com/product/4481
adafruit-circuit-playground-bluefruit,Circuit Playground Bluefruit,Adafruit,board,0,0,0,0,1,recorded-not-rechecked,Board datasheet not yet recorded,https://www.adafruit.com/product/4333
adafruit-feather-m4-express-can,Feather M4 Express CAN,Adafruit,board,0,0,0,0,1,recorded-not-rechecked,Board datasheet not yet recorded,https://www.adafruit.com/product/4759
adafruit-feather-328p,Feather 328P,Adafruit,board,0,0,0,0,1,recorded-not-rechecked,Board datasheet not yet recorded,https://www.adafruit.com/product/3458
adafruit-itsy-bitsy-32u4-3v,Itsy Bitsy 32u4 3V,Adafruit,board,0,0,0,0,1,recorded-not-rechecked,Board datasheet not yet recorded,https://www.adafruit.com/product/3675
adafruit-itsy-bitsy-32u4-5v,Itsy Bitsy 32u4 5V,Adafruit,board,0,0,0,0,1,recorded-not-rechecked,Board datasheet not yet recorded,https://www.adafruit.com/product/3677
adafruit-matrixportal-m4,MatrixPortal M4,Adafruit,board,0,0,0,0,1,recorded-not-rechecked,Board datasheet not yet recorded,https://www.adafruit.com/product/4745
adafruit-feather-m0-bluefruit-le,Feather M0 Bluefruit LE,Adafruit,board,0,0,0,0,1,recorded-not-rechecked,Board datasheet not yet recorded,https://www.adafruit.com/product/2995
adafruit-feather-32u4-basic-proto,Feather 32u4 Basic Proto,Adafruit,board,0,0,0,0,1,recorded-not-rechecked,Board datasheet not yet recorded,https://www.adafruit.com/product/2771
adafruit-gemma,Gemma,Adafruit,board,0,0,0,0,1,recorded-not-rechecked,Board datasheet not yet recorded,https://www.adafruit.com/product/1222
adafruit-pyportal,PyPortal,Adafruit,board,0,0,0,0,1,recorded-not-rechecked,Board datasheet not yet recorded,https://www.adafruit.com/product/4116
adafruit-pyportal-pynt,PyPortal Pynt,Adafruit,board,0,0,0,0,1,recorded-not-rechecked,Board datasheet not yet recorded,https://www.adafruit.com/product/4465
adafruit-pyportal-titano,PyPortal Titano,Adafruit,board,0,0,0,0,1,recorded-not-rechecked,Board datasheet not yet recorded,https://www.adafruit.com/product/4444
adafruit-nrf52840-clue,nRF52840 CLUE,Adafruit,board,0,0,0,0,1,recorded-not-rechecked,Board datasheet not yet recorded,https://www.adafruit.com/product/4500
adafruit-qt-py-ch32v203,QT Py CH32V203,Adafruit,board,0,0,0,0,1,recorded-not-rechecked,Board datasheet not yet recorded,https://www.adafruit.com/product/5996
adafruit-proximity-trinkey,Proximity Trinkey,Adafruit,board,0,0,0,0,1,recorded-not-rechecked,Board datasheet not yet recorded,https://www.adafruit.com/product/5022
adafruit-rotary-trinkey,Rotary Trinkey,Adafruit,board,0,0,0,0,1,recorded-not-rechecked,Board datasheet not yet recorded,https://www.adafruit.com/product/4964
adafruit-hallowing-m4,HalloWing M4,Adafruit,board,0,0,0,0,1,recorded-not-rechecked,Board datasheet not yet recorded,https://www.adafruit.com/product/4300
adafruit-ch552-qt-py,CH552 QT Py,Adafruit,board,0,0,0,0,1,recorded-not-rechecked,Board datasheet not yet recorded,https://www.adafruit.com/product/5960
adafruit-slider-trinkey,Slider Trinkey,Adafruit,board,0,0,0,0,1,recorded-not-rechecked,Board datasheet not yet recorded,https://www.adafruit.com/product/5021
adafruit-metro-m7-with-microsd,Metro M7 with microSD,Adafruit,board,0,0,0,0,1,recorded-not-rechecked,Board datasheet not yet recorded,https://www.adafruit.com/product/5600
adafruit-trrs-trinkey,TRRS Trinkey,Adafruit,board,0,0,0,0,1,recorded-not-rechecked,Board datasheet not yet recorded,https://www.adafruit.com/product/5954
adafruit-sht4x-trinkey,SHT45 Trinkey,Adafruit,board,0,0,0,0,1,recorded-not-rechecked,Board datasheet not yet recorded,https://www.adafruit.com/product/5896
adafruit-feather-32u4-adalogger,Feather 32u4 Adalogger,Adafruit,board,0,0,0,0,1,recorded-not-rechecked,Board datasheet not yet recorded,https://www.adafruit.com/product/2795
adafruit-metro-m4-express-airlift,Metro M4 Express AirLift,Adafruit,board,0,0,0,0,1,recorded-not-rechecked,Board datasheet not yet recorded,https://www.adafruit.com/product/4000
adafruit-pixel-trinkey,Pixel Trinkey,Adafruit,board,0,0,0,0,1,recorded-not-rechecked,Board datasheet not yet recorded,https://www.adafruit.com/product/5953
adafruit-sparkle-motion-stick,Sparkle Motion Stick,Adafruit,board,0,0,0,0,1,recorded-not-rechecked,Board datasheet not yet recorded,https://www.adafruit.com/product/6332
sparkfun-qwiic-pocket-development-board-esp32-c6,Qwiic Pocket Development Board - ESP32-C6,SparkFun,board,0,0,0,0,2,recorded-not-rechecked,Board datasheet not yet recorded,https://github.com/sparkfun/SparkFun_Qwiic_Pocket_Dev_Board_ESP32_C6
sparkfun-bluesmirf-v2,BlueSMiRF v2,SparkFun,board,0,0,0,0,4,recorded-not-rechecked,Board datasheet not yet recorded,https://github.com/sparkfun/SparkFun_BlueSMiRF-v2
sparkfun-iot-brushless-motor-driver,IoT Brushless Motor Driver,SparkFun,board,0,0,0,0,2,recorded-not-rechecked,Board datasheet not yet recorded,https://github.com/sparkfun/SparkFun_IoT_Brushless_Motor_Driver
sparkfun-pro-micro-esp32-c3,Pro Micro - ESP32-C3,SparkFun,board,0,0,0,0,1,recorded-not-rechecked,Board datasheet not yet recorded,https://github.com/sparkfun/SparkFun_Pro_Micro-ESP32C3
sparkfun-qwiic-pro-mini-esp32,Qwiic Pro Mini - ESP32,SparkFun,board,0,0,0,0,1,recorded-not-rechecked,Board datasheet not yet recorded,https://github.com/sparkfun/SparkFun_ESP32_Qwiic_Pro_Mini
sparkfun-artemis-development-kit,Artemis Development Kit,SparkFun,board,0,0,0,0,1,recorded-not-rechecked,Board datasheet not yet recorded,https://github.com/sparkfun/ArtemisDevKit
opensourcesdrlab-portapack-h4m,PortaPack H4M,OpenSourceSDRLab,board,0,1,0,0,1,checked-model-page,Board datasheet not yet recorded,https://github.com/portapack-mayhem/mayhem-mdk
sparkfun-azurewave-thing-plus-aw-cu488,AzureWave Thing Plus AW-CU488,SparkFun,board,0,0,0,0,1,recorded-not-rechecked,Board datasheet not yet recorded,https://www.sparkfun.com/products/19957
sparkfun-blackboard-artemis,BlackBoard Artemis,SparkFun,board,0,0,0,0,1,recorded-not-rechecked,Board datasheet not yet recorded,https://learn.sparkfun.com/tutorials/hookup-guide-for-the-blackboard-artemis/all
sparkfun-quicklogic-thing-plus-eos-s3,QuickLogic Thing Plus EOS S3,SparkFun,board,0,0,0,0,1,recorded-not-rechecked,Board datasheet not yet recorded,https://www.sparkfun.com/products/17273
sparkfun-esp32-s2-thing-plus,ESP32-S2 Thing Plus,SparkFun,board,0,0,0,0,1,recorded-not-rechecked,Board datasheet not yet recorded,https://www.sparkfun.com/products/17743
sparkfun-esp32-thing-plus-micro-b-wrl-14689,ESP32 Thing Plus (micro-B) - WRL-14689,SparkFun,board,0,0,0,0,1,recorded-not-rechecked,Board datasheet not yet recorded,https://www.sparkfun.com/products/14689
sparkfun-esp32-thing,ESP32 Thing,SparkFun,board,0,0,0,0,1,recorded-not-rechecked,Board datasheet not yet recorded,https://www.sparkfun.com/products/13907
sparkfun-micromod-esp32-processor,MicroMod ESP32 Processor,SparkFun,board,0,0,0,0,1,recorded-not-rechecked,Board datasheet not yet recorded,https://www.sparkfun.com/products/16781
sparkfun-blynk-board-esp8266,Blynk Board ESP8266,SparkFun,board,0,0,0,0,1,recorded-not-rechecked,Board datasheet not yet recorded,https://www.sparkfun.com/products/13794
sparkfun-freesoc2,FreeSoC2,SparkFun,board,0,0,0,0,1,recorded-not-rechecked,Board datasheet not yet recorded,https://github.com/sparkfun/Graphical_Datasheets/tree/736369896be44fae46b1e04bd370dd88ef73a227/Datasheets/FreeSoC
sparkfun-thing-plus-nora-w306,Thing Plus NORA-W306,SparkFun,board,0,0,0,0,1,recorded-not-rechecked,Board datasheet not yet recorded,https://www.sparkfun.com/products/21637
sparkfun-photon-redboard,Photon RedBoard,SparkFun,board,0,0,0,0,1,recorded-not-rechecked,Board datasheet not yet recorded,https://github.com/sparkfun/Graphical_Datasheets/tree/736369896be44fae46b1e04bd370dd88ef73a227/Datasheets/PhotonRedboard
sparkfun-pro-micro-5v-16mhz,Pro Micro 5V 16MHz,SparkFun,board,0,0,0,0,1,recorded-not-rechecked,Board datasheet not yet recorded,https://www.sparkfun.com/products/12640
sparkfun-pro-micro-3-3v-8mhz,Pro Micro 3.3V 8MHz,SparkFun,board,0,0,0,0,1,recorded-not-rechecked,Board datasheet not yet recorded,https://www.sparkfun.com/products/12587
sparkfun-qwiic-pro-micro-usb-c,Qwiic Pro Micro USB-C,SparkFun,board,0,0,0,0,1,recorded-not-rechecked,Board datasheet not yet recorded,https://www.sparkfun.com/products/15795
sparkfun-qduino-mini,Qduino Mini,SparkFun,board,0,0,0,0,1,recorded-not-rechecked,Board datasheet not yet recorded,https://www.sparkfun.com/products/13614
sparkfun-thing-plus-ra6m5,Thing Plus RA6M5,SparkFun,board,0,0,0,0,2,recorded-not-rechecked,Board datasheet not yet recorded,https://www.sparkfun.com/products/24243
sparkfun-redboard-plus,RedBoard Plus,SparkFun,board,0,0,0,0,1,recorded-not-rechecked,Board datasheet not yet recorded,https://www.sparkfun.com/products/18158
sparkfun-redboard-dev-12757,RedBoard DEV-12757,SparkFun,board,0,0,0,0,1,recorded-not-rechecked,Board datasheet not yet recorded,https://www.sparkfun.com/products/12757
sparkfun-redboard-dev-13975,RedBoard DEV-13975,SparkFun,board,0,0,0,0,1,recorded-not-rechecked,Board datasheet not yet recorded,https://www.sparkfun.com/products/13975
sparkfun-redboard-turbo,RedBoard Turbo,SparkFun,board,0,0,0,0,1,recorded-not-rechecked,Board datasheet not yet recorded,https://www.sparkfun.com/products/14812
sparkfun-qwiic-micro-samd21,Qwiic Micro SAMD21,SparkFun,board,0,0,0,0,1,recorded-not-rechecked,Board datasheet not yet recorded,https://www.sparkfun.com/products/15423
sparkfun-samd21-dev-breakout,SAMD21 Dev Breakout,SparkFun,board,0,0,0,0,1,recorded-not-rechecked,Board datasheet not yet recorded,https://www.sparkfun.com/products/13672
sparkfun-samd21-mini-breakout,SAMD21 Mini Breakout,SparkFun,board,0,0,0,0,1,recorded-not-rechecked,Board datasheet not yet recorded,https://www.sparkfun.com/products/13664
sparkfun-pro-rf-lora-915mhz,Pro RF LoRa 915MHz,SparkFun,board,0,0,0,0,1,recorded-not-rechecked,Board datasheet not yet recorded,https://www.sparkfun.com/products/15836
sparkfun-micromod-samd51-processor,MicroMod SAMD51 Processor,SparkFun,board,0,0,0,0,1,recorded-not-rechecked,Board datasheet not yet recorded,https://www.sparkfun.com/products/16791
sparkfun-thing-plus-samd51,Thing Plus SAMD51,SparkFun,board,0,0,0,0,1,recorded-not-rechecked,Board datasheet not yet recorded,https://www.sparkfun.com/products/14713
sparkfun-micromod-stm32-processor,MicroMod STM32 Processor,SparkFun,board,0,0,0,0,1,recorded-not-rechecked,Board datasheet not yet recorded,https://www.sparkfun.com/products/17713
sparkfun-pro-nrf52840-mini,Pro nRF52840 Mini,SparkFun,board,0,0,0,0,1,recorded-not-rechecked,Board datasheet not yet recorded,https://www.sparkfun.com/products/15025
sparkfun-thing-plus-esp32-c6,Thing Plus ESP32-C6,SparkFun,board,0,0,0,0,1,recorded-not-rechecked,Board datasheet not yet recorded,https://docs.sparkfun.com/SparkFun_Thing_Plus_ESP32_C6/
sparkfun-thing-plus-esp32-s3,Thing Plus ESP32-S3,SparkFun,board,0,0,0,0,2,recorded-not-rechecked,Board datasheet not yet recorded,https://docs.sparkfun.com/SparkFun_Thing_Plus_ESP32-S3/
sipeed-tang-nano-4k,Tang Nano 4K,Sipeed,board,0,0,0,0,1,recorded-not-rechecked,Board datasheet not yet recorded,https://wiki.sipeed.com/hardware/en/tang/Tang-Nano-4K/Nano-4K.html
sipeed-tang-nano-20k,Tang Nano 20K,Sipeed,board,0,0,0,0,1,recorded-not-rechecked,Board datasheet not yet recorded,https://wiki.sipeed.com/hardware/en/tang/tang-nano-20k/nano-20k.html
1bitsquared-icebreaker-v1-0b,iCEBreaker v1.0b,1BitSquared,board,0,0,0,0,1,missing,Board datasheet not yet recorded; Original manufacturer website not yet identified,
lattepanda-iota,IOTA,LattePanda,board,0,0,0,0,2,recorded-not-rechecked,Board datasheet not yet recorded,https://docs.lattepanda.com/content/iota_edition/io_playability_Internal/
lattepanda-sigma,Sigma,LattePanda,board,0,0,0,0,5,recorded-not-rechecked,Board datasheet not yet recorded,https://docs.lattepanda.com/content/sigma_edition/IO_Playability_Internal/
lattepanda-v1,V1,LattePanda,board,0,0,0,0,1,recorded-not-rechecked,Board datasheet not yet recorded,https://docs.lattepanda.com/content/1st_edition/hardware_introduction/
lattepanda-3-delta,3 Delta,LattePanda,board,0,0,0,0,2,recorded-not-rechecked,Board datasheet not yet recorded,https://docs.lattepanda.com/content/3rd_delta_edition/io_playability/
lattepanda-mu,Mu,LattePanda,board,0,0,0,0,1,recorded-not-rechecked,Board datasheet not yet recorded,https://docs.lattepanda.com/content/mu_edition/introduction/
lattepanda-mu-ultra,Mu Ultra,LattePanda,board,0,0,0,0,1,recorded-not-rechecked,Board datasheet not yet recorded,https://docs.lattepanda.com/content/mu_ultra_edition/introduction/
milk-v-mars,Mars,Milk-V,board,0,0,0,0,1,recorded-not-rechecked,Board datasheet not yet recorded,https://milkv.io/docs/mars/getting-started/gpio
lattepanda-alpha,Alpha,LattePanda,board,0,0,0,0,2,recorded-not-rechecked,Board datasheet not yet recorded,https://docs.lattepanda.com/content/alpha_edition/io_playability/
lattepanda-delta,Delta,LattePanda,board,0,0,0,0,2,recorded-not-rechecked,Board datasheet not yet recorded,https://docs.lattepanda.com/content/alpha_edition/io_playability/
friendlyelec-nanopc-t1,NanoPC-T1,FriendlyELEC,board,0,1,0,0,2,checked-model-page,Board datasheet not yet recorded,https://wiki.friendlyelec.com/wiki/index.php/NanoPC-T1
friendlyelec-nanopc-t2,NanoPC-T2,FriendlyELEC,board,0,1,2,0,1,checked-model-page,Board datasheet not yet recorded,https://wiki.friendlyelec.com/wiki/index.php/NanoPC-T2
friendlyelec-nanopc-t3,NanoPC-T3,FriendlyELEC,board,0,1,1,0,1,checked-model-page,Board datasheet not yet recorded,https://wiki.friendlyelec.com/wiki/index.php/NanoPC-T3
friendlyelec-nanopc-t3-plus,NanoPC-T3 Plus,FriendlyELEC,board,0,1,1,0,1,checked-model-page,Board datasheet not yet recorded,https://wiki.friendlyelec.com/wiki/index.php/NanoPC-T3_Plus
friendlyelec-nanopc-t4,NanoPC-T4,FriendlyELEC,board,0,1,2,0,1,checked-model-page,Board datasheet not yet recorded,https://wiki.friendlyelec.com/wiki/index.php/NanoPC-T4
friendlyelec-nanopi-2,NanoPi 2,FriendlyELEC,board,0,1,1,0,1,checked-model-page,Board datasheet not yet recorded,https://wiki.friendlyelec.com/wiki/index.php/NanoPi_2
friendlyelec-nanopi-2-fire,NanoPi 2 Fire,FriendlyELEC,board,0,1,1,0,1,checked-model-page,Board datasheet not yet recorded,https://wiki.friendlyelec.com/wiki/index.php/NanoPi_2_Fire
friendlyelec-nanopi-fire2a,NanoPi Fire2A,FriendlyELEC,board,0,1,1,0,1,checked-model-page,Board datasheet not yet recorded,https://wiki.friendlyelec.com/wiki/index.php/NanoPi_Fire2A
friendlyelec-nanopi-fire3,NanoPi Fire3,FriendlyELEC,board,0,1,1,0,1,checked-model-page,Board datasheet not yet recorded,https://wiki.friendlyelec.com/wiki/index.php/NanoPi_Fire3
friendlyelec-nanopi-s2,NanoPi S2,FriendlyELEC,board,0,1,1,0,1,checked-model-page,Board datasheet not yet recorded,https://wiki.friendlyelec.com/wiki/index.php/NanoPi_S2
friendlyelec-nanopi-a64,NanoPi A64,FriendlyELEC,board,0,1,0,0,1,checked-model-page,Board datasheet not yet recorded,https://wiki.friendlyelec.com/wiki/index.php/NanoPi_A64
friendlyelec-nanopi-duo,NanoPi Duo,FriendlyELEC,board,0,1,2,0,2,checked-model-page,Board datasheet not yet recorded,https://wiki.friendlyelec.com/wiki/index.php/NanoPi_Duo
friendlyelec-nanopi-duo2,NanoPi Duo2,FriendlyELEC,board,0,1,1,0,2,checked-model-page,Board datasheet not yet recorded,https://wiki.friendlyelec.com/wiki/index.php/NanoPi_Duo2
friendlyelec-nanopi-k2,NanoPi K2,FriendlyELEC,board,0,1,1,0,1,checked-model-page,Board datasheet not yet recorded,https://wiki.friendlyelec.com/wiki/index.php/NanoPi_K2
friendlyelec-nanopi-m1,NanoPi M1,FriendlyELEC,board,0,1,3,0,1,checked-model-page,Board datasheet not yet recorded,https://wiki.friendlyelec.com/wiki/index.php/NanoPi_M1
friendlyelec-nanopi-m1-plus,NanoPi M1 Plus,FriendlyELEC,board,0,1,1,0,1,checked-model-page,Board datasheet not yet recorded,https://wiki.friendlyelec.com/wiki/index.php/NanoPi_M1_Plus
friendlyelec-nanopi-m2,NanoPi M2,FriendlyELEC,board,0,1,1,0,2,checked-model-page,Board datasheet not yet recorded,https://wiki.friendlyelec.com/wiki/index.php/NanoPi_M2
friendlyelec-nanopi-m2a,NanoPi M2A,FriendlyELEC,board,0,1,2,0,1,checked-model-page,Board datasheet not yet recorded,https://wiki.friendlyelec.com/wiki/index.php/NanoPi_M2A
friendlyelec-nanopi-m3,NanoPi M3,FriendlyELEC,board,0,1,2,0,1,checked-model-page,Board datasheet not yet recorded,https://wiki.friendlyelec.com/wiki/index.php/NanoPi_M3
friendlyelec-nanopi-m4-4gb,NanoPi M4 4GB,FriendlyELEC,board,0,1,1,0,1,checked-model-page,Board datasheet not yet recorded,https://wiki.friendlyelec.com/wiki/index.php/NanoPi_M4
friendlyelec-nanopi-m4-2gb,NanoPi M4 2GB,FriendlyELEC,board,0,1,1,0,1,checked-model-page,Board datasheet not yet recorded,https://wiki.friendlyelec.com/wiki/index.php/NanoPi_M4
friendlyelec-nanopi-m4v2,NanoPi M4V2,FriendlyELEC,board,0,1,1,0,1,checked-model-page,Board datasheet not yet recorded,https://wiki.friendlyelec.com/wiki/index.php/NanoPi_M4V2
friendlyelec-nanopi-m4b,NanoPi M4B,FriendlyELEC,board,0,1,1,0,1,checked-model-page,Board datasheet not yet recorded,https://wiki.friendlyelec.com/wiki/index.php/NanoPi_M4B
friendlyelec-nanopi-neo,NanoPi NEO,FriendlyELEC,board,0,1,6,0,2,checked-model-page,Board datasheet not yet recorded,https://wiki.friendlyelec.com/wiki/index.php/NanoPi_NEO
friendlyelec-nanopi-neo2,NanoPi NEO2,FriendlyELEC,board,0,1,2,0,2,checked-model-page,Board datasheet not yet recorded,https://wiki.friendlyelec.com/wiki/index.php/NanoPi_NEO2
friendlyelec-nanopi-neo2-black,NanoPi NEO2 Black,FriendlyELEC,board,0,1,1,0,1,checked-model-page,Board datasheet not yet recorded,https://wiki.friendlyelec.com/wiki/index.php/NanoPi_NEO2_Black
friendlyelec-nanopi-neo3,NanoPi NEO3,FriendlyELEC,board,0,1,1,0,1,checked-model-page,Board datasheet not yet recorded,https://wiki.friendlyelec.com/wiki/index.php/NanoPi_NEO3
friendlyelec-nanopi-neo-air,NanoPi NEO Air,FriendlyELEC,board,0,1,2,0,2,checked-model-page,Board datasheet not yet recorded,https://wiki.friendlyelec.com/wiki/index.php/NanoPi_NEO_Air
friendlyelec-nanopi-neo-core,NanoPi NEO Core,FriendlyELEC,board,0,1,2,0,2,checked-model-page,Board datasheet not yet recorded,https://wiki.friendlyelec.com/wiki/index.php/NanoPi_NEO_Core
friendlyelec-nanopi-neo-core2,NanoPi NEO Core2,FriendlyELEC,board,0,1,1,0,2,checked-model-page,Board datasheet not yet recorded,https://wiki.friendlyelec.com/wiki/index.php/NanoPi_NEO_Core2
friendlyelec-nanopi-neo-plus2,NanoPi NEO Plus2,FriendlyELEC,board,0,1,4,0,2,checked-model-page,Board datasheet not yet recorded,https://wiki.friendlyelec.com/wiki/index.php/NanoPi_NEO_Plus2
friendlyelec-nanopi-r1,NanoPi R1,FriendlyELEC,board,0,1,1,0,1,checked-model-page,Board datasheet not yet recorded,https://wiki.friendlyelec.com/wiki/index.php/NanoPi_R1
friendlyelec-nanopi-r1s-h3,NanoPi R1S-H3,FriendlyELEC,board,0,1,1,0,1,checked-model-page,Board datasheet not yet recorded,https://wiki.friendlyelec.com/wiki/index.php/NanoPi_R1S-H3
friendlyelec-nanopi-r1s-h5,NanoPi R1S-H5,FriendlyELEC,board,0,1,1,0,1,checked-model-page,Board datasheet not yet recorded,https://wiki.friendlyelec.com/wiki/index.php/NanoPi_R1S-H5
friendlyelec-nanopi-r2s,NanoPi R2S,FriendlyELEC,board,0,1,2,0,1,checked-model-page,Board datasheet not yet recorded,https://wiki.friendlyelec.com/wiki/index.php/NanoPi_R2S
friendlyelec-nanopi-r2c,NanoPi R2C,FriendlyELEC,board,0,1,1,0,1,checked-model-page,Board datasheet not yet recorded,https://wiki.friendlyelec.com/wiki/index.php/NanoPi_R2C
friendlyelec-nanopi-r2c-plus,NanoPi R2C Plus,FriendlyELEC,board,0,1,1,0,1,checked-model-page,Board datasheet not yet recorded,https://wiki.friendlyelec.com/wiki/index.php/NanoPi_R2C_Plus
friendlyelec-nanopi-r2s-plus,NanoPi R2S Plus,FriendlyELEC,board,0,1,1,0,1,checked-model-page,Board datasheet not yet recorded,https://wiki.friendlyelec.com/wiki/index.php/NanoPi_R2S_Plus
friendlyelec-nanopi-r4s-1gb,NanoPi R4S 1GB,FriendlyELEC,board,0,1,1,0,1,checked-model-page,Board datasheet not yet recorded,https://wiki.friendlyelec.com/wiki/index.php/NanoPi_R4S
friendlyelec-nanopi-r4s-4gb,NanoPi R4S 4GB,FriendlyELEC,board,0,1,1,0,1,checked-model-page,Board datasheet not yet recorded,https://wiki.friendlyelec.com/wiki/index.php/NanoPi_R4S
friendlyelec-nanopi-r4se,NanoPi R4SE,FriendlyELEC,board,0,1,1,0,1,checked-model-page,Board datasheet not yet recorded,https://wiki.friendlyelec.com/wiki/index.php/NanoPi_R4SE
friendlyelec-nanopi-r5s,NanoPi R5S,FriendlyELEC,board,0,1,2,0,1,checked-model-page,Board datasheet not yet recorded,https://wiki.friendlyelec.com/wiki/index.php/NanoPi_R5S
friendlyelec-nanopi-r5c,NanoPi R5C,FriendlyELEC,board,0,1,1,0,1,checked-model-page,Board datasheet not yet recorded,https://wiki.friendlyelec.com/wiki/index.php/NanoPi_R5C
friendlyelec-nanopi-r6s,NanoPi R6S,FriendlyELEC,board,0,1,1,0,1,checked-model-page,Board datasheet not yet recorded,https://wiki.friendlyelec.com/wiki/index.php/NanoPi_R6S
friendlyelec-nanopi-r6c,NanoPi R6C,FriendlyELEC,board,0,1,1,0,1,checked-model-page,Board datasheet not yet recorded,https://wiki.friendlyelec.com/wiki/index.php/NanoPi_R6C
friendlyelec-nanopc-t6-lts,NanoPC-T6 LTS,FriendlyELEC,board,0,1,1,0,1,checked-model-page,Board datasheet not yet recorded,https://wiki.friendlyelec.com/wiki/index.php/NanoPC-T6
friendlyelec-nanopc-t6,NanoPC-T6,FriendlyELEC,board,0,1,1,0,1,checked-model-page,Board datasheet not yet recorded,https://wiki.friendlyelec.com/wiki/index.php/NanoPC-T6
friendlyelec-nanopi-m6,NanoPi M6,FriendlyELEC,board,0,1,1,0,1,checked-model-page,Board datasheet not yet recorded,https://wiki.friendlyelec.com/wiki/index.php/NanoPi_M6
friendlyelec-nanopi-r3s-lts,NanoPi R3S LTS,FriendlyELEC,board,0,1,2,0,1,checked-model-page,Board datasheet not yet recorded,https://wiki.friendlyelec.com/wiki/index.php/NanoPi_R3S
friendlyelec-nanopi-zero2,NanoPi Zero2,FriendlyELEC,board,0,1,1,0,2,checked-model-page,Board datasheet not yet recorded,https://wiki.friendlyelec.com/wiki/index.php/NanoPi_Zero2
friendlyelec-nanopi-m5-lpddr5,NanoPi M5 LPDDR5,FriendlyELEC,board,0,1,1,0,1,checked-model-page,Board datasheet not yet recorded,https://wiki.friendlyelec.com/wiki/index.php/NanoPi_M5
friendlyelec-nanopi-m5-lpddr4x,NanoPi M5 LPDDR4X,FriendlyELEC,board,0,1,1,0,1,checked-model-page,Board datasheet not yet recorded,https://wiki.friendlyelec.com/wiki/index.php/NanoPi_M5
friendlyelec-nanopi-r76s,NanoPi R76S,FriendlyELEC,board,0,1,2,0,2,checked-model-page,Board datasheet not yet recorded,https://wiki.friendlyelec.com/wiki/index.php/NanoPi_R76S
friendlyelec-nanopc-t6-plus,NanoPC-T6 Plus,FriendlyELEC,board,0,1,1,0,1,checked-model-page,Board datasheet not yet recorded,https://wiki.friendlyelec.com/wiki/index.php/NanoPC-T6_Plus
friendlyelec-nanopi-neo3-plus,NanoPi NEO3 Plus,FriendlyELEC,board,0,1,1,0,1,checked-model-page,Board datasheet not yet recorded,https://wiki.friendlyelec.com/wiki/index.php/NanoPi_NEO3_Plus
friendlyelec-nanopi-r28s,NanoPi R28S,FriendlyELEC,board,0,1,1,0,1,checked-model-page,Board datasheet not yet recorded,https://wiki.friendlyelec.com/wiki/index.php/NanoPi_R28S
friendlyelec-smart4418,Smart4418,FriendlyELEC,board,0,1,3,0,1,checked-model-page,Board datasheet not yet recorded,https://wiki.friendlyelec.com/wiki/index.php/Smart4418
friendlyelec-smart6818,Smart6818,FriendlyELEC,board,0,1,1,0,1,checked-model-page,Board datasheet not yet recorded,https://wiki.friendlyelec.com/wiki/index.php/Smart6818
friendlyelec-cm3588,CM3588,FriendlyELEC,board,0,1,1,0,1,checked-model-page,Board datasheet not yet recorded,https://wiki.friendlyelec.com/wiki/index.php/CM3588
friendlyelec-cm3588-plus,CM3588 Plus,FriendlyELEC,board,0,1,1,0,1,checked-model-page,Board datasheet not yet recorded,https://wiki.friendlyelec.com/wiki/index.php/CM3588
friendlyelec-smart210-smart4418-sdk-1305,Smart210 / Smart4418 SDK 1305,FriendlyELEC,board,0,1,0,0,1,checked-model-page,Board datasheet not yet recorded,https://wiki.friendlyelec.com/wiki/index.php/Smart210/4418_SDK
friendlyelec-smart4418sdk-1606,Smart4418SDK 1606,FriendlyELEC,board,0,1,0,0,1,checked-model-page,Board datasheet not yet recorded,https://wiki.friendlyelec.com/wiki/index.php/Smart4418SDK_1606
friendlyelec-smart4418-6818sdk-v2,Smart4418/6818SDK V2,FriendlyELEC,board,0,1,0,0,1,checked-model-page,Board datasheet not yet recorded,https://wiki.friendlyelec.com/wiki/index.php/Smart4418/6818SDK_V2
friendlyelec-cm3588-nas-kit,CM3588 NAS Kit,FriendlyELEC,board,0,1,1,0,1,checked-model-page,Board datasheet not yet recorded,https://wiki.friendlyelec.com/wiki/index.php/CM3588_NAS_Kit
friendlyelec-nanopi-duo2-iot-box,NanoPi Duo2 IoT-Box,FriendlyELEC,board,0,1,1,0,1,checked-model-page,Board datasheet not yet recorded,https://wiki.friendlyelec.com/wiki/index.php/NanoPi_Duo2_IoT-Box
friendlyelec-nanopi-m4-sata-hat,NanoPi M4 SATA HAT,FriendlyELEC,board,0,1,0,0,1,checked-model-page,Board datasheet not yet recorded,https://wiki.friendlyelec.com/wiki/index.php/NanoPi_M4_SATA_HAT
friendlyelec-nanopi-k1-plus,NanoPi K1 Plus,FriendlyELEC,board,0,1,1,0,1,checked-model-page,Board datasheet not yet recorded,https://wiki.friendlyelec.com/wiki/index.php/NanoPi_K1_Plus
friendlyelec-nanopi-neo4,NanoPi NEO4,FriendlyELEC,board,0,1,2,0,1,checked-model-page,Board datasheet not yet recorded,https://wiki.friendlyelec.com/wiki/index.php/NanoPi_NEO4
friendlyelec-nanopi-m6v2,NanoPi M6V2,FriendlyELEC,board,0,1,1,0,1,checked-model-page,Board datasheet not yet recorded,https://wiki.friendlyelec.com/wiki/index.php/NanoPi_M6V2
nvidia-jetson-tx2-developer-kit,Jetson TX2 Developer Kit,NVIDIA,board,0,1,0,0,3,checked-model-page,Board datasheet not yet recorded,https://developer.nvidia.com/embedded/downloads#?search=Jetson%20TX2%20Developer%20Kit%20User%20Guide
raspberry-pi-compute-module-5-io-board,Compute Module 5 IO Board,Raspberry Pi,board,1,0,0,0,2,checked-model-page,,https://pip.raspberrypi.com/categories/1097-raspberry-pi-compute-module-5-io-board
olimex-rk3188-som-evb,RK3188-SOM-EVB,Olimex,board,0,1,0,0,1,checked-model-page,Board datasheet not yet recorded,https://www.olimex.com/Products/SOM/RK3188/RK3188-SOM-EVB/
olimex-am3352-som,AM3352-SOM,Olimex,board,0,1,0,0,2,checked-model-page,Board datasheet not yet recorded,https://www.olimex.com/Products/SOM/AM335X/AM3352-SOM/
rakwireless-rak13002-wisblock-io-module,RAK13002 WisBlock IO Module,RAKwireless,board,1,0,0,0,1,checked-model-page,,https://docs.rakwireless.com/product-categories/wisblock/rak13002/datasheet/
antmicro-jetson-orin-baseboard,Jetson Orin Baseboard,Antmicro,board,0,0,0,0,1,checked-model-page,Board datasheet not yet recorded,https://openhardware.antmicro.com/boards/jetson-orin-baseboard/
espressif-esp-mosaico,ESP-Mosaico,Espressif,board,0,1,1,0,4,checked-model-page,Board datasheet not yet recorded,https://docs.espressif.com/projects/esp-dev-kits/en/latest/esp32s31/esp-mosaico/user_guide.html
espressif-esp32-p4x-c5-function-ev-board,ESP32-P4X-C5-Function-EV-Board,Espressif,board,0,1,1,0,2,checked-model-page,Board datasheet not yet recorded,https://docs.espressif.com/projects/esp-dev-kits/en/latest/esp32p4/esp32-p4x-c5-function-ev-board/user_guide.html
espressif-esp32-p4x-eye,ESP32-P4X-EYE,Espressif,board,0,1,0,0,4,checked-model-page,Board datasheet not yet recorded,https://docs.espressif.com/projects/esp-dev-kits/en/latest/esp32p4/esp32-p4x-eye/user_guide.html
brisbanesilicon-elm11-feather,ELM11 Feather,BrisbaneSilicon,board,1,0,0,0,3,checked-model-page,,https://www.crowdsupply.com/brisbanesilicon/elm11-feather
terasic-atum-a3-nano,Atum A3 Nano,Terasic,board,0,1,0,0,1,checked-model-page,Board datasheet not yet recorded,https://www.crowdsupply.com/terasic/atum-a3-nano
steiert-solutions-cyclomod,CycloMod,Steiert Solutions,board,0,0,0,0,2,checked-model-page,Board datasheet not yet recorded,https://github.com/gsteiert/cyclomod
inland-support-652,Inland ESP32 Core Board (Black and Eco-friendly),Inland,board,0,1,0,0,3,checked-model-page,Board datasheet not yet recorded,https://community.microcenter.com/kb/articles/652-inland-esp32-core-board-black-and-eco-friendly
inland-support-671,Inland W5500 ETHERNET DEVELOPMENT BOARD (WITHOUT POE),Inland,board,0,1,0,0,1,checked-model-page,Board datasheet not yet recorded,https://community.microcenter.com/kb/articles/671-inland-w5500-ethernet-development-board-without-poe
inland-support-657,Inland UNO PLUS Development Board,Inland,board,0,1,0,0,1,checked-model-page,Board datasheet not yet recorded,https://community.microcenter.com/kb/articles/657-inland-uno-plus-development-board
inland-support-653,PRO MICRO 5V 16MHZ Development Board,Inland,board,0,1,0,0,1,checked-model-page,Board datasheet not yet recorded,https://community.microcenter.com/kb/articles/653-pro-micro-5v-16mhz-development-board
inland-support-644,Inland UNO R3 Main Control Board,Inland,board,0,1,0,0,1,checked-model-page,Board datasheet not yet recorded,https://community.microcenter.com/kb/articles/644-inland-uno-r3-main-control-board
inland-sku-954578,Inland ESP32-32E 2.8-inch display / SKU 954578,Inland,board,0,1,0,0,1,checked-model-page,Board datasheet not yet recorded,https://www.microcenter.com/product/703950/inland-28-inch-esp32-32e-display-module-resistive-touch-tft-screen
inland-sku-221739,Inland ESP32-CAM WiFi Bluetooth Camera Modules - Pair,Inland,board,0,1,0,0,1,checked-model-page,Board datasheet not yet recorded,https://www.microcenter.com/product/632692/inland-esp32-cam-wifi-bluetooth-camera-modules-pair
inland-sku-961177,Inland ESP32-WROOM USB-C / SKU 961177,Inland,board,0,1,0,0,1,checked-model-page,Board datasheet not yet recorded,https://www.microcenter.com/product/704601/inland-esp32-wroom-core-board-with-usb-c-wifi-bluetooth-dual-core-microcontroller-for-arduino
inland-sku-837443,Inland UNO R3 CH340 / SKU 837443,Inland,board,0,1,0,0,1,checked-model-page,Board datasheet not yet recorded,https://www.microcenter.com/product/693141/inland-uno-r3-development-board-with-ch340-drives-atmega328p-microcontroller-module
inland-sku-837518,Inland Nano 3.0 CH340 / SKU 837518,Inland,board,0,1,0,0,1,checked-model-page,Board datasheet not yet recorded,https://www.microcenter.com/product/693143/inland-nano-30-controller-board-compatible-with-arduino-nano-ch340-usb-driver-with-cable
inland-sku-422253,Inland Pro Mini 5V / SKU 422253,Inland,board,0,1,0,0,1,checked-model-page,Board datasheet not yet recorded,https://www.microcenter.com/product/486546/inland-pro-mini-board-arduino-compatible
inland-sku-422261,Inland ATmega32U4 (Leonardo R3) / SKU 422261,Inland,board,0,1,0,0,1,checked-model-page,Board datasheet not yet recorded,https://www.microcenter.com/product/486547/inland-atmega32u4-dev-board
inland-sku-837476,Inland MEGA2560 R3 CH340 / SKU 837476,Inland,board,0,1,0,0,1,checked-model-page,Board datasheet not yet recorded,https://www.microcenter.com/product/693142/inland-mega-2560-r3-board-atmega-2560-with-usb-cable-compatible-with-arduino
inland-sku-422238,Inland MEGA2560 R3 / SKU 422238,Inland,board,0,1,0,0,1,checked-model-page,Board datasheet not yet recorded,https://www.microcenter.com/product/486545/inland-mega-2560-mainboard-arduino-compatible
inland-sku-030189,Inland Nano FT232 / SKU 030189,Inland,board,0,1,0,0,1,checked-model-page,Board datasheet not yet recorded,https://www.microcenter.com/product/615097/inland-nano-development-board-arduino-compatible
inland-uno-v4-kit,Inland UNO / V4.0 kit board,Inland,board,0,1,0,0,1,checked-model-page,Board datasheet not yet recorded,https://microcenter.zendesk.com/hc/en-us/articles/24427882877975-Inland-Super-Learning-Kit-for-Arduino-Community
inland-mega2560-cp2102-kit,Inland MEGA2560 CP2102 kit board,Inland,board,0,1,0,0,1,checked-model-page,Board datasheet not yet recorded,https://microcenter.zendesk.com/hc/en-us/articles/24427882877975-Inland-Super-Learning-Kit-for-Arduino-Community
dfrobot-dfr1117,Beetle ESP32-C6 IoT Development Board / DFR1117,DFRobot,board,0,1,0,0,2,checked-model-page,Board datasheet not yet recorded,https://wiki.dfrobot.com/dfr1117/
dfrobot-dfr0992-en,UNIHIKER K10 / DFR0992-EN,DFRobot,board,0,1,1,0,0,checked-model-page,Board datasheet not yet recorded; Board/device visual reference still needed,https://wiki.dfrobot.com/dfr0992-en/
dfrobot-dfr1236,FireBeetle 2 ESP32-C5 Development Kit / DFR1236,DFRobot,board,0,1,1,0,2,checked-model-page,Board datasheet not yet recorded,https://wiki.dfrobot.com/dfr1236/
dfrobot-dfr0216,DFRduino UNO R3 / DFR0216,DFRobot,board,0,1,0,0,0,checked-model-page,Board datasheet not yet recorded; Board/device visual reference still needed,https://wiki.dfrobot.com/dfr0216/
dfrobot-dfr0478,FireBeetle ESP32 IoT Microcontroller / DFR0478,DFRobot,board,0,2,1,0,1,checked-model-page,Board datasheet not yet recorded,https://wiki.dfrobot.com/dfr0478/
dfrobot-dfr1221,ESP32-S3R8 1.85-inch Round Display Board / DFR1221,DFRobot,board,0,1,0,0,0,checked-model-page,Board datasheet not yet recorded; Board/device visual reference still needed,https://wiki.dfrobot.com/dfr1221/
dfrobot-dfr1172,FireBeetle 2 ESP32-P4 AI Vision Board / DFR1172,DFRobot,board,0,1,1,0,1,checked-model-page,Board datasheet not yet recorded,https://wiki.dfrobot.com/dfr1172/
dfrobot-dfr1140,FireBeetle 2 ESP32-UE (N16R2) IoT Board / DFR1140,DFRobot,board,0,1,1,0,2,checked-model-page,Board datasheet not yet recorded,https://wiki.dfrobot.com/dfr1140/
dfrobot-dfr1139,FireBeetle 2 ESP32-E (DFR1139) / DFR1139,DFRobot,board,0,1,1,0,1,checked-model-page,Board datasheet not yet recorded,https://wiki.dfrobot.com/dfr1139/
dfrobot-dfr1195,LoRaWAN ESP32-S3 Dev Board / DFR1195,DFRobot,board,0,1,1,0,1,checked-model-page,Board datasheet not yet recorded,https://wiki.dfrobot.com/dfr1195/
dfrobot-dfr1063,Romeo ESP32-C3-MINI-1 Motor & Servo Control Board / DFR1063,DFRobot,board,0,1,1,0,0,checked-model-page,Board datasheet not yet recorded; Board/device visual reference still needed,https://wiki.dfrobot.com/dfr1063/
dfrobot-dfr1145,FireBeetle 2 ESP32-S3 AIoT Development Board / DFR1145,DFRobot,board,0,1,0,0,3,checked-model-page,Board datasheet not yet recorded,https://wiki.dfrobot.com/dfr1145/
dfrobot-dfr0010,DFRduino Nano Microcontroller Board / DFR0010,DFRobot,board,0,1,1,0,0,checked-model-page,Board datasheet not yet recorded; Board/device visual reference still needed,https://wiki.dfrobot.com/dfr0010/
dfrobot-dfr0191,DFRduino Mega2560 / DFR0191,DFRobot,board,0,1,1,0,0,checked-model-page,Board datasheet not yet recorded; Board/device visual reference still needed,https://wiki.dfrobot.com/dfr0191/
dfrobot-dfr0282,Beetle ATmega32u4 Arduino-Compatible Board / DFR0282,DFRobot,board,0,1,1,0,2,checked-model-page,Board datasheet not yet recorded,https://wiki.dfrobot.com/dfr0282/
dfrobot-dfr0305,Romeo BLE Robot Control Board / DFR0305,DFRobot,board,0,1,1,0,1,checked-model-page,Board datasheet not yet recorded,https://wiki.dfrobot.com/dfr0305/
dfrobot-dfr0339,Beetle BLE Board / DFR0339,DFRobot,board,0,1,1,0,2,checked-model-page,Board datasheet not yet recorded,https://wiki.dfrobot.com/dfr0339/
dfrobot-dfr0351,Romeo ATmega328P BLE Motor Control Board / DFR0351,DFRobot,board,0,1,0,0,1,checked-model-page,Board datasheet not yet recorded,https://wiki.dfrobot.com/dfr0351/
dfrobot-dfr0225,Romeo V2 ATmega32u4 All-in-One Robotics Microcontroller Board / DFR0225,DFRobot,board,0,1,1,0,1,checked-model-page,Board datasheet not yet recorded,https://wiki.dfrobot.com/dfr0225/
dfrobot-dfr0575,Beetle ESP32 WiFi Bluetooth Board / DFR0575,DFRobot,board,0,1,1,0,1,checked-model-page,Board datasheet not yet recorded,https://wiki.dfrobot.com/dfr0575/
dfrobot-dfr0816,Beetle ATmega32U4 Charge Management Board / DFR0816,DFRobot,board,0,1,1,0,1,checked-model-page,Board datasheet not yet recorded,https://wiki.dfrobot.com/dfr0816/
dfrobot-dfr0489,FireBeetle ESP8266 IoT Development Board / DFR0489,DFRobot,board,0,1,0,0,1,checked-model-page,Board datasheet not yet recorded,https://wiki.dfrobot.com/dfr0489/
dfrobot-dfr0267,Bluno - An Arduino UNO Compatible Bluetooth 4.0 (BLE) Controller / DFR0267,DFRobot,board,0,1,1,0,1,checked-model-page,Board datasheet not yet recorded,https://wiki.dfrobot.com/dfr0267/
dfrobot-dfr0959,Beetle RP2040 Mini Development Board / DFR0959,DFRobot,board,0,1,1,0,2,checked-model-page,Board datasheet not yet recorded,https://wiki.dfrobot.com/dfr0959/
dfrobot-dfr1120-915,LoRaWAN Control Terminal (915Mhz) / DFR1120-915,DFRobot,board,0,1,0,0,2,checked-model-page,Board datasheet not yet recorded,https://wiki.dfrobot.com/dfr1120-915/
dfrobot-dfr0004,Romeo Robot Control Board / DFR0004,DFRobot,board,0,1,0,0,1,checked-model-page,Board datasheet not yet recorded,https://wiki.dfrobot.com/dfr0004/
dfrobot-dfr1287,FireBeetle 2 ESP32-C5-U(N4) IoT Development Board / DFR1287,DFRobot,board,0,1,1,0,1,checked-model-page,Board datasheet not yet recorded,https://wiki.dfrobot.com/dfr1287/
dfrobot-dfr0296,Bluno Nano / DFR0296,DFRobot,board,0,1,1,0,1,checked-model-page,Board datasheet not yet recorded,https://wiki.dfrobot.com/dfr0296/
dfrobot-dfr0221,DFRduino ATmega32u4 Xbee Socket Board / DFR0221,DFRobot,board,0,1,1,0,1,checked-model-page,Board datasheet not yet recorded,https://wiki.dfrobot.com/dfr0221/
dfrobot-dfr1284,FireBeetle 2 ESP32-C5-U(N4) IO Development Kit / DFR1284,DFRobot,board,0,1,0,0,2,checked-model-page,Board datasheet not yet recorded,https://wiki.dfrobot.com/dfr1284/
dfrobot-dfr0003,DFRduino Mega1280 microcontroller board / DFR0003,DFRobot,board,0,1,0,0,0,checked-model-page,Board datasheet not yet recorded; Board/device visual reference still needed,https://wiki.dfrobot.com/dfr0003/
dfrobot-dfr0492,FireBeetle ATMEGA328P BLE 4.1 Control Board / DFR0492,DFRobot,board,0,1,0,0,1,checked-model-page,Board datasheet not yet recorded,https://wiki.dfrobot.com/dfr0492/
dfrobot-dfr0652,Firebeetle 2 M0 Development Board / DFR0652,DFRobot,board,0,1,1,0,1,checked-model-page,Board datasheet not yet recorded,https://wiki.dfrobot.com/dfr0652/
dfrobot-dfr1075,FireBeetle 2 ESP32-C6 IoT Development Board / DFR1075,DFRobot,board,0,1,0,0,2,checked-model-page,Board datasheet not yet recorded,https://wiki.dfrobot.com/dfr1075/
dfrobot-dfr0654,FireBeetle 2 ESP32-E IoT Microcontroller / DFR0654,DFRobot,board,0,1,1,0,2,checked-model-page,Board datasheet not yet recorded,https://wiki.dfrobot.com/dfr0654/
dfrobot-dfr0654-f,FireBeetle 2 ESP32-E IoT Microcontroller with Header / DFR0654-F,DFRobot,board,0,1,1,0,2,checked-model-page,Board datasheet not yet recorded,https://wiki.dfrobot.com/dfr0654-f/
dfrobot-dfr0994,Romeo ESP32-S3 Robot Development Board / DFR0994,DFRobot,board,0,1,0,0,1,checked-model-page,Board datasheet not yet recorded,https://wiki.dfrobot.com/dfr0994/
dfrobot-dfr0975-u,FireBeetle 2 ESP32-S3-U AI Acceleration Board / DFR0975-U,DFRobot,board,0,1,0,0,3,checked-model-page,Board datasheet not yet recorded,https://wiki.dfrobot.com/dfr0975-u/
dfrobot-dfr1188,Beetle RP2350 Development Board / DFR1188,DFRobot,board,0,1,1,0,2,checked-model-page,Board datasheet not yet recorded,https://wiki.dfrobot.com/dfr1188/
dfrobot-dfr1120-868,LoRaWAN Control Terminal (868Mhz) / DFR1120-868,DFRobot,board,0,1,0,0,2,checked-model-page,Board datasheet not yet recorded,https://wiki.dfrobot.com/dfr1120-868/
dfrobot-dfr0213,Dreamer Nano V4.1 (Arduino Leonardo Compatible) / DFR0213,DFRobot,board,0,1,1,0,1,checked-model-page,Board datasheet not yet recorded,https://wiki.dfrobot.com/dfr0213/
dfrobot-dfr0162,XBoard V2 / DFR0162,DFRobot,board,0,1,1,0,1,checked-model-page,Board datasheet not yet recorded,https://wiki.dfrobot.com/dfr0162/
dfrobot-dfr0323,Bluno Mega2560 / DFR0323,DFRobot,board,0,1,1,0,1,checked-model-page,Board datasheet not yet recorded,https://wiki.dfrobot.com/dfr0323/
dfrobot-dfr0222,Xboard Relay / DFR0222,DFRobot,board,0,1,1,0,0,checked-model-page,Board datasheet not yet recorded; Board/device visual reference still needed,https://wiki.dfrobot.com/dfr0222/
dfrobot-dfr0392,DFRduino M0 Mainboard / DFR0392,DFRobot,board,0,1,1,0,1,checked-model-page,Board datasheet not yet recorded,https://wiki.dfrobot.com/dfr0392/
dfrobot-tel0110,CurieCore intel® Curie Neuron Module / TEL0110,DFRobot,board,0,1,1,0,1,checked-model-page,Board datasheet not yet recorded,https://wiki.dfrobot.com/tel0110/
dfrobot-dfr0321,WIFI IoT Node Development Board / DFR0321,DFRobot,board,0,1,1,0,1,checked-model-page,Board datasheet not yet recorded,https://wiki.dfrobot.com/dfr0321/
ti-lp-cc2651r3sipa,LP-CC2651R3SIPA LaunchPad,Texas Instruments,board,0,1,0,0,1,checked-model-page,Board datasheet not yet recorded,https://www.ti.com/tool/LP-CC2651R3SIPA
ti-lp-cc2651p3,LP-CC2651P3 LaunchPad,Texas Instruments,board,0,1,0,0,1,checked-model-page,Board datasheet not yet recorded,https://www.ti.com/tool/LP-CC2651P3
microchip-avr-iot-wg,AVR-IoT WG / AC164160,Microchip,board,0,1,0,0,1,checked-model-page,Board datasheet not yet recorded,https://www.microchip.com/en-us/development-tool/AC164160
silabs-efm32zg-stk3200,EFM32 Zero Gecko Starter Kit / EFM32ZG-STK3200,Silicon Labs,board,0,1,0,0,4,checked-model-page,Board datasheet not yet recorded,https://www.silabs.com/development-tools/mcu/32-bit/efm32zg-starter-kit
halehound-cyd-original-28,HaleHound CYD 2.8 original non-SPI build,HaleHound,board,0,1,0,0,3,checked-model-page,Board datasheet not yet recorded,https://halehound.com/products/diy-halehound-kit
halehound-cyd-spi-28,HaleHound CYD 2.8 SPI-exposed build,HaleHound,board,0,1,0,0,8,checked-model-page,Board datasheet not yet recorded,https://halehound.com/products/diy-halehound-kit
halehound-cyd-spi-35,HaleHound CYD 3.5 SPI-exposed build,HaleHound,board,0,1,0,0,2,checked-model-page,Board datasheet not yet recorded,https://halehound.com/products/diy-halehound-3-5-kit
elechouse-network-rfid-v01h,ELECHOUSE Network RFID Reader V0.1H,Elechouse,board,1,0,1,0,4,checked-model-page,,https://www.elechouse.com/product/network-rfid-reader-v01h/
elechouse-proxmark3-v2,ELECHOUSE Proxmark3 V2 DEV kits,Elechouse,board,0,1,0,0,3,checked-model-page,Board datasheet not yet recorded,https://www.elechouse.com/product/elechouse-proxmark3-v2-dev-kits/
elechouse-taijiuino-due-r3s,TAIJIUINO Due R3S — Compatible with Arduino Due,Elechouse,board,0,0,0,0,1,checked-model-page,Board datasheet not yet recorded,https://www.elechouse.com/product/taijiuino-due-r3s-compatible-with-arduino-due/
qdtech-e32r28t,E32R28T ESP32-32E 2.8-inch resistive display,QDtech,board,1,1,1,0,1,checked-model-page,,https://www.lcdwiki.com/2.8inch_ESP32-32E_Display
qdtech-e32r35t,E32R35T ESP32-32E 3.5-inch resistive display,QDtech,board,1,1,1,0,1,checked-model-page,,https://www.lcdwiki.com/3.5inch_ESP32-32E_Display
rakwireless-other-rak19001,RAK19001,RAKwireless,board,1,0,0,0,8,checked-model-page,,https://docs.rakwireless.com/product-categories/wisblock/rak19001/datasheet/
rakwireless-other-rak19007,RAK19007,RAKwireless,board,1,0,0,0,2,checked-model-page,,https://docs.rakwireless.com/product-categories/wisblock/rak19007/datasheet/
rakwireless-rak19011,RAK19011 Dual IO Base,RAKwireless,board,1,0,0,0,4,checked-model-page,,https://docs.rakwireless.com/product-categories/wisblock/rak19011/datasheet/
rakwireless-rak19012,RAK19012 USB LiPo Solar Power Module,RAKwireless,board,1,0,0,0,2,checked-model-page,,https://docs.rakwireless.com/product-categories/wisblock/rak19012/datasheet/
rakwireless-rak19013,RAK19013 LiPo Solar Power Module,RAKwireless,board,1,0,0,0,3,checked-model-page,,https://docs.rakwireless.com/product-categories/wisblock/rak19013/datasheet/
rakwireless-rak11160,RAK11160 LoRa Wi-Fi BLE module,RAKwireless,board,1,0,0,0,1,checked-model-page,,https://docs.rakwireless.com/product-categories/wisduo/rak11160-module/datasheet/
rakwireless-rak11161,RAK11161 breakout board,RAKwireless,board,1,0,0,0,2,checked-model-page,,https://docs.rakwireless.com/product-categories/wisduo/rak11161-breakout-board/datasheet/
rakwireless-rak3112,RAK3112 LoRa Wi-Fi BLE module,RAKwireless,board,1,0,0,0,1,checked-model-page,,https://docs.rakwireless.com/product-categories/wisduo/rak3112-module/datasheet/
rakwireless-rak3212,RAK3212 breakout board,RAKwireless,board,1,0,0,0,1,checked-model-page,,https://docs.rakwireless.com/product-categories/wisduo/rak3212-breakout-board/datasheet/
heltec-ht-1303,HT-1303 LoRa gateway module,Heltec,board,1,0,1,0,1,checked-model-page,,https://wiki.heltec.org/docs/devices/lorawan-application/lora-gateway/ht-1303/
heltec-ht-n5262m,Mesh Node 5262M (HT-N5262M),Heltec,board,0,0,1,0,1,checked-model-page,Board datasheet not yet recorded,https://wiki.heltec.org/docs/devices/open-source-hardware/nrf52840-series/mesh-node-5262m/
heltec-mesh-node-t1,Mesh Node T1,Heltec,board,1,0,1,0,0,checked-model-page,Board/device visual reference still needed,https://wiki.heltec.org/docs/devices/open-source-hardware/nrf52840-series/mesh-node-t1/
heltec-mesh-node-t096,Mesh Node T096,Heltec,board,1,0,1,0,1,checked-model-page,,https://wiki.heltec.org/docs/devices/open-source-hardware/nrf52840-series/t096/
elecrow-crowtail-ra08h,Crowtail LoRa RA-08H,Elecrow,board,0,1,0,1,1,checked-model-page,Board datasheet not yet recorded,https://www.elecrow.com/wiki/crowtail--lora-ra-08h.html
elecrow-ra08h-dev,LoRa RA-08H development board,Elecrow,board,0,1,0,0,1,checked-model-page,Board datasheet not yet recorded,https://www.elecrow.com/wiki/lora-ra-08h-development-board.html
elecrow-ra08h-node,LoRa RA-08H node board,Elecrow,board,0,1,0,0,2,checked-model-page,Board datasheet not yet recorded,https://www.elecrow.com/wiki/lora-ra-08h-node-board.html
elecrow-lr1302,LR1302 LoRaWAN gateway module,Elecrow,board,0,1,0,0,1,checked-model-page,Board datasheet not yet recorded,https://www.elecrow.com/wiki/lr1302-lorawan-gateway-module.html
elecrow-lr1302-hat,LR1302 LoRaWAN gateway HAT,Elecrow,board,0,1,0,0,1,checked-model-page,Board datasheet not yet recorded,https://www.elecrow.com/wiki/lr1302-lorawan-hat-for-rpi-prd.html
elecrow-lr1262,LR1262 LoRaWAN node module,Elecrow,board,0,1,0,0,1,checked-model-page,Board datasheet not yet recorded,https://www.elecrow.com/wiki/lr1262-lorawan-node-module.html
elecrow-lr1262-node,LR1262 LoRaWAN node board,Elecrow,board,0,1,0,0,1,checked-model-page,Board datasheet not yet recorded,https://www.elecrow.com/wiki/LR1262_Node_Board_LoRaWan_Node_Module_for_Long_Range_Communication.html
elecrow-lr1262-lcd,LR1262 RP2040 development board with 1.8-inch LCD,Elecrow,board,0,1,1,0,1,checked-model-page,Board datasheet not yet recorded,https://www.elecrow.com/wiki/LoRaWAN_LR1262_Development_Board_Integrated_RP2040_with_1.8LCD_for_Long_Range_Communication.html
elecrow-nrflr1110,nRFLR1110 wireless transceiver module,Elecrow,board,1,1,0,0,1,checked-model-page,,https://www.elecrow.com/wiki/Elecrow_NRFLR1110_Wireless_Transceiver_Module.html
elecrow-nrflr1121,nRFLR1121 wireless transceiver module,Elecrow,board,1,1,0,0,1,checked-model-page,,https://www.elecrow.com/wiki/Elecrow_NRFLR1121_Wireless_Transceiver_Module.html
elecrow-nrflr1262,nRFLR1262 wireless transceiver module,Elecrow,board,1,1,0,0,1,checked-model-page,,https://www.elecrow.com/wiki/Elecrow_NRFLR1262_Wireless_Transceiver_Module.html
elecrow-nrflrcc68,nRFLRCC68 wireless transceiver module,Elecrow,board,1,1,0,0,1,checked-model-page,,https://www.elecrow.com/wiki/Elecrow_NRFLRCC68_Wireless_Transceiver_Module.html
elecrow-nrflr1121-node,nRFLR1121 LoRa node expansion board,Elecrow,board,0,1,1,0,1,checked-model-page,Board datasheet not yet recorded,https://www.elecrow.com/wiki/LoRa_Node_Expansion_Board-nRFLR1121_Integrates_nRF52840_for_Long_Range_Communication_Support_868915_Mhz.html
elecrow-nrflr1110-node,nRFLR1110 LoRa node expansion board,Elecrow,board,0,1,1,0,1,checked-model-page,Board datasheet not yet recorded,https://www.elecrow.com/wiki/LoRa_Node_Expansion_Board-nRFLR1110_Integrates_nRF52840_for_Long_Range_Communication_Support_GNSS_Position.html
opensourcesdrlab-portapack-h4m-pro,PortaPack H4M Pro,OpenSourceSDRLab,board,0,1,5,0,1,checked-model-page,Board datasheet not yet recorded,https://opensourcesdrlab.com/products/hackrf-pro-h4m-pro
opensourcesdrlab-esp32-mdk,ESP32-MDK PortaPack external module developer kit,OpenSourceSDRLab,board,0,0,0,0,4,checked-model-page,Board datasheet not yet recorded,https://github.com/portapack-mayhem/mayhem-mdk
hatlabs-halmet,HALMET marine engine and tank interface,Hat Labs,board,0,1,0,0,3,checked-model-page,Board datasheet not yet recorded,https://docs.hatlabs.fi/halmet/hardware/
hatlabs-halpi2,HALPI2 marine Raspberry Pi CM5 computer,Hat Labs,board,0,2,0,0,4,checked-model-page,Board datasheet not yet recorded,https://docs.hatlabs.fi/halpi2/user-guide/hardware/
hatlabs-sh-esp32,Sailor Hat with ESP32 (SH-ESP32),Hat Labs,board,0,2,2,0,2,checked-model-page,Board datasheet not yet recorded,https://docs.hatlabs.fi/sh-esp32/hardware/
reyax-rylr998,RYLR998 UART LoRa transceiver module,REYAX,board,1,0,0,0,1,checked-model-page,,https://reyax.com/upload/products_download/download_file/RYLR998_EN.pdf
seeed-wio-sx1262-lf,Wio-SX1262-LF LoRaWAN module,Seeed Studio,board,1,0,0,0,2,checked-model-page,,https://files.seeedstudio.com/products/SenseCAP/100097817/Wio-SX1262-LF%20Datasheet%20V1.1.pdf
maker-adafruit-ca3cc11716cc,Adafruit MAX98357 I2S Class-D Amps - Stereo and Mono,Adafruit,maker,0,0,0,0,4,recorded-not-rechecked,Board datasheet not yet recorded,https://learn.adafruit.com/adafruit-max98357-i2s-class-d-mono-amp/pinouts
maker-existing-m5stack-expansion-module-gps-v2-0,Module GPS v2.0,M5Stack,maker,0,0,0,0,2,recorded-not-rechecked,Board datasheet not yet recorded,https://docs.m5stack.com/en/module/Module%20GPS%20v2.0
maker-existing-source-board-44364c1110885a327e,Module GPS v2.1,M5Stack,maker,0,0,0,0,1,recorded-not-rechecked,Board datasheet not yet recorded,https://docs.m5stack.com/en/module/Module_GPS_v2.1
maker-existing-source-board-5184d306f94dee5e99,Module LoRa433 v1.1,M5Stack,maker,0,0,0,0,1,recorded-not-rechecked,Board datasheet not yet recorded,https://docs.m5stack.com/en/module/Module-LoRa433_V1.1
maker-existing-source-board-19fedbc3541758cfe4,Module LoRaWAN-EU868,M5Stack,maker,0,0,0,0,1,recorded-not-rechecked,Board datasheet not yet recorded,https://docs.m5stack.com/en/module/Module_LoRaWAN-EU868
maker-existing-m5stack-expansion-module13-2-lora-1262,Module13.2 LoRa-1262,M5Stack,maker,0,0,0,0,2,recorded-not-rechecked,Board datasheet not yet recorded,https://docs.m5stack.com/en/module/Module13.2_LoRa-1262
maker-existing-m5stack-expansion-stamp-lora-1262,Stamp LoRa-1262,M5Stack,maker,0,0,0,0,4,recorded-not-rechecked,Board datasheet not yet recorded,https://docs.m5stack.com/en/stamp/Stamp_LoRa-1262
maker-existing-m5stack-expansion-stamp-lora-1262-i,Stamp LoRa-1262 I,M5Stack,maker,0,0,0,0,1,recorded-not-rechecked,Board datasheet not yet recorded,https://docs.m5stack.com/en/stamp/Stamp_LoRa-1262
maker-existing-m5stack-expansion-stamp-lora-1262-if,Stamp LoRa-1262 IF,M5Stack,maker,0,0,0,0,1,recorded-not-rechecked,Board datasheet not yet recorded,https://docs.m5stack.com/en/stamp/Stamp_LoRa-1262
maker-existing-m5stack-expansion-stamp-uwb,Stamp UWB,M5Stack,maker,0,0,0,0,2,recorded-not-rechecked,Board datasheet not yet recorded,https://docs.m5stack.com/en/stamp/Stamp_UWB
maker-existing-m5stack-expansion-stamp-uwb-f,Stamp UWB F,M5Stack,maker,0,0,0,0,2,recorded-not-rechecked,Board datasheet not yet recorded,https://docs.m5stack.com/en/stamp/Stamp_UWB_F
maker-existing-source-board-4d02ce62687c830d61,Unit CatM GNSS,M5Stack,maker,0,0,0,0,1,recorded-not-rechecked,Board datasheet not yet recorded,https://docs.m5stack.com/en/unit/catm_gnss
maker-existing-source-board-4469908e23dfc1079d,Unit GPS,M5Stack,maker,0,0,0,0,1,recorded-not-rechecked,Board datasheet not yet recorded,https://docs.m5stack.com/en/unit/gps
maker-existing-source-board-cfb352c345e0ddda30,Unit LoRaE220-433,M5Stack,maker,0,0,0,0,1,recorded-not-rechecked,Board datasheet not yet recorded,https://docs.m5stack.com/en/unit/Unit%20LoRaE220-433
maker-existing-source-board-fd2e7091a16298609a,Unit UWB,M5Stack,maker,0,0,0,0,1,recorded-not-rechecked,Board datasheet not yet recorded,https://docs.m5stack.com/en/unit/uwb
maker-existing-seeed-studio-expansion-bluetooth-bee,Bluetooth Bee,Seeed Studio,maker,0,0,0,0,2,recorded-not-rechecked,Board datasheet not yet recorded,https://wiki.seeedstudio.com/Bluetooth_Bee/
maker-existing-seeed-studio-expansion-dual-gigabit-ethernet-carrier-board-for-raspberry-pi-cm4,Dual Gigabit Ethernet Carrier Board for Raspberry Pi CM4,Seeed Studio,maker,0,0,0,0,5,recorded-not-rechecked,Board datasheet not yet recorded,https://wiki.seeedstudio.com/Dual-Gigabit-Ethernet-Carrier-Board-for-Raspberry-Pi-CM4/
maker-existing-seeed-studio-expansion-gps-bee-kit,GPS Bee Kit,Seeed Studio,maker,0,0,0,0,1,recorded-not-rechecked,Board datasheet not yet recorded,https://wiki.seeedstudio.com/GPS_Bee_kit/
maker-existing-seeed-studio-expansion-l76-l-gnss-module-for-xiao,L76-L GNSS Module for XIAO,Seeed Studio,maker,0,0,0,0,1,recorded-not-rechecked,Board datasheet not yet recorded,https://wiki.seeedstudio.com/gnss_for_xiao/
maker-existing-seeed-studio-expansion-l76k-gnss-module-for-xiao,L76K GNSS Module for XIAO,Seeed Studio,maker,0,0,0,0,2,recorded-not-rechecked,Board datasheet not yet recorded,https://wiki.seeedstudio.com/get_start_l76k_gnss/
maker-existing-seeed-studio-expansion-serial-port-bluetooth-module-master-slave,Serial Port Bluetooth Module (Master-Slave),Seeed Studio,maker,0,0,0,0,1,recorded-not-rechecked,Board datasheet not yet recorded,https://wiki.seeedstudio.com/Serial_port_bluetooth_module_Master-Slave/
maker-existing-seeed-studio-expansion-wm1302-lorawan-gateway-module,WM1302 LoRaWAN Gateway Module,Seeed Studio,maker,0,0,0,0,4,recorded-not-rechecked,Board datasheet not yet recorded,https://wiki.seeedstudio.com/WM1302_module/
maker-existing-seeed-studio-expansion-wi-fi-halow-module-for-xiao,Wi-Fi HaLow Module for XIAO,Seeed Studio,maker,0,0,0,0,1,recorded-not-rechecked,Board datasheet not yet recorded,https://wiki.seeedstudio.com/getting_started_with_wifi_halow_module_for_xiao/
maker-sparkfun-986796aabfec,Qwiic Twist Hookup Guide,SparkFun,maker,0,0,0,0,3,recorded-not-rechecked,Board datasheet not yet recorded,https://learn.sparkfun.com/tutorials/qwiic-twist-hookup-guide/all
maker-adafruit-8b83680fc8bb,"0.96"" mini Color OLED",Adafruit,maker,0,0,0,0,4,recorded-not-rechecked,Board datasheet not yet recorded,https://learn.adafruit.com/096-mini-color-oled/wiring
maker-adafruit-f9445ce8ab45,"1.8"" TFT Display Breakout and Shield",Adafruit,maker,0,0,0,0,4,recorded-not-rechecked,Board datasheet not yet recorded,https://learn.adafruit.com/1-8-tft-display
maker-adafruit-541cb8b6d293,"2.2"" TFT Display",Adafruit,maker,0,0,0,0,3,recorded-not-rechecked,Board datasheet not yet recorded,https://learn.adafruit.com/2-2-tft-display
maker-adafruit-b1353880bff2,"Adafruit 1.27"" and 1.5"" Color OLED Breakout Board",Adafruit,maker,0,0,0,0,3,recorded-not-rechecked,Board datasheet not yet recorded,https://learn.adafruit.com/adafruit-1-5-color-oled-breakout-board/pinouts
maker-adafruit-fc5529ac841e,"Adafruit 1.3"" and 1.54"" 240x240 Wide Angle TFT LCD Displays",Adafruit,maker,0,0,0,0,4,recorded-not-rechecked,Board datasheet not yet recorded,https://learn.adafruit.com/adafruit-1-3-and-1-54-240-x-240-wide-angle-tft-lcd-displays/pinouts
maker-adafruit-cdbedfac50f7,"Adafruit 2.13"" eInk Display Breakouts and FeatherWings",Adafruit,maker,0,0,0,0,8,recorded-not-rechecked,Board datasheet not yet recorded,https://learn.adafruit.com/adafruit-2-13-eink-display-breakouts-and-featherwings/pinouts
maker-adafruit-4b55b6d2c219,"Adafruit 2.4"" Color TFT Touchscreen Breakout",Adafruit,maker,0,0,0,0,4,recorded-not-rechecked,Board datasheet not yet recorded,https://learn.adafruit.com/adafruit-2-4-color-tft-touchscreen-breakout/pinouts
maker-adafruit-ca7cb99c2341,Adafruit LED Backpacks,Adafruit,maker,0,0,0,0,3,recorded-not-rechecked,Board datasheet not yet recorded,https://learn.adafruit.com/adafruit-led-backpack/overview
maker-adafruit-bc27aae30369,Adafruit OLED FeatherWing,Adafruit,maker,0,0,0,0,3,recorded-not-rechecked,Board datasheet not yet recorded,https://learn.adafruit.com/adafruit-oled-featherwing/pinouts
maker-adafruit-d7c5159e09e2,Adafruit Sharp Memory Display Breakout,Adafruit,maker,0,0,0,0,1,recorded-not-rechecked,Board datasheet not yet recorded,https://learn.adafruit.com/adafruit-sharp-memory-display-breakout/wiring
maker-adafruit-58b0ba90bb84,Adafruit eInk Display Breakouts and FeatherWings,Adafruit,maker,0,0,0,0,8,recorded-not-rechecked,Board datasheet not yet recorded,https://learn.adafruit.com/adafruit-eink-display-breakouts/pinouts
maker-adafruit-eca3f9239995,Character LCDs,Adafruit,maker,0,0,0,0,1,recorded-not-rechecked,Board datasheet not yet recorded,https://learn.adafruit.com/character-lcds/overview
maker-adafruit-e49788b786b1,Monochrome OLED Breakouts,Adafruit,maker,0,0,0,0,6,recorded-not-rechecked,Board datasheet not yet recorded,https://learn.adafruit.com/monochrome-oled-breakouts/wiring-128x64-oleds
maker-adafruit-6bca959feda8,RGB LCD Shield,Adafruit,maker,0,0,0,0,3,recorded-not-rechecked,Board datasheet not yet recorded,https://learn.adafruit.com/rgb-lcd-shield/overview
maker-dfrobot-ae656a153017,Fermion: 2.8” 320x240 TFT LCD Resistive Touchscreen Display Module / DFR0665,DFRobot,maker,0,0,0,0,2,recorded-not-rechecked,Board datasheet not yet recorded,https://wiki.dfrobot.com/dfr0665
maker-dfrobot-606a7d411fa4,Gravity: 1602 LCD Keypad Shield / DFR0009,DFRobot,maker,0,0,0,0,2,recorded-not-rechecked,Board datasheet not yet recorded,https://wiki.dfrobot.com/dfr0009
maker-dfrobot-7ceb5287a0ce,Gravity: I2C LCD1602 Display Module / DFR0555,DFRobot,maker,0,0,0,0,2,recorded-not-rechecked,Board datasheet not yet recorded,https://wiki.dfrobot.com/dfr0555
maker-dfrobot-7521fd62c4f9,Gravity: I2C LCD1602 Display Module / DFR0556,DFRobot,maker,0,0,0,0,2,recorded-not-rechecked,Board datasheet not yet recorded,https://wiki.dfrobot.com/dfr0556
maker-dfrobot-399292cc8ff3,Gravity: I2C LCD1602 Display Module / DFR0557,DFRobot,maker,0,0,0,0,2,recorded-not-rechecked,Board datasheet not yet recorded,https://wiki.dfrobot.com/dfr0557
maker-dfrobot-06087436c228,Gravity: LCD12864 Shield for Arduino / DFR0287,DFRobot,maker,0,0,0,0,2,recorded-not-rechecked,Board datasheet not yet recorded,https://wiki.dfrobot.com/dfr0287
maker-dfrobot-0a169a5b688e,I2C 16x2 LCD Display Module / TOY0046,DFRobot,maker,0,0,0,0,0,recorded-not-rechecked,Board datasheet not yet recorded; Board/device visual reference still needed,https://wiki.dfrobot.com/toy0046
maker-generic-gc9a01-round-tft-modules,GC9A01 round TFT modules,Generic / manufacturer unconfirmed,maker,0,0,0,0,0,missing,Board datasheet not yet recorded; Original manufacturer website not yet identified; Board/device visual reference still needed,
maker-generic-hd44780-character-lcd-modules,HD44780 character LCD modules,Generic / manufacturer unconfirmed,maker,0,0,0,0,0,missing,Board datasheet not yet recorded; Original manufacturer website not yet identified; Board/device visual reference still needed,
maker-generic-ili9341-tft-modules,ILI9341 TFT modules,Generic / manufacturer unconfirmed,maker,0,0,0,0,0,missing,Board datasheet not yet recorded; Original manufacturer website not yet identified; Board/device visual reference still needed,
maker-generic-sh1106-oled-modules,SH1106 OLED modules,Generic / manufacturer unconfirmed,maker,0,0,0,0,0,missing,Board datasheet not yet recorded; Original manufacturer website not yet identified; Board/device visual reference still needed,
maker-generic-ssd1306-oled-modules,SSD1306 OLED modules,Generic / manufacturer unconfirmed,maker,0,0,0,0,0,missing,Board datasheet not yet recorded; Original manufacturer website not yet identified; Board/device visual reference still needed,
maker-generic-st7735-tft-modules,ST7735 TFT modules,Generic / manufacturer unconfirmed,maker,0,0,0,0,0,missing,Board datasheet not yet recorded; Original manufacturer website not yet identified; Board/device visual reference still needed,
maker-generic-st7789-tft-modules,ST7789 TFT modules,Generic / manufacturer unconfirmed,maker,0,0,0,0,0,missing,Board datasheet not yet recorded; Original manufacturer website not yet identified; Board/device visual reference still needed,
maker-existing-m5stack-expansion-display-1-14-for-sticks3,Display 1.14 For StickS3,M5Stack,maker,0,0,0,0,2,recorded-not-rechecked,Board datasheet not yet recorded,https://docs.m5stack.com/en/accessory/display/Display_1.14_For_StickS3
maker-existing-source-board-583a02cdb5e4a40a07,Unit LCD,M5Stack,maker,0,0,0,0,1,recorded-not-rechecked,Board datasheet not yet recorded,https://docs.m5stack.com/en/unit/lcd
maker-existing-source-board-006d629d6c06146f9f,Unit Mini OLED,M5Stack,maker,0,0,0,0,1,recorded-not-rechecked,Board datasheet not yet recorded,https://docs.m5stack.com/en/unit/MiniOLED%20Unit
maker-existing-source-board-ee98e1a23278e9d676,Unit OLED,M5Stack,maker,0,0,0,0,1,recorded-not-rechecked,Board datasheet not yet recorded,https://docs.m5stack.com/en/unit/oled
maker-pimoroni-99fbaa8c4c7a,Inky pHAT (4 Colour ePaper/E Ink®/EPD),Pimoroni,maker,0,0,0,0,1,recorded-not-rechecked,Board datasheet not yet recorded,https://shop.pimoroni.com/products/inky-phat
maker-existing-seeed-studio-expansion-1-47-inch-lcd-spi-display,1.47 inch LCD SPI Display,Seeed Studio,maker,0,0,0,0,2,recorded-not-rechecked,Board datasheet not yet recorded,https://wiki.seeedstudio.com/1-47inch_lcd_spi_display/
maker-existing-seeed-studio-expansion-1-69-inch-lcd-spi-display,1.69 inch LCD SPI Display,Seeed Studio,maker,0,0,0,0,3,recorded-not-rechecked,Board datasheet not yet recorded,https://wiki.seeedstudio.com/1-69inch_lcd_spi_display/
maker-existing-source-board-b7a01acf3f960b5f03,Xadow - RGB OLED 96x64,Seeed Studio,maker,0,0,0,0,1,recorded-not-rechecked,Board datasheet not yet recorded,https://wiki.seeedstudio.com/Xadow_RGB_OLED_96multiply64/
maker-waveshare-9a5a6596f5ff,0.91inch OLED Module,Waveshare,maker,0,0,0,0,1,recorded-not-rechecked,Board datasheet not yet recorded,https://www.waveshare.com/wiki/0.91inch_OLED_Module
maker-waveshare-5ac502d2453f,0.95inch RGB OLED (A),Waveshare,maker,0,0,0,0,1,recorded-not-rechecked,Board datasheet not yet recorded,https://www.waveshare.com/wiki/0.95inch_RGB_OLED_(A)
maker-waveshare-ccb8a9d6d370,0.95inch RGB OLED (B),Waveshare,maker,0,0,0,0,1,recorded-not-rechecked,Board datasheet not yet recorded,https://www.waveshare.com/wiki/0.95inch_RGB_OLED_(B)
maker-waveshare-919a4c1e2397,0.96inch LCD Module,Waveshare,maker,0,0,0,0,1,recorded-not-rechecked,Board datasheet not yet recorded,https://www.waveshare.com/wiki/0.96inch_LCD_Module
maker-waveshare-373c12f5f380,0.96inch OLED (A),Waveshare,maker,0,0,0,0,2,recorded-not-rechecked,Board datasheet not yet recorded,https://www.waveshare.com/wiki/0.96inch_OLED_(A)
maker-waveshare-5275c80a3c4f,0.96inch OLED (B),Waveshare,maker,0,0,0,0,2,recorded-not-rechecked,Board datasheet not yet recorded,https://www.waveshare.com/wiki/0.96inch_OLED_(B)
maker-waveshare-a8bb3247b32e,1.14inch LCD Module,Waveshare,maker,0,0,0,0,1,recorded-not-rechecked,Board datasheet not yet recorded,https://www.waveshare.com/wiki/1.14inch_LCD_Module
maker-waveshare-9926a68263bc,1.28inch LCD Module,Waveshare,maker,0,0,0,0,1,recorded-not-rechecked,Board datasheet not yet recorded,https://www.waveshare.com/wiki/1.28inch_LCD_Module
maker-waveshare-34cae83a82fb,1.3inch OLED (A),Waveshare,maker,0,0,0,0,2,recorded-not-rechecked,Board datasheet not yet recorded,https://www.waveshare.com/wiki/1.3inch_OLED_(A)
maker-waveshare-85832ce2eb1a,1.3inch OLED (B),Waveshare,maker,0,0,0,0,2,recorded-not-rechecked,Board datasheet not yet recorded,https://www.waveshare.com/wiki/1.3inch_OLED_(B)
maker-waveshare-cfe7acc968c7,1.3inch OLED Module (C),Waveshare,maker,0,0,0,0,1,recorded-not-rechecked,Board datasheet not yet recorded,https://www.waveshare.com/wiki/1.3inch_OLED_Module_(C)
maker-waveshare-41d89c7fc84c,1.54inch LCD Module,Waveshare,maker,0,0,0,0,1,recorded-not-rechecked,Board datasheet not yet recorded,https://www.waveshare.com/wiki/1.54inch_LCD_Module
maker-waveshare-650eb3657ddc,1.54inch e-Paper Module,Waveshare,maker,0,0,0,0,2,recorded-not-rechecked,Board datasheet not yet recorded,https://www.waveshare.com/wiki/1.54inch_e-Paper_Module
maker-waveshare-d0854e2e3aac,1.54inch e-Paper Module (B),Waveshare,maker,0,0,0,0,2,recorded-not-rechecked,Board datasheet not yet recorded,https://www.waveshare.com/wiki/1.54inch_e-Paper_Module_(B)
maker-waveshare-b620a7fafe92,1.54inch e-Paper Module (C),Waveshare,maker,0,0,0,0,1,recorded-not-rechecked,Board datasheet not yet recorded,https://www.waveshare.com/wiki/1.54inch_e-Paper_Module_(C)
maker-waveshare-ace990e37982,1.5inch OLED Module,Waveshare,maker,0,0,0,0,1,recorded-not-rechecked,Board datasheet not yet recorded,https://www.waveshare.com/wiki/1.5inch_OLED_Module
maker-waveshare-570622d23479,1.5inch RGB OLED Module,Waveshare,maker,0,0,0,0,1,recorded-not-rechecked,Board datasheet not yet recorded,https://www.waveshare.com/wiki/1.5inch_RGB_OLED_Module
maker-waveshare-215ef83b82ed,1.64inch e-Paper Module (G),Waveshare,maker,0,0,0,0,1,recorded-not-rechecked,Board datasheet not yet recorded,https://www.waveshare.com/wiki/1.64inch_e-Paper_Module_(G)
maker-waveshare-1108cb7746dd,10.3inch e-Paper HAT,Waveshare,maker,0,0,0,0,1,recorded-not-rechecked,Board datasheet not yet recorded,https://www.waveshare.com/wiki/10.3inch_e-Paper_HAT
maker-waveshare-550c10c9a80a,10.3inch e-Paper HAT (D),Waveshare,maker,0,0,0,0,1,recorded-not-rechecked,Board datasheet not yet recorded,https://www.waveshare.com/wiki/10.3inch_e-Paper_HAT_(D)
maker-waveshare-24322c40a629,12.48inch e-Paper Module,Waveshare,maker,0,0,0,0,1,recorded-not-rechecked,Board datasheet not yet recorded,https://www.waveshare.com/wiki/12.48inch_e-Paper_Module
maker-waveshare-7f5c496e7ca7,12.48inch e-Paper Module (B),Waveshare,maker,0,0,0,0,1,recorded-not-rechecked,Board datasheet not yet recorded,https://www.waveshare.com/wiki/12.48inch_e-Paper_Module_(B)
maker-waveshare-0a7b41d142f9,13.3inch e-Paper HAT,Waveshare,maker,0,0,0,0,1,recorded-not-rechecked,Board datasheet not yet recorded,https://www.waveshare.com/wiki/13.3inch_e-Paper_HAT
maker-waveshare-2321eac99561,13.3inch e-Paper HAT (K),Waveshare,maker,0,0,0,0,1,recorded-not-rechecked,Board datasheet not yet recorded,https://www.waveshare.com/wiki/13.3inch_e-Paper_HAT_(K)
maker-waveshare-d604fc30b057,2.13inch Touch e-Paper HAT,Waveshare,maker,0,0,0,0,1,recorded-not-rechecked,Board datasheet not yet recorded,https://www.waveshare.com/wiki/2.13inch_Touch_e-Paper_HAT
maker-waveshare-d97e93508b6f,2.13inch e-Paper Cloud Module,Waveshare,maker,0,0,0,0,2,recorded-not-rechecked,Board datasheet not yet recorded,https://www.waveshare.com/wiki/2.13inch_e-Paper_Cloud_Module
maker-waveshare-bd07805881af,2.13inch e-Paper HAT,Waveshare,maker,0,0,0,0,1,recorded-not-rechecked,Board datasheet not yet recorded,https://www.waveshare.com/wiki/2.13inch_e-Paper_HAT
maker-waveshare-3345ab94c78d,2.13inch e-Paper HAT (B),Waveshare,maker,0,0,0,0,1,recorded-not-rechecked,Board datasheet not yet recorded,https://www.waveshare.com/wiki/2.13inch_e-Paper_HAT_(B)
maker-waveshare-9c3c662ef20d,2.13inch e-Paper HAT (C),Waveshare,maker,0,0,0,0,1,recorded-not-rechecked,Board datasheet not yet recorded,https://www.waveshare.com/wiki/2.13inch_e-Paper_HAT_(C)
maker-waveshare-16f7dc0a1d9b,2.13inch e-Paper HAT (D),Waveshare,maker,0,0,0,0,1,recorded-not-rechecked,Board datasheet not yet recorded,https://www.waveshare.com/wiki/2.13inch_e-Paper_HAT_(D)
maker-waveshare-2442ca9ad5a2,2.23inch OLED HAT,Waveshare,maker,0,0,0,0,1,recorded-not-rechecked,Board datasheet not yet recorded,https://www.waveshare.com/wiki/2.23inch_OLED_HAT
maker-waveshare-ab108237da08,2.4inch LCD Module,Waveshare,maker,0,0,0,0,1,recorded-not-rechecked,Board datasheet not yet recorded,https://www.waveshare.com/wiki/2.4inch_LCD_Module
maker-waveshare-6773e8d3e990,2.66inch e-Paper Module,Waveshare,maker,0,0,0,0,1,recorded-not-rechecked,Board datasheet not yet recorded,https://www.waveshare.com/wiki/2.66inch_e-Paper_Module
maker-waveshare-8039850471d4,2.66inch e-Paper Module (B),Waveshare,maker,0,0,0,0,1,recorded-not-rechecked,Board datasheet not yet recorded,https://www.waveshare.com/wiki/2.66inch_e-Paper_Module_(B)
maker-waveshare-4471a6117c04,2.7inch e-Paper HAT,Waveshare,maker,0,0,0,0,1,recorded-not-rechecked,Board datasheet not yet recorded,https://www.waveshare.com/wiki/2.7inch_e-Paper_HAT
maker-waveshare-7bf8c5902568,2.7inch e-Paper HAT (B),Waveshare,maker,0,0,0,0,1,recorded-not-rechecked,Board datasheet not yet recorded,https://www.waveshare.com/wiki/2.7inch_e-Paper_HAT_(B)
maker-waveshare-91a5be63d277,2.8inch Resistive Touch LCD,Waveshare,maker,0,0,0,0,1,recorded-not-rechecked,Board datasheet not yet recorded,https://www.waveshare.com/wiki/2.8inch_Resistive_Touch_LCD
maker-waveshare-faad3351cbb4,2.9inch Touch e-Paper HAT,Waveshare,maker,0,0,0,0,1,recorded-not-rechecked,Board datasheet not yet recorded,https://www.waveshare.com/wiki/2.9inch_Touch_e-Paper_HAT
maker-waveshare-95878eb54795,2.9inch e-Paper HAT (D),Waveshare,maker,0,0,0,0,1,recorded-not-rechecked,Board datasheet not yet recorded,https://www.waveshare.com/wiki/2.9inch_e-Paper_HAT_(D)
maker-waveshare-d69b009b4393,2.9inch e-Paper Module,Waveshare,maker,0,0,0,0,1,recorded-not-rechecked,Board datasheet not yet recorded,https://www.waveshare.com/wiki/2.9inch_e-Paper_Module
maker-waveshare-ad87a11a3c9b,2.9inch e-Paper Module (B),Waveshare,maker,0,0,0,0,1,recorded-not-rechecked,Board datasheet not yet recorded,https://www.waveshare.com/wiki/2.9inch_e-Paper_Module_(B)
maker-waveshare-d97af5afc577,2.9inch e-Paper Module (C),Waveshare,maker,0,0,0,0,1,recorded-not-rechecked,Board datasheet not yet recorded,https://www.waveshare.com/wiki/2.9inch_e-Paper_Module_(C)
maker-waveshare-1cd781a89574,2inch LCD Module,Waveshare,maker,0,0,0,0,1,recorded-not-rechecked,Board datasheet not yet recorded,https://www.waveshare.com/wiki/2inch_LCD_Module
maker-waveshare-e2262dadb5e8,3.52inch e-Paper HAT,Waveshare,maker,0,0,0,0,1,recorded-not-rechecked,Board datasheet not yet recorded,https://www.waveshare.com/wiki/3.52inch_e-Paper_HAT
maker-waveshare-f052759af7bf,3.7inch e-Paper HAT,Waveshare,maker,0,0,0,0,1,recorded-not-rechecked,Board datasheet not yet recorded,https://www.waveshare.com/wiki/3.7inch_e-Paper_HAT
maker-waveshare-6861e5e11fc6,3inch e-Paper Module (G),Waveshare,maker,0,0,0,0,1,recorded-not-rechecked,Board datasheet not yet recorded,https://www.waveshare.com/wiki/3inch_e-Paper_Module_(G)
maker-waveshare-95f16767c5b0,4.01inch e-Paper HAT (F),Waveshare,maker,0,0,0,0,1,recorded-not-rechecked,Board datasheet not yet recorded,https://www.waveshare.com/wiki/4.01inch_e-Paper_HAT_(F)
maker-waveshare-01c68237b637,4.01inch e-Paper Module (F),Waveshare,maker,0,0,0,0,1,recorded-not-rechecked,Board datasheet not yet recorded,https://www.waveshare.com/wiki/4.01inch_e-Paper_Module_(F)
maker-waveshare-596a74e959a5,4.2inch e-Paper Cloud Module,Waveshare,maker,0,0,0,0,1,recorded-not-rechecked,Board datasheet not yet recorded,https://www.waveshare.com/wiki/4.2inch_e-Paper_Cloud_Module
maker-waveshare-7ad311da1c26,4.2inch e-Paper Module,Waveshare,maker,0,0,0,0,1,recorded-not-rechecked,Board datasheet not yet recorded,https://www.waveshare.com/wiki/4.2inch_e-Paper_Module
maker-waveshare-1ce8fb9f0b76,4.2inch e-Paper Module (B),Waveshare,maker,0,0,0,0,1,recorded-not-rechecked,Board datasheet not yet recorded,https://www.waveshare.com/wiki/4.2inch_e-Paper_Module_(B)
maker-waveshare-4b51a4011fe6,4.2inch e-Paper Module (C),Waveshare,maker,0,0,0,0,1,recorded-not-rechecked,Board datasheet not yet recorded,https://www.waveshare.com/wiki/4.2inch_e-Paper_Module_(C)
maker-waveshare-ca6ff85d88cc,4.3inch e-Paper UART Module,Waveshare,maker,0,0,0,0,1,recorded-not-rechecked,Board datasheet not yet recorded,https://www.waveshare.com/wiki/4.3inch_e-Paper_UART_Module
maker-waveshare-dda30e9fd090,5.65inch e-Paper Module (F),Waveshare,maker,0,0,0,0,1,recorded-not-rechecked,Board datasheet not yet recorded,https://www.waveshare.com/wiki/5.65inch_e-Paper_Module_(F)
maker-waveshare-84506f22447b,5.83inch e-Paper HAT,Waveshare,maker,0,0,0,0,1,recorded-not-rechecked,Board datasheet not yet recorded,https://www.waveshare.com/wiki/5.83inch_e-Paper_HAT
maker-waveshare-6a6c3a42824b,5.83inch e-Paper HAT (B),Waveshare,maker,0,0,0,0,1,recorded-not-rechecked,Board datasheet not yet recorded,https://www.waveshare.com/wiki/5.83inch_e-Paper_HAT_(B)
maker-waveshare-66ba510e06ae,5.83inch e-Paper HAT (C),Waveshare,maker,0,0,0,0,1,recorded-not-rechecked,Board datasheet not yet recorded,https://www.waveshare.com/wiki/5.83inch_e-Paper_HAT_(C)
maker-waveshare-227ca87dad49,6inch HD e-Paper HAT,Waveshare,maker,0,0,0,0,1,recorded-not-rechecked,Board datasheet not yet recorded,https://www.waveshare.com/wiki/6inch_HD_e-Paper_HAT
maker-waveshare-476460b2cfcd,6inch e-Paper HAT,Waveshare,maker,0,0,0,0,1,recorded-not-rechecked,Board datasheet not yet recorded,https://www.waveshare.com/wiki/6inch_e-Paper_HAT
maker-waveshare-c1e1bc056690,7.3inch e-Paper HAT (G),Waveshare,maker,0,0,0,0,1,recorded-not-rechecked,Board datasheet not yet recorded,https://www.waveshare.com/wiki/7.3inch_e-Paper_HAT_(G)
maker-waveshare-79b43c26938d,7.5inch HD e-Paper HAT,Waveshare,maker,0,0,0,0,1,recorded-not-rechecked,Board datasheet not yet recorded,https://www.waveshare.com/wiki/7.5inch_HD_e-Paper_HAT
maker-waveshare-b350e0bcb5a6,7.5inch HD e-Paper HAT (B),Waveshare,maker,0,0,0,0,1,recorded-not-rechecked,Board datasheet not yet recorded,https://www.waveshare.com/wiki/7.5inch_HD_e-Paper_HAT_(B)
maker-waveshare-e61b17de1ca1,7.5inch e-Paper (G),Waveshare,maker,0,0,0,0,1,recorded-not-rechecked,Board datasheet not yet recorded,https://www.waveshare.com/wiki/7.5inch_e-Paper_(G)
maker-waveshare-e35cd3f2ab4a,7.5inch e-Paper HAT,Waveshare,maker,0,0,0,0,1,recorded-not-rechecked,Board datasheet not yet recorded,https://www.waveshare.com/wiki/7.5inch_e-Paper_HAT
maker-waveshare-b98c577cb381,7.5inch e-Paper HAT (B),Waveshare,maker,0,0,0,0,1,recorded-not-rechecked,Board datasheet not yet recorded,https://www.waveshare.com/wiki/7.5inch_e-Paper_HAT_(B)
maker-waveshare-cd213f214956,7.5inch e-Paper HAT (C),Waveshare,maker,0,0,0,0,1,recorded-not-rechecked,Board datasheet not yet recorded,https://www.waveshare.com/wiki/7.5inch_e-Paper_HAT_(C)
maker-waveshare-57eb73e46ab7,7.8inch e-Paper HAT,Waveshare,maker,0,0,0,0,1,recorded-not-rechecked,Board datasheet not yet recorded,https://www.waveshare.com/wiki/7.8inch_e-Paper_HAT
maker-waveshare-1323e6016990,9.7inch e-Paper HAT,Waveshare,maker,0,0,0,0,1,recorded-not-rechecked,Board datasheet not yet recorded,https://www.waveshare.com/wiki/9.7inch_e-Paper_HAT
maker-adafruit-824c400d04a1,Adafruit MPR121 12-Key Capacitive Touch Sensor Gator Breakout,Adafruit,maker,0,0,0,0,4,recorded-not-rechecked,Board datasheet not yet recorded,https://learn.adafruit.com/adafruit-mpr121-gator/overview
maker-generic-ky-040-rotary-encoder-clones,KY-040 rotary encoder clones,Generic / manufacturer unconfirmed,maker,0,0,0,0,0,missing,Board datasheet not yet recorded; Original manufacturer website not yet identified; Board/device visual reference still needed,
maker-generic-mechanical-pushbutton-modules,Mechanical pushbutton modules,Generic / manufacturer unconfirmed,maker,0,0,0,0,0,missing,Board datasheet not yet recorded; Original manufacturer website not yet identified; Board/device visual reference still needed,
maker-joy-it-31690f72dc67,KY-002 Vibration switch,Joy-IT,maker,0,0,0,0,2,missing,Board datasheet not yet recorded; Original manufacturer website not yet identified,
maker-joy-it-52321e6c2236,KY-004 Button,Joy-IT,maker,0,0,0,0,2,missing,Board datasheet not yet recorded; Original manufacturer website not yet identified,
maker-joy-it-3a585fd9e9dc,KY-017 Tilt switch,Joy-IT,maker,0,0,0,0,2,missing,Board datasheet not yet recorded; Original manufacturer website not yet identified,
maker-joy-it-1baa1dfaa7b5,KY-020 Tilt switch,Joy-IT,maker,0,0,0,0,2,missing,Board datasheet not yet recorded; Original manufacturer website not yet identified,
maker-joy-it-527879a218d8,KY-023 Joystick (X-Y-Axis),Joy-IT,maker,0,0,0,0,2,missing,Board datasheet not yet recorded; Original manufacturer website not yet identified,
maker-joy-it-e32b473dd46c,KY-036 Metal-touch sensor,Joy-IT,maker,0,0,0,0,2,missing,Board datasheet not yet recorded; Original manufacturer website not yet identified,
maker-joy-it-d820c64e1242,KY-040 Rotary encoder,Joy-IT,maker,0,0,0,0,2,missing,Board datasheet not yet recorded; Original manufacturer website not yet identified,
maker-existing-m5stack-expansion-faces-encoder,Faces Encoder,M5Stack,maker,0,0,0,0,1,recorded-not-rechecked,Board datasheet not yet recorded,https://docs.m5stack.com/en/module/encoder
maker-existing-m5stack-expansion-faces-joystick,Faces Joystick,M5Stack,maker,0,0,0,0,1,recorded-not-rechecked,Board datasheet not yet recorded,https://docs.m5stack.com/en/module/joystick
maker-existing-m5stack-expansion-faces-qwerty,Faces QWERTY,M5Stack,maker,0,0,0,0,1,recorded-not-rechecked,Board datasheet not yet recorded,https://docs.m5stack.com/en/module/faces_keyboard
maker-existing-m5stack-expansion-hat-cardkb,Hat CardKB,M5Stack,maker,0,0,0,0,1,recorded-not-rechecked,Board datasheet not yet recorded,https://docs.m5stack.com/en/hat/hat-cardkb
maker-existing-source-board-6e3dc9690edea8068a,Module 4EncoderMotor,M5Stack,maker,0,0,0,0,1,recorded-not-rechecked,Board datasheet not yet recorded,https://docs.m5stack.com/en/module/Module-4EncoderMotor
maker-existing-source-board-a56f7ffa7285274433,Module 4EncoderMotor v1.1,M5Stack,maker,0,0,0,0,1,recorded-not-rechecked,Board datasheet not yet recorded,https://docs.m5stack.com/en/module/Module_4EncoderMotor_V1.1
maker-existing-source-board-834f40b2126ac18fbc,Unit 8Encoder,M5Stack,maker,0,0,0,0,1,recorded-not-rechecked,Board datasheet not yet recorded,https://docs.m5stack.com/en/unit/8Encoder
maker-existing-source-board-93f8f5b86b82e353c4,Unit Button,M5Stack,maker,0,0,0,0,1,recorded-not-rechecked,Board datasheet not yet recorded,https://docs.m5stack.com/en/unit/button
maker-existing-source-board-a5c1c864be6e705563,Unit ByteButton,M5Stack,maker,0,0,0,0,1,recorded-not-rechecked,Board datasheet not yet recorded,https://docs.m5stack.com/en/unit/Unit%20ByteButton
maker-existing-source-board-49a7e629a0418a8886,Unit ByteSwitch,M5Stack,maker,0,0,0,0,1,recorded-not-rechecked,Board datasheet not yet recorded,https://docs.m5stack.com/en/unit/Unit%20ByteSwitch
maker-existing-m5stack-expansion-unit-cardkb,Unit CardKB,M5Stack,maker,0,0,0,0,1,recorded-not-rechecked,Board datasheet not yet recorded,https://docs.m5stack.com/en/unit/cardkb
maker-existing-m5stack-expansion-unit-cardkb-v1-1,Unit CardKB v1.1,M5Stack,maker,0,0,0,0,2,recorded-not-rechecked,Board datasheet not yet recorded,https://docs.m5stack.com/en/unit/cardkb_1.1
maker-existing-source-board-399179cf665cf2d916,Unit CardKB2,M5Stack,maker,0,0,0,0,1,recorded-not-rechecked,Board datasheet not yet recorded,https://docs.m5stack.com/en/unit/Unit_CardKB2
maker-existing-source-board-943d0b181f92dbfc8e,Unit Dual Button,M5Stack,maker,0,0,0,0,1,recorded-not-rechecked,Board datasheet not yet recorded,https://docs.m5stack.com/en/unit/dual_button
maker-existing-source-board-a70dad63858e101475,Unit Encoder,M5Stack,maker,0,0,0,0,1,recorded-not-rechecked,Board datasheet not yet recorded,https://docs.m5stack.com/en/unit/encoder
maker-existing-source-board-57db784a8a3386d537,Unit ExtEncoder,M5Stack,maker,0,0,0,0,2,recorded-not-rechecked,Board datasheet not yet recorded,https://docs.m5stack.com/en/unit/ExtEncoder%20Unit
maker-existing-source-board-8b464318f392fbaf9c,Unit Joystick v1.1,M5Stack,maker,0,0,0,0,1,recorded-not-rechecked,Board datasheet not yet recorded,https://docs.m5stack.com/en/unit/joystick_1.1
maker-existing-source-board-637ca1de735dc5e859,Unit Joystick2,M5Stack,maker,0,0,0,0,1,recorded-not-rechecked,Board datasheet not yet recorded,https://docs.m5stack.com/en/unit/Unit-JoyStick2
maker-existing-source-board-3ed41ac2f7590b1856,Xadow - Q Touch Sensor,Seeed Studio,maker,0,0,0,0,1,recorded-not-rechecked,Board datasheet not yet recorded,https://wiki.seeedstudio.com/Xadow_Q_Touch_Sensor/
maker-sparkfun-6f14efd964ef,SparkFun Qwiic Button Hookup Guide,SparkFun,maker,0,0,0,0,3,recorded-not-rechecked,Board datasheet not yet recorded,https://learn.sparkfun.com/tutorials/sparkfun-qwiic-button-hookup-guide/all
maker-adafruit-9b2288f1d41e,"Adafruit 2.8"" TFT Touch Shield v2 - Capacitive or Resistive",Adafruit,maker,0,0,0,0,4,recorded-not-rechecked,Board datasheet not yet recorded,https://learn.adafruit.com/adafruit-2-8-tft-touch-shield-v2/overview
maker-adafruit-cda7bdb9542d,Adafruit 4-Channel ADC Breakouts,Adafruit,maker,0,0,0,0,4,recorded-not-rechecked,Board datasheet not yet recorded,https://learn.adafruit.com/adafruit-4-channel-adc-breakouts/pinouts
maker-adafruit-f3f7192319ed,Adafruit DS3231 Precision RTC Breakout,Adafruit,maker,0,0,0,0,3,recorded-not-rechecked,Board datasheet not yet recorded,https://learn.adafruit.com/adafruit-ds3231-precision-rtc-breakout/pinouts
maker-adafruit-0f530fade5b8,Adafruit MCP23017 I2C GPIO Expander,Adafruit,maker,0,2,0,1,3,checked-model-page,Board datasheet not yet recorded,https://learn.adafruit.com/adafruit-mcp23017-i2c-gpio-expander/downloads
maker-adafruit-4055f8db746a,Adafruit PCF8523 Real Time Clock,Adafruit,maker,0,0,0,0,4,recorded-not-rechecked,Board datasheet not yet recorded,https://learn.adafruit.com/adafruit-pcf8523-real-time-clock/pinouts
maker-adafruit-f85e5df8527b,Adafruit TCA9548A 1-to-8 I2C Multiplexer Breakout,Adafruit,maker,0,0,0,0,2,recorded-not-rechecked,Board datasheet not yet recorded,https://learn.adafruit.com/adafruit-tca9548a-1-to-8-i2c-multiplexer-breakout/pinouts
maker-adafruit-fa8225e29b1c,MCP4725 12-Bit DAC Tutorial,Adafruit,maker,0,0,0,0,4,recorded-not-rechecked,Board datasheet not yet recorded,https://learn.adafruit.com/mcp4725-12-bit-dac-tutorial/overview
maker-dfrobot-46da4b20f4ef,Gravity: I2C to Dual UART Module / DFR0627,DFRobot,maker,0,0,0,0,1,recorded-not-rechecked,Board datasheet not yet recorded,https://wiki.dfrobot.com/dfr0627
maker-generic-microsd-spi-breakout-variants,MicroSD SPI breakout variants,Generic / manufacturer unconfirmed,maker,0,0,0,0,0,missing,Board datasheet not yet recorded; Original manufacturer website not yet identified; Board/device visual reference still needed,
maker-generic-pcf8574-lcd-backpack-variants,PCF8574 LCD backpack variants,Generic / manufacturer unconfirmed,maker,0,0,0,0,0,missing,Board datasheet not yet recorded; Original manufacturer website not yet identified; Board/device visual reference still needed,
maker-joy-it-7d34ebf8c5e0,KY-051 Voltage Translator / Level Shifter,Joy-IT,maker,0,0,0,0,2,missing,Board datasheet not yet recorded; Original manufacturer website not yet identified,
maker-joy-it-1f772d976a4c,KY-053 Analog Digital Converter,Joy-IT,maker,0,0,0,0,1,missing,Board datasheet not yet recorded; Original manufacturer website not yet identified,
maker-existing-m5stack-expansion-base-bottom,Base Bottom,M5Stack,maker,0,0,0,0,1,recorded-not-rechecked,Board datasheet not yet recorded,https://docs.m5stack.com/en/base/core_bottom
maker-existing-source-board-6e4b9ee9a0f3979694,Grove Converter,M5Stack,maker,0,0,0,0,1,recorded-not-rechecked,Board datasheet not yet recorded,https://docs.m5stack.com/en/accessory/Grove_Converter
maker-existing-source-board-0cbb8cb1ff28e5754b,Unit ADC,M5Stack,maker,0,0,0,0,1,recorded-not-rechecked,Board datasheet not yet recorded,https://docs.m5stack.com/en/unit/adc
maker-existing-source-board-8ce1cf3d0ee0a51ed1,Unit DAC,M5Stack,maker,0,0,0,0,1,recorded-not-rechecked,Board datasheet not yet recorded,https://docs.m5stack.com/en/unit/dac
maker-existing-source-board-18ed5c1f767cc2e793,Unit DAC2,M5Stack,maker,0,0,0,0,1,recorded-not-rechecked,Board datasheet not yet recorded,https://docs.m5stack.com/en/unit/Unit-DAC2
maker-existing-source-board-ec1ecab334af3f64bb,Unit Hub,M5Stack,maker,0,0,0,0,1,recorded-not-rechecked,Board datasheet not yet recorded,https://docs.m5stack.com/en/unit/hub
maker-existing-source-board-ba9e5f605961dcedee,Unit PaHub,M5Stack,maker,0,0,0,0,1,recorded-not-rechecked,Board datasheet not yet recorded,https://docs.m5stack.com/en/unit/pahub
maker-existing-source-board-2d9e671dd6280fac66,Unit PaHub v2.1,M5Stack,maker,0,0,0,0,1,recorded-not-rechecked,Board datasheet not yet recorded,https://docs.m5stack.com/en/unit/Unit-PaHub%20v2.1
maker-existing-m5stack-expansion-unit-pbhub,Unit PbHub,M5Stack,maker,0,0,0,0,1,recorded-not-rechecked,Board datasheet not yet recorded,https://docs.m5stack.com/en/unit/pbhub
maker-pimoroni-9e49e0c90489,Breakout Garden Mini (I2C),Pimoroni,maker,0,0,0,0,1,recorded-not-rechecked,Board datasheet not yet recorded,https://shop.pimoroni.com/products/breakout-garden-mini-i2c
maker-existing-seeed-studio-expansion-3d-gesture-tracking-shield-for-raspberry-pi-mgc3130,3D Gesture Tracking Shield for Raspberry Pi (MGC3130),Seeed Studio,maker,0,0,0,0,1,recorded-not-rechecked,Board datasheet not yet recorded,https://wiki.seeedstudio.com/3D-Gesture-Tracking-Shield-for-Raspberry-Pi-MGC3130/
maker-existing-seeed-studio-expansion-4-channel-16-bit-adc-for-raspberry-pi-ads1115,4-Channel 16-Bit ADC for Raspberry Pi (ADS1115),Seeed Studio,maker,0,0,0,0,4,recorded-not-rechecked,Board datasheet not yet recorded,https://wiki.seeedstudio.com/4-Channel_16-Bit_ADC_for_Raspberry_Pi-ADS1115/
maker-existing-seeed-studio-expansion-can-bus-shield-v1-2,CAN-BUS Shield V1.2,Seeed Studio,maker,0,0,0,0,4,recorded-not-rechecked,Board datasheet not yet recorded,https://wiki.seeedstudio.com/CAN-BUS_Shield_V1.2/
maker-existing-seeed-studio-expansion-ds1307-rtc-for-raspberry-pi,DS1307 RTC for Raspberry Pi,Seeed Studio,maker,0,0,0,0,1,recorded-not-rechecked,Board datasheet not yet recorded,https://wiki.seeedstudio.com/Pi_RTC-DS1307/
maker-existing-seeed-studio-expansion-ds3231-high-accuracy-rtc-for-raspberry-pi,DS3231 High Accuracy RTC for Raspberry Pi,Seeed Studio,maker,0,0,0,0,1,recorded-not-rechecked,Board datasheet not yet recorded,https://wiki.seeedstudio.com/High_Accuracy_Pi_RTC-DS3231/
maker-existing-seeed-studio-expansion-expansion-board-base-for-xiao,Expansion Board Base for XIAO,Seeed Studio,maker,0,0,0,0,5,recorded-not-rechecked,Board datasheet not yet recorded,https://wiki.seeedstudio.com/Seeeduino-XIAO-Expansion-Board/
maker-existing-source-board-c219ddbb601c475420,Grove - Base Shield for IOIO-OTG,Seeed Studio,maker,0,0,0,0,1,recorded-not-rechecked,Board datasheet not yet recorded,https://wiki.seeedstudio.com/Grove-Base_Shield_for_IOIO-OTG/
maker-existing-source-board-a4388d63a62bacb53d,Grove - Mega Shield,Seeed Studio,maker,0,0,0,0,2,recorded-not-rechecked,Board datasheet not yet recorded,https://wiki.seeedstudio.com/Grove-Mega_Shield/
maker-existing-source-board-9c816d9f975c7f0db0,Grove - Protoshield,Seeed Studio,maker,0,0,0,0,1,recorded-not-rechecked,Board datasheet not yet recorded,https://wiki.seeedstudio.com/Grove-Protoshield/
maker-existing-seeed-studio-expansion-grove-base-boosterpack,Grove Base BoosterPack,Seeed Studio,maker,0,0,0,0,2,recorded-not-rechecked,Board datasheet not yet recorded,https://wiki.seeedstudio.com/Grove_Base_BoosterPack/
maker-existing-source-board-838efa674dcac12fa7,Grove Base Cape for BeagleBone V2,Seeed Studio,maker,0,0,0,0,1,recorded-not-rechecked,Board datasheet not yet recorded,https://wiki.seeedstudio.com/Grove_Base_Cape_for_BeagleBone_v2/
maker-existing-source-board-e3a347ef6612592656,Grove Base HAT,Seeed Studio,maker,0,0,0,0,1,recorded-not-rechecked,Board datasheet not yet recorded,https://wiki.seeedstudio.com/Grove_Base_HAT/
maker-existing-seeed-studio-expansion-grove-base-hat-for-raspberry-pi,Grove Base Hat for Raspberry Pi,Seeed Studio,maker,0,0,0,0,1,recorded-not-rechecked,Board datasheet not yet recorded,https://wiki.seeedstudio.com/Grove_Base_Hat_for_Raspberry_Pi/
maker-existing-seeed-studio-expansion-grove-base-hat-for-raspberry-pi-zero,Grove Base Hat for Raspberry Pi Zero,Seeed Studio,maker,0,0,0,0,1,recorded-not-rechecked,Board datasheet not yet recorded,https://wiki.seeedstudio.com/Grove_Base_Hat_for_Raspberry_Pi_Zero/
maker-existing-seeed-studio-expansion-grove-base-kit-for-raspberry-pi,Grove Base Kit for Raspberry Pi,Seeed Studio,maker,0,0,0,0,1,recorded-not-rechecked,Board datasheet not yet recorded,https://wiki.seeedstudio.com/Grove_Base_Hat_for_Raspberry_Pi/
maker-existing-source-board-df9b36454f16b53f6e,Grove Base Shield for NodeMCU V1.0,Seeed Studio,maker,0,0,0,0,1,recorded-not-rechecked,Board datasheet not yet recorded,https://wiki.seeedstudio.com/Grove_Base_Shield_for_NodeMCU_V1.0/
maker-existing-source-board-b5a886dc67e44a7a2a,Grove Base Shield for Photon,Seeed Studio,maker,0,0,0,0,1,recorded-not-rechecked,Board datasheet not yet recorded,https://wiki.seeedstudio.com/Grove_Base_Shield_for_Photon/
maker-existing-seeed-studio-expansion-grove-shield-for-arduino-nano,Grove Shield for Arduino Nano,Seeed Studio,maker,0,0,0,0,2,recorded-not-rechecked,Board datasheet not yet recorded,https://wiki.seeedstudio.com/Grove_Shield_for_Arduino_Nano/
maker-existing-source-board-39a2114c0a0f24ce52,Grove Shield for Intel Joule,Seeed Studio,maker,0,0,0,0,1,recorded-not-rechecked,Board datasheet not yet recorded,https://wiki.seeedstudio.com/Grove_Shield_for_Intel_Joule/
maker-existing-seeed-studio-expansion-grove-shield-for-pi-pico-v1-0,Grove Shield for Pi Pico V1.0,Seeed Studio,maker,0,0,0,0,1,recorded-not-rechecked,Board datasheet not yet recorded,https://wiki.seeedstudio.com/Grove-Starter-Kit-for-Raspberry-Pi-Pico/
maker-existing-seeed-studio-expansion-grove-shield-for-wio-lite,Grove Shield for Wio Lite,Seeed Studio,maker,0,0,0,0,2,recorded-not-rechecked,Board datasheet not yet recorded,https://wiki.seeedstudio.com/Grove-Shield-for-Wio-Lite/
maker-existing-seeed-studio-expansion-grove-shield-for-xiao,Grove Shield for XIAO,Seeed Studio,maker,0,0,0,0,4,recorded-not-rechecked,Board datasheet not yet recorded,https://wiki.seeedstudio.com/Connect-Grove-to-Home-Assistant-ESPHome/
maker-existing-source-board-9411f7846292008faf,MT3620 Grove Shield,Seeed Studio,maker,0,0,0,0,1,recorded-not-rechecked,Board datasheet not yet recorded,https://wiki.seeedstudio.com/Grove_Starter_Kit_for_Azure_Sphere_MT3620_Development_Kit/
maker-existing-seeed-studio-expansion-rs-232-to-ttl-converter-max3232idr,RS-232 To TTL Converter (MAX3232IDR),Seeed Studio,maker,0,0,0,0,1,recorded-not-rechecked,Board datasheet not yet recorded,https://wiki.seeedstudio.com/RS-232_To_TTL_Conveter-MAX3232IDR/
maker-existing-seeed-studio-expansion-rs-485-shield-for-raspberry-pi,RS-485 Shield for Raspberry Pi,Seeed Studio,maker,0,0,0,0,2,recorded-not-rechecked,Board datasheet not yet recorded,https://wiki.seeedstudio.com/RS-485_Shield_for_Raspberry_Pi/
maker-existing-seeed-studio-expansion-sd-card-shield,SD Card Shield,Seeed Studio,maker,0,0,0,0,1,recorded-not-rechecked,Board datasheet not yet recorded,https://wiki.seeedstudio.com/SD_Card_Shield/
maker-existing-seeed-studio-expansion-uartsb-frame,UartSB Frame,Seeed Studio,maker,0,0,0,0,3,recorded-not-rechecked,Board datasheet not yet recorded,https://wiki.seeedstudio.com/UartSB_Frame/
maker-existing-seeed-studio-expansion-uartsbee-v3-1,UartSBee V3.1,Seeed Studio,maker,0,0,0,0,2,recorded-not-rechecked,Board datasheet not yet recorded,https://wiki.seeedstudio.com/UartSBee_V3.1/
maker-existing-seeed-studio-expansion-uartsbee-v4,UartSBee V4,Seeed Studio,maker,0,0,0,0,1,recorded-not-rechecked,Board datasheet not yet recorded,https://wiki.seeedstudio.com/UartSBee_V3.1/
maker-existing-seeed-studio-expansion-wifi-shield-v1-2,Wifi Shield V1.2,Seeed Studio,maker,0,0,0,0,5,recorded-not-rechecked,Board datasheet not yet recorded,https://wiki.seeedstudio.com/Wifi_Shield_V1.2/
maker-existing-seeed-studio-expansion-wifi-shield-v2-0,Wifi Shield V2.0,Seeed Studio,maker,0,0,0,0,2,recorded-not-rechecked,Board datasheet not yet recorded,https://wiki.seeedstudio.com/Wifi_Shield_V2.0/
maker-existing-seeed-studio-expansion-xbee-shield,XBee Shield,Seeed Studio,maker,0,0,0,0,2,recorded-not-rechecked,Board datasheet not yet recorded,https://wiki.seeedstudio.com/XBee_Shield/
maker-existing-lilygo-expansion-t-u2t,T-U2T,LILYGO,maker,0,0,0,0,2,missing,Board datasheet not yet recorded; Original manufacturer website not yet identified,
maker-existing-m5stack-expansion-atomic-port-abc-base,Atomic Port ABC Base,M5Stack,maker,0,0,0,0,2,recorded-not-rechecked,Board datasheet not yet recorded,https://docs.m5stack.com/en/atom/AtomPortABC
maker-existing-m5stack-expansion-butterfly-launcher,Butterfly Launcher,M5Stack,maker,0,0,0,0,1,recorded-not-rechecked,Board datasheet not yet recorded,https://docs.m5stack.com/en/unit/butterfly
maker-existing-m5stack-expansion-faces-calculator,Faces Calculator,M5Stack,maker,0,0,0,0,1,recorded-not-rechecked,Board datasheet not yet recorded,https://docs.m5stack.com/en/module/faces_calculator
maker-existing-m5stack-expansion-faces-gamepad,Faces Gamepad,M5Stack,maker,0,0,0,0,1,recorded-not-rechecked,Board datasheet not yet recorded,https://docs.m5stack.com/en/module/faces_gameboy
maker-existing-source-board-da76e277a8985719d4,Grove T,M5Stack,maker,0,0,0,0,1,recorded-not-rechecked,Board datasheet not yet recorded,https://docs.m5stack.com/en/accessory/converter/grove_t
maker-existing-source-board-8b7bc8abf33e9365fe,Grove to 4P,M5Stack,maker,0,0,0,0,1,recorded-not-rechecked,Board datasheet not yet recorded,https://docs.m5stack.com/en/accessory/converter/grove_to_4p
maker-existing-source-board-8cb9bff718fbbf41b6,Grove to Grove,M5Stack,maker,0,0,0,0,1,recorded-not-rechecked,Board datasheet not yet recorded,https://docs.m5stack.com/en/accessory/converter/grove2grove
maker-existing-source-board-cc0272832d61950412,Grove to PIN,M5Stack,maker,0,0,0,0,1,recorded-not-rechecked,Board datasheet not yet recorded,https://docs.m5stack.com/en/accessory/converter/Connector_Grove_to_PIN
maker-existing-source-board-1a18c2638cb34d6a64,Grove to USBC,M5Stack,maker,0,0,0,0,1,recorded-not-rechecked,Board datasheet not yet recorded,https://docs.m5stack.com/en/accessory/Grove2USB-C
maker-existing-source-board-30d9237b1f6dcddf5c,Module ASR,M5Stack,maker,0,0,0,0,1,recorded-not-rechecked,Board datasheet not yet recorded,https://docs.m5stack.com/en/module/Module_ASR
maker-existing-source-board-3b299715f598234f5a,Module Air Quality,M5Stack,maker,0,0,0,0,1,recorded-not-rechecked,Board datasheet not yet recorded,https://docs.m5stack.com/en/module/PM2.5%20AIR%20QUALITY%20KIT%20(Excluding%20Core)
maker-existing-m5stack-expansion-module-audio,Module Audio,M5Stack,maker,0,0,0,0,2,recorded-not-rechecked,Board datasheet not yet recorded,https://docs.m5stack.com/en/module/Module-Audio
maker-existing-source-board-c203ae1acad081e528,Module Battery,M5Stack,maker,0,0,0,0,1,recorded-not-rechecked,Board datasheet not yet recorded,https://docs.m5stack.com/en/module/battery
maker-existing-source-board-4a5f789a23ee2fe5d5,Module Bus,M5Stack,maker,0,0,0,0,1,recorded-not-rechecked,Board datasheet not yet recorded,https://docs.m5stack.com/en/module/bus
maker-existing-source-board-27ec83602a0e893308,Module CC1101,M5Stack,maker,0,0,0,0,1,recorded-not-rechecked,Board datasheet not yet recorded,https://docs.m5stack.com/en/module/Module_CC1101
maker-existing-source-board-83e8ae5da6a0f34206,Module COMMU,M5Stack,maker,0,0,0,0,1,recorded-not-rechecked,Board datasheet not yet recorded,https://docs.m5stack.com/en/module/commu
maker-existing-source-board-a3728068228391b3e1,Module COMX Cat1,M5Stack,maker,0,0,0,0,1,recorded-not-rechecked,Board datasheet not yet recorded,https://docs.m5stack.com/en/module/comx_cat1
maker-existing-source-board-c560ffe2964a48351a,Module ExtPort For Core2,M5Stack,maker,0,0,0,0,2,recorded-not-rechecked,Board datasheet not yet recorded,https://docs.m5stack.com/en/module/extport_for_core2
maker-existing-source-board-95f3859b605dab0a85,Module Fan v1.1,M5Stack,maker,0,0,0,0,1,recorded-not-rechecked,Board datasheet not yet recorded,https://docs.m5stack.com/en/module/Module%20Fan%20v1.1
maker-existing-source-board-c6c79d67f42fa85245,Module Gateway H2,M5Stack,maker,0,0,0,0,1,recorded-not-rechecked,Board datasheet not yet recorded,https://docs.m5stack.com/en/module/Module%20Gateway%20H2
maker-existing-m5stack-expansion-module-goplus,Module GoPlus,M5Stack,maker,0,0,0,0,1,recorded-not-rechecked,Board datasheet not yet recorded,https://docs.m5stack.com/en/module/goplus
maker-existing-source-board-05507662d78ca9da33,Module HMI,M5Stack,maker,0,0,0,0,1,recorded-not-rechecked,Board datasheet not yet recorded,https://docs.m5stack.com/en/module/HMI%20Module
maker-existing-m5stack-expansion-module-llm,Module LLM,M5Stack,maker,0,0,0,0,2,recorded-not-rechecked,Board datasheet not yet recorded,https://docs.m5stack.com/en/module/Module-LLM
maker-existing-m5stack-expansion-module-llm-kit,Module LLM Kit,M5Stack,maker,0,0,0,0,2,recorded-not-rechecked,Board datasheet not yet recorded,https://docs.m5stack.com/en/module/Module%20LLM%20Kit
maker-existing-m5stack-expansion-module-plus,Module Plus,M5Stack,maker,0,0,0,0,1,recorded-not-rechecked,Board datasheet not yet recorded,https://docs.m5stack.com/en/module/plus
maker-existing-source-board-f09cfb45256c52238e,Module Proto,M5Stack,maker,0,0,0,0,1,recorded-not-rechecked,Board datasheet not yet recorded,https://docs.m5stack.com/en/module/proto
maker-existing-source-board-b481048324688ec6c4,Module Proto Frame,M5Stack,maker,0,0,0,0,1,recorded-not-rechecked,Board datasheet not yet recorded,https://docs.m5stack.com/en/accessory/proto_module_frame
maker-existing-m5stack-expansion-module-usb-v1-2,Module USB v1.2,M5Stack,maker,0,0,0,0,2,recorded-not-rechecked,Board datasheet not yet recorded,https://docs.m5stack.com/en/module/USB%20v1.2%20Module
maker-existing-m5stack-expansion-module13-2-lan,Module13.2 LAN,M5Stack,maker,0,0,0,0,2,recorded-not-rechecked,Board datasheet not yet recorded,https://docs.m5stack.com/en/module/LAN%20Module%2013.2
maker-existing-m5stack-expansion-module13-2-pwrcan,Module13.2 PwrCAN,M5Stack,maker,0,0,0,0,2,recorded-not-rechecked,Board datasheet not yet recorded,https://docs.m5stack.com/en/module/Module13.2-PwrCAN
maker-existing-m5stack-expansion-stamp-addon-c6-for-p4,Stamp-AddOn C6 For P4,M5Stack,maker,0,0,0,0,2,recorded-not-rechecked,Board datasheet not yet recorded,https://docs.m5stack.com/en/stamp/Stamp-AddOn_C6_For_P4
maker-existing-m5stack-expansion-stamp-addon-cam0308,Stamp-AddOn Cam0308,M5Stack,maker,0,0,0,0,2,recorded-not-rechecked,Board datasheet not yet recorded,https://docs.m5stack.com/en/stamp/Stamp-AddOn_Cam0308
maker-existing-m5stack-expansion-stamp-addon-cam3660,Stamp-AddOn Cam3660,M5Stack,maker,0,0,0,0,1,recorded-not-rechecked,Board datasheet not yet recorded,https://docs.m5stack.com/en/stamp/Stamp-AddOn_Cam3660
maker-existing-source-board-11aeaf594ae1cec034,Unit 3.96,M5Stack,maker,0,0,0,0,1,recorded-not-rechecked,Board datasheet not yet recorded,https://docs.m5stack.com/en/unit/396port
maker-existing-source-board-0711046c6ae397d072,Unit 8Angle,M5Stack,maker,0,0,0,0,1,recorded-not-rechecked,Board datasheet not yet recorded,https://docs.m5stack.com/en/unit/8Angle
maker-existing-m5stack-expansion-unit-ac-measure,Unit AC Measure,M5Stack,maker,0,0,0,0,2,recorded-not-rechecked,Board datasheet not yet recorded,https://docs.m5stack.com/en/unit/AC%20Measure%20Unit
maker-existing-source-board-5ed3e9384fdd5e49f7,Unit ACSSR,M5Stack,maker,0,0,0,0,1,recorded-not-rechecked,Board datasheet not yet recorded,https://docs.m5stack.com/en/unit/acssr
maker-existing-source-board-6f842c1018055cc899,Unit AIN4-20mA,M5Stack,maker,0,0,0,0,1,recorded-not-rechecked,Board datasheet not yet recorded,https://docs.m5stack.com/en/unit/AIN4-20mA%20Unit
maker-existing-source-board-a7f71367218db84e3a,Unit AMeter,M5Stack,maker,0,0,0,0,1,recorded-not-rechecked,Board datasheet not yet recorded,https://docs.m5stack.com/en/unit/Ameter%20Unit
maker-existing-source-board-8d4a15e405a597d1dd,Unit ASR,M5Stack,maker,0,0,0,0,1,recorded-not-rechecked,Board datasheet not yet recorded,https://docs.m5stack.com/en/unit/Unit%20ASR
maker-existing-source-board-c9be29dd4aabd2546e,Unit Accel,M5Stack,maker,0,0,0,0,1,recorded-not-rechecked,Board datasheet not yet recorded,https://docs.m5stack.com/en/unit/accel
maker-existing-source-board-17bd07bc39eefffb8d,Unit Angle,M5Stack,maker,0,0,0,0,1,recorded-not-rechecked,Board datasheet not yet recorded,https://docs.m5stack.com/en/unit/angle
maker-existing-source-board-5beb5c4cbdf08dc7a4,Unit AudioPlayer,M5Stack,maker,0,0,0,0,1,recorded-not-rechecked,Board datasheet not yet recorded,https://docs.m5stack.com/en/unit/Unit_AudioPlayer
maker-existing-source-board-a428555279fa49793a,Unit BLDC Driver,M5Stack,maker,0,0,0,0,1,recorded-not-rechecked,Board datasheet not yet recorded,https://docs.m5stack.com/en/unit/Unit-BLDC%20Driver
maker-existing-source-board-4cbd9ff0b6a21ef607,Unit C6L,M5Stack,maker,0,0,0,0,1,recorded-not-rechecked,Board datasheet not yet recorded,https://docs.m5stack.com/en/unit/Unit_C6L
maker-existing-source-board-f2b5b135d118cd8838,Unit CO2,M5Stack,maker,0,0,0,0,1,recorded-not-rechecked,Board datasheet not yet recorded,https://docs.m5stack.com/en/unit/co2
maker-existing-source-board-db86e14f80111eba4c,Unit CO2L,M5Stack,maker,0,0,0,0,1,recorded-not-rechecked,Board datasheet not yet recorded,https://docs.m5stack.com/en/unit/CO2L
maker-existing-source-board-83b053da889c2603e0,Unit CamS3,M5Stack,maker,0,0,0,0,1,recorded-not-rechecked,Board datasheet not yet recorded,https://docs.m5stack.com/en/unit/Unit-CamS3
maker-existing-source-board-833dff9546137267f1,Unit Camera,M5Stack,maker,0,0,0,0,1,recorded-not-rechecked,Board datasheet not yet recorded,https://docs.m5stack.com/en/unit/Unit%20Camera
maker-existing-source-board-d282e51761a64c9876,Unit Cat1-CN,M5Stack,maker,0,0,0,0,1,recorded-not-rechecked,Board datasheet not yet recorded,https://docs.m5stack.com/en/unit/Unit_Cat1-CN
maker-existing-source-board-6383c92a87a114d737,Unit Catch,M5Stack,maker,0,0,0,0,1,recorded-not-rechecked,Board datasheet not yet recorded,https://docs.m5stack.com/en/unit/catch
maker-existing-source-board-676c051d840ed74fac,Unit ChainBus,M5Stack,maker,0,0,0,0,1,recorded-not-rechecked,Board datasheet not yet recorded,https://docs.m5stack.com/en/unit/Unit_ChainBus
maker-existing-source-board-9a0f004d0cc6c8536e,Unit Color,M5Stack,maker,0,0,0,0,1,recorded-not-rechecked,Board datasheet not yet recorded,https://docs.m5stack.com/en/unit/COLOR
maker-existing-source-board-4a314d8882fe8ac2fe,Unit DDS,M5Stack,maker,0,0,0,0,1,recorded-not-rechecked,Board datasheet not yet recorded,https://docs.m5stack.com/en/unit/dds
maker-existing-source-board-d890bd2a0d89c86ad4,Unit DLight,M5Stack,maker,0,0,0,0,1,recorded-not-rechecked,Board datasheet not yet recorded,https://docs.m5stack.com/en/unit/DLight%20Unit
maker-existing-source-board-1c76a6c25ec80de5ed,Unit DMX,M5Stack,maker,0,0,0,0,1,recorded-not-rechecked,Board datasheet not yet recorded,https://docs.m5stack.com/en/unit/Unit-DMX
maker-existing-source-board-0473b4084149e1e41f,Unit ENV-III,M5Stack,maker,0,0,0,0,1,recorded-not-rechecked,Board datasheet not yet recorded,https://docs.m5stack.com/en/unit/envIII
maker-existing-source-board-7d1e4ea106c3456c6e,Unit EXT.IO,M5Stack,maker,0,0,0,0,1,recorded-not-rechecked,Board datasheet not yet recorded,https://docs.m5stack.com/en/unit/extio
maker-existing-source-board-695142eef6e58984e3,Unit Earth,M5Stack,maker,0,0,0,0,1,recorded-not-rechecked,Board datasheet not yet recorded,https://docs.m5stack.com/en/unit/earth
maker-existing-source-board-f9da2d5a1b80c5b285,Unit Fader,M5Stack,maker,0,0,0,0,1,recorded-not-rechecked,Board datasheet not yet recorded,https://docs.m5stack.com/en/unit/fader
maker-existing-source-board-48f3df202a3e5ba049,Unit Fan,M5Stack,maker,0,0,0,0,1,recorded-not-rechecked,Board datasheet not yet recorded,https://docs.m5stack.com/en/unit/unit_fan
maker-existing-source-board-8535ed7db495c46a54,Unit Finger,M5Stack,maker,0,0,0,0,1,recorded-not-rechecked,Board datasheet not yet recorded,https://docs.m5stack.com/en/unit/finger
maker-existing-source-board-6f6f329bfe576d3657,Unit Fingerprint2,M5Stack,maker,0,0,0,0,1,recorded-not-rechecked,Board datasheet not yet recorded,https://docs.m5stack.com/en/unit/Unit_Fingerprint2
maker-existing-source-board-c41af7f5f00e2de084,Unit FlashLight,M5Stack,maker,0,0,0,0,1,recorded-not-rechecked,Board datasheet not yet recorded,https://docs.m5stack.com/en/unit/FlashLight
maker-existing-source-board-19e3832e05505eee62,Unit Gateway H2,M5Stack,maker,0,0,0,0,1,recorded-not-rechecked,Board datasheet not yet recorded,https://docs.m5stack.com/en/unit/Unit%20Gateway%20H2
maker-existing-source-board-46e754cf4dc301964c,Unit Gesture,M5Stack,maker,0,0,0,0,1,recorded-not-rechecked,Board datasheet not yet recorded,https://docs.m5stack.com/en/unit/Gesture
maker-existing-source-board-0f797f4fc6408ab69e,Unit Glass,M5Stack,maker,0,0,0,0,1,recorded-not-rechecked,Board datasheet not yet recorded,https://docs.m5stack.com/en/unit/Glass%20Unit
maker-existing-source-board-3cae9c1bced8e16a80,Unit Glass2,M5Stack,maker,0,0,0,0,1,recorded-not-rechecked,Board datasheet not yet recorded,https://docs.m5stack.com/en/unit/Glass2%20Unit
maker-existing-source-board-7cb5c281a1564e4e60,Unit Grove to Grove,M5Stack,maker,0,0,0,0,1,recorded-not-rechecked,Board datasheet not yet recorded,https://docs.m5stack.com/en/unit/unit_grove2grove
maker-existing-source-board-6d75103d33b3617063,Unit HEX,M5Stack,maker,0,0,0,0,1,recorded-not-rechecked,Board datasheet not yet recorded,https://docs.m5stack.com/en/unit/hex
maker-existing-source-board-7b051a6f89f7b3a4ec,Unit Heart,M5Stack,maker,0,0,0,0,1,recorded-not-rechecked,Board datasheet not yet recorded,https://docs.m5stack.com/en/unit/heart
maker-existing-source-board-160e2efda6b63a95da,Unit ID,M5Stack,maker,0,0,0,0,1,recorded-not-rechecked,Board datasheet not yet recorded,https://docs.m5stack.com/en/unit/id
maker-existing-source-board-d82cd9b4c678a7e51d,Unit IR,M5Stack,maker,0,0,0,0,1,recorded-not-rechecked,Board datasheet not yet recorded,https://docs.m5stack.com/en/unit/ir
maker-existing-source-board-37fa4c27be8e1e21b0,Unit KMeter-ISO,M5Stack,maker,0,0,0,0,1,recorded-not-rechecked,Board datasheet not yet recorded,https://docs.m5stack.com/en/unit/KMeterISO%20Unit
maker-existing-source-board-91a88779058500669a,Unit Key,M5Stack,maker,0,0,0,0,1,recorded-not-rechecked,Board datasheet not yet recorded,https://docs.m5stack.com/en/unit/key
maker-existing-source-board-4a0ca9b6dca33a5d46,Unit Laser RX,M5Stack,maker,0,0,0,0,1,recorded-not-rechecked,Board datasheet not yet recorded,https://docs.m5stack.com/en/unit/laser-rx
maker-existing-source-board-13ce62af46e87a241c,Unit Light,M5Stack,maker,0,0,0,0,1,recorded-not-rechecked,Board datasheet not yet recorded,https://docs.m5stack.com/en/unit/LIGHT
maker-existing-source-board-2527d2ea1ad559d94d,Unit Limit,M5Stack,maker,0,0,0,0,1,recorded-not-rechecked,Board datasheet not yet recorded,https://docs.m5stack.com/en/unit/Unit%20Limit
maker-existing-source-board-6d9ef7d2c385a09d32,Unit MIDI,M5Stack,maker,0,0,0,0,1,recorded-not-rechecked,Board datasheet not yet recorded,https://docs.m5stack.com/en/unit/Unit-MIDI
maker-existing-source-board-30f44e0d1f3cddc27a,Unit MQ,M5Stack,maker,0,0,0,0,1,recorded-not-rechecked,Board datasheet not yet recorded,https://docs.m5stack.com/en/unit/Unit_MQ
maker-existing-source-board-5b1db598f87b36cea5,Unit MQTT,M5Stack,maker,0,0,0,0,1,recorded-not-rechecked,Board datasheet not yet recorded,https://docs.m5stack.com/en/unit/mqtt
maker-existing-source-board-470857140b66a94f21,Unit Mini BPS v1.1,M5Stack,maker,0,0,0,0,1,recorded-not-rechecked,Board datasheet not yet recorded,https://docs.m5stack.com/en/unit/BPS(QMP6988)
maker-existing-source-board-3a474e2b3486b9fc9a,Unit Mini CAN,M5Stack,maker,0,0,0,0,1,recorded-not-rechecked,Board datasheet not yet recorded,https://docs.m5stack.com/en/unit/Unit-Mini%20CAN
maker-existing-source-board-018e46d081f1e9de6a,Unit Mini PDM,M5Stack,maker,0,0,0,0,1,recorded-not-rechecked,Board datasheet not yet recorded,https://docs.m5stack.com/en/unit/pdm
maker-existing-source-board-d98aa688f305d3abc1,Unit Mini Proto,M5Stack,maker,0,0,0,0,1,recorded-not-rechecked,Board datasheet not yet recorded,https://docs.m5stack.com/en/unit/mini-proto
maker-existing-source-board-ca806d76c33d111205,Unit Mini Scales,M5Stack,maker,0,0,0,0,1,recorded-not-rechecked,Board datasheet not yet recorded,https://docs.m5stack.com/en/unit/Unit-Mini%20Scales
maker-existing-source-board-ae1823dbebbc124a83,Unit Mini ToF-90°,M5Stack,maker,0,0,0,0,1,recorded-not-rechecked,Board datasheet not yet recorded,https://docs.m5stack.com/en/unit/Unit%20Mini%20ToF-90
maker-existing-source-board-1e341275ea454a4761,Unit NBIoT2,M5Stack,maker,0,0,0,0,1,recorded-not-rechecked,Board datasheet not yet recorded,https://docs.m5stack.com/en/unit/Unit%20NB-IoT2(SIM7028)
maker-existing-source-board-e91ee02407ca7da244,Unit NCIR,M5Stack,maker,0,0,0,0,1,recorded-not-rechecked,Board datasheet not yet recorded,https://docs.m5stack.com/en/unit/ncir
maker-existing-source-board-41bab4646e04facc82,Unit NCIR2,M5Stack,maker,0,0,0,0,1,recorded-not-rechecked,Board datasheet not yet recorded,https://docs.m5stack.com/en/unit/NCIR2
maker-existing-source-board-78a7dee46ac529b42e,Unit NFC,M5Stack,maker,0,0,0,0,1,recorded-not-rechecked,Board datasheet not yet recorded,https://docs.m5stack.com/en/unit/Unit_NFC
maker-existing-source-board-70d2c75f72335b6063,Unit Neco,M5Stack,maker,0,0,0,0,1,recorded-not-rechecked,Board datasheet not yet recorded,https://docs.m5stack.com/en/unit/Neco%20Unit
maker-existing-source-board-71358175817868c0a7,Unit NeoHEX,M5Stack,maker,0,0,0,0,1,recorded-not-rechecked,Board datasheet not yet recorded,https://docs.m5stack.com/en/unit/neohex
maker-existing-source-board-f9ca4d6557f8a63eb1,Unit OP180,M5Stack,maker,0,0,0,0,1,recorded-not-rechecked,Board datasheet not yet recorded,https://docs.m5stack.com/en/unit/OP180
maker-existing-source-board-d8ff421aaf3fa9b688,Unit OP90,M5Stack,maker,0,0,0,0,1,recorded-not-rechecked,Board datasheet not yet recorded,https://docs.m5stack.com/en/unit/OP.90
maker-existing-source-board-ab6064cda4c6d6cbe9,Unit PIR,M5Stack,maker,0,0,0,0,1,recorded-not-rechecked,Board datasheet not yet recorded,https://docs.m5stack.com/en/unit/PIR
maker-existing-source-board-f995d7ef19a31f3d9a,Unit PoE CAM-W,M5Stack,maker,0,0,0,0,1,recorded-not-rechecked,Board datasheet not yet recorded,https://docs.m5stack.com/en/unit/PoECAM-W
maker-existing-source-board-2477653d0c88e3be88,Unit PoE CAM-W v1.1,M5Stack,maker,0,0,0,0,1,recorded-not-rechecked,Board datasheet not yet recorded,https://docs.m5stack.com/en/unit/M5PoECAM-W%20V1.1
maker-existing-source-board-7ef12a9cd3c02d0fcf,Unit Proto,M5Stack,maker,0,0,0,0,1,recorded-not-rechecked,Board datasheet not yet recorded,https://docs.m5stack.com/en/unit/proto
maker-existing-source-board-762c4c86bf177e5fd1,Unit Proto Case,M5Stack,maker,0,0,0,0,1,recorded-not-rechecked,Board datasheet not yet recorded,https://docs.m5stack.com/en/accessory/proto_unit_case
maker-existing-source-board-d31271066d46e5fd4b,Unit Puzzle,M5Stack,maker,0,0,0,0,1,recorded-not-rechecked,Board datasheet not yet recorded,https://docs.m5stack.com/en/unit/Unit-Puzzle
maker-existing-source-board-1ca67ec53bf2a3ce3a,Unit QRCode,M5Stack,maker,0,0,0,0,1,recorded-not-rechecked,Board datasheet not yet recorded,https://docs.m5stack.com/en/unit/Unit-QRCode
maker-existing-source-board-cfb551b6de8e6c1587,Unit RCA,M5Stack,maker,0,0,0,0,1,recorded-not-rechecked,Board datasheet not yet recorded,https://docs.m5stack.com/en/unit/RCA
maker-existing-source-board-f9bf0afb3681ad50aa,Unit RGB,M5Stack,maker,0,0,0,0,1,recorded-not-rechecked,Board datasheet not yet recorded,https://docs.m5stack.com/en/unit/rgb
maker-existing-source-board-3d09118d5e48953680,Unit Reflective IR,M5Stack,maker,0,0,0,0,1,recorded-not-rechecked,Board datasheet not yet recorded,https://docs.m5stack.com/en/unit/Unit-Reflective%20IR
maker-existing-source-board-2f8863fd57f131c6f0,Unit Roller485,M5Stack,maker,0,0,0,0,4,recorded-not-rechecked,Board datasheet not yet recorded,https://docs.m5stack.com/en/unit/Unit-Roller485
maker-existing-source-board-0deb3cc52909696465,Unit SSR,M5Stack,maker,0,0,0,0,1,recorded-not-rechecked,Board datasheet not yet recorded,https://docs.m5stack.com/en/unit/ssr
maker-existing-source-board-5b205f64cb5a1f17ef,Unit Scales,M5Stack,maker,0,0,0,0,1,recorded-not-rechecked,Board datasheet not yet recorded,https://docs.m5stack.com/en/unit/UNIT%20Scales
maker-existing-source-board-be68305d414b05d2df,Unit Scroll,M5Stack,maker,0,0,0,0,1,recorded-not-rechecked,Board datasheet not yet recorded,https://docs.m5stack.com/en/unit/UNIT-Scroll
maker-existing-source-board-bcfccaf958283fb56a,Unit Step16,M5Stack,maker,0,0,0,0,1,recorded-not-rechecked,Board datasheet not yet recorded,https://docs.m5stack.com/en/unit/Unit_Step16
maker-existing-source-board-310aca6f9b5384b17b,Unit TMOS PIR,M5Stack,maker,0,0,0,0,1,recorded-not-rechecked,Board datasheet not yet recorded,https://docs.m5stack.com/en/unit/UNIT-TMOS%20PIR
maker-existing-source-board-d3430af2798820c2fa,Unit TimerPWR,M5Stack,maker,0,0,0,0,1,recorded-not-rechecked,Board datasheet not yet recorded,https://docs.m5stack.com/en/unit/Unit-TimerPWR
maker-existing-source-board-b435576274d054c7ef,Unit ToF,M5Stack,maker,0,0,0,0,1,recorded-not-rechecked,Board datasheet not yet recorded,https://docs.m5stack.com/en/unit/TOF
maker-existing-source-board-e19808c11c1b09dfd3,Unit ToF4M,M5Stack,maker,0,0,0,0,1,recorded-not-rechecked,Board datasheet not yet recorded,https://docs.m5stack.com/en/unit/Unit-ToF4M
maker-existing-m5stack-expansion-unit-trace,Unit Trace,M5Stack,maker,0,0,0,0,1,recorded-not-rechecked,Board datasheet not yet recorded,https://docs.m5stack.com/en/unit/trace
maker-existing-m5stack-expansion-unit-typec-to-grove,Unit TypeC to Grove,M5Stack,maker,0,0,0,0,2,recorded-not-rechecked,Board datasheet not yet recorded,https://docs.m5stack.com/en/unit/typec2grove
maker-existing-source-board-c360f4f6b8e1f0310a,Unit UHF-RFID,M5Stack,maker,0,0,0,0,1,recorded-not-rechecked,Board datasheet not yet recorded,https://docs.m5stack.com/en/unit/uhf_rfid
maker-existing-source-board-cc26469cbed814787b,Unit Vibrator,M5Stack,maker,0,0,0,0,1,recorded-not-rechecked,Board datasheet not yet recorded,https://docs.m5stack.com/en/unit/vibrator
maker-existing-source-board-4828539aa387945544,Unit Watering,M5Stack,maker,0,0,0,0,1,recorded-not-rechecked,Board datasheet not yet recorded,https://docs.m5stack.com/en/unit/watering
maker-existing-source-board-12e23574aab03d88d0,Unit Weight,M5Stack,maker,0,0,0,0,1,recorded-not-rechecked,Board datasheet not yet recorded,https://docs.m5stack.com/en/unit/WEIGHT
maker-existing-source-board-3f04e1ad26e264e446,Unit Weight-I2C,M5Stack,maker,0,0,0,0,1,recorded-not-rechecked,Board datasheet not yet recorded,https://docs.m5stack.com/en/unit/Unit-Weight%20I2C
maker-existing-rakwireless-expansion-rak19001,RAK19001,RAKwireless,maker,0,0,0,0,1,recorded-not-rechecked,Board datasheet not yet recorded,https://docs.rakwireless.com/product-categories/wisblock/rak19001/datasheet/
maker-existing-rakwireless-expansion-rak19003,RAK19003,RAKwireless,maker,0,0,0,0,1,recorded-not-rechecked,Board datasheet not yet recorded,https://docs.rakwireless.com/product-categories/wisblock/rak19003/datasheet/
maker-existing-rakwireless-expansion-rak19007,RAK19007,RAKwireless,maker,0,0,0,0,0,recorded-not-rechecked,Board datasheet not yet recorded; Board/device visual reference still needed,https://docs.rakwireless.com/product-categories/wisblock/rak19007/datasheet/
maker-existing-rakwireless-expansion-rak5005-o,RAK5005-O,RAKwireless,maker,0,0,0,0,1,recorded-not-rechecked,Board datasheet not yet recorded,https://docs.rakwireless.com/product-categories/wisblock/rak5005-o/datasheet/
maker-existing-source-board-5fc752650eb8ceacc3,Grove - Joint V2.0,Seeed Studio,maker,0,0,0,0,1,recorded-not-rechecked,Board datasheet not yet recorded,https://wiki.seeedstudio.com/Grove-Joint_v2.0/
maker-existing-source-board-a17635f8ee434814e3,Grove - Node,Seeed Studio,maker,0,0,0,0,1,recorded-not-rechecked,Board datasheet not yet recorded,https://wiki.seeedstudio.com/Grove-Node/
maker-existing-source-board-4a797fd4d0f753b7e3,Grove - Wio-E5,Seeed Studio,maker,0,0,0,0,1,recorded-not-rechecked,Board datasheet not yet recorded,https://wiki.seeedstudio.com/Grove_LoRa_E5_New_Version/
maker-existing-source-board-8b0e3f03922c352347,Grove - XBee Carrier,Seeed Studio,maker,0,0,0,0,1,recorded-not-rechecked,Board datasheet not yet recorded,https://wiki.seeedstudio.com/Grove-XBee_Carrier/
maker-existing-source-board-8669627ca0e540609e,Grove AI HAT for Edge Computing,Seeed Studio,maker,0,0,0,0,1,recorded-not-rechecked,Board datasheet not yet recorded,https://wiki.seeedstudio.com/Grove_AI_HAT_for_Edge_Computing/
maker-existing-seeed-studio-expansion-grove-basic-kit-for-raspberry-pi-pico,Grove Basic Kit for Raspberry Pi Pico,Seeed Studio,maker,0,0,0,0,2,recorded-not-rechecked,Board datasheet not yet recorded,https://wiki.seeedstudio.com/Grove-Starter-Kit-for-Raspberry-Pi-Pico/
maker-existing-source-board-f3ba78f8e9b88aa08e,Grove Beginner Kit for Arduino,Seeed Studio,maker,0,0,0,0,2,recorded-not-rechecked,Board datasheet not yet recorded,https://wiki.seeedstudio.com/Grove-Beginner-Kit-For-Arduino/
maker-existing-source-board-fe6e96ae8e667278de,Grove Breakout for LinkIt Smart 7688 Duo,Seeed Studio,maker,0,0,0,0,1,recorded-not-rechecked,Board datasheet not yet recorded,https://wiki.seeedstudio.com/Grove_Breakout_for_LinkIt_Smart_7688_Duo/
maker-existing-source-board-8f6616a53c6803d732,Grove Cape for BeagleBone Series,Seeed Studio,maker,0,0,0,0,1,recorded-not-rechecked,Board datasheet not yet recorded,https://wiki.seeedstudio.com/Grove_Cape_for_BeagleBone_Series/
maker-existing-source-board-16121f72660f3c5746,Grove Starter Kit for Azure Sphere MT3620 Development Kit,Seeed Studio,maker,0,0,0,0,1,recorded-not-rechecked,Board datasheet not yet recorded,https://wiki.seeedstudio.com/Grove_Starter_Kit_for_Azure_Sphere_MT3620_Development_Kit/
maker-existing-source-board-2eef993ff78502144a,Grove Vision AI Module,Seeed Studio,maker,0,0,0,0,2,recorded-not-rechecked,Board datasheet not yet recorded,https://wiki.seeedstudio.com/Grove-Vision-AI-Module/
maker-existing-source-board-26f61aaf24516ca6f8,Grove Vision AI Module V2,Seeed Studio,maker,0,0,0,0,1,recorded-not-rechecked,Board datasheet not yet recorded,https://wiki.seeedstudio.com/grove_vision_ai_v2a/
maker-existing-seeed-studio-expansion-lte-cat-1-pi-hat,LTE Cat 1 Pi HAT,Seeed Studio,maker,0,0,0,0,4,recorded-not-rechecked,Board datasheet not yet recorded,https://wiki.seeedstudio.com/LTE_Cat_1_Pi_HAT/
maker-existing-seeed-studio-expansion-mt3620-grove-breakout,MT3620 Grove Breakout,Seeed Studio,maker,0,0,0,0,5,recorded-not-rechecked,Board datasheet not yet recorded,https://wiki.seeedstudio.com/MT3620_Grove_Breakout/
maker-existing-seeed-studio-expansion-rs485-expansion-board-for-xiao,RS485 Expansion Board for XIAO,Seeed Studio,maker,0,0,0,0,1,recorded-not-rechecked,Board datasheet not yet recorded,https://wiki.seeedstudio.com/XIAO-RS485-Expansion-Board/
maker-existing-seeed-studio-expansion-wm1302-pi-hat,WM1302 Pi HAT,Seeed Studio,maker,0,0,0,0,3,recorded-not-rechecked,Board datasheet not yet recorded,https://wiki.seeedstudio.com/WM1302_Pi_HAT/
maker-existing-seeed-studio-expansion-wio-lr2021,Wio-LR2021,Seeed Studio,maker,0,0,0,0,4,recorded-not-rechecked,Board datasheet not yet recorded,https://wiki.seeedstudio.com/wio_lr2021_introduction/
maker-existing-seeed-studio-expansion-wio-sx1262,Wio-SX1262,Seeed Studio,maker,0,0,0,0,3,recorded-not-rechecked,Board datasheet not yet recorded,https://wiki.seeedstudio.com/wio_sx1262/
maker-existing-seeed-studio-expansion-xiao-debug-mate,XIAO Debug Mate,Seeed Studio,maker,0,0,0,0,3,recorded-not-rechecked,Board datasheet not yet recorded,https://wiki.seeedstudio.com/getting_started_with_xiao_debug_mate/
maker-existing-seeed-studio-expansion-xiao-logger-hat,XIAO Logger HAT,Seeed Studio,maker,0,0,0,0,2,recorded-not-rechecked,Board datasheet not yet recorded,https://www.seeedstudio.com/XIAO-LOG-p-6341.html
maker-existing-seeed-studio-expansion-xiao-powerbread,XIAO PowerBread,Seeed Studio,maker,0,0,0,0,3,recorded-not-rechecked,Board datasheet not yet recorded,https://www.seeedstudio.com/XIAO-PowerBread-p-6318.html
maker-existing-seeed-studio-expansion-respeaker-lite,reSpeaker Lite,Seeed Studio,maker,0,0,0,0,5,recorded-not-rechecked,Board datasheet not yet recorded,https://wiki.seeedstudio.com/reSpeaker_usb_v3/
maker-existing-seeed-studio-expansion-respeaker-xvf3800-usb-4-mic-array,reSpeaker XVF3800 USB 4-Mic Array,Seeed Studio,maker,0,0,0,0,3,recorded-not-rechecked,Board datasheet not yet recorded,https://wiki.seeedstudio.com/respeaker_xvf3800_introduction/
maker-existing-spotpear-manufacturer-unconfirmed-expansion-laser-450nm-5w-driver,Laser-450nm-5W driver,Spotpear (manufacturer unconfirmed),maker,0,0,0,0,1,missing,Board datasheet not yet recorded; Original manufacturer website not yet identified,
maker-existing-waveshare-expansion-ddsm210,DDSM210,Waveshare,maker,0,0,0,0,1,missing,Board datasheet not yet recorded; Original manufacturer website not yet identified,
maker-existing-waveshare-expansion-ddsm315,DDSM315,Waveshare,maker,0,0,0,0,1,missing,Board datasheet not yet recorded; Original manufacturer website not yet identified,
maker-existing-waveshare-expansion-pcie-to-minipcie-gbe-usb3-2-hat-plus,PCIe TO MiniPCIe GbE USB3.2 HAT Plus,Waveshare,maker,0,0,0,0,1,missing,Board datasheet not yet recorded; Original manufacturer website not yet identified,
maker-existing-waveshare-expansion-ups-power-module-c,UPS Power Module (C),Waveshare,maker,0,0,0,0,1,missing,Board datasheet not yet recorded; Original manufacturer website not yet identified,
maker-adafruit-3c05b617f1ed,Adafruit DRV8833 DC/Stepper Motor Driver Breakout Board,Adafruit,maker,0,0,0,0,2,recorded-not-rechecked,Board datasheet not yet recorded,https://learn.adafruit.com/adafruit-drv8833-dc-stepper-motor-driver-breakout-board/pinouts
maker-adafruit-f728bed24afd,Adafruit PCA9685 16-Channel Servo Driver,Adafruit,maker,0,0,0,0,1,recorded-not-rechecked,Board datasheet not yet recorded,https://learn.adafruit.com/16-channel-pwm-servo-driver/pinouts
maker-adafruit-bbff2124b1be,Adafruit STEMMA Non-Latching Mini Relay,Adafruit,maker,0,0,0,0,2,recorded-not-rechecked,Board datasheet not yet recorded,https://learn.adafruit.com/adafruit-stemma-non-latching-mini-relay/pinouts
maker-generic-generic-relay-module-variants,Generic relay module variants,Generic / manufacturer unconfirmed,maker,0,0,0,0,0,missing,Board datasheet not yet recorded; Original manufacturer website not yet identified; Board/device visual reference still needed,
maker-generic-ws2812-addressable-led-modules,WS2812 addressable LED modules,Generic / manufacturer unconfirmed,maker,0,0,0,0,0,missing,Board datasheet not yet recorded; Original manufacturer website not yet identified; Board/device visual reference still needed,
maker-joy-it-f34bdd598ad9,KY-005 Infrared transmitter,Joy-IT,maker,0,0,0,0,2,missing,Board datasheet not yet recorded; Original manufacturer website not yet identified,
maker-joy-it-d14c8adf215f,KY-006 / Passive Piezo-Buzzer,Joy-IT,maker,0,0,0,0,2,missing,Board datasheet not yet recorded; Original manufacturer website not yet identified,
maker-joy-it-d9044d01adc7,KY-009 RGB SMD-LED,Joy-IT,maker,0,0,0,0,2,missing,Board datasheet not yet recorded; Original manufacturer website not yet identified,
maker-joy-it-1d28d19450c9,KY-011 2-Color 5mm LED,Joy-IT,maker,0,0,0,0,2,missing,Board datasheet not yet recorded; Original manufacturer website not yet identified,
maker-joy-it-307a0c709eb4,KY-012 Active Piezo-Buzzer,Joy-IT,maker,0,0,0,0,2,missing,Board datasheet not yet recorded; Original manufacturer website not yet identified,
maker-joy-it-ee23277cb4d5,KY-016 RGB 5mm LED,Joy-IT,maker,0,0,0,0,2,missing,Board datasheet not yet recorded; Original manufacturer website not yet identified,
maker-joy-it-62a590ade7e0,KY-019 5V Relais,Joy-IT,maker,0,0,0,0,2,missing,Board datasheet not yet recorded; Original manufacturer website not yet identified,
maker-joy-it-9fb34e2b8d0c,KY-029 2-Color 3mm LED,Joy-IT,maker,0,0,0,0,2,missing,Board datasheet not yet recorded; Original manufacturer website not yet identified,
maker-joy-it-d5b815a83fa0,KY-034 7 Color flash-LED,Joy-IT,maker,0,0,0,0,2,missing,Board datasheet not yet recorded; Original manufacturer website not yet identified,
maker-existing-source-board-9e85c320e96566c801,Grove to Servo,M5Stack,maker,0,0,0,0,1,recorded-not-rechecked,Board datasheet not yet recorded,https://docs.m5stack.com/en/accessory/converter/Grove_to_Servo
maker-existing-m5stack-expansion-hat-8servos,Hat 8Servos,M5Stack,maker,0,0,0,0,1,recorded-not-rechecked,Board datasheet not yet recorded,https://docs.m5stack.com/en/hat/hat-8servos
maker-existing-m5stack-expansion-module-dcmotor,Module DCMotor,M5Stack,maker,0,0,0,0,2,recorded-not-rechecked,Board datasheet not yet recorded,https://docs.m5stack.com/en/module/lego_plus
maker-existing-m5stack-expansion-module-servo,Module Servo,M5Stack,maker,0,0,0,0,1,recorded-not-rechecked,Board datasheet not yet recorded,https://docs.m5stack.com/en/module/servo
maker-existing-m5stack-expansion-module-stepmotor,Module Stepmotor,M5Stack,maker,0,0,0,0,1,recorded-not-rechecked,Board datasheet not yet recorded,https://docs.m5stack.com/en/module/stepmotor
maker-existing-m5stack-expansion-module13-2-stepmotor-driver-v1-1,Module13.2 Stepmotor Driver v1.1,M5Stack,maker,0,0,0,0,2,recorded-not-rechecked,Board datasheet not yet recorded,https://docs.m5stack.com/en/module/Stepmotor%20Driver%20Module13.2%20v1.1
maker-existing-source-board-65eb2a314dd301abcc,Unit 2Relay,M5Stack,maker,0,0,0,0,1,recorded-not-rechecked,Board datasheet not yet recorded,https://docs.m5stack.com/en/unit/2relay
maker-existing-source-board-7a1c360932c2af5e64,Unit 4Relay,M5Stack,maker,0,0,0,0,1,recorded-not-rechecked,Board datasheet not yet recorded,https://docs.m5stack.com/en/unit/4relay
maker-existing-source-board-aac83aba13e5a6ef0c,Unit 8Servos,M5Stack,maker,0,0,0,0,1,recorded-not-rechecked,Board datasheet not yet recorded,https://docs.m5stack.com/en/unit/8Servos%20Unit
maker-existing-source-board-1236d859c33d2398ca,Unit 8Servos2-Chain,M5Stack,maker,0,0,0,0,1,recorded-not-rechecked,Board datasheet not yet recorded,https://docs.m5stack.com/en/unit/Unit_8Servos2-Chain
maker-existing-m5stack-expansion-unit-8servos2-i2c,Unit 8Servos2-I2C,M5Stack,maker,0,0,0,0,1,recorded-not-rechecked,Board datasheet not yet recorded,https://docs.m5stack.com/en/unit/Unit_8Servos2-I2C
maker-existing-source-board-801de8099af0a1c5c4,Unit Buzzer,M5Stack,maker,0,0,0,0,1,recorded-not-rechecked,Board datasheet not yet recorded,https://docs.m5stack.com/en/unit/buzzer
maker-existing-source-board-d68745531c69f4b7db,Unit Relay,M5Stack,maker,0,0,0,0,1,recorded-not-rechecked,Board datasheet not yet recorded,https://docs.m5stack.com/en/unit/relay
maker-pololu-c9f3c19279b1,A4988 Stepper Motor Driver Carrier,Pololu,maker,0,0,0,0,3,missing,Board datasheet not yet recorded; Original manufacturer website not yet identified,
maker-pololu-82ffefdddeb5,"DRV8825 Stepper Motor Driver Carrier, High Current",Pololu,maker,0,0,0,0,4,missing,Board datasheet not yet recorded; Original manufacturer website not yet identified,
maker-existing-seeed-studio-expansion-led-driver-board-for-xiao,LED Driver Board for XIAO,Seeed Studio,maker,0,0,0,0,2,recorded-not-rechecked,Board datasheet not yet recorded,https://wiki.seeedstudio.com/led_driver_board/
maker-adafruit-a80cab59debc,Adafruit AHT20 Temperature & Humidity Sensor,Adafruit,maker,0,0,0,0,3,recorded-not-rechecked,Board datasheet not yet recorded,https://learn.adafruit.com/adafruit-aht20/pinouts
maker-adafruit-4390e7df6964,Adafruit APDS9960 breakout,Adafruit,maker,0,0,0,0,3,recorded-not-rechecked,Board datasheet not yet recorded,https://learn.adafruit.com/adafruit-apds9960-breakout/pinouts
maker-adafruit-1e2e6f5dc16e,Adafruit BH1750 Ambient Light Sensor,Adafruit,maker,0,0,0,0,2,recorded-not-rechecked,Board datasheet not yet recorded,https://learn.adafruit.com/adafruit-bh1750-ambient-light-sensor/pinouts
maker-adafruit-bc61583da117,Adafruit BME280 Humidity + Barometric Pressure + Temperature Sensor Breakout,Adafruit,maker,0,0,0,0,3,recorded-not-rechecked,Board datasheet not yet recorded,https://learn.adafruit.com/adafruit-bme280-humidity-barometric-pressure-temperature-sensor-breakout/pinouts
maker-adafruit-cf6c8b88cee4,Adafruit BME680,Adafruit,maker,0,0,0,0,3,recorded-not-rechecked,Board datasheet not yet recorded,https://learn.adafruit.com/adafruit-bme680-humidity-temperature-barometic-pressure-voc-gas/pinouts
maker-adafruit-4b0001459b22,Adafruit BMP280 Barometric Pressure + Temperature Sensor Breakout,Adafruit,maker,0,0,0,0,3,recorded-not-rechecked,Board datasheet not yet recorded,https://learn.adafruit.com/adafruit-bmp280-barometric-pressure-plus-temperature-sensor-breakout/pinouts
maker-adafruit-033e26673f5e,Adafruit BNO055 Absolute Orientation Sensor,Adafruit,maker,0,0,0,0,3,recorded-not-rechecked,Board datasheet not yet recorded,https://learn.adafruit.com/adafruit-bno055-absolute-orientation-sensor/pinouts
maker-adafruit-3e9ba2e85414,Adafruit INA219 Current Sensor Breakout,Adafruit,maker,0,0,0,0,5,recorded-not-rechecked,Board datasheet not yet recorded,https://learn.adafruit.com/adafruit-ina219-current-sensor-breakout/pinouts
maker-adafruit-d2748c21e7ce,Adafruit INA260 Current + Voltage + Power Sensor Breakout,Adafruit,maker,0,0,0,0,3,recorded-not-rechecked,Board datasheet not yet recorded,https://learn.adafruit.com/adafruit-ina260-current-voltage-power-sensor-breakout/pinouts
maker-adafruit-333ef25b6ff3,Adafruit LIS3DH Triple-Axis Accelerometer Breakout,Adafruit,maker,0,0,0,0,3,recorded-not-rechecked,Board datasheet not yet recorded,https://learn.adafruit.com/adafruit-lis3dh-triple-axis-accelerometer-breakout/pinouts
maker-adafruit-357aa2b8b93a,Adafruit SCD-4x - True CO2 Temperature and Humidity Sensors,Adafruit,maker,0,0,0,0,3,recorded-not-rechecked,Board datasheet not yet recorded,https://learn.adafruit.com/adafruit-scd-40-and-scd-41/pinouts
maker-adafruit-1eb58493be3e,Adafruit SHT31-D Temperature & Humidity Sensor Breakout,Adafruit,maker,0,0,0,0,3,recorded-not-rechecked,Board datasheet not yet recorded,https://learn.adafruit.com/adafruit-sht31-d-temperature-and-humidity-sensor-breakout/pinouts
maker-adafruit-1a2b4f796497,"Adafruit Sensirion SHT40, SHT41 & SHT45 Temperature & Humidity Sensors",Adafruit,maker,0,0,0,0,2,recorded-not-rechecked,Board datasheet not yet recorded,https://learn.adafruit.com/adafruit-sht40-temperature-humidity-sensor/pinouts
maker-adafruit-b2e586290c14,Adafruit VL53L0X Time of Flight Micro-LIDAR Distance Sensor Breakout,Adafruit,maker,0,0,0,0,3,recorded-not-rechecked,Board datasheet not yet recorded,https://learn.adafruit.com/adafruit-vl53l0x-micro-lidar-distance-sensor-breakout/pinouts
maker-adafruit-ce8520e58dc5,Adafruit VL53L1X Time of Flight Distance Sensor,Adafruit,maker,0,0,0,0,2,recorded-not-rechecked,Board datasheet not yet recorded,https://learn.adafruit.com/adafruit-vl53l1x/pinouts
maker-dfrobot-c392b1494edb,Gravity: Analog Capacitive Corrosion Resistant Soil Moisture Sensor for Arduino / Raspberry Pi / SEN0193,DFRobot,maker,0,0,0,0,1,recorded-not-rechecked,Board datasheet not yet recorded,https://wiki.dfrobot.com/sen0193
maker-dfrobot-82dbf92bcd45,Gravity: Analog Sound Level Sensor / SEN0232,DFRobot,maker,0,0,0,0,2,recorded-not-rechecked,Board datasheet not yet recorded,https://wiki.dfrobot.com/sen0232
maker-dfrobot-7d4943403fb8,Gravity: Electrochemical Oxygen / O2 Sensor (0-25%Vol) / SEN0322,DFRobot,maker,0,0,0,0,1,recorded-not-rechecked,Board datasheet not yet recorded,https://wiki.dfrobot.com/sen0322
maker-dfrobot-9b446f8d2d68,Gravity: Laser PM2.5 Air Quality Sensor / SEN0177,DFRobot,maker,0,0,0,0,1,recorded-not-rechecked,Board datasheet not yet recorded,https://wiki.dfrobot.com/sen0177
maker-dfrobot-aae9e1e18b81,Gravity: Waterproof Capacitive Soil Moisture Sensor / SEN0308,DFRobot,maker,0,0,0,0,1,recorded-not-rechecked,Board datasheet not yet recorded,https://wiki.dfrobot.com/sen0308
maker-generic-dht11-and-dht22-breakout-variants,DHT11 and DHT22 breakout variants,Generic / manufacturer unconfirmed,maker,0,0,0,0,0,missing,Board datasheet not yet recorded; Original manufacturer website not yet identified; Board/device visual reference still needed,
maker-generic-hc-sr04-ultrasonic-module-variants,HC-SR04 ultrasonic module variants,Generic / manufacturer unconfirmed,maker,0,0,0,0,0,missing,Board datasheet not yet recorded; Original manufacturer website not yet identified; Board/device visual reference still needed,
maker-generic-mq-gas-sensor-module-variants,MQ gas sensor module variants,Generic / manufacturer unconfirmed,maker,0,0,0,0,0,missing,Board datasheet not yet recorded; Original manufacturer website not yet identified; Board/device visual reference still needed,
maker-joy-it-1f7410cec6e4,KY-001 Temperature sensor (DS18B20),Joy-IT,maker,0,0,0,0,2,missing,Board datasheet not yet recorded; Original manufacturer website not yet identified,
maker-joy-it-4ad4c121a597,KY-003 Hall magnetic field sensor,Joy-IT,maker,0,0,0,0,2,missing,Board datasheet not yet recorded; Original manufacturer website not yet identified,
maker-joy-it-a5314cf5e14d,KY-010 / KY-10 Light barrier,Joy-IT,maker,0,0,0,0,2,missing,Board datasheet not yet recorded; Original manufacturer website not yet identified,
maker-joy-it-93d18fd1f19b,KY-013 Temperature sensor (NTC),Joy-IT,maker,0,0,0,0,2,missing,Board datasheet not yet recorded; Original manufacturer website not yet identified,
maker-joy-it-5fc07c43b5c4,KY-015 Combi-Sensor (temperature & humidity),Joy-IT,maker,0,0,0,0,2,missing,Board datasheet not yet recorded; Original manufacturer website not yet identified,
maker-joy-it-50ff19641a64,KY-018 Photoresistor,Joy-IT,maker,0,0,0,0,2,missing,Board datasheet not yet recorded; Original manufacturer website not yet identified,
maker-joy-it-fdb6a6bacf62,KY-021 Mini reed magnet,Joy-IT,maker,0,0,0,0,2,missing,Board datasheet not yet recorded; Original manufacturer website not yet identified,
maker-joy-it-561911cf4ed9,KY-022 Infrared receiver,Joy-IT,maker,0,0,0,0,2,missing,Board datasheet not yet recorded; Original manufacturer website not yet identified,
maker-joy-it-6ea66c3d5782,"KY-024 Linear, magnetic hall sensor",Joy-IT,maker,0,0,0,0,2,missing,Board datasheet not yet recorded; Original manufacturer website not yet identified,
maker-joy-it-0f1f5ea963b9,"KY-025 Analog, magnetic reed sensor",Joy-IT,maker,0,0,0,0,2,missing,Board datasheet not yet recorded; Original manufacturer website not yet identified,
maker-joy-it-6caff140fce1,KY-026 Analog flame sensor,Joy-IT,maker,0,0,0,0,2,missing,Board datasheet not yet recorded; Original manufacturer website not yet identified,
maker-joy-it-69656f036a20,KY-027 Magic light cup,Joy-IT,maker,0,0,0,0,2,missing,Board datasheet not yet recorded; Original manufacturer website not yet identified,
maker-joy-it-b3ffd9a4f8a2,KY-028 Temperature sensor (thermistor),Joy-IT,maker,0,0,0,0,2,missing,Board datasheet not yet recorded; Original manufacturer website not yet identified,
maker-joy-it-10d37b4c0e4d,KY-031 Knock sensor,Joy-IT,maker,0,0,0,0,2,missing,Board datasheet not yet recorded; Original manufacturer website not yet identified,
maker-joy-it-5532b29f2ed5,KY-032 Obstacle detector,Joy-IT,maker,0,0,0,0,2,missing,Board datasheet not yet recorded; Original manufacturer website not yet identified,
maker-joy-it-f277a68abec1,KY-033 Linetracking sensor,Joy-IT,maker,0,0,0,0,2,missing,Board datasheet not yet recorded; Original manufacturer website not yet identified,
maker-joy-it-b4df12f011c1,KY-035 Bihor magnetic sensor,Joy-IT,maker,0,0,0,0,2,missing,Board datasheet not yet recorded; Original manufacturer website not yet identified,
maker-joy-it-4f5c2e209218,KY-037 Microphone sound sensor (high sensitivity),Joy-IT,maker,0,0,0,0,2,missing,Board datasheet not yet recorded; Original manufacturer website not yet identified,
maker-joy-it-b2a1d441eb72,KY-038 Microphone sound sensor,Joy-IT,maker,0,0,0,0,2,missing,Board datasheet not yet recorded; Original manufacturer website not yet identified,
maker-joy-it-0bc3011cd3c8,KY-039 Heartbeat sensor,Joy-IT,maker,0,0,0,0,1,missing,Board datasheet not yet recorded; Original manufacturer website not yet identified,
maker-joy-it-a2559882a10a,KY-050 Ultrasonic distance sensor,Joy-IT,maker,0,0,0,0,2,missing,Board datasheet not yet recorded; Original manufacturer website not yet identified,
maker-joy-it-000aa80ed2d4,KY-052 Pressure sensor / Temperature sensor (BMP280),Joy-IT,maker,0,0,0,0,1,missing,Board datasheet not yet recorded; Original manufacturer website not yet identified,
maker-joy-it-92dad4744895,KY-054 Phototransistor,Joy-IT,maker,0,0,0,0,2,missing,Board datasheet not yet recorded; Original manufacturer website not yet identified,
maker-existing-source-board-58a3464523a4a2c02e,Unit Mini IMU-Pro,M5Stack,maker,0,0,0,0,1,recorded-not-rechecked,Board datasheet not yet recorded,https://docs.m5stack.com/en/unit/IMU%20Pro%20Mini%20Unit
maker-existing-source-board-0e3122dd0f2d467be1,Unit Thermal2,M5Stack,maker,0,0,0,0,1,recorded-not-rechecked,Board datasheet not yet recorded,https://docs.m5stack.com/en/unit/Thermal2
maker-existing-source-board-f128bcb679828e9993,Unit Tube Pressure,M5Stack,maker,0,0,0,0,1,recorded-not-rechecked,Board datasheet not yet recorded,https://docs.m5stack.com/en/unit/tube_pressure
maker-existing-source-board-a2285d667efa547c38,Unit Ultrasonic,M5Stack,maker,0,0,0,0,1,recorded-not-rechecked,Board datasheet not yet recorded,https://docs.m5stack.com/en/unit/Ultrasonic
maker-existing-source-board-1944bd7d1e9fc877a6,Unit Ultrasonic-I2C,M5Stack,maker,0,0,0,0,1,recorded-not-rechecked,Board datasheet not yet recorded,https://docs.m5stack.com/en/unit/ULTRASONIC%20I2C
maker-pololu-eec8e3eed80f,"MinIMU-9 v5 Gyro, Accelerometer, and Compass (LSM6DS33 and LIS3MDL Carrier)",Pololu,maker,0,0,0,0,4,missing,Board datasheet not yet recorded; Original manufacturer website not yet identified,
maker-existing-source-board-6a46acf091548bef03,MR60BHA2 60GHz mmWave Breathing and Heartbeat Detection Sensor Kit with XIAO ESP32C6,Seeed Studio,maker,0,0,0,0,1,recorded-not-rechecked,Board datasheet not yet recorded,https://wiki.seeedstudio.com/getting_started_with_mr60bha2_mmwave_kit/
maker-existing-source-board-09dd14dad4781f80a9,SenseCAP A1101 (LoRaWAN Vision AI Sensor),Seeed Studio,maker,0,0,0,0,0,recorded-not-rechecked,Board datasheet not yet recorded; Board/device visual reference still needed,https://wiki.seeedstudio.com/SenseCAP-Vision-AI-Get-Started/
maker-existing-source-board-86ebac141812f19aab,XIAO Soil Moisture Sensor,Seeed Studio,maker,0,0,0,0,1,recorded-not-rechecked,Board datasheet not yet recorded,https://wiki.seeedstudio.com/xiao_soil_moisture_sensor/
maker-existing-source-board-b559332bf40915efce,Xadow - Basic Sensors,Seeed Studio,maker,0,0,0,0,1,recorded-not-rechecked,Board datasheet not yet recorded,https://wiki.seeedstudio.com/Xadow_Basic_Sensors/
maker-existing-source-board-e3a84d91705df46b1d,Xadow - Multichannel Gas Sensor,Seeed Studio,maker,0,0,0,0,1,recorded-not-rechecked,Board datasheet not yet recorded,https://wiki.seeedstudio.com/Xadow_Multichannel_Gas_Sensor/
maker-existing-source-board-e3199ac49cb857fde7,mmWave Human Detection Sensor Kit (MR24HPC1),Seeed Studio,maker,0,0,0,0,1,recorded-not-rechecked,Board datasheet not yet recorded,https://wiki.seeedstudio.com/mmwave_human_detection_kit/
maker-sparkfun-986cce1a498a,Load Cell Amplifier HX711 Breakout Hookup Guide,SparkFun,maker,0,0,0,0,1,recorded-not-rechecked,Board datasheet not yet recorded,https://learn.sparkfun.com/tutorials/load-cell-amplifier-hx711-breakout-hookup-guide/all
maker-adafruit-product-326,"Monochrome 0.96"" 128x64 OLED Graphic Display - STEMMA QT / PID 326",Adafruit,maker,0,0,0,0,2,recorded-not-rechecked,Board datasheet not yet recorded,https://www.adafruit.com/product/326
maker-adafruit-product-938,"Monochrome 1.3"" 128x64 OLED graphic display - STEMMA QT / Qwiic / PID 938",Adafruit,maker,0,0,0,0,3,recorded-not-rechecked,Board datasheet not yet recorded,https://www.adafruit.com/product/938
maker-dfrobot-8e4275476361,TP4056X MicroUSB Lipo Charger Module (DFR0667),DFRobot,maker,0,0,0,0,2,recorded-not-rechecked,Board datasheet not yet recorded,https://wiki.dfrobot.com/dfr0667
maker-dfrobot-66edd1629d47,TP4056X Type-C Lipo Charger Module (DFR0668),DFRobot,maker,0,0,0,0,2,recorded-not-rechecked,Board datasheet not yet recorded,https://wiki.dfrobot.com/dfr0668
maker-dfrobot-1c921925e669,DC-DC Buck Converter Power Module (DFR0831),DFRobot,maker,0,0,0,0,2,recorded-not-rechecked,Board datasheet not yet recorded,https://wiki.dfrobot.com/dfr0831
maker-dfrobot-fc08dfdf432e,DC-DC Buck Converter Module (DFR1025),DFRobot,maker,0,0,0,0,2,recorded-not-rechecked,Board datasheet not yet recorded,https://wiki.dfrobot.com/dfr1025
maker-dfrobot-5ea29ad6e94a,SPV1050 Solar Power Management Module (DFR0579),DFRobot,maker,0,0,0,0,1,recorded-not-rechecked,Board datasheet not yet recorded,https://wiki.dfrobot.com/dfr0579
maker-dfrobot-07cea1af709f,CN3165 Solar Power Management Module (DFR0559),DFRobot,maker,0,0,0,0,1,recorded-not-rechecked,Board datasheet not yet recorded,https://wiki.dfrobot.com/dfr0559
maker-dfrobot-9cec44edde33,LTC3652 Solar Power Management Module (DFR0535),DFRobot,maker,0,0,0,0,1,recorded-not-rechecked,Board datasheet not yet recorded,https://wiki.dfrobot.com/dfr0535
maker-dfrobot-02aaaf3a68b2,SY6982C 7.4V LiPo Battery USB Charging Module (DFR0564),DFRobot,maker,0,0,0,0,1,recorded-not-rechecked,Board datasheet not yet recorded,https://wiki.dfrobot.com/dfr0564
maker-dfrobot-26c9bc388cd7,Gravity: MAX17043 3.7V Lithium Battery Fuel Gauge Module (DFR0563),DFRobot,maker,0,0,0,0,1,recorded-not-rechecked,Board datasheet not yet recorded,https://wiki.dfrobot.com/dfr0563
maker-dfrobot-6b63744042ac,GS2678 DC-DC Converter Module (DFR0205),DFRobot,maker,0,0,0,0,2,recorded-not-rechecked,Board datasheet not yet recorded,https://wiki.dfrobot.com/dfr0205
maker-pololu-e3046d322bfd,"Pololu 5V, 1A Step-Down Voltage Regulator D24V10F5",Pololu,maker,0,0,0,0,3,missing,Board datasheet not yet recorded; Original manufacturer website not yet identified,
maker-pololu-16b3e62c449a,Pololu 5V Step-Up/Step-Down Voltage Regulator S7V8F5,Pololu,maker,0,0,0,0,3,missing,Board datasheet not yet recorded; Original manufacturer website not yet identified,
maker-pololu-3b241b83a098,Pololu 5V Step-Up Voltage Regulator U1V11F5,Pololu,maker,0,0,0,0,3,missing,Board datasheet not yet recorded; Original manufacturer website not yet identified,
maker-adafruit-11fc5d17cd6f,Adafruit Powerboost 1000C,Adafruit,maker,0,0,0,0,3,recorded-not-rechecked,Board datasheet not yet recorded,https://learn.adafruit.com/adafruit-powerboost-1000c-load-share-usb-charge-boost/pinouts
maker-adafruit-44fa7ce955f3,Adafruit PowerBoost 500 + Charger,Adafruit,maker,0,0,0,0,2,recorded-not-rechecked,Board datasheet not yet recorded,https://learn.adafruit.com/adafruit-powerboost-500-plus-charger/pinouts
maker-adafruit-50b7b2b3df89,Adafruit Powerboost 1000 Basic,Adafruit,maker,0,0,0,0,3,recorded-not-rechecked,Board datasheet not yet recorded,https://learn.adafruit.com/adafruit-powerboost-1000-basic/pinouts
maker-adafruit-93c799be9ed6,Adafruit Universal USB / DC / Solar Lithium Ion/Polymer charger - BQ24074,Adafruit,maker,0,0,0,0,1,recorded-not-rechecked,Board datasheet not yet recorded,https://learn.adafruit.com/adafruit-bq24074-universal-usb-dc-solar-charger-breakout/pinouts
maker-waveshare-b66fa68e62af,UPS Module 3S,Waveshare,maker,0,0,0,0,2,recorded-not-rechecked,Board datasheet not yet recorded,https://www.waveshare.com/wiki/UPS_Module_3S
maker-waveshare-f9cdecc7e49d,UPS Module Mini,Waveshare,maker,0,0,0,0,1,recorded-not-rechecked,Board datasheet not yet recorded,https://www.waveshare.com/wiki/UPS_Module_Mini
maker-waveshare-98e5f4b5a1d7,Solar Power Manager,Waveshare,maker,0,0,0,0,1,recorded-not-rechecked,Board datasheet not yet recorded,https://www.waveshare.com/wiki/Solar_Power_Manager
maker-power-82efdaa39b70,DC-DC buck-boost converter DFR0946,DFRobot,maker,0,0,0,0,3,recorded-not-rechecked,Board datasheet not yet recorded,https://www.dfrobot.com/product-2539.html
maker-power-dee1c28096b6,Mini boost module DFR0952,DFRobot,maker,0,0,0,0,3,recorded-not-rechecked,Board datasheet not yet recorded,https://www.dfrobot.com/product-2584.html
maker-power-7d42ca26a549,MT3608 boost module — Sunrom 4576,Sunrom (seller; OEM unconfirmed),maker,0,0,0,0,1,missing,Board datasheet not yet recorded; Original manufacturer website not yet identified,
maker-power-e343809c3eab,DC5-36-TO-DC3V3-5 buck module,Waveshare,maker,0,0,0,0,1,recorded-not-rechecked,Board datasheet not yet recorded,https://www.waveshare.com/wiki/DC5-36-TO-DC3V3-5
maker-power-e07fb4989949,LM2596 buck module — Sunrom 4314,Sunrom (seller; OEM unconfirmed),maker,0,0,0,0,2,missing,Board datasheet not yet recorded; Original manufacturer website not yet identified,
maker-power-705667cffe64,XL6009 boost module — Sunrom 4316,Sunrom (seller; OEM unconfirmed),maker,0,0,0,0,3,missing,Board datasheet not yet recorded; Original manufacturer website not yet identified,
maker-power-926d4b35f8d8,MP1584 buck module — Sunrom 4498,Sunrom (seller; OEM unconfirmed),maker,0,0,0,0,3,missing,Board datasheet not yet recorded; Original manufacturer website not yet identified,
maker-power-7e8f975e5e40,TP4056 USB-C charger with protection — Sunrom 5949,Sunrom (seller; OEM unconfirmed),maker,0,0,0,0,1,missing,Board datasheet not yet recorded; Original manufacturer website not yet identified,
maker-power-6c7895c83432,TP4057 charging module — DIY-Thermocam assembly variant,DIY-Thermocam reference / OEM unconfirmed,maker,0,0,0,0,1,missing,Board datasheet not yet recorded; Original manufacturer website not yet identified,
maker-adafruit-sht4x-trinkey,SHT45 Trinkey,Adafruit,maker,0,0,0,0,1,recorded-not-rechecked,Board datasheet not yet recorded,https://www.adafruit.com/product/5896
maker-adafruit-proximity-trinkey,Proximity Trinkey,Adafruit,maker,0,0,0,0,1,recorded-not-rechecked,Board datasheet not yet recorded,https://www.adafruit.com/product/5022
maker-adafruit-feather-nrf52840-sense,Feather nRF52840 Sense,Adafruit,maker,0,0,0,0,1,recorded-not-rechecked,Board datasheet not yet recorded,https://www.adafruit.com/product/4516
maker-adafruit-rotary-trinkey,Rotary Trinkey,Adafruit,maker,0,0,0,0,1,recorded-not-rechecked,Board datasheet not yet recorded,https://www.adafruit.com/product/4964
maker-adafruit-slider-trinkey,Slider Trinkey,Adafruit,maker,0,0,0,0,1,recorded-not-rechecked,Board datasheet not yet recorded,https://www.adafruit.com/product/5021
maker-adafruit-neokey-trinkey,NeoKey Trinkey,Adafruit,maker,0,0,0,0,1,recorded-not-rechecked,Board datasheet not yet recorded,https://www.adafruit.com/product/5020
maker-adafruit-pyportal,PyPortal,Adafruit,maker,0,0,0,0,1,recorded-not-rechecked,Board datasheet not yet recorded,https://www.adafruit.com/product/4116
maker-adafruit-pyportal-pynt,PyPortal Pynt,Adafruit,maker,0,0,0,0,1,recorded-not-rechecked,Board datasheet not yet recorded,https://www.adafruit.com/product/4465
maker-adafruit-pyportal-titano,PyPortal Titano,Adafruit,maker,0,0,0,0,1,recorded-not-rechecked,Board datasheet not yet recorded,https://www.adafruit.com/product/4444
maker-sparkfun-bluesmirf-v2,BlueSMiRF v2,SparkFun,maker,0,0,0,0,4,recorded-not-rechecked,Board datasheet not yet recorded,https://github.com/sparkfun/SparkFun_BlueSMiRF-v2
maker-sparkfun-iot-brushless-motor-driver,IoT Brushless Motor Driver,SparkFun,maker,0,0,0,0,2,recorded-not-rechecked,Board datasheet not yet recorded,https://github.com/sparkfun/SparkFun_IoT_Brushless_Motor_Driver
maker-sipeed-tang-nano-4k,Tang Nano 4K,Sipeed,maker,0,0,0,0,1,recorded-not-rechecked,Board datasheet not yet recorded,https://wiki.sipeed.com/hardware/en/tang/Tang-Nano-4K/Nano-4K.html
maker-sipeed-tang-nano-20k,Tang Nano 20K,Sipeed,maker,0,0,0,0,1,recorded-not-rechecked,Board datasheet not yet recorded,https://wiki.sipeed.com/hardware/en/tang/tang-nano-20k/nano-20k.html
maker-1bitsquared-icebreaker-v1-0b,iCEBreaker v1.0b,1BitSquared,maker,0,0,0,0,1,missing,Board datasheet not yet recorded; Original manufacturer website not yet identified,
maker-sparkfun-quicklogic-thing-plus-eos-s3,QuickLogic Thing Plus EOS S3,SparkFun,maker,0,0,0,0,1,recorded-not-rechecked,Board datasheet not yet recorded,https://www.sparkfun.com/products/17273
inland-support-679,Inland DS18b20 Temperature Detector Sensor 3Pcs (Black and Eco-friendly),Inland,maker,0,1,0,0,1,checked-model-page,Board datasheet not yet recorded,https://community.microcenter.com/kb/articles/679-inland-ds18b20-temperature-detector-sensor-3pcs-black-and-eco-friendly
inland-support-678,Inland L298P 4-Channel Motor Drive Shield,Inland,maker,0,1,0,0,1,checked-model-page,Board datasheet not yet recorded,https://community.microcenter.com/kb/articles/678-inland-l298p-4-channel-motor-drive-shield
inland-support-677,Inland Electronic Parts DIY Kit For OTTO Robot Maker,Inland,maker,0,1,0,0,0,checked-model-page,Board datasheet not yet recorded; Board/device visual reference still needed,https://community.microcenter.com/kb/articles/677-inland-electronic-parts-diy-kit-for-otto-robot-maker
inland-support-675,Inland Stepper Motor Drive Board + 5V Stepper Motor (3PCS),Inland,maker,0,1,0,0,1,checked-model-page,Board datasheet not yet recorded,https://community.microcenter.com/kb/articles/675-inland-stepper-motor-drive-board-5v-stepper-motor-3pcs
inland-support-674,Inland RC522 RFID Module for Arduino,Inland,maker,0,1,0,0,1,checked-model-page,Board datasheet not yet recorded,https://community.microcenter.com/kb/articles/674-inland-rc522-rfid-module-for-arduino
inland-support-673,Inland Electronic E-Paper E-Ink Screen Display Module 1.54 Inch for Arduino Raspberry pi,Inland,maker,0,1,0,0,1,checked-model-page,Board datasheet not yet recorded,https://community.microcenter.com/kb/articles/673-inland-electronic-e-paper-e-ink-screen-display-module-1-54-inch-for-arduino-raspberry-pi
inland-support-670,Inland 3D Printer DRV8825 Kit (5PCS),Inland,maker,0,1,0,0,1,checked-model-page,Board datasheet not yet recorded,https://community.microcenter.com/kb/articles/670-inland-3d-printer-drv8825-kit-5pcs
inland-support-669,Inland WS2812B 1m 60 Light,Inland,maker,0,1,0,0,0,checked-model-page,Board datasheet not yet recorded; Board/device visual reference still needed,https://community.microcenter.com/kb/articles/669-inland-ws2812b-1m-60-light
inland-support-668,Inland ESP8266 Starter Kit,Inland,maker,0,1,0,0,0,checked-model-page,Board datasheet not yet recorded; Board/device visual reference still needed,https://community.microcenter.com/kb/articles/668-inland-esp8266-starter-kit
inland-support-667,Inland Pro Micro Starter Kit,Inland,maker,0,1,0,0,0,checked-model-page,Board datasheet not yet recorded; Board/device visual reference still needed,https://community.microcenter.com/kb/articles/667-inland-pro-micro-starter-kit
inland-support-666,Inland Nano FT232 Starter Kit,Inland,maker,0,1,0,0,0,checked-model-page,Board datasheet not yet recorded; Board/device visual reference still needed,https://community.microcenter.com/kb/articles/666-inland-nano-ft232-starter-kit
inland-support-665,Inland 8266 WIFI Module (2PCS),Inland,maker,0,1,0,0,1,checked-model-page,Board datasheet not yet recorded,https://community.microcenter.com/kb/articles/665-inland-8266-wifi-module-2pcs
inland-support-663,Inland Wide Angle Camera Module 5 Million Pixels 1080p for Raspberry Pi,Inland,maker,0,1,0,0,1,checked-model-page,Board datasheet not yet recorded,https://community.microcenter.com/kb/articles/663-inland-wide-angle-camera-module-5-million-pixels-1080p-for-raspberry-pi
inland-support-662,Inland Raspberry Pi Wide Angle Infrared Camera,Inland,maker,0,1,0,0,1,checked-model-page,Board datasheet not yet recorded,https://community.microcenter.com/kb/articles/662-inland-raspberry-pi-wide-angle-infrared-camera
inland-support-661,Inland USB to ESP-01S Wi-Fi Module Serial Port Shield (Black and Eco-friendly),Inland,maker,0,1,0,0,1,checked-model-page,Board datasheet not yet recorded,https://community.microcenter.com/kb/articles/661-inland-usb-to-esp-01s-wi-fi-module-serial-port-shield-black-and-eco-friendly
inland-support-660,Inland HR-SR04 Blue Ultrasonic Module 3PCS,Inland,maker,0,1,0,0,2,checked-model-page,Board datasheet not yet recorded,https://community.microcenter.com/kb/articles/660-inland-hr-sr04-blue-ultrasonic-module-3pcs
inland-support-659,Inland Blue 9G Servo,Inland,maker,0,1,0,0,1,checked-model-page,Board datasheet not yet recorded,https://community.microcenter.com/kb/articles/659-inland-blue-9g-servo
inland-support-658,Inland MEGA2560 DIY Kit,Inland,maker,0,2,0,0,0,checked-model-page,Board datasheet not yet recorded; Board/device visual reference still needed,https://community.microcenter.com/kb/articles/658-inland-mega2560-diy-kit
inland-support-656,Inland 3D LCD screen blue,Inland,maker,0,1,0,0,1,checked-model-page,Board datasheet not yet recorded,https://community.microcenter.com/kb/articles/656-inland-3d-lcd-screen-blue
inland-support-655,Inland HM-10 Bluetooth-4.0 V3 Compatible with HC-06 Pins,Inland,maker,0,1,0,0,2,checked-model-page,Board datasheet not yet recorded,https://community.microcenter.com/kb/articles/655-inland-hm-10-bluetooth-4-0-v3-compatible-with-hc-06-pins
inland-support-654,Inland Special Power Module for Bread Board,Inland,maker,0,1,0,0,1,checked-model-page,Board datasheet not yet recorded,https://community.microcenter.com/kb/articles/654-inland-special-power-module-for-bread-board
inland-support-651,Inland Arduino Compatible Basic Starter Kit,Inland,maker,0,2,0,0,0,checked-model-page,Board datasheet not yet recorded; Board/device visual reference still needed,https://community.microcenter.com/kb/articles/651-inland-arduino-compatible-basic-starter-kit
inland-support-650,"Inland RPI TFT 3.5"" LCD Touchscreen Shield",Inland,maker,0,1,0,0,1,checked-model-page,Board datasheet not yet recorded,https://community.microcenter.com/kb/articles/650-inland-rpi-tft-3-5-lcd-touchscreen-shield
inland-support-649,Inland 1602 I2C Module,Inland,maker,0,1,0,0,3,checked-model-page,Board datasheet not yet recorded,https://community.microcenter.com/kb/articles/649-inland-1602-i2c-module
inland-support-648,Inland CCS811 Carbon Dioxide/Air Quality Sensor,Inland,maker,0,1,0,0,2,checked-model-page,Board datasheet not yet recorded,https://community.microcenter.com/kb/articles/648-inland-ccs811-carbon-dioxide-air-quality-sensor
inland-support-647,Inland CAN-BUS Shield (blue and Eco-friendly),Inland,maker,0,1,0,0,1,checked-model-page,Board datasheet not yet recorded,https://community.microcenter.com/kb/articles/647-inland-can-bus-shield-blue-and-eco-friendly
inland-support-646,Inland LCD1602 Expansion Shield,Inland,maker,0,1,0,0,1,checked-model-page,Board datasheet not yet recorded,https://community.microcenter.com/kb/articles/646-inland-lcd1602-expansion-shield
inland-support-645,Inland 4-channel Relay Module,Inland,maker,0,1,0,0,1,checked-model-page,Board datasheet not yet recorded,https://community.microcenter.com/kb/articles/645-inland-4-channel-relay-module
inland-support-643,Inland ESP32-IO Shield (Black and Eco-friendly),Inland,maker,0,1,0,0,2,checked-model-page,Board datasheet not yet recorded,https://community.microcenter.com/kb/articles/643-inland-esp32-io-shield-black-and-eco-friendly
inland-support-642,Inland NANO Shield (Blue and Eco-friendly),Inland,maker,0,1,0,0,1,checked-model-page,Board datasheet not yet recorded,https://community.microcenter.com/kb/articles/642-inland-nano-shield-blue-and-eco-friendly
inland-support-640,Inland Rotary Encoder Module,Inland,maker,0,1,0,0,1,checked-model-page,Board datasheet not yet recorded,https://community.microcenter.com/kb/articles/640-inland-rotary-encoder-module
inland-support-639,Inland PIR Motion Sensor,Inland,maker,0,1,0,0,1,checked-model-page,Board datasheet not yet recorded,https://community.microcenter.com/kb/articles/639-inland-pir-motion-sensor
inland-support-638,Inland 8-channel 5V Relay Module,Inland,maker,0,1,0,0,2,checked-model-page,Board datasheet not yet recorded,https://community.microcenter.com/kb/articles/638-inland-8-channel-5v-relay-module
inland-support-637,Inland 5V Relay Module,Inland,maker,0,1,0,0,2,checked-model-page,Board datasheet not yet recorded,https://community.microcenter.com/kb/articles/637-inland-5v-relay-module
inland-support-636,Inland Bluetooth Transmission Module for Arduino with Bottom hc-05 Master and Slave,Inland,maker,0,1,0,0,1,checked-model-page,Board datasheet not yet recorded,https://community.microcenter.com/kb/articles/636-inland-bluetooth-transmission-module-for-arduino-with-bottom-hc-05-master-and-slave
inland-support-635,Inland TDS Meter V1.0,Inland,maker,0,1,0,0,2,checked-model-page,Board datasheet not yet recorded,https://community.microcenter.com/kb/articles/635-inland-tds-meter-v1-0
inland-support-634,Inland 16-channel 12-bit PWM/ Servo Driver,Inland,maker,0,1,0,0,1,checked-model-page,Board datasheet not yet recorded,https://community.microcenter.com/kb/articles/634-inland-16-channel-12-bit-pwm-servo-driver
inland-sku-052035,Inland Basic Starter V2 Kit for Arduino UNO - 16MHz Clock Rate; 32KB Flash Memory; 2KB SDRAM; 1KB EEPROM; Motion & Flame Sensors,Inland,maker,0,1,0,0,1,checked-model-page,Board datasheet not yet recorded,https://www.microcenter.com/product/617046/inland-basic-starter-v2-kit-for-arduino-uno-16mhz-clock-rate
inland-sku-345785,"Inland IIC SPI 1.3"" 128x64 OLED V2.0 Graphic Display Module for Arduino UNO R3",Inland,maker,0,1,0,0,1,checked-model-page,Board datasheet not yet recorded,https://www.microcenter.com/product/643965/inland-iic-spi-13-128x64-oled-v20-graphic-display-module-for-arduino-uno-r3
inland-sku-221887,Inland 2.13 Inch E-Ink LCD Display Screen,Inland,maker,0,1,0,0,1,checked-model-page,Board datasheet not yet recorded,https://www.microcenter.com/product/632694/inland-213-inch-e-ink-lcd-display-screen
inland-sku-900852,Inland 37 Assorted Sensors Kit - For Arduino and Raspberry Pi; Heartbeat Sensor; Temperature Sensor; IR Receiver; Touch Sensor,Inland,maker,0,1,0,0,1,checked-model-page,Board datasheet not yet recorded,https://www.microcenter.com/product/603752/inland-37-assorted-sensors-kit-for-arduino-and-raspberry-pi
inland-sku-052043,Inland Super Starter Kit with Mega 2560R3 for Arduino - 16MHz Clock Rate; 256KB Flash Memory; 8KB SDRAM; 4KB EEPROM,Inland,maker,0,1,0,0,1,checked-model-page,Board datasheet not yet recorded,https://www.microcenter.com/product/617047/inland-super-starter-kit-with-mega-2560r3-for-arduino-16mhz-clock-rate
inland-sku-078493,Inland DC-DC Voltage Step Down Module,Inland,maker,0,1,0,0,1,checked-model-page,Board datasheet not yet recorded,https://www.microcenter.com/product/618895/inland-dc-dc-voltage-step-down-module
inland-sku-900902,Inland Pi Kit Deluxe Parts Pack,Inland,maker,0,1,0,0,1,checked-model-page,Board datasheet not yet recorded,https://www.microcenter.com/product/603754/inland-pi-kit-deluxe-parts-pack
inland-sku-078477,Inland DHT11 Temperature Humidity Moisture Sensor Module,Inland,maker,0,1,0,0,1,checked-model-page,Board datasheet not yet recorded,https://www.microcenter.com/product/618777/inland-dht11-temperature-humidity-moisture-sensor-module
inland-sku-078469,Inland PIR Motion Sensor Module,Inland,maker,0,1,0,0,1,checked-model-page,Board datasheet not yet recorded,https://www.microcenter.com/product/618776/inland-pir-motion-sensor-module
inland-sku-078584,Inland Breadboard 5V/3V Power Supply Module,Inland,maker,0,1,0,0,1,checked-model-page,Board datasheet not yet recorded,https://www.microcenter.com/product/618900/inland-breadboard-5v-3v-power-supply-module
inland-sku-489252,Inland FTDI Adapter USB Controller,Inland,maker,0,1,0,0,1,checked-model-page,Board datasheet not yet recorded,https://www.microcenter.com/product/656323/inland-ftdi-adapter-usb-controller
inland-sku-221820,Inland Smart Home Kit w/ PLUS Board,Inland,maker,0,1,0,0,1,checked-model-page,Board datasheet not yet recorded,https://www.microcenter.com/product/632699/inland-smart-home-kit-w-plus-board
inland-sku-426304,Inland Uno Breadboard Kit,Inland,maker,0,1,0,0,1,checked-model-page,Board datasheet not yet recorded,https://www.microcenter.com/product/486799/inland-uno-breadboard-kit
elechouse-serial-rfid-v5,13.56MHZ RFID Reader/Writer Module V5— Ultralight,Elechouse,maker,0,1,0,0,2,checked-model-page,Board datasheet not yet recorded,https://www.elechouse.com/product/13-56mhz-rfid-reader-writer-module-v5-ultralight/
elechouse-20a-motor-driver-v2,20A Motor Driver V2 with Optocoupler Isolation,Elechouse,maker,0,1,0,0,3,checked-model-page,Board datasheet not yet recorded,https://www.elechouse.com/product/20a-motor-driver-v2-with-optocoupler-isolation/
elechouse-50a-dual-motor-driver,50A Dual-Channel motor drive module-Arduino Compatible,Elechouse,maker,0,0,0,0,2,checked-model-page,Board datasheet not yet recorded,https://www.elechouse.com/product/50a-dual-channel-motor-drive-module-arduino-compatible/
elechouse-5v-buck-wire,5V Power DC Buck Wire,Elechouse,maker,0,1,0,0,1,checked-model-page,Board datasheet not yet recorded,https://www.elechouse.com/product/5v-power-dc-buck-wire/
elechouse-cc1101-915mhz,915MHz CC1101 Wireless Module,Elechouse,maker,0,1,0,0,3,checked-model-page,Board datasheet not yet recorded,https://www.elechouse.com/product/915mhz-cc1101-wireless-module/
elechouse-clrc663-v1,CLRC663 Reader Module V1—SPI/I2C/UART,Elechouse,maker,0,1,1,0,3,checked-model-page,Board datasheet not yet recorded,https://www.elechouse.com/product/clrc663-reader-module/
elechouse-pn5180,PN5180 NFC MODULE,Elechouse,maker,0,1,0,0,4,checked-model-page,Board datasheet not yet recorded,https://www.elechouse.com/product/pn5180-nfc-module/
elechouse-pn532-evolution-v1,PN532 NFC Evolution V1,Elechouse,maker,0,1,0,0,1,checked-model-page,Board datasheet not yet recorded,https://www.elechouse.com/product/pn532-nfc-evolution-v1/
elechouse-pn532-external-antenna,PN532 NFC RFID Module w/ External Antenna — updated version,Elechouse,maker,0,1,0,0,1,checked-model-page,Board datasheet not yet recorded,https://www.elechouse.com/product/pn532-nfc-rfid-module-w-external-antenna-updated-version/
elechouse-pn532-v4,PN532 NFC RFID module V4,Elechouse,maker,0,1,0,0,1,checked-model-page,Board datasheet not yet recorded,https://www.elechouse.com/product/pn532-nfc-rfid-module-v4/
elechouse-pn532-purple,PN532 NFC RFID module — Purple Version,Elechouse,maker,0,0,0,0,1,checked-model-page,Board datasheet not yet recorded,https://www.elechouse.com/product/pn532-nfc-rfid-module-purple-version/
elechouse-pn532-usb-type-c,PN532 NFC USB MODULE—Type C,Elechouse,maker,0,1,0,0,1,checked-model-page,Board datasheet not yet recorded,https://www.elechouse.com/product/pn532-nfc-usb-module/
elechouse-pn5321-mini,PN5321 MINI w/ Interference-Resistant Antenna,Elechouse,maker,1,1,0,0,5,checked-model-page,,https://www.elechouse.com/product/pn532-mini/
elechouse-pn7150-v1,PN7150 NFC RFID MODULE,Elechouse,maker,0,1,1,0,2,checked-model-page,Board datasheet not yet recorded,https://www.elechouse.com/product/pn7150_v1/
elechouse-pn7160-mini-v1-i2c,PN7160 MINI V1 — I2C,Elechouse,maker,1,2,0,0,3,checked-model-page,,https://www.elechouse.com/product/pn7160-mini-v1-i2c/
elechouse-pn7160-i2c,PN7160 NFC RFID MODULE—I2C Version,Elechouse,maker,1,2,1,0,2,checked-model-page,,https://www.elechouse.com/product/pn7160-nfc-rfid-module/
elechouse-pn7161-mini-v1-spi,PN7161 MINI V1 — SPI,Elechouse,maker,0,2,0,0,3,checked-model-page,Board datasheet not yet recorded,https://www.elechouse.com/product/pn7161-mini-v1-spi/
elechouse-pn7161-i2c,PN7161 NFC RFID MODULE—I2C,Elechouse,maker,1,2,0,0,2,checked-model-page,,https://www.elechouse.com/product/pn7161-nfc-rfid-module-i2c/
elechouse-st25r3916,ST25R3916 NFC Reader Module,Elechouse,maker,0,1,1,0,1,checked-model-page,Board datasheet not yet recorded,https://www.elechouse.com/product/st25r3916_nfc_reader/
elechouse-st25r3916b-mini,ST25R3916B Mini NFC Module with Ultra-Slim External Antenna,Elechouse,maker,0,0,0,0,1,checked-model-page,Board datasheet not yet recorded,https://www.elechouse.com/product/st25r3916b-mini-nfc-module/
elechouse-st25r3916b,ST25R3916B NFC Module,Elechouse,maker,1,1,1,0,2,checked-model-page,,https://www.elechouse.com/product/st25r3916b-nfc-module/
elechouse-simplevr,SimpleVR speaker-independent Voice Recognition Module,Elechouse,maker,0,0,0,0,1,checked-model-page,Board datasheet not yet recorded,https://www.elechouse.com/product/simplevr-speaker-independent-voice-recognition-module/
elechouse-voice-recognition-v3,"Speak Recognition, Voice Recognition Module V3",Elechouse,maker,0,1,0,0,2,checked-model-page,Board datasheet not yet recorded,https://www.elechouse.com/product/speak-recognition-voice-recognition-module-v3/
elechouse-pn532-v3,PN532 NFC RFID module V3,Elechouse,maker,0,1,0,0,2,checked-model-page,Board datasheet not yet recorded,https://www.elechouse.com/elechouse/images/product/PN532_module_V3/PN532_%20Manual_V3.pdf
