id,name,brand,kind,status,physicalCount,functionSheetCount,functionTableCount,purposeRows,completeDeviceApproved,missing
guition-cyd-esp32-1732s019,ESP32-1732S019,Guition,board,pinout-source,1,0,0,0,False,Independent all-connector completeness review; Revision match and electrical limits
guition-cyd-esp32-2424s012,ESP32-2424S012,Guition,board,reference-only,0,0,0,0,False,Physical connector map; Independent all-connector completeness review; Revision match and electrical limits
guition-cyd-esp32-2432s024,ESP32-2432S024,Guition,board,reference-only,0,0,0,0,False,Physical connector map; Independent all-connector completeness review; Revision match and electrical limits
guition-cyd-esp32-2432s028,ESP32-2432S028,Guition,board,reference-only,0,0,0,0,False,Physical connector map; Independent all-connector completeness review; Revision match and electrical limits
guition-cyd-esp32-2432s032,ESP32-2432S032,Guition,board,reference-only,0,0,0,0,False,Physical connector map; Independent all-connector completeness review; Revision match and electrical limits
guition-cyd-esp32-3248s035,ESP32-3248S035,Guition,board,reference-only,0,0,0,0,False,Physical connector map; Independent all-connector completeness review; Revision match and electrical limits
guition-cyd-esp32-4827s043,ESP32-4827S043,Guition,board,reference-only,0,0,0,0,False,Physical connector map; Independent all-connector completeness review; Revision match and electrical limits
guition-cyd-esp32-4848s040,ESP32-4848S040,Guition,board,reference-only,0,0,0,0,False,Physical connector map; Independent all-connector completeness review; Revision match and electrical limits
guition-cyd-esp32-8048s050,ESP32-8048S050,Guition,board,reference-only,0,0,0,0,False,Physical connector map; Independent all-connector completeness review; Revision match and electrical limits
guition-cyd-esp32-8048s070,ESP32-8048S070,Guition,board,reference-only,0,0,0,0,False,Physical connector map; Independent all-connector completeness review; Revision match and electrical limits
guition-cyd-esp32-8048s550c,esp32-8048S550C,Guition,board,missing,0,0,0,0,False,Physical connector map; Independent all-connector completeness review; Revision match and electrical limits
guition-cyd-jc1060p470c-i-w,JC1060P470C_I_W,Guition,board,reference-only,0,0,0,0,False,Physical connector map; Independent all-connector completeness review; Revision match and electrical limits
guition-cyd-jc1060p470c-i-w-y,JC1060P470C_I_W_Y,Guition,board,reference-only,0,0,0,0,False,Physical connector map; Independent all-connector completeness review; Revision match and electrical limits
guition-cyd-jc2432w328,JC2432W328,Guition,board,reference-only,0,0,0,0,False,Physical connector map; Independent all-connector completeness review; Revision match and electrical limits
guition-cyd-jc2432w328c,JC2432W328C,Guition,board,missing,0,0,0,0,False,Physical connector map; Independent all-connector completeness review; Revision match and electrical limits
guition-cyd-jc3248w535,JC3248W535,Guition,board,reference-only,0,0,0,0,False,Physical connector map; Independent all-connector completeness review; Revision match and electrical limits
guition-cyd-jc3248w535n,JC3248W535N,Guition,board,missing,0,0,0,0,False,Physical connector map; Independent all-connector completeness review; Revision match and electrical limits
guition-cyd-jc3636k518,JC3636K518,Guition,board,missing,0,0,0,0,False,Physical connector map; Independent all-connector completeness review; Revision match and electrical limits
guition-cyd-jc3636w518,JC3636W518,Guition,board,missing,0,0,0,0,False,Physical connector map; Independent all-connector completeness review; Revision match and electrical limits
guition-cyd-jc4827w543,JC4827W543,Guition,board,reference-only,0,0,0,0,False,Physical connector map; Independent all-connector completeness review; Revision match and electrical limits
guition-cyd-jc4827w543c,JC4827W543C,Guition,board,missing,0,0,0,0,False,Physical connector map; Independent all-connector completeness review; Revision match and electrical limits
guition-cyd-jc4880p443c-i-w,JC4880P443C_I_W,Guition,board,reference-only,0,0,0,0,False,Physical connector map; Independent all-connector completeness review; Revision match and electrical limits
guition-cyd-jc8012p4a1c-i-w,JC8012P4A1C_I_W,Guition,board,reference-only,0,0,0,0,False,Physical connector map; Independent all-connector completeness review; Revision match and electrical limits
guition-cyd-jc8048w550,JC8048W550,Guition,board,reference-only,0,0,0,0,False,Physical connector map; Independent all-connector completeness review; Revision match and electrical limits
guition-cyd-jc8048w550c,JC8048W550C,Guition,board,missing,0,0,0,0,False,Physical connector map; Independent all-connector completeness review; Revision match and electrical limits
sunton-cyd-esp32-1732s019c,esp32-1732S019C,Sunton,board,missing,0,0,0,0,False,Physical connector map; Independent all-connector completeness review; Revision match and electrical limits
sunton-cyd-esp32-1732s019n,esp32-1732S019N,Sunton,board,missing,0,0,0,0,False,Physical connector map; Independent all-connector completeness review; Revision match and electrical limits
sunton-cyd-esp32-2424s012c,esp32-2424S012C,Sunton,board,missing,0,0,0,0,False,Physical connector map; Independent all-connector completeness review; Revision match and electrical limits
sunton-cyd-esp32-2424s012n,esp32-2424S012N,Sunton,board,missing,0,0,0,0,False,Physical connector map; Independent all-connector completeness review; Revision match and electrical limits
sunton-cyd-esp32-2432s022c,esp32-2432S022C,Sunton,board,missing,0,0,0,0,False,Physical connector map; Independent all-connector completeness review; Revision match and electrical limits
sunton-cyd-esp32-2432s022n,esp32-2432S022N,Sunton,board,missing,0,0,0,0,False,Physical connector map; Independent all-connector completeness review; Revision match and electrical limits
sunton-cyd-esp32-2432s024,ESP32-2432S024,Sunton,board,reference-only,0,0,0,0,False,Physical connector map; Independent all-connector completeness review; Revision match and electrical limits
sunton-cyd-esp32-2432s024c,esp32-2432S024C,Sunton,board,missing,0,0,0,0,False,Physical connector map; Independent all-connector completeness review; Revision match and electrical limits
sunton-cyd-esp32-2432s024n,esp32-2432S024N,Sunton,board,missing,0,0,0,0,False,Physical connector map; Independent all-connector completeness review; Revision match and electrical limits
sunton-cyd-esp32-2432s024r,esp32-2432S024R,Sunton,board,missing,0,0,0,0,False,Physical connector map; Independent all-connector completeness review; Revision match and electrical limits
sunton-cyd-esp32-2432s028,ESP32-2432S028,Sunton,board,pinout-source,1,0,0,0,False,Independent all-connector completeness review; Revision match and electrical limits
sunton-cyd-esp32-2432s028r,ESP32-2432S028R,Sunton,board,pinout-source,3,0,0,0,False,Independent all-connector completeness review; Revision match and electrical limits
sunton-cyd-esp32-2432s028rv2,esp32-2432S028Rv2,Sunton,board,missing,0,0,0,0,False,Physical connector map; Independent all-connector completeness review; Revision match and electrical limits
sunton-cyd-esp32-2432s028rv3,esp32-2432S028Rv3,Sunton,board,missing,0,0,0,0,False,Physical connector map; Independent all-connector completeness review; Revision match and electrical limits
sunton-cyd-esp32-2432s032c,esp32-2432S032C,Sunton,board,missing,0,0,0,0,False,Physical connector map; Independent all-connector completeness review; Revision match and electrical limits
sunton-cyd-esp32-2432s032c-i,ESP32-2432S032C-I,Sunton,board,reference-only,0,0,0,0,False,Physical connector map; Independent all-connector completeness review; Revision match and electrical limits
sunton-cyd-esp32-2432s032n,esp32-2432S032N,Sunton,board,missing,0,0,0,0,False,Physical connector map; Independent all-connector completeness review; Revision match and electrical limits
sunton-cyd-esp32-2432s032r,esp32-2432S032R,Sunton,board,missing,0,0,0,0,False,Physical connector map; Independent all-connector completeness review; Revision match and electrical limits
sunton-cyd-esp32-3248s035c,ESP32-3248S035C,Sunton,board,missing,0,0,0,0,False,Physical connector map; Independent all-connector completeness review; Revision match and electrical limits
sunton-cyd-esp32-3248s035r,ESP32-3248S035R,Sunton,board,pinout-source,1,0,0,0,False,Independent all-connector completeness review; Revision match and electrical limits
sunton-cyd-esp32-4827s043c,esp32-4827S043C,Sunton,board,missing,0,0,0,0,False,Physical connector map; Independent all-connector completeness review; Revision match and electrical limits
sunton-cyd-esp32-4827s043n,esp32-4827S043N,Sunton,board,missing,0,0,0,0,False,Physical connector map; Independent all-connector completeness review; Revision match and electrical limits
sunton-cyd-esp32-4827s043r,esp32-4827S043R,Sunton,board,missing,0,0,0,0,False,Physical connector map; Independent all-connector completeness review; Revision match and electrical limits
sunton-cyd-esp32-4848s040ciy1,esp32-4848S040CIY1,Sunton,board,missing,0,0,0,0,False,Physical connector map; Independent all-connector completeness review; Revision match and electrical limits
sunton-cyd-esp32-4848s040ciy3,esp32-4848S040CIY3,Sunton,board,missing,0,0,0,0,False,Physical connector map; Independent all-connector completeness review; Revision match and electrical limits
sunton-cyd-esp32-8048s043c,esp32-8048S043C,Sunton,board,missing,0,0,0,0,False,Physical connector map; Independent all-connector completeness review; Revision match and electrical limits
sunton-cyd-esp32-8048s043n,esp32-8048S043N,Sunton,board,missing,0,0,0,0,False,Physical connector map; Independent all-connector completeness review; Revision match and electrical limits
sunton-cyd-esp32-8048s043r,esp32-8048S043R,Sunton,board,missing,0,0,0,0,False,Physical connector map; Independent all-connector completeness review; Revision match and electrical limits
sunton-cyd-esp32-8048s050c,esp32-8048S050C,Sunton,board,missing,0,0,0,0,False,Physical connector map; Independent all-connector completeness review; Revision match and electrical limits
sunton-cyd-esp32-8048s050n,esp32-8048S050N,Sunton,board,missing,0,0,0,0,False,Physical connector map; Independent all-connector completeness review; Revision match and electrical limits
sunton-cyd-esp32-8048s050r,esp32-8048S050R,Sunton,board,missing,0,0,0,0,False,Physical connector map; Independent all-connector completeness review; Revision match and electrical limits
sunton-cyd-esp32-8048s070c,esp32-8048S070C,Sunton,board,missing,0,0,0,0,False,Physical connector map; Independent all-connector completeness review; Revision match and electrical limits
sunton-cyd-esp32-8048s070n,esp32-8048S070N,Sunton,board,missing,0,0,0,0,False,Physical connector map; Independent all-connector completeness review; Revision match and electrical limits
sunton-cyd-esp32-8048s070r,esp32-8048S070R,Sunton,board,missing,0,0,0,0,False,Physical connector map; Independent all-connector completeness review; Revision match and electrical limits
01space-esp32-esp32-c3-0-42lcd,ESP32-C3-0.42LCD,01space,board,missing,0,0,0,0,False,Physical connector map; Independent all-connector completeness review; Revision match and electrical limits
adafruit-esp32-feather-huzzah32,Adafruit Feather HUZZAH32,Adafruit,board,pinout-source,1,0,0,0,False,Independent all-connector completeness review; Revision match and electrical limits
adafruit-esp32-huzzah32-breakout,Adafruit HUZZAH32 Breakout,Adafruit,board,missing,0,0,0,0,False,Physical connector map; Independent all-connector completeness review; Revision match and electrical limits
adafruit-esp32-itsybitsy-esp32,Adafruit ItsyBitsy ESP32,Adafruit,board,pinout-source,1,0,0,0,False,Independent all-connector completeness review; Revision match and electrical limits
adafruit-esp32-mini-sparkle-motion,Adafruit Mini Sparkle Motion,Adafruit,board,pinout-source,1,0,0,0,False,Independent all-connector completeness review; Revision match and electrical limits
adafruit-esp32-p4-gpio,Adafruit P4 GPIO,Adafruit,board,missing,0,0,0,0,False,Physical connector map; Independent all-connector completeness review; Revision match and electrical limits
adafruit-esp32-qt-py-esp32-pico,Adafruit QT Py ESP32 Pico,Adafruit,board,missing,0,0,0,0,False,Physical connector map; Independent all-connector completeness review; Revision match and electrical limits
adafruit-esp32-qt-py-esp32-s2-including-ufl-version,Adafruit QT Py ESP32-S2 (including uFL version),Adafruit,board,pinout-source,1,0,0,0,False,Independent all-connector completeness review; Revision match and electrical limits
adafruit-esp32-qt-py-esp32-s3-4mb-flash-2mb-psram,Adafruit QT Py ESP32-S3 4MB Flash/2MB PSRAM,Adafruit,board,missing,0,0,0,0,False,Physical connector map; Independent all-connector completeness review; Revision match and electrical limits
adafruit-esp32-qt-py-esp32-s3-8mb-flash-no-psram,Adafruit QT Py ESP32-S3 8MB Flash No PSRAM,Adafruit,board,missing,0,0,0,0,False,Physical connector map; Independent all-connector completeness review; Revision match and electrical limits
adafruit-esp32-sparkle-motion,Adafruit Sparkle Motion,Adafruit,board,pinout-source,1,0,0,0,False,Independent all-connector completeness review; Revision match and electrical limits
adafruit-esp32-vindie-s2,Adafruit Vindie S2,Adafruit,board,missing,0,0,0,0,False,Physical connector map; Independent all-connector completeness review; Revision match and electrical limits
adafruit-esp32-esp32-s2-reverse-tft-feather,ESP32-S2 Reverse TFT Feather,Adafruit,board,pinout-source,2,0,0,0,False,Independent all-connector completeness review; Revision match and electrical limits
adafruit-esp32-esp32-s3-reverse-tft-feather,ESP32-S3 Reverse TFT Feather,Adafruit,board,pinout-source,2,0,0,0,False,Independent all-connector completeness review; Revision match and electrical limits
adafruit-esp32-feather-esp32-v2,Feather ESP32 V2,Adafruit,board,pinout-source,1,0,0,0,False,Independent all-connector completeness review; Revision match and electrical limits
adafruit-esp32-feather-esp32-c6-4mb-flash-no-psram,Feather ESP32-C6 4MB Flash No PSRAM,Adafruit,board,pinout-source,1,0,0,0,False,Independent all-connector completeness review; Revision match and electrical limits
adafruit-esp32-feather-esp32-s2,Feather ESP32-S2,Adafruit,board,pinout-source,1,0,0,0,False,Independent all-connector completeness review; Revision match and electrical limits
adafruit-esp32-feather-esp32-s2-with-bme280-sensor,Feather ESP32-S2 with BME280 Sensor,Adafruit,board,missing,0,0,0,0,False,Physical connector map; Independent all-connector completeness review; Revision match and electrical limits
adafruit-esp32-feather-esp32-s2-with-tft,Feather ESP32-S2 with TFT,Adafruit,board,pinout-source,1,0,0,0,False,Independent all-connector completeness review; Revision match and electrical limits
adafruit-esp32-feather-esp32-s3,Feather ESP32-S3,Adafruit,board,pinout-source,1,0,0,0,False,Independent all-connector completeness review; Revision match and electrical limits
adafruit-esp32-feather-esp32-s3-4mb-flash-2mb-psram,Feather ESP32-S3 4MB Flash 2MB PSRAM,Adafruit,board,pinout-source,1,0,0,0,False,Independent all-connector completeness review; Revision match and electrical limits
adafruit-esp32-feather-esp32-s3-8mb-flash-no-psram,Feather ESP32-S3 8MB Flash No PSRAM,Adafruit,board,missing,0,0,0,0,False,Physical connector map; Independent all-connector completeness review; Revision match and electrical limits
adafruit-esp32-feather-esp32-s3-tft-psram,Feather ESP32-S3 TFT PSRAM,Adafruit,board,pinout-source,1,0,0,0,False,Independent all-connector completeness review; Revision match and electrical limits
adafruit-esp32-feather-huzzah-esp8266,Feather HUZZAH ESP8266,Adafruit,board,pinout-source,1,0,0,0,False,Independent all-connector completeness review; Revision match and electrical limits
adafruit-esp32-funhouse-wifi-home-automation-development-board,FunHouse - WiFi Home Automation Development Board,Adafruit,board,pinout-source,1,0,0,0,False,Independent all-connector completeness review; Revision match and electrical limits
adafruit-esp32-magtag-2-9-grayscale-e-ink-wifi-display,"MagTag - 2.9\"" Grayscale E-Ink WiFi Display",Adafruit,board,pinout-source,1,0,0,0,False,Independent all-connector completeness review; Revision match and electrical limits
adafruit-esp32-matrixportal-s3,MatrixPortal S3,Adafruit,board,pinout-source,1,0,0,0,False,Independent all-connector completeness review; Revision match and electrical limits
adafruit-esp32-memento-python-programmable-diy-camera,MEMENTO - Python Programmable DIY Camera,Adafruit,board,missing,0,0,0,0,False,Physical connector map; Independent all-connector completeness review; Revision match and electrical limits
adafruit-esp32-metro-esp32-s2,Metro ESP32-S2,Adafruit,board,pinout-source,1,0,0,0,False,Independent all-connector completeness review; Revision match and electrical limits
adafruit-esp32-metro-esp32-s3,Metro ESP32-S3,Adafruit,board,pinout-source,1,0,0,0,False,Independent all-connector completeness review; Revision match and electrical limits
adafruit-esp32-qt-py-esp32-c3,QT Py ESP32-C3,Adafruit,board,pinout-source,1,0,0,0,False,Independent all-connector completeness review; Revision match and electrical limits
adafruit-esp32-qt-py-esp32-s3,QT Py ESP32-S3,Adafruit,board,pinout-source,1,0,0,0,False,Independent all-connector completeness review; Revision match and electrical limits
adafruit-esp32-qualia-esp32-s3-for-ttl-rgb-666-displays,Qualia ESP32-S3 for TTL RGB-666 Displays,Adafruit,board,missing,0,0,0,0,False,Physical connector map; Independent all-connector completeness review; Revision match and electrical limits
ai-thinker-esp32-ai-thinker-esp32-cam,Ai Thinker ESP32-CAM,Ai-Thinker,board,missing,0,0,0,0,False,Physical connector map; Independent all-connector completeness review; Revision match and electrical limits
ai-thinker-esp32-esp-c3-32s,ESP-C3-32S,Ai-Thinker,board,missing,0,0,0,0,False,Physical connector map; Independent all-connector completeness review; Revision match and electrical limits
ai-thinker-esp32-esp-c3-32s-2m,ESP-C3-32S (2M),Ai-Thinker,board,missing,0,0,0,0,False,Physical connector map; Independent all-connector completeness review; Revision match and electrical limits
ai-thinker-esp32-nodemcu-esp-12k,NodeMCU ESP-12K,Ai-Thinker,board,missing,0,0,0,0,False,Physical connector map; Independent all-connector completeness review; Revision match and electrical limits
arduino-esp32-nano-esp32,Nano ESP32,Arduino,board,pinout-source,8,0,0,0,False,Independent all-connector completeness review; Revision match and electrical limits
arduino-esp32-nano-esp32-with-inverted-status-led,Nano ESP32 with inverted Status LED,Arduino,board,missing,0,0,0,0,False,Physical connector map; Independent all-connector completeness review; Revision match and electrical limits
atmegazero-esp32-esp32-s2,ATMegaZero ESP32-S2,ATMegaZero,board,missing,0,0,0,0,False,Physical connector map; Independent all-connector completeness review; Revision match and electrical limits
autosport-labs-esp32-esp32-can-x2,Autosport Labs ESP32-CAN-X2,Autosport Labs,board,missing,0,0,0,0,False,Physical connector map; Independent all-connector completeness review; Revision match and electrical limits
banana-pi-esp32-bpi-bit,BPI-Bit,Banana Pi,board,missing,0,0,0,0,False,Physical connector map; Independent all-connector completeness review; Revision match and electrical limits
banana-pi-esp32-bpi-bit-s2,BPI-Bit-S2,Banana Pi,board,pinout-source,1,0,0,0,False,Independent all-connector completeness review; Revision match and electrical limits
banana-pi-esp32-bpi-centi-s3,BPI-Centi-S3,Banana Pi,board,missing,0,0,0,0,False,Physical connector map; Independent all-connector completeness review; Revision match and electrical limits
banana-pi-esp32-bpi-leaf-s3,BPI-Leaf-S3,Banana Pi,board,missing,0,0,0,0,False,Physical connector map; Independent all-connector completeness review; Revision match and electrical limits
banana-pi-esp32-bpi-picow-s3,BPI-PicoW-S3,Banana Pi,board,missing,0,0,0,0,False,Physical connector map; Independent all-connector completeness review; Revision match and electrical limits
brainboardz-inc-esp32-brainboardz-neuron,BrainBoardz Neuron,BrainBoardz Inc.,board,missing,0,0,0,0,False,Physical connector map; Independent all-connector completeness review; Revision match and electrical limits
cezerio-esp32-dev-esp32c6,cezerio dev ESP32C6,cezerio,board,missing,0,0,0,0,False,Physical connector map; Independent all-connector completeness review; Revision match and electrical limits
cezerio-esp32-mini-dev-esp32c6,cezerio mini dev ESP32C6,cezerio,board,missing,0,0,0,0,False,Physical connector map; Independent all-connector completeness review; Revision match and electrical limits
circuitart-esp32-esp32s3-zero,CircuitArt ESP32S3 Zero,CircuitArt,board,missing,0,0,0,0,False,Physical connector map; Independent all-connector completeness review; Revision match and electrical limits
community-esp32-alpstuga-drop-in-esp32-s3,ALPSTUGA Drop-In ESP32-S3,Community,board,missing,0,0,0,0,False,Physical connector map; Independent all-connector completeness review; Revision match and electrical limits
crcibernetica-esp32-ideaboard,CRCibernetica IdeaBoard,CRCibernetica,board,pinout-source,1,0,0,0,False,Independent all-connector completeness review; Revision match and electrical limits
crumpspace-esp32-crumps2,CrumpSpace CrumpS2,CrumpSpace,board,missing,0,0,0,0,False,Physical connector map; Independent all-connector completeness review; Revision match and electrical limits
cytron-technologies-esp32-maker-feather-aiot-s3,Maker Feather AIoT S3,Cytron Technologies,board,missing,0,0,0,0,False,Physical connector map; Independent all-connector completeness review; Revision match and electrical limits
czech-maker-make-more-esp32-maker-badge,Maker badge,Czech maker & Make More,board,missing,0,0,0,0,False,Physical connector map; Independent all-connector completeness review; Revision match and electrical limits
dfrobot-esp32-beetle-esp32-c3,DFRobot Beetle ESP32-C3,DFRobot,board,missing,0,0,0,0,False,Physical connector map; Independent all-connector completeness review; Revision match and electrical limits
dfrobot-esp32-firebeetle-2-esp32-c5-dfr1222,FireBeetle 2 ESP32-C5 DFR1222,DFRobot,board,pinout-source,1,0,0,0,False,Independent all-connector completeness review; Revision match and electrical limits
dfrobot-esp32-firebeetle-2-esp32-s3,FireBeetle 2 ESP32-S3,DFRobot,board,pinout-source,1,0,0,0,False,Independent all-connector completeness review; Revision match and electrical limits
doit-esp32-esp32-development-board,DOIT ESP32 Development Board,DOIT,board,missing,0,0,0,0,False,Physical connector map; Independent all-connector completeness review; Revision match and electrical limits
doit-esp32-esp32-devkit-v1,ESP32 DEVKIT V1,DOIT,board,pinout-source,1,0,0,0,False,Independent all-connector completeness review; Revision match and electrical limits
double-take-labs-esp32-columbia-dsl-sensor,Columbia DSL Sensor,Double Take Labs,board,missing,0,0,0,0,False,Physical connector map; Independent all-connector completeness review; Revision match and electrical limits
dronecz-esp32-es3ink,ES3ink,dronecz,board,missing,0,0,0,0,False,Physical connector map; Independent all-connector completeness review; Revision match and electrical limits
elecrow-esp32-crowpanel-advance-2-4-hmi-esp32-ai-display,CrowPanel Advance 2.4-HMI ESP32 AI Display,Elecrow,board,pinout-source,1,0,0,0,False,Independent all-connector completeness review; Revision match and electrical limits
elecrow-esp32-crowpanel-advance-2-8-hmi-esp32-ai-display,CrowPanel Advance 2.8-HMI ESP32 AI Display,Elecrow,board,pinout-source,1,0,0,0,False,Independent all-connector completeness review; Revision match and electrical limits
elecrow-esp32-crowpanel-advance-3-5-hmi-esp32-ai-display,CrowPanel Advance 3.5-HMI ESP32 AI Display,Elecrow,board,pinout-source,1,0,0,0,False,Independent all-connector completeness review; Revision match and electrical limits
elecrow-esp32-crowpanel-advance-4-3-hmi-esp32-ai-display,CrowPanel Advance 4.3-HMI ESP32 AI Display,Elecrow,board,pinout-source,1,0,0,0,False,Independent all-connector completeness review; Revision match and electrical limits
elecrow-esp32-crowpanel-advance-5-0-hmi-esp32-ai-display,CrowPanel Advance 5.0-HMI ESP32 AI Display,Elecrow,board,pinout-source,1,0,0,0,False,Independent all-connector completeness review; Revision match and electrical limits
elecrow-esp32-crowpanel-advance-7-0-hmi-esp32-ai-display,CrowPanel Advance 7.0-HMI ESP32 AI Display,Elecrow,board,pinout-source,1,0,0,0,False,Independent all-connector completeness review; Revision match and electrical limits
elecrow-esp32-crowpanel-advanced-esp32-p4-10-1-inch,CrowPanel Advanced ESP32-P4 10.1-inch,Elecrow,board,missing,0,0,0,0,False,Physical connector map; Independent all-connector completeness review; Revision match and electrical limits
elecrow-esp32-crowpanel-advanced-esp32-p4-5-inch,CrowPanel Advanced ESP32-P4 5-inch,Elecrow,board,missing,0,0,0,0,False,Physical connector map; Independent all-connector completeness review; Revision match and electrical limits
elecrow-esp32-crowpanel-advanced-esp32-p4-7-inch,CrowPanel Advanced ESP32-P4 7-inch,Elecrow,board,missing,0,0,0,0,False,Physical connector map; Independent all-connector completeness review; Revision match and electrical limits
elecrow-esp32-crowpanel-advanced-esp32-p4-9-inch,CrowPanel Advanced ESP32-P4 9-inch,Elecrow,board,missing,0,0,0,0,False,Physical connector map; Independent all-connector completeness review; Revision match and electrical limits
elecrow-esp32-crowpanel-esp32-1-28-inch-round-display,CrowPanel ESP32 1.28-inch Round Display,Elecrow,board,reference-only,0,0,0,0,False,Physical connector map; Independent all-connector completeness review; Revision match and electrical limits
elecrow-esp32-crowpanel-esp32-e-paper-hmi-5-79-inch-display,CrowPanel ESP32 E-Paper HMI 5.79-inch Display,Elecrow,board,reference-only,0,0,0,0,False,Physical connector map; Independent all-connector completeness review; Revision match and electrical limits
elecrow-esp32-crowpanel-esp32-hmi-2-4-inch-display,CrowPanel ESP32 HMI 2.4-inch Display,Elecrow,board,pinout-source,1,0,0,0,False,Independent all-connector completeness review; Revision match and electrical limits
elecrow-esp32-crowpanel-esp32-hmi-2-8-inch-display,CrowPanel ESP32 HMI 2.8-inch Display,Elecrow,board,pinout-source,1,0,0,0,False,Independent all-connector completeness review; Revision match and electrical limits
elecrow-esp32-crowpanel-esp32-hmi-3-5-inch-display,CrowPanel ESP32 HMI 3.5-inch Display,Elecrow,board,pinout-source,1,0,0,0,False,Independent all-connector completeness review; Revision match and electrical limits
elecrow-esp32-crowpanel-esp32-hmi-4-3-inch-display,CrowPanel ESP32 HMI 4.3-inch Display,Elecrow,board,pinout-source,1,0,0,0,False,Independent all-connector completeness review; Revision match and electrical limits
elecrow-esp32-crowpanel-esp32-hmi-5-0-inch-display,CrowPanel ESP32 HMI 5.0-inch Display,Elecrow,board,pinout-source,1,0,0,0,False,Independent all-connector completeness review; Revision match and electrical limits
elecrow-esp32-crowpanel-esp32-hmi-7-0-inch-display,CrowPanel ESP32 HMI 7.0-inch Display,Elecrow,board,pinout-source,1,0,0,0,False,Independent all-connector completeness review; Revision match and electrical limits
elecrow-esp32-crowpanel-3-5,Elecrow CrowPanel 3.5,Elecrow,board,missing,0,0,0,0,False,Physical connector map; Independent all-connector completeness review; Revision match and electrical limits
elecrow-esp32-crowpanel-4-2,Elecrow CrowPanel 4.2,Elecrow,board,missing,0,0,0,0,False,Physical connector map; Independent all-connector completeness review; Revision match and electrical limits
elecrow-esp32-esp32-wi-fi-halow-camera-board,ESP32 Wi-Fi HaLow Camera Board,Elecrow,board,missing,0,0,0,0,False,Physical connector map; Independent all-connector completeness review; Revision match and electrical limits
electronic-cats-esp32-bast-wifi,Bast Wifi,Electronic Cats,board,missing,0,0,0,0,False,Physical connector map; Independent all-connector completeness review; Revision match and electrical limits
espressif-esp32-esp-eye,ESP-EYE,Espressif,board,missing,0,0,0,0,False,Physical connector map; Independent all-connector completeness review; Revision match and electrical limits
espressif-esp32-esp32-c3-devkit-rust-2,ESP32-C3-DEVKIT-RUST-2,Espressif,board,pinout-source,1,0,0,0,False,Independent all-connector completeness review; Revision match and electrical limits
espressif-esp32-esp32-c3-devkitc-02,ESP32-C3-DEVKITC-02,Espressif,board,pinout-source,2,0,0,0,False,Independent all-connector completeness review; Revision match and electrical limits
espressif-esp32-esp32-c3-devkitm-1,ESP32-C3-DEVKITM-1,Espressif,board,pinout-source,1,0,0,0,False,Independent all-connector completeness review; Revision match and electrical limits
espressif-esp32-esp32-c3-devkitm-1-n4,ESP32-C3-DevKitM-1-N4,Espressif,board,missing,0,0,0,0,False,Physical connector map; Independent all-connector completeness review; Revision match and electrical limits
espressif-esp32-esp32-c3-lyra-v2-0,ESP32-C3-Lyra V2.0,Espressif,board,missing,0,0,0,0,False,Physical connector map; Independent all-connector completeness review; Revision match and electrical limits
espressif-esp32-esp32-c5-devkitc-1,ESP32-C5-DEVKITC-1,Espressif,board,pinout-source,2,0,0,0,False,Independent all-connector completeness review; Revision match and electrical limits
espressif-esp32-esp32-c5-devkitc-1-v1-1,ESP32-C5-DEVKITC-1 v1.1,Espressif,board,pinout-source,1,0,0,0,False,Independent all-connector completeness review; Revision match and electrical limits
espressif-esp32-esp32-c5-devkitc-1-v1-2,ESP32-C5-DEVKITC-1 v1.2,Espressif,board,pinout-source,1,0,0,0,False,Independent all-connector completeness review; Revision match and electrical limits
espressif-esp32-esp32-c5-devkitc-1-n8r8,ESP32-C5-DevKitC-1-N8R8,Espressif,board,missing,0,0,0,0,False,Physical connector map; Independent all-connector completeness review; Revision match and electrical limits
espressif-esp32-esp32-c6-devkitc-1,ESP32-C6-DEVKITC-1,Espressif,board,pinout-source,2,0,0,0,False,Independent all-connector completeness review; Revision match and electrical limits
espressif-esp32-esp32-c6-devkitc-1-n8,ESP32-C6-DevKitC-1-N8,Espressif,board,pinout-source,1,0,0,0,False,Independent all-connector completeness review; Revision match and electrical limits
espressif-esp32-esp32-c6-devkitm-1,ESP32-C6-DEVKITM-1,Espressif,board,pinout-source,1,0,0,0,False,Independent all-connector completeness review; Revision match and electrical limits
espressif-esp32-esp32-c6-devkitm-1-n4,ESP32-C6-DevKitM-1-N4,Espressif,board,missing,0,0,0,0,False,Physical connector map; Independent all-connector completeness review; Revision match and electrical limits
espressif-esp32-esp32-c61-devkitc-1,ESP32-C61-DEVKITC-1,Espressif,board,pinout-source,2,0,0,0,False,Independent all-connector completeness review; Revision match and electrical limits
espressif-esp32-esp32-c61-devkitc-1-v1-0,ESP32-C61-DEVKITC-1 v1.0,Espressif,board,pinout-source,1,0,0,0,False,Independent all-connector completeness review; Revision match and electrical limits
espressif-esp32-esp32-c61-devkitc-1-v2-0,ESP32-C61-DEVKITC-1 v2.0,Espressif,board,pinout-source,1,0,0,0,False,Independent all-connector completeness review; Revision match and electrical limits
espressif-esp32-esp32-c61-devkitc-1-n8r2,ESP32-C61-DevKitC-1-N8R2,Espressif,board,missing,0,0,0,0,False,Physical connector map; Independent all-connector completeness review; Revision match and electrical limits
espressif-esp32-esp32-devkitc-v4,ESP32-DevKitC V4,Espressif,board,pinout-source,2,0,0,0,False,Independent all-connector completeness review; Revision match and electrical limits
espressif-esp32-esp32-devkitc-v4-wroom-32e,ESP32-DevKitC-V4-WROOM-32E,Espressif,board,pinout-source,1,0,0,0,False,Independent all-connector completeness review; Revision match and electrical limits
espressif-esp32-esp32-devkitc-ve-wrover,ESP32-DevKitC-VE-WROVER,Espressif,board,missing,0,0,0,0,False,Physical connector map; Independent all-connector completeness review; Revision match and electrical limits
espressif-esp32-esp32-devkitm-1,ESP32-DEVKITM-1,Espressif,board,pinout-source,1,0,0,0,False,Independent all-connector completeness review; Revision match and electrical limits
espressif-esp32-esp32-h2-devkitm-1,ESP32-H2-DEVKITM-1,Espressif,board,pinout-source,1,0,0,0,False,Independent all-connector completeness review; Revision match and electrical limits
espressif-esp32-esp32-h2-devkitm-1-n4,ESP32-H2-DevKitM-1-N4,Espressif,board,missing,0,0,0,0,False,Physical connector map; Independent all-connector completeness review; Revision match and electrical limits
espressif-esp32-esp32-lyrat,ESP32-LyraT,Espressif,board,missing,0,0,0,0,False,Physical connector map; Independent all-connector completeness review; Revision match and electrical limits
espressif-esp32-esp32-p4-eye,ESP32-P4-EYE,Espressif,board,pinout-source,1,0,0,0,False,Independent all-connector completeness review; Revision match and electrical limits
espressif-esp32-esp32-p4-function-ev-board,ESP32-P4-Function-EV-Board,Espressif,board,missing,0,0,0,0,False,Physical connector map; Independent all-connector completeness review; Revision match and electrical limits
espressif-esp32-esp32-p4x-function-ev,ESP32-P4X-Function-EV,Espressif,board,missing,0,0,0,0,False,Physical connector map; Independent all-connector completeness review; Revision match and electrical limits
espressif-esp32-esp32-pico-devkitm-2,ESP32-PICO-DEVKITM-2,Espressif,board,pinout-source,1,0,0,0,False,Independent all-connector completeness review; Revision match and electrical limits
espressif-esp32-esp32-pico-kit,ESP32-PICO-KIT,Espressif,board,pinout-source,1,0,0,0,False,Independent all-connector completeness review; Revision match and electrical limits
espressif-esp32-esp32-pico-kit-1,ESP32-PICO-KIT-1,Espressif,board,pinout-source,1,0,0,0,False,Independent all-connector completeness review; Revision match and electrical limits
espressif-esp32-esp32-s2-human-machine-interface-dev-kit,ESP32-S2 Human Machine Interface Dev Kit,Espressif,board,missing,0,0,0,0,False,Physical connector map; Independent all-connector completeness review; Revision match and electrical limits
espressif-esp32-esp32-s2-kaluga-dev-kit-v1-2-featuring-wrover,ESP32-S2 Kaluga Dev Kit (v1.2) featuring WROVER,Espressif,board,missing,0,0,0,0,False,Physical connector map; Independent all-connector completeness review; Revision match and electrical limits
espressif-esp32-esp32-s2-kaluga-dev-kit-v1-3-featuring-wrover,ESP32-S2 Kaluga Dev Kit (v1.3) featuring WROVER,Espressif,board,missing,0,0,0,0,False,Physical connector map; Independent all-connector completeness review; Revision match and electrical limits
espressif-esp32-esp32-s2-devkitc-1,ESP32-S2-DEVKITC-1,Espressif,board,pinout-source,1,0,0,0,False,Independent all-connector completeness review; Revision match and electrical limits
espressif-esp32-esp32-s2-devkitc-1-n4,ESP32-S2-DevKitC-1-N4,Espressif,board,missing,0,0,0,0,False,Physical connector map; Independent all-connector completeness review; Revision match and electrical limits
espressif-esp32-esp32-s2-devkitc-1-n8r2,ESP32-S2-DevKitC-1-N8R2,Espressif,board,missing,0,0,0,0,False,Physical connector map; Independent all-connector completeness review; Revision match and electrical limits
espressif-esp32-esp32-s2-devkitc-1r-4mb-flash-2mb-psram,ESP32-S2-DEVKITC-1R (4MB flash/2MB PSRAM),Espressif,board,missing,0,0,0,0,False,Physical connector map; Independent all-connector completeness review; Revision match and electrical limits
espressif-esp32-esp32-s2-devkitm-1,ESP32-S2-DEVKITM-1,Espressif,board,pinout-source,1,0,0,0,False,Independent all-connector completeness review; Revision match and electrical limits
espressif-esp32-esp32-s2-saola-1,ESP32-S2-SAOLA-1,Espressif,board,pinout-source,1,0,0,0,False,Independent all-connector completeness review; Revision match and electrical limits
espressif-esp32-esp32-s2-saola-1mi,ESP32-S2-Saola-1MI,Espressif,board,pinout-source,1,0,0,0,False,Independent all-connector completeness review; Revision match and electrical limits
espressif-esp32-esp32-s3-box,ESP32-S3 Box,Espressif,board,missing,0,0,0,0,False,Physical connector map; Independent all-connector completeness review; Revision match and electrical limits
espressif-esp32-esp32-s3-box-3,ESP32-S3 Box 3,Espressif,board,missing,0,0,0,0,False,Physical connector map; Independent all-connector completeness review; Revision match and electrical limits
espressif-esp32-esp32-s3-box-lite,ESP32-S3 Box Lite,Espressif,board,missing,0,0,0,0,False,Physical connector map; Independent all-connector completeness review; Revision match and electrical limits
espressif-esp32-esp32-s3-lcd-evaluation-kit,ESP32-S3 LCD Evaluation Kit,Espressif,board,missing,0,0,0,0,False,Physical connector map; Independent all-connector completeness review; Revision match and electrical limits
espressif-esp32-esp32-s3-lcd-evaluation-kit-v1-5,ESP32-S3 LCD Evaluation Kit v1.5,Espressif,board,missing,0,0,0,0,False,Physical connector map; Independent all-connector completeness review; Revision match and electrical limits
espressif-esp32-esp32-s3-devkitc-1,ESP32-S3-DEVKITC-1,Espressif,board,pinout-source,3,0,0,0,False,Independent all-connector completeness review; Revision match and electrical limits
espressif-esp32-esp32-s3-devkitc-1-v1-1,ESP32-S3-DEVKITC-1 v1.1,Espressif,board,pinout-source,1,0,0,0,False,Independent all-connector completeness review; Revision match and electrical limits
espressif-esp32-esp32-s3-devkitc-1-n16,ESP32-S3-DevKitC-1-N16,Espressif,board,missing,0,0,0,0,False,Physical connector map; Independent all-connector completeness review; Revision match and electrical limits
espressif-esp32-esp32-s3-devkitc-1-n32r16,ESP32-S3-DevKitC-1-N32R16,Espressif,board,missing,0,0,0,0,False,Physical connector map; Independent all-connector completeness review; Revision match and electrical limits
espressif-esp32-esp32-s3-devkitc-1-n32r8,ESP32-S3-DevKitC-1-N32R8,Espressif,board,missing,0,0,0,0,False,Physical connector map; Independent all-connector completeness review; Revision match and electrical limits
espressif-esp32-esp32-s3-devkitc-1-n8,ESP32-S3-DevKitC-1-N8,Espressif,board,missing,0,0,0,0,False,Physical connector map; Independent all-connector completeness review; Revision match and electrical limits
espressif-esp32-esp32-s3-devkitc-1-n8r2,ESP32-S3-DevKitC-1-N8R2,Espressif,board,missing,0,0,0,0,False,Physical connector map; Independent all-connector completeness review; Revision match and electrical limits
espressif-esp32-esp32-s3-devkitc-1-n8r2-microros,ESP32-S3-DevKitC-1-N8R2 (MicroROS),Espressif,board,missing,0,0,0,0,False,Physical connector map; Independent all-connector completeness review; Revision match and electrical limits
espressif-esp32-esp32-s3-devkitc-1-n8r8,ESP32-S3-DevKitC-1-N8R8,Espressif,board,missing,0,0,0,0,False,Physical connector map; Independent all-connector completeness review; Revision match and electrical limits
espressif-esp32-esp32-s3-devkitm-1,ESP32-S3-DEVKITM-1,Espressif,board,pinout-source,1,0,0,0,False,Independent all-connector completeness review; Revision match and electrical limits
espressif-esp32-esp32-s3-devkitm-1-n8,ESP32-S3-DevKitM-1-N8,Espressif,board,missing,0,0,0,0,False,Physical connector map; Independent all-connector completeness review; Revision match and electrical limits
espressif-esp32-esp32-s3-eye,ESP32-S3-EYE,Espressif,board,missing,0,0,0,0,False,Physical connector map; Independent all-connector completeness review; Revision match and electrical limits
espressif-esp32-esp32-s3-usb-otg-n8,ESP32-S3-USB-OTG-N8,Espressif,board,missing,0,0,0,0,False,Physical connector map; Independent all-connector completeness review; Revision match and electrical limits
espressif-esp32-esp32-s31-function-coreboard-1,ESP32-S31-FUNCTION-COREBOARD-1,Espressif,board,reference-only,0,0,0,0,False,Physical connector map; Independent all-connector completeness review; Revision match and electrical limits
espressif-esp32-esp32-s31-korvo-1,ESP32-S31-KORVO-1,Espressif,board,reference-only,0,0,0,0,False,Physical connector map; Independent all-connector completeness review; Revision match and electrical limits
espressif-esp32-esp8684-devkitc-02,ESP8684-DEVKITC-02,Espressif,board,pinout-source,1,0,0,0,False,Independent all-connector completeness review; Revision match and electrical limits
espressif-esp32-esp8684-devkitc-02c-n4,ESP8684-DevKitC-02C-N4,Espressif,board,missing,0,0,0,0,False,Physical connector map; Independent all-connector completeness review; Revision match and electrical limits
espressif-esp32-esp8684-devkitm-1,ESP8684-DEVKITM-1,Espressif,board,pinout-source,2,0,0,0,False,Independent all-connector completeness review; Revision match and electrical limits
espressif-esp32-esp8684-devkitm-1-v1-1,ESP8684-DEVKITM-1 v1.1,Espressif,board,pinout-source,1,0,0,0,False,Independent all-connector completeness review; Revision match and electrical limits
espressif-esp32-saola-1-w-wroom,Saola 1 w/WROOM,Espressif,board,missing,0,0,0,0,False,Physical connector map; Independent all-connector completeness review; Revision match and electrical limits
espressif-esp32-saola-1-w-wrover,Saola 1 w/WROVER,Espressif,board,missing,0,0,0,0,False,Physical connector map; Independent all-connector completeness review; Revision match and electrical limits
fablab-barcelona-esp32-barduino,Barduino,Fablab Barcelona,board,missing,0,0,0,0,False,Physical connector map; Independent all-connector completeness review; Revision match and electrical limits
flipper-zero-esp32-wifi-dev,Flipper Zero WiFi Dev,Flipper Zero,board,missing,0,0,0,0,False,Physical connector map; Independent all-connector completeness review; Revision match and electrical limits
franzininho-esp32-wifi-wroom,Franzininho WiFi Wroom,Franzininho,board,pinout-source,1,0,0,0,False,Independent all-connector completeness review; Revision match and electrical limits
franzininho-esp32-wifi-wrover,Franzininho WiFi Wrover,Franzininho,board,missing,0,0,0,0,False,Physical connector map; Independent all-connector completeness review; Revision match and electrical limits
freenove-esp32-esp32-wroom-board,ESP32 WROOM Board,Freenove,board,pinout-source,1,0,0,0,False,Independent all-connector completeness review; Revision match and electrical limits
freenove-esp32-esp32-wrover-board-v1-6,ESP32 WROVER Board v1.6,Freenove,board,pinout-source,1,0,0,0,False,Independent all-connector completeness review; Revision match and electrical limits
freenove-esp32-esp32-wrover-board-v3-0,ESP32 WROVER Board v3.0,Freenove,board,pinout-source,1,0,0,0,False,Independent all-connector completeness review; Revision match and electrical limits
freenove-esp32-esp32-s3-wroom-board,ESP32-S3 WROOM Board,Freenove,board,pinout-source,2,0,0,0,False,Independent all-connector completeness review; Revision match and electrical limits
freenove-esp32-esp32-s3-wroom-board-media-kit-red-pcb,ESP32-S3 WROOM Board (Media Kit red PCB),Freenove,board,pinout-source,1,0,0,0,False,Independent all-connector completeness review; Revision match and electrical limits
freenove-esp32-esp32-s3-wroom-board-lite,ESP32-S3 WROOM Board Lite,Freenove,board,pinout-source,1,0,0,0,False,Independent all-connector completeness review; Revision match and electrical limits
freenove-esp32-esp32-wrover-cam-dev-board,ESP32-WRover Cam Dev Board,Freenove,board,missing,0,0,0,0,False,Physical connector map; Independent all-connector completeness review; Revision match and electrical limits
futurekeys-esp32-hexky-s2,HexKy S2,FutureKeys,board,missing,0,0,0,0,False,Physical connector map; Independent all-connector completeness review; Revision match and electrical limits
generic-esp32-red-s2-wroom-board,Red S2 WROOM Board,Generic,board,missing,0,0,0,0,False,Physical connector map; Independent all-connector completeness review; Revision match and electrical limits
generic-manufacturer-unconfirmed-esp32-esp32-c3-plus-mini-1-esp32-c3-mini-v1,ESP32-C3 Plus Mini 1 (ESP32-C3_MINI_V1),Generic - manufacturer unconfirmed,board,pinout-source,1,0,0,0,False,Independent all-connector completeness review; Revision match and electrical limits
generic-manufacturer-unconfirmed-esp32-esp32-c3-supermini,ESP32-C3 SuperMini,Generic - manufacturer unconfirmed,board,pinout-source,1,0,0,0,False,Independent all-connector completeness review; Revision match and electrical limits
generic-manufacturer-unconfirmed-esp32-esp32-c3-supermini-plus-v2,ESP32-C3 SuperMini Plus (v2),Generic - manufacturer unconfirmed,board,pinout-source,1,0,0,0,False,Independent all-connector completeness review; Revision match and electrical limits
generic-manufacturer-unconfirmed-esp32-esp32-cam,ESP32-CAM,Generic - manufacturer unconfirmed,board,pinout-source,1,0,0,0,False,Independent all-connector completeness review; Revision match and electrical limits
generic-manufacturer-unconfirmed-esp32-esp32c3-mini-dk,ESP32C3-MINI-DK,Generic - manufacturer unconfirmed,board,pinout-source,1,0,0,0,False,Independent all-connector completeness review; Revision match and electrical limits
generic-manufacturer-unconfirmed-esp32-nodemcu-32s,NodeMCU-32S,Generic - manufacturer unconfirmed,board,pinout-source,1,0,0,0,False,Independent all-connector completeness review; Revision match and electrical limits
gravitech-esp32-cucumber-m,Cucumber M,Gravitech,board,missing,0,0,0,0,False,Physical connector map; Independent all-connector completeness review; Revision match and electrical limits
gravitech-esp32-cucumber-ms,Cucumber MS,Gravitech,board,missing,0,0,0,0,False,Physical connector map; Independent all-connector completeness review; Revision match and electrical limits
gravitech-esp32-cucumber-r,Cucumber R,Gravitech,board,missing,0,0,0,0,False,Physical connector map; Independent all-connector completeness review; Revision match and electrical limits
gravitech-esp32-cucumber-rs,Cucumber RS,Gravitech,board,missing,0,0,0,0,False,Physical connector map; Independent all-connector completeness review; Revision match and electrical limits
guition-esp32-jc-esp32p4-m3-c6,JC-ESP32P4-M3-C6,Guition,board,missing,0,0,0,0,False,Physical connector map; Independent all-connector completeness review; Revision match and electrical limits
guition-esp32-jc-esp32p4-m3-dev,JC-ESP32P4-M3-DEV,Guition,board,missing,0,0,0,0,False,Physical connector map; Independent all-connector completeness review; Revision match and electrical limits
hangzhou-leban-esp32-hiibot-iots2,HiiBot IoTs2,Hangzhou LeBan,board,missing,0,0,0,0,False,Physical connector map; Independent all-connector completeness review; Revision match and electrical limits
hardkernel-esp32-odroid-go,ODROID Go,HardKernel,board,missing,0,0,0,0,False,Physical connector map; Independent all-connector completeness review; Revision match and electrical limits
heltec-esp32-esp32-c3-devboard,ESP32-C3 DevBoard,Heltec,board,pinout-source,2,0,0,0,False,Independent all-connector completeness review; Revision match and electrical limits
heltec-esp32-wireless-paper,Heltec Wireless Paper,Heltec,board,missing,0,0,0,0,False,Physical connector map; Independent all-connector completeness review; Revision match and electrical limits
heltec-esp32-ht-dev-esp-v2,HT-DEV-ESP V2,Heltec,board,pinout-source,2,0,0,0,False,Independent all-connector completeness review; Revision match and electrical limits
heltec-esp32-ht-vme213,HT-VME213,Heltec,board,pinout-source,1,0,0,0,False,Independent all-connector completeness review; Revision match and electrical limits
heltec-esp32-ht-vme290,HT-VME290,Heltec,board,pinout-source,1,0,0,0,False,Independent all-connector completeness review; Revision match and electrical limits
heltec-esp32-ht-vmt190,HT-VMT190,Heltec,board,pinout-source,1,0,0,0,False,Independent all-connector completeness review; Revision match and electrical limits
heltec-esp32-vision-master-e290,Vision Master E290,Heltec,board,missing,0,0,0,0,False,Physical connector map; Independent all-connector completeness review; Revision match and electrical limits
heltec-esp32-wifi-kit-32-v1,WiFi Kit 32 V1,Heltec,board,pinout-source,1,0,0,0,False,Independent all-connector completeness review; Revision match and electrical limits
heltec-esp32-wifi-kit-32-v2,WiFi Kit 32 V2,Heltec,board,pinout-source,1,0,0,0,False,Independent all-connector completeness review; Revision match and electrical limits
heltec-esp32-wifi-kit-32-v2-1,WiFi Kit 32 V2.1,Heltec,board,pinout-source,1,0,0,0,False,Independent all-connector completeness review; Revision match and electrical limits
heltec-esp32-wifi-kit-32-v3,WiFi Kit 32 V3,Heltec,board,pinout-source,1,0,0,0,False,Independent all-connector completeness review; Revision match and electrical limits
heltec-esp32-wifi-kit-8,WiFi Kit 8,Heltec,board,pinout-source,1,0,0,0,False,Independent all-connector completeness review; Revision match and electrical limits
heltec-esp32-wifi-lora-32,WiFi LoRa 32,Heltec,board,missing,0,0,0,0,False,Physical connector map; Independent all-connector completeness review; Revision match and electrical limits
heltec-esp32-wifi-lora-32-expansion-kit,WiFi LoRa 32 Expansion Kit,Heltec,board,pinout-source,1,0,0,0,False,Independent all-connector completeness review; Revision match and electrical limits
heltec-esp32-wifi-lora-32-v1,WiFi LoRa 32 V1,Heltec,board,pinout-source,1,0,0,0,False,Independent all-connector completeness review; Revision match and electrical limits
heltec-esp32-wifi-lora-32-v2,WiFi LoRa 32 V2,Heltec,board,pinout-source,1,0,0,0,False,Independent all-connector completeness review; Revision match and electrical limits
heltec-esp32-wifi-lora-32-v2-1,WiFi LoRa 32 V2.1,Heltec,board,pinout-source,1,0,0,0,False,Independent all-connector completeness review; Revision match and electrical limits
heltec-esp32-wifi-lora-32-v3,WiFi LoRa 32 V3,Heltec,board,pinout-source,1,0,0,0,False,Independent all-connector completeness review; Revision match and electrical limits
heltec-esp32-wifi-lora-32-v3-2,WiFi LoRa 32 V3.2,Heltec,board,pinout-source,1,0,0,0,False,Independent all-connector completeness review; Revision match and electrical limits
heltec-esp32-wifi-lora-32-v4,WiFi LoRa 32 V4,Heltec,board,pinout-source,1,0,0,0,False,Independent all-connector completeness review; Revision match and electrical limits
heltec-esp32-wifi-lora-32-v4-r8,WiFi LoRa 32 V4-R8,Heltec,board,pinout-source,1,0,0,0,False,Independent all-connector completeness review; Revision match and electrical limits
heltec-esp32-wireless-shell-v3,Wireless Shell V3,Heltec,board,pinout-source,1,0,0,0,False,Independent all-connector completeness review; Revision match and electrical limits
heltec-esp32-wireless-stick-lite-v3,Wireless Stick Lite V3,Heltec,board,pinout-source,1,0,0,0,False,Independent all-connector completeness review; Revision match and electrical limits
heltec-esp32-wireless-stick-v3,Wireless Stick V3,Heltec,board,pinout-source,1,0,0,0,False,Independent all-connector completeness review; Revision match and electrical limits
heltec-esp32-wireless-tracker,Wireless Tracker,Heltec,board,pinout-source,1,0,0,0,False,Independent all-connector completeness review; Revision match and electrical limits
heltec-esp32-wireless-tracker-v2-3,Wireless Tracker V2.3,Heltec,board,pinout-source,1,0,0,0,False,Independent all-connector completeness review; Revision match and electrical limits
kevin-matocha-esp32-esp32-s3-hacktablet,ESP32-S3 HackTablet,Kevin Matocha,board,missing,0,0,0,0,False,Physical connector map; Independent all-connector completeness review; Revision match and electrical limits
lilygo-esp32-lora32-v1-0,LoRa32 V1.0,LILYGO,board,pinout-source,1,0,0,0,False,Independent all-connector completeness review; Revision match and electrical limits
lilygo-esp32-lora32-v1-3,LoRa32 V1.3,LILYGO,board,pinout-source,1,0,0,0,False,Independent all-connector completeness review; Revision match and electrical limits
lilygo-esp32-lora32-v2-0,LoRa32 V2.0,LILYGO,board,pinout-source,1,0,0,0,False,Independent all-connector completeness review; Revision match and electrical limits
lilygo-esp32-lora32-v2-1-6-t3-v1-6-1,LoRa32 V2.1.6 (T3 V1.6.1),LILYGO,board,pinout-source,2,0,0,0,False,Independent all-connector completeness review; Revision match and electrical limits
lilygo-esp32-mini-e-paper-1-02-core,Mini E-Paper 1.02 Core,LILYGO,board,pinout-source,1,0,0,0,False,Independent all-connector completeness review; Revision match and electrical limits
lilygo-esp32-t-01c3,T-01C3,LILYGO,board,pinout-source,2,0,0,0,False,Independent all-connector completeness review; Revision match and electrical limits
lilygo-esp32-t-2can,T-2Can,LILYGO,board,pinout-source,1,0,0,0,False,Independent all-connector completeness review; Revision match and electrical limits
lilygo-esp32-t-2can-fd,T-2Can-FD,LILYGO,board,pinout-source,1,0,0,0,False,Independent all-connector completeness review; Revision match and electrical limits
lilygo-esp32-t-a7670e-r2,T-A7670E R2,LILYGO,board,pinout-source,1,0,0,0,False,Independent all-connector completeness review; Revision match and electrical limits
lilygo-esp32-t-a7670g-r2,T-A7670G R2,LILYGO,board,pinout-source,1,0,0,0,False,Independent all-connector completeness review; Revision match and electrical limits
lilygo-esp32-t-a7670sa-r2,T-A7670SA R2,LILYGO,board,pinout-source,1,0,0,0,False,Independent all-connector completeness review; Revision match and electrical limits
lilygo-esp32-t-bao,T-Bao,LILYGO,board,pinout-source,1,0,0,0,False,Independent all-connector completeness review; Revision match and electrical limits
lilygo-esp32-t-beam,T-Beam,LILYGO,board,pinout-source,1,0,0,0,False,Independent all-connector completeness review; Revision match and electrical limits
lilygo-esp32-t-beam-1w,T-Beam 1W,LILYGO,board,pinout-source,1,0,0,0,False,Independent all-connector completeness review; Revision match and electrical limits
lilygo-esp32-t-beam-s3-core,T-Beam S3 Core,LILYGO,board,reference-only,0,0,0,0,False,Physical connector map; Independent all-connector completeness review; Revision match and electrical limits
lilygo-esp32-t-beam-supreme,T-Beam Supreme,LILYGO,board,pinout-source,2,0,0,0,False,Independent all-connector completeness review; Revision match and electrical limits
lilygo-esp32-t-beam-v1-1,T-Beam V1.1,LILYGO,board,pinout-source,1,0,0,0,False,Independent all-connector completeness review; Revision match and electrical limits
lilygo-esp32-t-beam-bpf,T-Beam-BPF,LILYGO,board,pinout-source,1,0,0,0,False,Independent all-connector completeness review; Revision match and electrical limits
lilygo-esp32-t-call-sim800c,T-Call SIM800C,LILYGO,board,pinout-source,1,0,0,0,False,Independent all-connector completeness review; Revision match and electrical limits
lilygo-esp32-t-call-sim800l-axp192,T-Call SIM800L AXP192,LILYGO,board,pinout-source,1,0,0,0,False,Independent all-connector completeness review; Revision match and electrical limits
lilygo-esp32-t-call-sim800l-v1-3,T-Call SIM800L V1.3,LILYGO,board,pinout-source,2,0,0,0,False,Independent all-connector completeness review; Revision match and electrical limits
lilygo-esp32-t-camera-plus-s3,T-Camera Plus S3,LILYGO,board,pinout-source,1,0,0,0,False,Independent all-connector completeness review; Revision match and electrical limits
lilygo-esp32-t-camera-s3,T-Camera-S3,LILYGO,board,pinout-source,1,0,0,0,False,Independent all-connector completeness review; Revision match and electrical limits
lilygo-esp32-t-can485-ch340k,T-CAN485 (CH340K),LILYGO,board,pinout-source,2,0,0,0,False,Independent all-connector completeness review; Revision match and electrical limits
lilygo-esp32-t-can485-ch9102,T-CAN485 (CH9102),LILYGO,board,pinout-source,1,0,0,0,False,Independent all-connector completeness review; Revision match and electrical limits
lilygo-esp32-t-circle,T-Circle,LILYGO,board,pinout-source,1,0,0,0,False,Independent all-connector completeness review; Revision match and electrical limits
lilygo-esp32-t-circle-s3,T-Circle S3,LILYGO,board,missing,0,0,0,0,False,Physical connector map; Independent all-connector completeness review; Revision match and electrical limits
lilygo-esp32-t-connect,T-Connect,LILYGO,board,pinout-source,1,0,0,0,False,Independent all-connector completeness review; Revision match and electrical limits
lilygo-esp32-t-connect-pro,T-Connect Pro,LILYGO,board,pinout-source,1,0,0,0,False,Independent all-connector completeness review; Revision match and electrical limits
lilygo-esp32-t-deck-plus,T-Deck (Plus),LILYGO,board,missing,0,0,0,0,False,Physical connector map; Independent all-connector completeness review; Revision match and electrical limits
lilygo-esp32-t-display,T-Display,LILYGO,board,pinout-source,1,0,0,0,False,Independent all-connector completeness review; Revision match and electrical limits
lilygo-esp32-t-display-bar,T-Display Bar,LILYGO,board,pinout-source,1,0,0,0,False,Independent all-connector completeness review; Revision match and electrical limits
lilygo-esp32-t-display-c5,T-Display C5,LILYGO,board,pinout-source,1,0,0,0,False,Independent all-connector completeness review; Revision match and electrical limits
lilygo-esp32-t-display-p4-amoled,T-Display P4 AMOLED,LILYGO,board,pinout-source,1,0,0,0,False,Independent all-connector completeness review; Revision match and electrical limits
lilygo-esp32-t-display-p4-tft,T-Display P4 TFT,LILYGO,board,pinout-source,1,0,0,0,False,Independent all-connector completeness review; Revision match and electrical limits
lilygo-esp32-t-display-s3-amoled-1-43,T-Display S3 AMOLED 1.43,LILYGO,board,pinout-source,1,0,0,0,False,Independent all-connector completeness review; Revision match and electrical limits
lilygo-esp32-t-display-s3-amoled-1-64,T-Display S3 AMOLED 1.64,LILYGO,board,pinout-source,1,0,0,0,False,Independent all-connector completeness review; Revision match and electrical limits
lilygo-esp32-t-display-s3-amoled-1-75,T-Display S3 AMOLED 1.75,LILYGO,board,missing,0,0,0,0,False,Physical connector map; Independent all-connector completeness review; Revision match and electrical limits
lilygo-esp32-t-display-s3-amoled-plus,T-Display S3 AMOLED Plus,LILYGO,board,pinout-source,1,0,0,0,False,Independent all-connector completeness review; Revision match and electrical limits
lilygo-esp32-t-display-s3-long,T-Display S3 Long,LILYGO,board,pinout-source,1,0,0,0,False,Independent all-connector completeness review; Revision match and electrical limits
lilygo-esp32-t-display-s3-pro,T-Display S3 Pro,LILYGO,board,pinout-source,2,0,0,0,False,Independent all-connector completeness review; Revision match and electrical limits
lilygo-esp32-t-display-s3-pro-lr1121,T-Display S3 Pro LR1121,LILYGO,board,pinout-source,1,0,0,0,False,Independent all-connector completeness review; Revision match and electrical limits
lilygo-esp32-t-display-s3,T-Display-S3,LILYGO,board,pinout-source,1,0,0,0,False,Independent all-connector completeness review; Revision match and electrical limits
lilygo-esp32-t-display-s3-amoled,T-Display-S3-AMOLED,LILYGO,board,pinout-source,1,0,0,0,False,Independent all-connector completeness review; Revision match and electrical limits
lilygo-esp32-t-dongle,T-Dongle,LILYGO,board,pinout-source,1,0,0,0,False,Independent all-connector completeness review; Revision match and electrical limits
lilygo-esp32-t-dongle-c5,T-Dongle-C5,LILYGO,board,pinout-source,1,0,0,0,False,Independent all-connector completeness review; Revision match and electrical limits
lilygo-esp32-t-dongle-s3,T-Dongle-S3,LILYGO,board,pinout-source,1,0,0,0,False,Independent all-connector completeness review; Revision match and electrical limits
lilygo-esp32-t-embed,T-Embed,LILYGO,board,pinout-source,1,0,0,0,False,Independent all-connector completeness review; Revision match and electrical limits
lilygo-esp32-t-embed-cc1101,T-Embed CC1101,LILYGO,board,pinout-source,1,0,0,0,False,Independent all-connector completeness review; Revision match and electrical limits
lilygo-esp32-t-embed-si4732,T-Embed SI4732,LILYGO,board,pinout-source,1,0,0,0,False,Independent all-connector completeness review; Revision match and electrical limits
lilygo-esp32-t-encoder,T-Encoder,LILYGO,board,pinout-source,1,0,0,0,False,Independent all-connector completeness review; Revision match and electrical limits
lilygo-esp32-t-encoder-pro,T-Encoder Pro,LILYGO,board,pinout-source,1,0,0,0,False,Independent all-connector completeness review; Revision match and electrical limits
lilygo-esp32-t-eth-elite,T-ETH Elite,LILYGO,board,pinout-source,1,0,0,0,False,Independent all-connector completeness review; Revision match and electrical limits
lilygo-esp32-t-eth-lite,T-ETH Lite,LILYGO,board,pinout-source,1,0,0,0,False,Independent all-connector completeness review; Revision match and electrical limits
lilygo-esp32-t-eth-lite-s3,T-ETH Lite S3,LILYGO,board,pinout-source,1,0,0,0,False,Independent all-connector completeness review; Revision match and electrical limits
lilygo-esp32-t-halow,T-Halow,LILYGO,board,pinout-source,1,0,0,0,False,Independent all-connector completeness review; Revision match and electrical limits
lilygo-esp32-t-halow-p4,T-Halow P4,LILYGO,board,pinout-source,1,0,0,0,False,Independent all-connector completeness review; Revision match and electrical limits
lilygo-esp32-t-higrow-v1-1-bme280,T-HiGrow V1.1 BME280,LILYGO,board,pinout-source,1,0,0,0,False,Independent all-connector completeness review; Revision match and electrical limits
lilygo-esp32-t-higrow-v1-1-dht11,T-HiGrow V1.1 DHT11,LILYGO,board,pinout-source,1,0,0,0,False,Independent all-connector completeness review; Revision match and electrical limits
lilygo-esp32-t-internet-com,T-Internet-COM,LILYGO,board,pinout-source,1,0,0,0,False,Independent all-connector completeness review; Revision match and electrical limits
lilygo-esp32-t-knob,T-Knob,LILYGO,board,pinout-source,1,0,0,0,False,Independent all-connector completeness review; Revision match and electrical limits
lilygo-esp32-t-lora-c6,T-LoRa C6,LILYGO,board,pinout-source,1,0,0,0,False,Independent all-connector completeness review; Revision match and electrical limits
lilygo-esp32-t-lora-dual,T-LoRa Dual,LILYGO,board,pinout-source,1,0,0,0,False,Independent all-connector completeness review; Revision match and electrical limits
lilygo-esp32-t-mini-e-paper-s3,T-Mini E-Paper S3,LILYGO,board,pinout-source,1,0,0,0,False,Independent all-connector completeness review; Revision match and electrical limits
lilygo-esp32-t-motor,T-Motor,LILYGO,board,pinout-source,1,0,0,0,False,Independent all-connector completeness review; Revision match and electrical limits
lilygo-esp32-t-oi-plus-v1-3,T-OI-Plus V1.3,LILYGO,board,pinout-source,1,0,0,0,False,Independent all-connector completeness review; Revision match and electrical limits
lilygo-esp32-t-panel-s3,T-Panel S3,LILYGO,board,pinout-source,1,0,0,0,False,Independent all-connector completeness review; Revision match and electrical limits
lilygo-esp32-t-panel-s3-lite,T-Panel S3 Lite,LILYGO,board,pinout-source,1,0,0,0,False,Independent all-connector completeness review; Revision match and electrical limits
lilygo-esp32-t-qt-c6,T-QT C6,LILYGO,board,pinout-source,1,0,0,0,False,Independent all-connector completeness review; Revision match and electrical limits
lilygo-esp32-t-qt-pro-n4r2,T-QT Pro (N4R2),LILYGO,board,pinout-source,1,0,0,0,False,Independent all-connector completeness review; Revision match and electrical limits
lilygo-esp32-t-relay-8,T-Relay-8,LILYGO,board,pinout-source,1,0,0,0,False,Independent all-connector completeness review; Revision match and electrical limits
lilygo-esp32-t-relay-s3,T-Relay-S3,LILYGO,board,pinout-source,1,0,0,0,False,Independent all-connector completeness review; Revision match and electrical limits
lilygo-esp32-t-sim7000g-s3-standard,T-SIM7000G-S3 Standard,LILYGO,board,pinout-source,1,0,0,0,False,Independent all-connector completeness review; Revision match and electrical limits
lilygo-esp32-t-sim7080x-s3,T-SIM7080X-S3,LILYGO,board,pinout-source,1,0,0,0,False,Independent all-connector completeness review; Revision match and electrical limits
lilygo-esp32-t-spe,T-Spe,LILYGO,board,pinout-source,1,0,0,0,False,Independent all-connector completeness review; Revision match and electrical limits
lilygo-esp32-t-twr,T-TWR,LILYGO,board,pinout-source,1,0,0,0,False,Independent all-connector completeness review; Revision match and electrical limits
lilygo-esp32-t-twr-plus,T-TWR-Plus,LILYGO,board,pinout-source,1,0,0,0,False,Independent all-connector completeness review; Revision match and electrical limits
lilygo-esp32-t-watch-2020-v3,T-Watch 2020 V3,LILYGO,board,missing,0,0,0,0,False,Physical connector map; Independent all-connector completeness review; Revision match and electrical limits
lilygo-esp32-t-watch-s3,T-Watch S3,LILYGO,board,missing,0,0,0,0,False,Physical connector map; Independent all-connector completeness review; Revision match and electrical limits
lilygo-esp32-t-weigh,T-Weigh,LILYGO,board,pinout-source,1,0,0,0,False,Independent all-connector completeness review; Revision match and electrical limits
lilygo-esp32-t3-v1-8-sx1280-2-4ghz,T3 V1.8 SX1280 2.4GHz,LILYGO,board,pinout-source,1,0,0,0,False,Independent all-connector completeness review; Revision match and electrical limits
lilygo-esp32-t3-s3-e-paper,T3-S3 E-Paper,LILYGO,board,pinout-source,1,0,0,0,False,Independent all-connector completeness review; Revision match and electrical limits
lilygo-esp32-t3-s3-lr1121,T3-S3 LR1121,LILYGO,board,pinout-source,1,0,0,0,False,Independent all-connector completeness review; Revision match and electrical limits
lilygo-esp32-t3-s3-mvsr-board,T3-S3 MVSR Board,LILYGO,board,pinout-source,1,0,0,0,False,Independent all-connector completeness review; Revision match and electrical limits
lilygo-esp32-t3-s3-v1-2,T3-S3 V1.2,LILYGO,board,pinout-source,1,0,0,0,False,Independent all-connector completeness review; Revision match and electrical limits
lilygo-esp32-t3-s3-v1-3,T3-S3 V1.3,LILYGO,board,pinout-source,1,0,0,0,False,Independent all-connector completeness review; Revision match and electrical limits
lilygo-esp32-t3-tcxo,T3-TCXO,LILYGO,board,pinout-source,1,0,0,0,False,Independent all-connector completeness review; Revision match and electrical limits
lilygo-esp32-t4-s3-2-41,T4-S3-2.41,LILYGO,board,pinout-source,1,0,0,0,False,Independent all-connector completeness review; Revision match and electrical limits
lilygo-esp32-t5-4-7-e-paper-s3-pro,T5-4.7 E-Paper S3 Pro,LILYGO,board,pinout-source,1,0,0,0,False,Independent all-connector completeness review; Revision match and electrical limits
lilygo-esp32-t5-4-7-s3-capacitive-touch,T5-4.7-S3 Capacitive Touch,LILYGO,board,pinout-source,1,0,0,0,False,Independent all-connector completeness review; Revision match and electrical limits
lilygo-esp32-t5-4-7-s3-e-paper-pro-lite,T5-4.7-S3 E-Paper Pro Lite,LILYGO,board,pinout-source,1,0,0,0,False,Independent all-connector completeness review; Revision match and electrical limits
lilygo-esp32-t7-c5,T7-C5,LILYGO,board,pinout-source,1,0,0,0,False,Independent all-connector completeness review; Revision match and electrical limits
lilygo-esp32-t7-c6,T7-C6,LILYGO,board,pinout-source,1,0,0,0,False,Independent all-connector completeness review; Revision match and electrical limits
lilygo-esp32-t7-s3,T7-S3,LILYGO,board,pinout-source,2,0,0,0,False,Independent all-connector completeness review; Revision match and electrical limits
lilygo-esp32-t8,T8,LILYGO,board,missing,0,0,0,0,False,Physical connector map; Independent all-connector completeness review; Revision match and electrical limits
lilygo-esp32-t8-c3,T8-C3,LILYGO,board,pinout-source,1,0,0,0,False,Independent all-connector completeness review; Revision match and electrical limits
lilygo-esp32-t8-s3,T8-S3,LILYGO,board,pinout-source,1,0,0,0,False,Independent all-connector completeness review; Revision match and electrical limits
lilygo-esp32-tq-t-pro-no-psram,TQ-T Pro (No PSRAM),LILYGO,board,missing,0,0,0,0,False,Physical connector map; Independent all-connector completeness review; Revision match and electrical limits
lilygo-esp32-tq-t-pro-with-psram,TQ-T Pro (with PSRAM),LILYGO,board,missing,0,0,0,0,False,Physical connector map; Independent all-connector completeness review; Revision match and electrical limits
lilygo-esp32-ttgo-t-01c3-esp32-c3,TTGO T-01C3 ESP32-C3,LILYGO,board,missing,0,0,0,0,False,Physical connector map; Independent all-connector completeness review; Revision match and electrical limits
lilygo-esp32-ttgo-t-display-esp32-16m,TTGO T-Display ESP32 16M,LILYGO,board,missing,0,0,0,0,False,Physical connector map; Independent all-connector completeness review; Revision match and electrical limits
lilygo-esp32-ttgo-t-display-esp32-4m,TTGO T-Display ESP32 4M,LILYGO,board,missing,0,0,0,0,False,Physical connector map; Independent all-connector completeness review; Revision match and electrical limits
lilygo-esp32-ttgo-t-oi-plus,TTGO T-OI Plus,LILYGO,board,missing,0,0,0,0,False,Physical connector map; Independent all-connector completeness review; Revision match and electrical limits
lilygo-esp32-ttgo-t8-esp32-s2,TTGO T8 ESP32-S2,LILYGO,board,missing,0,0,0,0,False,Physical connector map; Independent all-connector completeness review; Revision match and electrical limits
lilygo-esp32-ttgo-t8-esp32-s2-st7789,TTGO T8 ESP32-S2 ST7789,LILYGO,board,missing,0,0,0,0,False,Physical connector map; Independent all-connector completeness review; Revision match and electrical limits
lilygo-esp32-ttgo-t8-esp32-s2-wroom,TTGO T8 ESP32-S2-WROOM,LILYGO,board,missing,0,0,0,0,False,Physical connector map; Independent all-connector completeness review; Revision match and electrical limits
lilygo-esp32-ttgo-t8-v1-7-esp32,TTGO T8 V1.7 ESP32,LILYGO,board,missing,0,0,0,0,False,Physical connector map; Independent all-connector completeness review; Revision match and electrical limits
lolin-esp32-d1-mini,D1 MINI,LOLIN,board,pinout-source,1,0,0,0,False,Independent all-connector completeness review; Revision match and electrical limits
lolin-esp32-d1-mini-lite,D1 MINI LITE,LOLIN,board,missing,0,0,0,0,False,Physical connector map; Independent all-connector completeness review; Revision match and electrical limits
lolin-esp32-d1-mini-pro,D1 MINI PRO,LOLIN,board,missing,0,0,0,0,False,Physical connector map; Independent all-connector completeness review; Revision match and electrical limits
luatos-esp32-core-esp32c3,Luatos Core ESP32C3,Luatos,board,pinout-source,1,0,0,0,False,Independent all-connector completeness review; Revision match and electrical limits
luatos-esp32-esp32-c3-core-board-ch343-usb-uart,Luatos ESP32-C3 Core Board – CH343 USB UART,Luatos,board,missing,0,0,0,0,False,Physical connector map; Independent all-connector completeness review; Revision match and electrical limits
m5stack-esp32-atom-echo-smart-speaker,ATOM Echo Smart Speaker,M5Stack,board,missing,0,0,0,0,False,Physical connector map; Independent all-connector completeness review; Revision match and electrical limits
m5stack-esp32-atom-lite-esp32-iot,ATOM Lite ESP32 IoT,M5Stack,board,pinout-source,1,0,0,0,False,Independent all-connector completeness review; Revision match and electrical limits
m5stack-esp32-atom-matrix-esp32,ATOM Matrix ESP32,M5Stack,board,pinout-source,1,0,0,0,False,Independent all-connector completeness review; Revision match and electrical limits
m5stack-esp32-atoms3-dev-kit-w-0-85-inch-screen,AtomS3 Dev Kit w/ 0.85-inch Screen,M5Stack,board,pinout-source,1,0,0,0,False,Independent all-connector completeness review; Revision match and electrical limits
m5stack-esp32-atoms3-lite-esp32s3-dev-kit,AtomS3 Lite ESP32S3 Dev Kit,M5Stack,board,pinout-source,1,0,0,0,False,Independent all-connector completeness review; Revision match and electrical limits
m5stack-esp32-atoms3r,AtomS3R,M5Stack,board,pinout-source,1,0,0,0,False,Independent all-connector completeness review; Revision match and electrical limits
m5stack-esp32-atoms3u-esp32s3-dev-kit,AtomS3U ESP32S3 Dev Kit,M5Stack,board,missing,0,0,0,0,False,Physical connector map; Independent all-connector completeness review; Revision match and electrical limits
m5stack-esp32-atomu-esp32,AtomU ESP32,M5Stack,board,missing,0,0,0,0,False,Physical connector map; Independent all-connector completeness review; Revision match and electrical limits
m5stack-esp32-core2-esp32-iot,Core2 ESP32 IoT,M5Stack,board,missing,0,0,0,0,False,Physical connector map; Independent all-connector completeness review; Revision match and electrical limits
m5stack-esp32-cores3,CoreS3,M5Stack,board,reference-only,0,0,0,0,False,Physical connector map; Independent all-connector completeness review; Revision match and electrical limits
m5stack-esp32-cores3-esp32-iot,CoreS3 ESP32 IoT,M5Stack,board,missing,0,0,0,0,False,Physical connector map; Independent all-connector completeness review; Revision match and electrical limits
m5stack-esp32-cores3-se-esp32s3-iot,CoreS3 SE ESP32S3 IoT,M5Stack,board,missing,0,0,0,0,False,Physical connector map; Independent all-connector completeness review; Revision match and electrical limits
m5stack-esp32-dial-smart-rotary-knob-with-touch-screen,Dial - Smart Rotary Knob with Touch Screen,M5Stack,board,missing,0,0,0,0,False,Physical connector map; Independent all-connector completeness review; Revision match and electrical limits
m5stack-esp32-esp32-basic-core-iot,ESP32 Basic Core IoT,M5Stack,board,missing,0,0,0,0,False,Physical connector map; Independent all-connector completeness review; Revision match and electrical limits
m5stack-esp32-m5paper-esp32-dev-kit,M5Paper ESP32 Dev Kit,M5Stack,board,missing,0,0,0,0,False,Physical connector map; Independent all-connector completeness review; Revision match and electrical limits
m5stack-esp32-cardputer-m5stamps3-powered-mini-computer,M5Stack CardPuter - M5StampS3 powered mini computer,M5Stack,board,missing,0,0,0,0,False,Physical connector map; Independent all-connector completeness review; Revision match and electrical limits
m5stack-esp32-cardputer-m5stamps3-powered-mini-computer-microros,M5Stack CardPuter - M5StampS3 powered mini computer (MicroROS),M5Stack,board,missing,0,0,0,0,False,Physical connector map; Independent all-connector completeness review; Revision match and electrical limits
m5stack-esp32-din-meter-w-m5stamps3,M5Stack Din Meter w/ M5StampS3,M5Stack,board,missing,0,0,0,0,False,Physical connector map; Independent all-connector completeness review; Revision match and electrical limits
m5stack-esp32-fire-iot,M5Stack FIRE IoT,M5Stack,board,missing,0,0,0,0,False,Physical connector map; Independent all-connector completeness review; Revision match and electrical limits
m5stack-esp32-tab5-iot-development-kit,M5Stack Tab5 IoT Development Kit,M5Stack,board,pinout-source,1,0,0,0,False,Independent all-connector completeness review; Revision match and electrical limits
m5stack-esp32-timer-camera-x,M5Stack Timer Camera X,M5Stack,board,missing,0,0,0,0,False,Physical connector map; Independent all-connector completeness review; Revision match and electrical limits
m5stack-esp32-m5stamp-c3,M5Stamp C3,M5Stack,board,pinout-source,1,0,0,0,False,Independent all-connector completeness review; Revision match and electrical limits
m5stack-esp32-m5stamp-s3,M5Stamp S3,M5Stack,board,missing,0,0,0,0,False,Physical connector map; Independent all-connector completeness review; Revision match and electrical limits
m5stack-esp32-m5stickc-esp32-pico-mini-iot,M5StickC ESP32-PICO Mini IoT,M5Stack,board,missing,0,0,0,0,False,Physical connector map; Independent all-connector completeness review; Revision match and electrical limits
m5stack-esp32-m5stickc-plus-esp32-pico-mini-iot,M5StickC PLUS ESP32-PICO Mini IoT,M5Stack,board,missing,0,0,0,0,False,Physical connector map; Independent all-connector completeness review; Revision match and electrical limits
m5stack-esp32-stamp-c6lora,Stamp C6LoRa,M5Stack,board,pinout-source,1,0,0,0,False,Independent all-connector completeness review; Revision match and electrical limits
m5stack-esp32-stamp-c3-mate,Stamp-C3 Mate,M5Stack,board,pinout-source,1,0,0,0,False,Independent all-connector completeness review; Revision match and electrical limits
m5stack-esp32-stamp-c3u,Stamp-C3U,M5Stack,board,pinout-source,1,0,0,0,False,Independent all-connector completeness review; Revision match and electrical limits
m5stack-esp32-stamp-c3u-mate,Stamp-C3U Mate,M5Stack,board,pinout-source,1,0,0,0,False,Independent all-connector completeness review; Revision match and electrical limits
m5stack-esp32-stamp-c5,Stamp-C5,M5Stack,board,pinout-source,1,0,0,0,False,Independent all-connector completeness review; Revision match and electrical limits
m5stack-esp32-stamp-c5-dip,Stamp-C5 DIP,M5Stack,board,pinout-source,1,0,0,0,False,Independent all-connector completeness review; Revision match and electrical limits
m5stack-esp32-stamp-p4,Stamp-P4,M5Stack,board,pinout-source,1,0,0,0,False,Independent all-connector completeness review; Revision match and electrical limits
m5stack-esp32-stamp-pico,Stamp-Pico,M5Stack,board,pinout-source,1,0,0,0,False,Independent all-connector completeness review; Revision match and electrical limits
m5stack-esp32-stamp-pico-diy-kit,Stamp-Pico DIY Kit,M5Stack,board,pinout-source,1,0,0,0,False,Independent all-connector completeness review; Revision match and electrical limits
m5stack-esp32-stamp-pico-mate,Stamp-Pico Mate,M5Stack,board,pinout-source,1,0,0,0,False,Independent all-connector completeness review; Revision match and electrical limits
m5stack-esp32-stamp-s3,Stamp-S3,M5Stack,board,pinout-source,1,0,0,0,False,Independent all-connector completeness review; Revision match and electrical limits
m5stack-esp32-stamp-s3-pin1-27,Stamp-S3 PIN1.27,M5Stack,board,pinout-source,2,0,0,0,False,Independent all-connector completeness review; Revision match and electrical limits
m5stack-esp32-stamp-s3-pin2-54,Stamp-S3 PIN2.54,M5Stack,board,pinout-source,2,0,0,0,False,Independent all-connector completeness review; Revision match and electrical limits
m5stack-esp32-stamp-s3a,Stamp-S3A,M5Stack,board,pinout-source,1,0,0,0,False,Independent all-connector completeness review; Revision match and electrical limits
m5stack-esp32-stamp-s3bat,Stamp-S3Bat,M5Stack,board,pinout-source,1,0,0,0,False,Independent all-connector completeness review; Revision match and electrical limits
m5stack-esp32-stamp-s3bat-dip,Stamp-S3Bat DIP,M5Stack,board,pinout-source,1,0,0,0,False,Independent all-connector completeness review; Revision match and electrical limits
maker-go-esp32-esp32c3-supermini,Maker Go ESP32C3 Supermini,Maker Go,board,missing,0,0,0,0,False,Physical connector map; Independent all-connector completeness review; Revision match and electrical limits
maker-go-esp32-esp32c6-supermini,Maker Go ESP32C6 Supermini,Maker Go,board,pinout-source,1,0,0,0,False,Independent all-connector completeness review; Revision match and electrical limits
makerfabs-esp32-matouch-esp32-s3-parallel-tft-with-touch-7,MaTouch ESP32-S3 Parallel TFT with Touch 7“,Makerfabs,board,missing,0,0,0,0,False,Physical connector map; Independent all-connector completeness review; Revision match and electrical limits
makerm0-esp32-magiclick-s3,MagiClick S3,MakerM0,board,missing,0,0,0,0,False,Physical connector map; Independent all-connector completeness review; Revision match and electrical limits
microdev-esp32-microc3,MicroDev microC3,MicroDev,board,missing,0,0,0,0,False,Physical connector map; Independent all-connector completeness review; Revision match and electrical limits
microdev-esp32-micros2,MicroDev microS2,MicroDev,board,missing,0,0,0,0,False,Physical connector map; Independent all-connector completeness review; Revision match and electrical limits
mixly-esp32-mixgo-ce-serial,MixGo CE Serial,Mixly,board,missing,0,0,0,0,False,Physical connector map; Independent all-connector completeness review; Revision match and electrical limits
mixly-esp32-mixgo-ce-udisk,MixGo CE UDisk,Mixly,board,missing,0,0,0,0,False,Physical connector map; Independent all-connector completeness review; Revision match and electrical limits
morpheans-esp32-morphesp-240,MorphESP 240,Morpheans,board,missing,0,0,0,0,False,Physical connector map; Independent all-connector completeness review; Revision match and electrical limits
muselab-esp32-nanoesp32-s2-w-wroom,NanoESP32 S2 w/WROOM,Muselab,board,missing,0,0,0,0,False,Physical connector map; Independent all-connector completeness review; Revision match and electrical limits
muselab-esp32-nanoesp32-s2-w-wrover,NanoESP32 S2 w/WROVER,Muselab,board,missing,0,0,0,0,False,Physical connector map; Independent all-connector completeness review; Revision match and electrical limits
nhb-systems-esp32-jl401-s3-4mb-flash-2mb-psram,NHB Systems JL401-S3 4MB Flash 2MB PSRAM,NHB Systems,board,missing,0,0,0,0,False,Physical connector map; Independent all-connector completeness review; Revision match and electrical limits
nodemcu-esp32-devkit-0-9,NodeMCU DevKit 0.9,NodeMCU,board,pinout-source,1,0,0,0,False,Independent all-connector completeness review; Revision match and electrical limits
nodemcu-esp32-devkit-1-0,NodeMCU DevKit 1.0,NodeMCU,board,pinout-source,1,0,0,0,False,Independent all-connector completeness review; Revision match and electrical limits
nodemcu-esp32-esp32-c2,NodeMCU ESP32-C2,NodeMCU,board,missing,0,0,0,0,False,Physical connector map; Independent all-connector completeness review; Revision match and electrical limits
nologo-esp32-esp32-do,ESP32 Do,Nologo,board,missing,0,0,0,0,False,Physical connector map; Independent all-connector completeness review; Revision match and electrical limits
nologo-esp32-esp32-c3-1-28tft,ESP32-C3 1.28TFT,Nologo,board,missing,0,0,0,0,False,Physical connector map; Independent all-connector completeness review; Revision match and electrical limits
nologo-esp32-esp32-c3-supermini,ESP32-C3 SuperMini,Nologo,board,reference-only,0,0,0,0,False,Physical connector map; Independent all-connector completeness review; Revision match and electrical limits
nologo-esp32-esp32-c6-hxb,ESP32-C6 HXB,Nologo,board,missing,0,0,0,0,False,Physical connector map; Independent all-connector completeness review; Revision match and electrical limits
nologo-esp32-esp32-c6-supermini,ESP32-C6 SuperMini,Nologo,board,missing,0,0,0,0,False,Physical connector map; Independent all-connector completeness review; Revision match and electrical limits
nologo-esp32-esp32-h2-supermini,ESP32-H2 SuperMini,Nologo,board,missing,0,0,0,0,False,Physical connector map; Independent all-connector completeness review; Revision match and electrical limits
nologo-esp32-esp32-h2hxb,ESP32-H2HXB,Nologo,board,missing,0,0,0,0,False,Physical connector map; Independent all-connector completeness review; Revision match and electrical limits
nologo-esp32-esp32-s2-pico,ESP32-S2 Pico,Nologo,board,pinout-source,1,0,0,0,False,Independent all-connector completeness review; Revision match and electrical limits
nologo-esp32-esp32-s3-0-85-ai,ESP32-S3 0.85小智AI,Nologo,board,missing,0,0,0,0,False,Physical connector map; Independent all-connector completeness review; Revision match and electrical limits
nologo-esp32-esp32-s3-1-14-inch-tft,ESP32-S3 1.14-inch TFT,Nologo,board,pinout-source,1,0,0,0,False,Independent all-connector completeness review; Revision match and electrical limits
nologo-esp32-esp32-s3-1-28-touch-lcd,ESP32-S3 1.28寸 Touch LCD,Nologo,board,missing,0,0,0,0,False,Physical connector map; Independent all-connector completeness review; Revision match and electrical limits
nologo-esp32-esp32-s3-1-91-inch-tft,ESP32-S3 1.91-inch TFT,Nologo,board,missing,0,0,0,0,False,Physical connector map; Independent all-connector completeness review; Revision match and electrical limits
nologo-esp32-esp32-s3-hxb,ESP32-S3 HXB,Nologo,board,missing,0,0,0,0,False,Physical connector map; Independent all-connector completeness review; Revision match and electrical limits
nologo-esp32-esp32-s3-matrixbitv3-0,ESP32-S3 Matrixbitv3.0,Nologo,board,missing,0,0,0,0,False,Physical connector map; Independent all-connector completeness review; Revision match and electrical limits
nologo-esp32-esp32-s3-pico,ESP32-S3 Pico,Nologo,board,pinout-source,2,0,0,0,False,Independent all-connector completeness review; Revision match and electrical limits
nologo-esp32-esp32-s3-supermini,ESP32-S3 SuperMini,Nologo,board,pinout-source,1,0,0,0,False,Independent all-connector completeness review; Revision match and electrical limits
nologo-esp32-esp32-s3-uno,ESP32-S3 UNO,Nologo,board,missing,0,0,0,0,False,Physical connector map; Independent all-connector completeness review; Revision match and electrical limits
nologo-esp32-esp32-s3-xingzhi-ai,ESP32-S3 Xingzhi AI,Nologo,board,reference-only,0,0,0,0,False,Physical connector map; Independent all-connector completeness review; Revision match and electrical limits
nologo-esp32-esp32-s3-cube-2-0,ESP32-S3 星智CUBE 2.0,Nologo,board,missing,0,0,0,0,False,Physical connector map; Independent all-connector completeness review; Revision match and electrical limits
oak-development-technologies-esp32-pixelwing-esp32-s2-rgb-matrix,PixelWing ESP32-S2 RGB Matrix,Oak Development Technologies,board,missing,0,0,0,0,False,Physical connector map; Independent all-connector completeness review; Revision match and electrical limits
olimex-esp32-esp32-c5-devkit-lipo,ESP32-C5-DevKit-Lipo,Olimex,board,pinout-source,1,0,0,0,False,Independent all-connector completeness review; Revision match and electrical limits
olimex-esp32-esp32-c5-evb,ESP32-C5-EVB,Olimex,board,pinout-source,1,0,0,0,False,Independent all-connector completeness review; Revision match and electrical limits
olimex-esp32-mod-esp32-c5,MOD-ESP32-C5,Olimex,board,pinout-source,1,0,0,0,False,Independent all-connector completeness review; Revision match and electrical limits
oxocard-esp32-artwork-card,Oxocard Artwork Card,Oxocard,board,missing,0,0,0,0,False,Physical connector map; Independent all-connector completeness review; Revision match and electrical limits
oxocard-esp32-connect-card,Oxocard Connect Card,Oxocard,board,missing,0,0,0,0,False,Physical connector map; Independent all-connector completeness review; Revision match and electrical limits
oxocard-esp32-galaxy-card,Oxocard Galaxy Card,Oxocard,board,missing,0,0,0,0,False,Physical connector map; Independent all-connector completeness review; Revision match and electrical limits
oxocard-esp32-science-card,Oxocard Science Card,Oxocard,board,missing,0,0,0,0,False,Physical connector map; Independent all-connector completeness review; Revision match and electrical limits
pandabyte-esp32-xc5,xC5,PandaByte,board,pinout-source,1,0,0,0,False,Independent all-connector completeness review; Revision match and electrical limits
pcbcupid-esp32-glyph-c5,GLYPH C5,PCBCupid,board,missing,0,0,0,0,False,Physical connector map; Independent all-connector completeness review; Revision match and electrical limits
pcbcupid-esp32-glyph-c3,Pcbcupid GLYPH C3,Pcbcupid,board,missing,0,0,0,0,False,Physical connector map; Independent all-connector completeness review; Revision match and electrical limits
pcbcupid-esp32-glyph-c6,Pcbcupid GLYPH C6,Pcbcupid,board,missing,0,0,0,0,False,Physical connector map; Independent all-connector completeness review; Revision match and electrical limits
pcbcupid-esp32-glyph-h2,Pcbcupid GLYPH H2,Pcbcupid,board,missing,0,0,0,0,False,Physical connector map; Independent all-connector completeness review; Revision match and electrical limits
pcbcupid-esp32-glyph-s3,Pcbcupid GLYPH S3,Pcbcupid,board,missing,0,0,0,0,False,Physical connector map; Independent all-connector completeness review; Revision match and electrical limits
prokyber-esp32-ai-on-the-edge-cam,AI-On-The-Edge-Cam,Prokyber,board,missing,0,0,0,0,False,Physical connector map; Independent all-connector completeness review; Revision match and electrical limits
radomir-dopieralski-esp32-game-s3,µGame S3,Radomir Dopieralski,board,missing,0,0,0,0,False,Physical connector map; Independent all-connector completeness review; Revision match and electrical limits
rakwireless-esp32-rak11200,RAK11200,RAKwireless,board,pinout-source,1,0,0,0,False,Independent all-connector completeness review; Revision match and electrical limits
seeed-studio-esp32-esp32-breakout-kit,ESP32 Breakout Kit,Seeed Studio,board,pinout-source,1,0,0,0,False,Independent all-connector completeness review; Revision match and electrical limits
seeed-studio-esp32-xiao-esp32-s3-trmnl-diy-kit,Seeed Studio XIAO ESP32-S3 TRMNL DIY Kit,Seeed Studio,board,missing,0,0,0,0,False,Physical connector map; Independent all-connector completeness review; Revision match and electrical limits
seeed-studio-esp32-xiao-esp32c3,XIAO ESP32C3,Seeed Studio,board,pinout-source,3,0,0,0,False,Independent all-connector completeness review; Revision match and electrical limits
seeed-studio-esp32-xiao-esp32c5,XIAO ESP32C5,Seeed Studio,board,pinout-source,2,0,0,0,False,Independent all-connector completeness review; Revision match and electrical limits
seeed-studio-esp32-xiao-esp32c6,XIAO ESP32C6,Seeed Studio,board,pinout-source,2,0,0,0,False,Independent all-connector completeness review; Revision match and electrical limits
seeed-studio-esp32-xiao-esp32s3,XIAO ESP32S3,Seeed Studio,board,pinout-source,2,0,0,0,False,Independent all-connector completeness review; Revision match and electrical limits
seeed-studio-esp32-xiao-esp32s3-wio-sx1262-kit,XIAO ESP32S3 & Wio-SX1262 Kit,Seeed Studio,board,pinout-source,2,0,0,0,False,Independent all-connector completeness review; Revision match and electrical limits
seeed-studio-esp32-xiao-esp32s3-wio-sx1262-kit-with-3d-printed-enclosure,XIAO ESP32S3 & Wio-SX1262 Kit with 3D Printed Enclosure,Seeed Studio,board,pinout-source,2,0,0,0,False,Independent all-connector completeness review; Revision match and electrical limits
seeed-studio-esp32-xiao-esp32s3-plus,XIAO ESP32S3 Plus,Seeed Studio,board,pinout-source,2,0,0,0,False,Independent all-connector completeness review; Revision match and electrical limits
seeed-studio-esp32-xiao-esp32s3-sense,XIAO ESP32S3 Sense,Seeed Studio,board,pinout-source,3,0,0,0,False,Independent all-connector completeness review; Revision match and electrical limits
sensebox-esp32-mcu-eye,senseBox MCU Eye,senseBox,board,missing,0,0,0,0,False,Physical connector map; Independent all-connector completeness review; Revision match and electrical limits
sensebox-esp32-mcu-s2,senseBox MCU-S2,senseBox,board,missing,0,0,0,0,False,Physical connector map; Independent all-connector completeness review; Revision match and electrical limits
sensebox-esp32-sensebox-eye-with-esp32s3,senseBox-eye with ESP32S3,senseBox,board,missing,0,0,0,0,False,Physical connector map; Independent all-connector completeness review; Revision match and electrical limits
smart-bee-designs-esp32-bee-data-logger,Bee Data Logger,Smart Bee Designs,board,missing,0,0,0,0,False,Physical connector map; Independent all-connector completeness review; Revision match and electrical limits
smart-bee-designs-esp32-bee-motion-s3,Bee Motion S3,Smart Bee Designs,board,missing,0,0,0,0,False,Physical connector map; Independent all-connector completeness review; Revision match and electrical limits
smart-bee-designs-esp32-bee-s3,Bee S3,Smart Bee Designs,board,missing,0,0,0,0,False,Physical connector map; Independent all-connector completeness review; Revision match and electrical limits
solder-party-esp32-esp32-p4-stamp-xl,ESP32-P4 Stamp XL,Solder Party,board,missing,0,0,0,0,False,Physical connector map; Independent all-connector completeness review; Revision match and electrical limits
soldered-esp32-nula-dual-esp32-c5,NULA Dual ESP32-C5,Soldered,board,missing,0,0,0,0,False,Physical connector map; Independent all-connector completeness review; Revision match and electrical limits
sparkfun-esp32-esp8266-thing,ESP8266 Thing,SparkFun,board,pinout-source,1,0,0,0,False,Independent all-connector completeness review; Revision match and electrical limits
sparkfun-esp32-esp8266-thing-dev,ESP8266 Thing Dev,SparkFun,board,pinout-source,1,0,0,0,False,Independent all-connector completeness review; Revision match and electrical limits
sparkfun-esp32-thing-plus-esp32-c5,Thing Plus ESP32-C5,SparkFun,board,missing,0,0,0,0,False,Physical connector map; Independent all-connector completeness review; Revision match and electrical limits
spotpear-esp32-esp32c3-lcd-1-44,Spotpear ESP32C3 LCD 1.44,Spotpear,board,missing,0,0,0,0,False,Physical connector map; Independent all-connector completeness review; Revision match and electrical limits
spotpear-esp32-esp32c3-lcd-1-69-touchscreen,Spotpear ESP32C3 LCD 1.69 Touchscreen,Spotpear,board,missing,0,0,0,0,False,Physical connector map; Independent all-connector completeness review; Revision match and electrical limits
squarofumi-esp32-watchy,Watchy,Squarofumi,board,missing,0,0,0,0,False,Physical connector map; Independent all-connector completeness review; Revision match and electrical limits
sunton-esp32-esp32-2424s012,Sunton ESP32-2424S012,Sunton,board,missing,0,0,0,0,False,Physical connector map; Independent all-connector completeness review; Revision match and electrical limits
sunton-esp32-esp32-2432s024c,Sunton ESP32-2432S024C,Sunton,board,missing,0,0,0,0,False,Physical connector map; Independent all-connector completeness review; Revision match and electrical limits
sunton-esp32-esp32-2432s028,Sunton ESP32-2432S028,Sunton,board,missing,0,0,0,0,False,Physical connector map; Independent all-connector completeness review; Revision match and electrical limits
sunton-esp32-esp32-2432s032c,Sunton ESP32-2432S032C,Sunton,board,missing,0,0,0,0,False,Physical connector map; Independent all-connector completeness review; Revision match and electrical limits
sunton-esp32-esp32-8048s050,Sunton ESP32-8048S050,Sunton,board,missing,0,0,0,0,False,Physical connector map; Independent all-connector completeness review; Revision match and electrical limits
sunton-esp32-esp32-8048s070,Sunton ESP32-8048S070,Sunton,board,missing,0,0,0,0,False,Physical connector map; Independent all-connector completeness review; Revision match and electrical limits
targett-esp32-esp32-s2-module-clip-wroom,Targett ESP32-S2 Module Clip (WROOM),Targett,board,missing,0,0,0,0,False,Physical connector map; Independent all-connector completeness review; Revision match and electrical limits
targett-esp32-esp32-s2-module-clip-wrover,Targett ESP32-S2 Module Clip (WROVER),Targett,board,missing,0,0,0,0,False,Physical connector map; Independent all-connector completeness review; Revision match and electrical limits
thingpulse-esp32-pendrive-s3,ThingPulse Pendrive S3,ThingPulse,board,missing,0,0,0,0,False,Physical connector map; Independent all-connector completeness review; Revision match and electrical limits
turkish-technology-team-foundation-esp32-deneyap-kart,Deneyap Kart,Turkish Technology Team Foundation,board,missing,0,0,0,0,False,Physical connector map; Independent all-connector completeness review; Revision match and electrical limits
turkish-technology-team-foundation-esp32-deneyap-kart-1a,Deneyap Kart 1A,Turkish Technology Team Foundation,board,missing,0,0,0,0,False,Physical connector map; Independent all-connector completeness review; Revision match and electrical limits
turkish-technology-team-foundation-esp32-deneyap-kart-1a-v2,Deneyap Kart 1A v2,Turkish Technology Team Foundation,board,missing,0,0,0,0,False,Physical connector map; Independent all-connector completeness review; Revision match and electrical limits
turkish-technology-team-foundation-esp32-deneyap-kart-g,Deneyap Kart G,Turkish Technology Team Foundation,board,missing,0,0,0,0,False,Physical connector map; Independent all-connector completeness review; Revision match and electrical limits
turkish-technology-team-foundation-esp32-deneyap-mini,Deneyap Mini,Turkish Technology Team Foundation,board,missing,0,0,0,0,False,Physical connector map; Independent all-connector completeness review; Revision match and electrical limits
turkish-technology-team-foundation-esp32-deneyap-mini-v2,Deneyap Mini v2,Turkish Technology Team Foundation,board,missing,0,0,0,0,False,Physical connector map; Independent all-connector completeness review; Revision match and electrical limits
unexpected-maker-esp32-edges3d,EdgeS3D,Unexpected Maker,board,pinout-source,1,0,0,0,False,Independent all-connector completeness review; Revision match and electrical limits
unexpected-maker-esp32-feathers3,FeatherS3,Unexpected Maker,board,pinout-source,1,0,0,0,False,Independent all-connector completeness review; Revision match and electrical limits
unexpected-maker-esp32-feathers3-ufl,FeatherS3 uFL,Unexpected Maker,board,pinout-source,1,0,0,0,False,Independent all-connector completeness review; Revision match and electrical limits
unexpected-maker-esp32-feathers3d,FeatherS3D,Unexpected Maker,board,pinout-source,1,0,0,0,False,Independent all-connector completeness review; Revision match and electrical limits
unexpected-maker-esp32-feathers3neo,FeatherS3Neo,Unexpected Maker,board,pinout-source,1,0,0,0,False,Independent all-connector completeness review; Revision match and electrical limits
unexpected-maker-esp32-nanos3,NanoS3,Unexpected Maker,board,pinout-source,1,0,0,0,False,Independent all-connector completeness review; Revision match and electrical limits
unexpected-maker-esp32-omgs3,OMGS3,Unexpected Maker,board,pinout-source,1,0,0,0,False,Independent all-connector completeness review; Revision match and electrical limits
unexpected-maker-esp32-pros3,ProS3,Unexpected Maker,board,pinout-source,1,0,0,0,False,Independent all-connector completeness review; Revision match and electrical limits
unexpected-maker-esp32-pros3-ufl,ProS3 uFL,Unexpected Maker,board,pinout-source,1,0,0,0,False,Independent all-connector completeness review; Revision match and electrical limits
unexpected-maker-esp32-pros3d,ProS3D,Unexpected Maker,board,pinout-source,1,0,0,0,False,Independent all-connector completeness review; Revision match and electrical limits
unexpected-maker-esp32-tinys3,TinyS3,Unexpected Maker,board,pinout-source,1,0,0,0,False,Independent all-connector completeness review; Revision match and electrical limits
unexpected-maker-esp32-tinys3-ufl,TinyS3 uFL,Unexpected Maker,board,pinout-source,1,0,0,0,False,Independent all-connector completeness review; Revision match and electrical limits
unexpected-maker-esp32-tinys3d,TinyS3D,Unexpected Maker,board,pinout-source,1,0,0,0,False,Independent all-connector completeness review; Revision match and electrical limits
unexpected-maker-esp32-bling,Unexpected Maker Bling,Unexpected Maker,board,missing,0,0,0,0,False,Physical connector map; Independent all-connector completeness review; Revision match and electrical limits
unexpected-maker-esp32-blizzard-s3,Unexpected Maker Blizzard S3,Unexpected Maker,board,missing,0,0,0,0,False,Physical connector map; Independent all-connector completeness review; Revision match and electrical limits
unexpected-maker-esp32-edges3-d,Unexpected Maker EdgeS3[D],Unexpected Maker,board,missing,0,0,0,0,False,Physical connector map; Independent all-connector completeness review; Revision match and electrical limits
unexpected-maker-esp32-feathers2,Unexpected Maker FeatherS2,Unexpected Maker,board,missing,0,0,0,0,False,Physical connector map; Independent all-connector completeness review; Revision match and electrical limits
unexpected-maker-esp32-feathers2-neo,Unexpected Maker FeatherS2 Neo,Unexpected Maker,board,pinout-source,1,0,0,0,False,Independent all-connector completeness review; Revision match and electrical limits
unexpected-maker-esp32-feathers2-prerelease,Unexpected Maker FeatherS2 Prerelease,Unexpected Maker,board,missing,0,0,0,0,False,Physical connector map; Independent all-connector completeness review; Revision match and electrical limits
unexpected-maker-esp32-feathers3-neo,Unexpected Maker FeatherS3 Neo,Unexpected Maker,board,missing,0,0,0,0,False,Physical connector map; Independent all-connector completeness review; Revision match and electrical limits
unexpected-maker-esp32-rgbtouch-mini,Unexpected Maker RGBTouch Mini,Unexpected Maker,board,missing,0,0,0,0,False,Physical connector map; Independent all-connector completeness review; Revision match and electrical limits
unexpected-maker-esp32-tinyc6,Unexpected Maker TinyC6,Unexpected Maker,board,missing,0,0,0,0,False,Physical connector map; Independent all-connector completeness review; Revision match and electrical limits
unexpected-maker-esp32-tinypico,Unexpected Maker TinyPICO,Unexpected Maker,board,pinout-source,1,0,0,0,False,Independent all-connector completeness review; Revision match and electrical limits
unexpected-maker-esp32-tinypico-nano,Unexpected Maker TinyPICO NANO,Unexpected Maker,board,missing,0,0,0,0,False,Physical connector map; Independent all-connector completeness review; Revision match and electrical limits
unexpected-maker-esp32-tinys2,Unexpected Maker TinyS2,Unexpected Maker,board,missing,0,0,0,0,False,Physical connector map; Independent all-connector completeness review; Revision match and electrical limits
unexpected-maker-esp32-tinywatch-s3,Unexpected Maker TinyWATCH S3,Unexpected Maker,board,missing,0,0,0,0,False,Physical connector map; Independent all-connector completeness review; Revision match and electrical limits
unknown-esp32-artisense-reference-design-rd00,Artisense Reference Design RD00,Unknown,board,missing,0,0,0,0,False,Physical connector map; Independent all-connector completeness review; Revision match and electrical limits
vcc-gnd-studio-esp32-yd-esp32-s3,YD-ESP32-S3,VCC-GND Studio,board,pinout-source,1,0,0,0,False,Independent all-connector completeness review; Revision match and electrical limits
vcc-gnd-studio-esp32-yd-esp32-s3-n16r8,YD-ESP32-S3 N16R8,VCC-GND Studio,board,missing,0,0,0,0,False,Physical connector map; Independent all-connector completeness review; Revision match and electrical limits
vcc-gnd-studio-esp32-yd-esp32-s3-n8r8,YD-ESP32-S3 N8R8,VCC-GND Studio,board,missing,0,0,0,0,False,Physical connector map; Independent all-connector completeness review; Revision match and electrical limits
vidi-esp32-x-v1-1,VIDI X V1.1,VIDI,board,missing,0,0,0,0,False,Physical connector map; Independent all-connector completeness review; Revision match and electrical limits
waveshare-esp32-e-paper-esp32-driver-board,E-Paper ESP32 Driver Board,Waveshare,board,missing,0,0,0,0,False,Physical connector map; Independent all-connector completeness review; Revision match and electrical limits
waveshare-esp32-e-paper-esp8266-driver-board,E-Paper ESP8266 Driver Board,Waveshare,board,missing,0,0,0,0,False,Physical connector map; Independent all-connector completeness review; Revision match and electrical limits
waveshare-esp32-esp32-one,ESP32 One,Waveshare,board,pinout-source,1,0,0,0,False,Independent all-connector completeness review; Revision match and electrical limits
waveshare-esp32-esp32-c3-lcd-0-71,ESP32-C3-LCD-0.71,Waveshare,board,pinout-source,2,0,0,0,False,Independent all-connector completeness review; Revision match and electrical limits
waveshare-esp32-esp32-c3-lcd-1-47,ESP32-C3-LCD-1.47,Waveshare,board,pinout-source,2,0,0,0,False,Independent all-connector completeness review; Revision match and electrical limits
waveshare-esp32-esp32-c3-zero,ESP32-C3-Zero,Waveshare,board,pinout-source,3,0,0,0,False,Independent all-connector completeness review; Revision match and electrical limits
waveshare-esp32-esp32-c5-lcd-1-47,ESP32-C5-LCD-1.47,Waveshare,board,pinout-source,1,0,0,0,False,Independent all-connector completeness review; Revision match and electrical limits
waveshare-esp32-esp32-c5-lcd-2-73,ESP32-C5-LCD-2.73,Waveshare,board,missing,0,0,0,0,False,Physical connector map; Independent all-connector completeness review; Revision match and electrical limits
waveshare-esp32-esp32-c5-mini-kit,ESP32-C5-MINI-KIT,Waveshare,board,pinout-source,2,0,0,0,False,Independent all-connector completeness review; Revision match and electrical limits
waveshare-esp32-esp32-c5-pico,ESP32-C5-Pico,Waveshare,board,pinout-source,2,0,0,0,False,Independent all-connector completeness review; Revision match and electrical limits
waveshare-esp32-esp32-c5-touch-lcd-1-69,ESP32-C5-Touch-LCD-1.69,Waveshare,board,pinout-source,2,0,0,0,False,Independent all-connector completeness review; Revision match and electrical limits
waveshare-esp32-esp32-c5-touch-lcd-2-8,ESP32-C5-Touch-LCD-2.8,Waveshare,board,pinout-source,2,0,0,0,False,Independent all-connector completeness review; Revision match and electrical limits
waveshare-esp32-esp32-c5-touch-lcd-3-5,ESP32-C5-Touch-LCD-3.5,Waveshare,board,missing,0,0,0,0,False,Physical connector map; Independent all-connector completeness review; Revision match and electrical limits
waveshare-esp32-esp32-c5-wifi6-kit,ESP32-C5-WIFI6-KIT,Waveshare,board,pinout-source,3,0,0,0,False,Independent all-connector completeness review; Revision match and electrical limits
waveshare-esp32-esp32-c5-zero,ESP32-C5-Zero,Waveshare,board,pinout-source,2,0,0,0,False,Independent all-connector completeness review; Revision match and electrical limits
waveshare-esp32-esp32-c6-1-47inch-display-development-board,ESP32-C6 1.47inch Display Development Board,Waveshare,board,missing,0,0,0,0,False,Physical connector map; Independent all-connector completeness review; Revision match and electrical limits
waveshare-esp32-esp32-c6-dev-kit-n8,ESP32-C6-DEV-KIT-N8,Waveshare,board,pinout-source,3,0,0,0,False,Independent all-connector completeness review; Revision match and electrical limits
waveshare-esp32-esp32-c6-epaper-1-54,ESP32-C6-ePaper-1.54,Waveshare,board,missing,0,0,0,0,False,Physical connector map; Independent all-connector completeness review; Revision match and electrical limits
waveshare-esp32-esp32-c6-geek,ESP32-C6-GEEK,Waveshare,board,missing,0,0,0,0,False,Physical connector map; Independent all-connector completeness review; Revision match and electrical limits
waveshare-esp32-esp32-c6-lcd-0-85,ESP32-C6-LCD-0.85,Waveshare,board,reference-only,0,0,0,0,False,Physical connector map; Independent all-connector completeness review; Revision match and electrical limits
waveshare-esp32-esp32-c6-lcd-1-28,ESP32-C6-LCD-1.28,Waveshare,board,pinout-source,2,0,0,0,False,Independent all-connector completeness review; Revision match and electrical limits
waveshare-esp32-esp32-c6-lcd-1-3,ESP32-C6-LCD-1.3,Waveshare,board,pinout-source,2,0,0,0,False,Independent all-connector completeness review; Revision match and electrical limits
waveshare-esp32-esp32-c6-lcd-1-47,ESP32-C6-LCD-1.47,Waveshare,board,pinout-source,2,0,0,0,False,Independent all-connector completeness review; Revision match and electrical limits
waveshare-esp32-esp32-c6-lcd-1-69,ESP32-C6-LCD-1.69,Waveshare,board,pinout-source,3,0,0,0,False,Independent all-connector completeness review; Revision match and electrical limits
waveshare-esp32-esp32-c6-lcd-1-9,ESP32-C6-LCD-1.9,Waveshare,board,pinout-source,1,0,0,0,False,Independent all-connector completeness review; Revision match and electrical limits
waveshare-esp32-esp32-c6-lcd-2-73,ESP32-C6-LCD-2.73,Waveshare,board,missing,0,0,0,0,False,Physical connector map; Independent all-connector completeness review; Revision match and electrical limits
waveshare-esp32-esp32-c6-pico,ESP32-C6-Pico,Waveshare,board,pinout-source,2,0,0,0,False,Independent all-connector completeness review; Revision match and electrical limits
waveshare-esp32-esp32-c6-touch-amoled-1-32,ESP32-C6-Touch-AMOLED-1.32,Waveshare,board,pinout-source,1,0,0,0,False,Independent all-connector completeness review; Revision match and electrical limits
waveshare-esp32-esp32-c6-touch-amoled-1-43,ESP32-C6-Touch-AMOLED-1.43,Waveshare,board,missing,0,0,0,0,False,Physical connector map; Independent all-connector completeness review; Revision match and electrical limits
waveshare-esp32-esp32-c6-touch-amoled-1-64,ESP32-C6-Touch-AMOLED-1.64,Waveshare,board,pinout-source,1,0,0,0,False,Independent all-connector completeness review; Revision match and electrical limits
waveshare-esp32-esp32-c6-touch-amoled-1-8,ESP32-C6-Touch-AMOLED-1.8,Waveshare,board,pinout-source,2,0,0,0,False,Independent all-connector completeness review; Revision match and electrical limits
waveshare-esp32-esp32-c6-touch-amoled-2-06,ESP32-C6-Touch-AMOLED-2.06,Waveshare,board,reference-only,0,0,0,0,False,Physical connector map; Independent all-connector completeness review; Revision match and electrical limits
waveshare-esp32-esp32-c6-touch-amoled-2-16,ESP32-C6-Touch-AMOLED-2.16,Waveshare,board,missing,0,0,0,0,False,Physical connector map; Independent all-connector completeness review; Revision match and electrical limits
waveshare-esp32-esp32-c6-touch-lcd-1-28,ESP32-C6-Touch-LCD-1.28,Waveshare,board,pinout-source,2,0,0,0,False,Independent all-connector completeness review; Revision match and electrical limits
waveshare-esp32-esp32-c6-touch-lcd-1-47,ESP32-C6-Touch-LCD-1.47,Waveshare,board,pinout-source,3,0,0,0,False,Independent all-connector completeness review; Revision match and electrical limits
waveshare-esp32-esp32-c6-touch-lcd-1-54,ESP32-C6-Touch-LCD-1.54,Waveshare,board,missing,0,0,0,0,False,Physical connector map; Independent all-connector completeness review; Revision match and electrical limits
waveshare-esp32-esp32-c6-touch-lcd-1-69,ESP32-C6-Touch-LCD-1.69,Waveshare,board,pinout-source,3,0,0,0,False,Independent all-connector completeness review; Revision match and electrical limits
waveshare-esp32-esp32-c6-touch-lcd-1-83,ESP32-C6-Touch-LCD-1.83,Waveshare,board,reference-only,0,0,0,0,False,Physical connector map; Independent all-connector completeness review; Revision match and electrical limits
waveshare-esp32-esp32-c6-touch-lcd-2-8,ESP32-C6-Touch-LCD-2.8,Waveshare,board,pinout-source,2,0,0,0,False,Independent all-connector completeness review; Revision match and electrical limits
waveshare-esp32-esp32-c6-zero,ESP32-C6-Zero,Waveshare,board,pinout-source,3,0,0,0,False,Independent all-connector completeness review; Revision match and electrical limits
waveshare-esp32-esp32-c6-zero-b,ESP32-C6-Zero-B,Waveshare,board,pinout-source,2,0,0,0,False,Independent all-connector completeness review; Revision match and electrical limits
waveshare-esp32-esp32-cam,ESP32-CAM,Waveshare,board,pinout-source,1,0,0,0,False,Independent all-connector completeness review; Revision match and electrical limits
waveshare-esp32-esp32-dev-kit-xx,ESP32-DEV-KIT-XX,Waveshare,board,pinout-source,2,0,0,0,False,Independent all-connector completeness review; Revision match and electrical limits
waveshare-esp32-esp32-h2-dev-kit-n4,ESP32-H2-DEV-KIT-N4,Waveshare,board,pinout-source,3,0,0,0,False,Independent all-connector completeness review; Revision match and electrical limits
waveshare-esp32-esp32-h2-zero,ESP32-H2-Zero,Waveshare,board,pinout-source,3,0,0,0,False,Independent all-connector completeness review; Revision match and electrical limits
waveshare-esp32-esp32-p4-86-panel-eth-2ro,ESP32-P4-86-Panel-ETH-2RO,Waveshare,board,missing,0,0,0,0,False,Physical connector map; Independent all-connector completeness review; Revision match and electrical limits
waveshare-esp32-esp32-p4-core-dev-kit,ESP32-P4-Core-DEV-KIT,Waveshare,board,pinout-source,2,0,0,0,False,Independent all-connector completeness review; Revision match and electrical limits
waveshare-esp32-esp32-p4-eth,ESP32-P4-ETH,Waveshare,board,pinout-source,3,0,0,0,False,Independent all-connector completeness review; Revision match and electrical limits
waveshare-esp32-esp32-p4-module,ESP32-P4-Module,Waveshare,board,pinout-source,2,0,0,0,False,Independent all-connector completeness review; Revision match and electrical limits
waveshare-esp32-esp32-p4-module-dev-kit,ESP32-P4-Module-DEV-KIT,Waveshare,board,pinout-source,2,0,0,0,False,Independent all-connector completeness review; Revision match and electrical limits
waveshare-esp32-esp32-p4-nano,ESP32-P4-NANO,Waveshare,board,pinout-source,2,0,0,0,False,Independent all-connector completeness review; Revision match and electrical limits
waveshare-esp32-esp32-p4-nano-wifi6-db,ESP32-P4-NANO-WIFI6-DB,Waveshare,board,pinout-source,2,0,0,0,False,Independent all-connector completeness review; Revision match and electrical limits
waveshare-esp32-esp32-p4-pico,ESP32-P4-Pico,Waveshare,board,pinout-source,2,0,0,0,False,Independent all-connector completeness review; Revision match and electrical limits
waveshare-esp32-esp32-p4-wifi6,ESP32-P4-WIFI6,Waveshare,board,pinout-source,2,0,0,0,False,Independent all-connector completeness review; Revision match and electrical limits
waveshare-esp32-esp32-p4-wifi6-db,ESP32-P4-WIFI6-DB,Waveshare,board,pinout-source,1,0,0,0,False,Independent all-connector completeness review; Revision match and electrical limits
waveshare-esp32-esp32-p4-wifi6-dev-kit,ESP32-P4-WIFI6-DEV-KIT,Waveshare,board,pinout-source,3,0,0,0,False,Independent all-connector completeness review; Revision match and electrical limits
waveshare-esp32-esp32-p4-wifi6-poe-eth,ESP32-P4-WIFI6-POE-ETH,Waveshare,board,pinout-source,4,0,0,0,False,Independent all-connector completeness review; Revision match and electrical limits
waveshare-esp32-esp32-p4-wifi6-touch-lcd-shared-7-8-10-1-reference,ESP32-P4-WIFI6-Touch-LCD (shared 7-8-10.1 reference),Waveshare,board,pinout-source,1,0,0,0,False,Independent all-connector completeness review; Revision match and electrical limits
waveshare-esp32-esp32-p4-wifi6-touch-lcd-3-4c,ESP32-P4-WIFI6-Touch-LCD-3.4C,Waveshare,board,missing,0,0,0,0,False,Physical connector map; Independent all-connector completeness review; Revision match and electrical limits
waveshare-esp32-esp32-p4-wifi6-touch-lcd-3-5,ESP32-P4-WIFI6-Touch-LCD-3.5,Waveshare,board,missing,0,0,0,0,False,Physical connector map; Independent all-connector completeness review; Revision match and electrical limits
waveshare-esp32-esp32-p4-wifi6-touch-lcd-4-3,ESP32-P4-WIFI6-Touch-LCD-4.3,Waveshare,board,pinout-source,1,0,0,0,False,Independent all-connector completeness review; Revision match and electrical limits
waveshare-esp32-esp32-p4-wifi6-touch-lcd-4b,ESP32-P4-WIFI6-Touch-LCD-4B,Waveshare,board,missing,0,0,0,0,False,Physical connector map; Independent all-connector completeness review; Revision match and electrical limits
waveshare-esp32-esp32-p4-wifi6-touch-lcd-4c,ESP32-P4-WIFI6-Touch-LCD-4C,Waveshare,board,missing,0,0,0,0,False,Physical connector map; Independent all-connector completeness review; Revision match and electrical limits
waveshare-esp32-esp32-p4-wifi6-touch-lcd-5,ESP32-P4-WIFI6-Touch-LCD-5,Waveshare,board,pinout-source,1,0,0,0,False,Independent all-connector completeness review; Revision match and electrical limits
waveshare-esp32-esp32-p4-wifi6-touch-lcd-7b,ESP32-P4-WIFI6-Touch-LCD-7B,Waveshare,board,missing,0,0,0,0,False,Physical connector map; Independent all-connector completeness review; Revision match and electrical limits
waveshare-esp32-esp32-p4-wifi6-touch-lcd-x,ESP32-P4-WIFI6-Touch-LCD-X,Waveshare,board,pinout-source,2,0,0,0,False,Independent all-connector completeness review; Revision match and electrical limits
waveshare-esp32-esp32-p4-wifi6-touch-lcd-xc,ESP32-P4-WIFI6-Touch-LCD-XC,Waveshare,board,missing,0,0,0,0,False,Physical connector map; Independent all-connector completeness review; Revision match and electrical limits
waveshare-esp32-esp32-s2-lcd-0-96,ESP32-S2-LCD-0.96,Waveshare,board,pinout-source,2,0,0,0,False,Independent all-connector completeness review; Revision match and electrical limits
waveshare-esp32-esp32-s2-pico,ESP32-S2-Pico,Waveshare,board,pinout-source,2,0,0,0,False,Independent all-connector completeness review; Revision match and electrical limits
waveshare-esp32-esp32-s2-pico-with-lcd,ESP32-S2-Pico with LCD,Waveshare,board,missing,0,0,0,0,False,Physical connector map; Independent all-connector completeness review; Revision match and electrical limits
waveshare-esp32-esp32-s3-1-47inch-display-development-board,ESP32-S3 1.47inch Display Development Board,Waveshare,board,missing,0,0,0,0,False,Physical connector map; Independent all-connector completeness review; Revision match and electrical limits
waveshare-esp32-esp32-s3-eth-development-board,ESP32-S3 ETH Development Board,Waveshare,board,missing,0,0,0,0,False,Physical connector map; Independent all-connector completeness review; Revision match and electrical limits
waveshare-esp32-esp32-s3-a7670e-4g,ESP32-S3-A7670E-4G,Waveshare,board,pinout-source,1,0,0,0,False,Independent all-connector completeness review; Revision match and electrical limits
waveshare-esp32-esp32-s3-amoled-1-91,ESP32-S3-AMOLED-1.91,Waveshare,board,pinout-source,2,0,0,0,False,Independent all-connector completeness review; Revision match and electrical limits
waveshare-esp32-esp32-s3-audio-board,ESP32-S3-AUDIO-Board,Waveshare,board,pinout-source,3,0,0,0,False,Independent all-connector completeness review; Revision match and electrical limits
waveshare-esp32-esp32-s3-cam-ovxxxx,ESP32-S3-CAM-OVxxxx,Waveshare,board,pinout-source,1,0,0,0,False,Independent all-connector completeness review; Revision match and electrical limits
waveshare-esp32-esp32-s3-can-2ch,ESP32-S3-CAN-2CH,Waveshare,board,pinout-source,2,0,0,0,False,Independent all-connector completeness review; Revision match and electrical limits
waveshare-esp32-esp32-s3-dev-kit-n8r8,ESP32-S3-DEV-KIT-N8R8,Waveshare,board,pinout-source,3,0,0,0,False,Independent all-connector completeness review; Revision match and electrical limits
waveshare-esp32-esp32-s3-dualeye-lcd-1-28,ESP32-S3-DualEye-LCD-1.28,Waveshare,board,missing,0,0,0,0,False,Physical connector map; Independent all-connector completeness review; Revision match and electrical limits
waveshare-esp32-esp32-s3-dualeye-touch-lcd-1-28,ESP32-S3-DualEye-Touch-LCD-1.28,Waveshare,board,missing,0,0,0,0,False,Physical connector map; Independent all-connector completeness review; Revision match and electrical limits
waveshare-esp32-esp32-s3-epaper-1-54,ESP32-S3-ePaper-1.54,Waveshare,board,missing,0,0,0,0,False,Physical connector map; Independent all-connector completeness review; Revision match and electrical limits
waveshare-esp32-esp32-s3-epaper-1-54g,ESP32-S3-ePaper-1.54G,Waveshare,board,pinout-source,1,0,0,0,False,Independent all-connector completeness review; Revision match and electrical limits
waveshare-esp32-esp32-s3-epaper-13-3e6,ESP32-S3-ePaper-13.3E6,Waveshare,board,reference-only,0,0,0,0,False,Physical connector map; Independent all-connector completeness review; Revision match and electrical limits
waveshare-esp32-esp32-s3-epaper-13-3e67,ESP32-S3-ePaper-13.3E67,Waveshare,board,missing,0,0,0,0,False,Physical connector map; Independent all-connector completeness review; Revision match and electrical limits
waveshare-esp32-esp32-s3-epaper-3-97,ESP32-S3-ePaper-3.97,Waveshare,board,missing,0,0,0,0,False,Physical connector map; Independent all-connector completeness review; Revision match and electrical limits
waveshare-esp32-esp32-s3-eth,ESP32-S3-ETH,Waveshare,board,pinout-source,3,0,0,0,False,Independent all-connector completeness review; Revision match and electrical limits
waveshare-esp32-esp32-s3-eth-8di-8ro,ESP32-S3-ETH-8DI-8RO,Waveshare,board,pinout-source,1,0,0,0,False,Independent all-connector completeness review; Revision match and electrical limits
waveshare-esp32-esp32-s3-eth-8di-8ro-c,ESP32-S3-ETH-8DI-8RO-C,Waveshare,board,pinout-source,1,0,0,0,False,Independent all-connector completeness review; Revision match and electrical limits
waveshare-esp32-esp32-s3-geek,ESP32-S3-GEEK,Waveshare,board,pinout-source,2,0,0,0,False,Independent all-connector completeness review; Revision match and electrical limits
waveshare-esp32-esp32-s3-knob-touch-lcd-1-8,ESP32-S3-Knob-Touch-LCD-1.8,Waveshare,board,missing,0,0,0,0,False,Physical connector map; Independent all-connector completeness review; Revision match and electrical limits
waveshare-esp32-esp32-s3-lcd-0-85,ESP32-S3-LCD-0.85,Waveshare,board,reference-only,0,0,0,0,False,Physical connector map; Independent all-connector completeness review; Revision match and electrical limits
waveshare-esp32-esp32-s3-lcd-1-28,ESP32-S3-LCD-1.28,Waveshare,board,pinout-source,4,0,0,0,False,Independent all-connector completeness review; Revision match and electrical limits
waveshare-esp32-esp32-s3-lcd-1-3,ESP32-S3-LCD-1.3,Waveshare,board,pinout-source,1,0,0,0,False,Independent all-connector completeness review; Revision match and electrical limits
waveshare-esp32-esp32-s3-lcd-1-47,ESP32-S3-LCD-1.47,Waveshare,board,pinout-source,1,0,0,0,False,Independent all-connector completeness review; Revision match and electrical limits
waveshare-esp32-esp32-s3-lcd-1-47b,ESP32-S3-LCD-1.47B,Waveshare,board,pinout-source,1,0,0,0,False,Independent all-connector completeness review; Revision match and electrical limits
waveshare-esp32-esp32-s3-lcd-1-69,ESP32-S3-LCD-1.69,Waveshare,board,pinout-source,2,0,0,0,False,Independent all-connector completeness review; Revision match and electrical limits
waveshare-esp32-esp32-s3-lcd-1-85,ESP32-S3-LCD-1.85,Waveshare,board,pinout-source,1,0,0,0,False,Independent all-connector completeness review; Revision match and electrical limits
waveshare-esp32-esp32-s3-lcd-1-9,ESP32-S3-LCD-1.9,Waveshare,board,pinout-source,1,0,0,0,False,Independent all-connector completeness review; Revision match and electrical limits
waveshare-esp32-esp32-s3-lcd-2,ESP32-S3-LCD-2,Waveshare,board,pinout-source,3,0,0,0,False,Independent all-connector completeness review; Revision match and electrical limits
waveshare-esp32-esp32-s3-lcd-2-8,ESP32-S3-LCD-2.8,Waveshare,board,pinout-source,2,0,0,0,False,Independent all-connector completeness review; Revision match and electrical limits
waveshare-esp32-esp32-s3-lcd-2-8b,ESP32-S3-LCD-2.8B,Waveshare,board,pinout-source,1,0,0,0,False,Independent all-connector completeness review; Revision match and electrical limits
waveshare-esp32-esp32-s3-lcd-2-8c,ESP32-S3-LCD-2.8C,Waveshare,board,pinout-source,1,0,0,0,False,Independent all-connector completeness review; Revision match and electrical limits
waveshare-esp32-esp32-s3-lcd-3-16,ESP32-S3-LCD-3.16,Waveshare,board,missing,0,0,0,0,False,Physical connector map; Independent all-connector completeness review; Revision match and electrical limits
waveshare-esp32-esp32-s3-lcd-driver-board,ESP32-S3-LCD-Driver-Board,Waveshare,board,pinout-source,2,0,0,0,False,Independent all-connector completeness review; Revision match and electrical limits
waveshare-esp32-esp32-s3-lr1121-xf,ESP32-S3-LR1121-XF,Waveshare,board,pinout-source,1,0,0,0,False,Independent all-connector completeness review; Revision match and electrical limits
waveshare-esp32-esp32-s3-matrix,ESP32-S3-Matrix,Waveshare,board,pinout-source,3,0,0,0,False,Independent all-connector completeness review; Revision match and electrical limits
waveshare-esp32-esp32-s3-matrix-development-board,ESP32-S3-Matrix Development Board,Waveshare,board,missing,0,0,0,0,False,Physical connector map; Independent all-connector completeness review; Revision match and electrical limits
waveshare-esp32-esp32-s3-nano,ESP32-S3-Nano,Waveshare,board,pinout-source,2,0,0,0,False,Independent all-connector completeness review; Revision match and electrical limits
waveshare-esp32-esp32-s3-photopainter,ESP32-S3-PhotoPainter,Waveshare,board,missing,0,0,0,0,False,Physical connector map; Independent all-connector completeness review; Revision match and electrical limits
waveshare-esp32-esp32-s3-pico,ESP32-S3-Pico,Waveshare,board,pinout-source,2,0,0,0,False,Independent all-connector completeness review; Revision match and electrical limits
waveshare-esp32-esp32-s3-poe-eth-8di-8do,ESP32-S3-POE-ETH-8DI-8DO,Waveshare,board,missing,0,0,0,0,False,Physical connector map; Independent all-connector completeness review; Revision match and electrical limits
waveshare-esp32-esp32-s3-relay-1ch,ESP32-S3-Relay-1CH,Waveshare,board,pinout-source,2,0,0,0,False,Independent all-connector completeness review; Revision match and electrical limits
waveshare-esp32-esp32-s3-relay-6ch,ESP32-S3-Relay-6CH,Waveshare,board,pinout-source,2,0,0,0,False,Independent all-connector completeness review; Revision match and electrical limits
waveshare-esp32-esp32-s3-rgb-matrix,ESP32-S3-RGB-Matrix,Waveshare,board,missing,0,0,0,0,False,Physical connector map; Independent all-connector completeness review; Revision match and electrical limits
waveshare-esp32-esp32-s3-rlcd-4-2,ESP32-S3-RLCD-4.2,Waveshare,board,pinout-source,1,0,0,0,False,Independent all-connector completeness review; Revision match and electrical limits
waveshare-esp32-esp32-s3-rs485-can,ESP32-S3-RS485-CAN,Waveshare,board,pinout-source,2,0,0,0,False,Independent all-connector completeness review; Revision match and electrical limits
waveshare-esp32-esp32-s3-sim7670g-4g,ESP32-S3-SIM7670G-4G,Waveshare,board,pinout-source,1,0,0,0,False,Independent all-connector completeness review; Revision match and electrical limits
waveshare-esp32-esp32-s3-tiny,ESP32-S3-Tiny,Waveshare,board,pinout-source,3,0,0,0,False,Independent all-connector completeness review; Revision match and electrical limits
waveshare-esp32-esp32-s3-touch-amoled-1-32,ESP32-S3-Touch-AMOLED-1.32,Waveshare,board,pinout-source,1,0,0,0,False,Independent all-connector completeness review; Revision match and electrical limits
waveshare-esp32-esp32-s3-touch-amoled-1-43,ESP32-S3-Touch-AMOLED-1.43,Waveshare,board,pinout-source,1,0,0,0,False,Independent all-connector completeness review; Revision match and electrical limits
waveshare-esp32-esp32-s3-touch-amoled-1-43c,ESP32-S3-Touch-AMOLED-1.43C,Waveshare,board,missing,0,0,0,0,False,Physical connector map; Independent all-connector completeness review; Revision match and electrical limits
waveshare-esp32-esp32-s3-touch-amoled-1-64,ESP32-S3-Touch-AMOLED-1.64,Waveshare,board,pinout-source,1,0,0,0,False,Independent all-connector completeness review; Revision match and electrical limits
waveshare-esp32-esp32-s3-touch-amoled-1-75,ESP32-S3-Touch-AMOLED-1.75,Waveshare,board,missing,0,0,0,0,False,Physical connector map; Independent all-connector completeness review; Revision match and electrical limits
waveshare-esp32-esp32-s3-touch-amoled-1-75c,ESP32-S3-Touch-AMOLED-1.75C,Waveshare,board,missing,0,0,0,0,False,Physical connector map; Independent all-connector completeness review; Revision match and electrical limits
waveshare-esp32-esp32-s3-touch-amoled-1-8,ESP32-S3-Touch-AMOLED-1.8,Waveshare,board,pinout-source,3,0,0,0,False,Independent all-connector completeness review; Revision match and electrical limits
waveshare-esp32-esp32-s3-touch-amoled-2-06,ESP32-S3-Touch-AMOLED-2.06,Waveshare,board,reference-only,0,0,0,0,False,Physical connector map; Independent all-connector completeness review; Revision match and electrical limits
waveshare-esp32-esp32-s3-touch-amoled-2-16,ESP32-S3-Touch-AMOLED-2.16,Waveshare,board,missing,0,0,0,0,False,Physical connector map; Independent all-connector completeness review; Revision match and electrical limits
waveshare-esp32-esp32-s3-touch-amoled-2-41,ESP32-S3-Touch-AMOLED-2.41,Waveshare,board,pinout-source,1,0,0,0,False,Independent all-connector completeness review; Revision match and electrical limits
waveshare-esp32-esp32-s3-touch-lcd-1-28,ESP32-S3-Touch-LCD-1.28,Waveshare,board,pinout-source,3,0,0,0,False,Independent all-connector completeness review; Revision match and electrical limits
waveshare-esp32-esp32-s3-touch-lcd-1-46,ESP32-S3-Touch-LCD-1.46,Waveshare,board,pinout-source,1,0,0,0,False,Independent all-connector completeness review; Revision match and electrical limits
waveshare-esp32-esp32-s3-touch-lcd-1-46b,ESP32-S3-Touch-LCD-1.46B,Waveshare,board,pinout-source,2,0,0,0,False,Independent all-connector completeness review; Revision match and electrical limits
waveshare-esp32-esp32-s3-touch-lcd-1-47,ESP32-S3-Touch-LCD-1.47,Waveshare,board,pinout-source,3,0,0,0,False,Independent all-connector completeness review; Revision match and electrical limits
waveshare-esp32-esp32-s3-touch-lcd-1-54,ESP32-S3-Touch-LCD-1.54,Waveshare,board,reference-only,0,0,0,0,False,Physical connector map; Independent all-connector completeness review; Revision match and electrical limits
waveshare-esp32-esp32-s3-touch-lcd-1-69,ESP32-S3-Touch-LCD-1.69,Waveshare,board,pinout-source,3,0,0,0,False,Independent all-connector completeness review; Revision match and electrical limits
waveshare-esp32-esp32-s3-touch-lcd-1-83,ESP32-S3-Touch-LCD-1.83,Waveshare,board,pinout-source,1,0,0,0,False,Independent all-connector completeness review; Revision match and electrical limits
waveshare-esp32-esp32-s3-touch-lcd-1-85,ESP32-S3-Touch-LCD-1.85,Waveshare,board,pinout-source,2,0,0,0,False,Independent all-connector completeness review; Revision match and electrical limits
waveshare-esp32-esp32-s3-touch-lcd-1-85b,ESP32-S3-Touch-LCD-1.85B,Waveshare,board,missing,0,0,0,0,False,Physical connector map; Independent all-connector completeness review; Revision match and electrical limits
waveshare-esp32-esp32-s3-touch-lcd-1-85c,ESP32-S3-Touch-LCD-1.85C,Waveshare,board,pinout-source,2,0,0,0,False,Independent all-connector completeness review; Revision match and electrical limits
waveshare-esp32-esp32-s3-touch-lcd-2,ESP32-S3-Touch-LCD-2,Waveshare,board,pinout-source,3,0,0,0,False,Independent all-connector completeness review; Revision match and electrical limits
waveshare-esp32-esp32-s3-touch-lcd-2-1,ESP32-S3-Touch-LCD-2.1,Waveshare,board,pinout-source,3,0,0,0,False,Independent all-connector completeness review; Revision match and electrical limits
waveshare-esp32-esp32-s3-touch-lcd-2-8,ESP32-S3-Touch-LCD-2.8,Waveshare,board,missing,0,0,0,0,False,Physical connector map; Independent all-connector completeness review; Revision match and electrical limits
waveshare-esp32-esp32-s3-touch-lcd-2-8b,ESP32-S3-Touch-LCD-2.8B,Waveshare,board,pinout-source,2,0,0,0,False,Independent all-connector completeness review; Revision match and electrical limits
waveshare-esp32-esp32-s3-touch-lcd-2-8c,ESP32-S3-Touch-LCD-2.8C,Waveshare,board,pinout-source,1,0,0,0,False,Independent all-connector completeness review; Revision match and electrical limits
waveshare-esp32-esp32-s3-touch-lcd-3-49,ESP32-S3-Touch-LCD-3.49,Waveshare,board,missing,0,0,0,0,False,Physical connector map; Independent all-connector completeness review; Revision match and electrical limits
waveshare-esp32-esp32-s3-touch-lcd-3-5,ESP32-S3-Touch-LCD-3.5,Waveshare,board,pinout-source,3,0,0,0,False,Independent all-connector completeness review; Revision match and electrical limits
waveshare-esp32-esp32-s3-touch-lcd-3-5b,ESP32-S3-Touch-LCD-3.5B,Waveshare,board,pinout-source,3,0,0,0,False,Independent all-connector completeness review; Revision match and electrical limits
waveshare-esp32-esp32-s3-touch-lcd-3-5b1,ESP32-S3-Touch-LCD-3.5B1,Waveshare,board,missing,0,0,0,0,False,Physical connector map; Independent all-connector completeness review; Revision match and electrical limits
waveshare-esp32-esp32-s3-touch-lcd-4,ESP32-S3-Touch-LCD-4,Waveshare,board,missing,0,0,0,0,False,Physical connector map; Independent all-connector completeness review; Revision match and electrical limits
waveshare-esp32-esp32-s3-touch-lcd-4-3,ESP32-S3-Touch-LCD-4.3,Waveshare,board,missing,0,0,0,0,False,Physical connector map; Independent all-connector completeness review; Revision match and electrical limits
waveshare-esp32-esp32-s3-touch-lcd-4-3b,ESP32-S3-Touch-LCD-4.3B,Waveshare,board,pinout-source,2,0,0,0,False,Independent all-connector completeness review; Revision match and electrical limits
waveshare-esp32-esp32-s3-touch-lcd-4-3c,ESP32-S3-Touch-LCD-4.3C,Waveshare,board,pinout-source,1,0,0,0,False,Independent all-connector completeness review; Revision match and electrical limits
waveshare-esp32-esp32-s3-touch-lcd-4b,ESP32-S3-Touch-LCD-4B,Waveshare,board,missing,0,0,0,0,False,Physical connector map; Independent all-connector completeness review; Revision match and electrical limits
waveshare-esp32-esp32-s3-touch-lcd-5,ESP32-S3-Touch-LCD-5,Waveshare,board,pinout-source,3,0,0,0,False,Independent all-connector completeness review; Revision match and electrical limits
waveshare-esp32-esp32-s3-touch-lcd-7,ESP32-S3-Touch-LCD-7,Waveshare,board,missing,0,0,0,0,False,Physical connector map; Independent all-connector completeness review; Revision match and electrical limits
waveshare-esp32-esp32-s3-touch-lcd-7b,ESP32-S3-Touch-LCD-7B,Waveshare,board,missing,0,0,0,0,False,Physical connector map; Independent all-connector completeness review; Revision match and electrical limits
waveshare-esp32-esp32-s3-touch-lcd-7c-box,ESP32-S3-Touch-LCD-7C-BOX,Waveshare,board,missing,0,0,0,0,False,Physical connector map; Independent all-connector completeness review; Revision match and electrical limits
waveshare-esp32-esp32-s3-zero,ESP32-S3-Zero,Waveshare,board,pinout-source,4,0,0,0,False,Independent all-connector completeness review; Revision match and electrical limits
waveshare-esp32-esp32-touch-lcd-3-5,ESP32-Touch-LCD-3.5,Waveshare,board,pinout-source,3,0,0,0,False,Independent all-connector completeness review; Revision match and electrical limits
waveshare-esp32-esp32s3-lcd-1-28,ESP32S3-LCD-1.28,Waveshare,board,missing,0,0,0,0,False,Physical connector map; Independent all-connector completeness review; Revision match and electrical limits
waveshare-esp32-esp32s3-touch-lcd-2,ESP32S3-TOUCH-LCD-2,Waveshare,board,missing,0,0,0,0,False,Physical connector map; Independent all-connector completeness review; Revision match and electrical limits
waveshare-esp32-esp32s3-touch-lcd-2-8,ESP32S3-TOUCH-LCD-2.8,Waveshare,board,missing,0,0,0,0,False,Physical connector map; Independent all-connector completeness review; Revision match and electrical limits
waveshare-esp32-servo-driver-with-esp32,Servo Driver with ESP32,Waveshare,board,missing,0,0,0,0,False,Physical connector map; Independent all-connector completeness review; Revision match and electrical limits
waveshare-esp32-esp32-s3-tiny-n8r8,Waveshare ESP32-S3-Tiny-N8R8,Waveshare,board,missing,0,0,0,0,False,Physical connector map; Independent all-connector completeness review; Revision match and electrical limits
weact-studio-esp32-can485devboardv1-esp32,CAN485DevBoardV1 ESP32,WeAct Studio,board,reference-only,0,0,0,0,False,Physical connector map; Independent all-connector completeness review; Revision match and electrical limits
weact-studio-esp32-esp32-core-board,ESP32 Core Board,WeAct Studio,board,reference-only,0,0,0,0,False,Physical connector map; Independent all-connector completeness review; Revision match and electrical limits
weact-studio-esp32-esp32-c5-a,ESP32-C5-A,WeAct Studio,board,pinout-source,1,0,0,0,False,Independent all-connector completeness review; Revision match and electrical limits
weact-studio-esp32-esp32-c6-a,ESP32-C6-A,WeAct Studio,board,missing,0,0,0,0,False,Physical connector map; Independent all-connector completeness review; Revision match and electrical limits
weact-studio-esp32-esp32c3-core-board,ESP32C3 Core Board,WeAct Studio,board,pinout-source,1,0,0,0,False,Independent all-connector completeness review; Revision match and electrical limits
weact-studio-esp32-esp32c6-mini,ESP32C6-MINI,WeAct Studio,board,missing,0,0,0,0,False,Physical connector map; Independent all-connector completeness review; Revision match and electrical limits
weact-studio-esp32-esp32h2-a,ESP32H2-A,WeAct Studio,board,missing,0,0,0,0,False,Physical connector map; Independent all-connector completeness review; Revision match and electrical limits
weact-studio-esp32-esp32s3-a,ESP32S3-A,WeAct Studio,board,pinout-source,1,0,0,0,False,Independent all-connector completeness review; Revision match and electrical limits
weact-studio-esp32-esp32s3-b,ESP32S3-B,WeAct Studio,board,missing,0,0,0,0,False,Physical connector map; Independent all-connector completeness review; Revision match and electrical limits
weact-studio-esp32-esp32s3-mini,ESP32S3-MINI,WeAct Studio,board,missing,0,0,0,0,False,Physical connector map; Independent all-connector completeness review; Revision match and electrical limits
weact-studio-esp32-esp32-c6-n4,WeAct Studio ESP32-C6 N4,WeAct Studio,board,missing,0,0,0,0,False,Physical connector map; Independent all-connector completeness review; Revision match and electrical limits
weact-studio-esp32-esp32-c6-n8,WeAct Studio ESP32-C6 N8,WeAct Studio,board,missing,0,0,0,0,False,Physical connector map; Independent all-connector completeness review; Revision match and electrical limits
wemos-esp32-lolin-c3-mini,LOLIN C3 Mini,Wemos,board,missing,0,0,0,0,False,Physical connector map; Independent all-connector completeness review; Revision match and electrical limits
wemos-esp32-lolin-c3-mini-v1-0,LOLIN C3 Mini v1.0,Wemos,board,pinout-source,1,0,0,0,False,Independent all-connector completeness review; Revision match and electrical limits
wemos-esp32-lolin-c3-mini-v2-1,LOLIN C3 Mini v2.1,Wemos,board,pinout-source,1,0,0,0,False,Independent all-connector completeness review; Revision match and electrical limits
wemos-esp32-lolin-c3-pico,LOLIN C3 Pico,Wemos,board,pinout-source,1,0,0,0,False,Independent all-connector completeness review; Revision match and electrical limits
wemos-esp32-lolin-d32,LOLIN D32,Wemos,board,pinout-source,1,0,0,0,False,Independent all-connector completeness review; Revision match and electrical limits
wemos-esp32-lolin-s2-mini,LOLIN S2 Mini,Wemos,board,missing,0,0,0,0,False,Physical connector map; Independent all-connector completeness review; Revision match and electrical limits
wemos-esp32-lolin-s2-pico,LOLIN S2 Pico,Wemos,board,missing,0,0,0,0,False,Physical connector map; Independent all-connector completeness review; Revision match and electrical limits
wemos-esp32-lolin-s3,LOLIN S3,Wemos,board,pinout-source,1,0,0,0,False,Independent all-connector completeness review; Revision match and electrical limits
wemos-esp32-lolin-s3-mini,LOLIN S3 MINI,Wemos,board,missing,0,0,0,0,False,Physical connector map; Independent all-connector completeness review; Revision match and electrical limits
wemos-esp32-lolin-s3-mini-pro,LOLIN S3 MINI PRO,Wemos,board,missing,0,0,0,0,False,Physical connector map; Independent all-connector completeness review; Revision match and electrical limits
wemos-esp32-lolin-s3-pro,LOLIN S3 Pro,Wemos,board,pinout-source,1,0,0,0,False,Independent all-connector completeness review; Revision match and electrical limits
wemos-esp32-lolin32,LOLIN32,Wemos,board,pinout-source,1,0,0,0,False,Independent all-connector completeness review; Revision match and electrical limits
wemos-esp32-lolin32-lite,LOLIN32 Lite,Wemos,board,pinout-source,1,0,0,0,False,Independent all-connector completeness review; Revision match and electrical limits
wireless-tag-esp32-wt9932c5-tiny,WT9932C5-TINY,Wireless-Tag,board,pinout-source,1,0,0,0,False,Independent all-connector completeness review; Revision match and electrical limits
xteink-esp32-x4,Xteink X4,Xteink,board,missing,0,0,0,0,False,Physical connector map; Independent all-connector completeness review; Revision match and electrical limits
yoto-limited-esp32-yoto-mini-2024-edition,Yoto Mini (2024 Edition),Yoto Limited,board,missing,0,0,0,0,False,Physical connector map; Independent all-connector completeness review; Revision match and electrical limits
yoto-limited-esp32-yoto-player-v3,Yoto Player V3,Yoto Limited,board,missing,0,0,0,0,False,Physical connector map; Independent all-connector completeness review; Revision match and electrical limits
lilygo-expansion-t-u2t,T-U2T,LILYGO,board,pinout-source,2,0,0,0,False,Independent all-connector completeness review; Revision match and electrical limits
m5stack-expansion-addon-display-in-for-poe-p4,AddOn Display In For PoE-P4,M5Stack,board,pinout-source,1,0,0,0,False,Independent all-connector completeness review; Revision match and electrical limits
m5stack-expansion-addon-display-out-for-poe-p4,AddOn Display Out For PoE-P4,M5Stack,board,pinout-source,1,0,0,0,False,Independent all-connector completeness review; Revision match and electrical limits
m5stack-expansion-atomic-port-abc-base,Atomic Port ABC Base,M5Stack,board,pinout-source,1,0,0,0,False,Independent all-connector completeness review; Revision match and electrical limits
m5stack-expansion-base-bottom,Base Bottom,M5Stack,board,pinout-source,1,0,0,0,False,Independent all-connector completeness review; Revision match and electrical limits
m5stack-expansion-butterfly-launcher,Butterfly Launcher,M5Stack,board,reference-only,0,0,0,0,False,Physical connector map; Independent all-connector completeness review; Revision match and electrical limits
m5stack-expansion-display-1-14-for-sticks3,Display 1.14 For StickS3,M5Stack,board,pinout-source,1,0,0,0,False,Independent all-connector completeness review; Revision match and electrical limits
m5stack-expansion-faces-calculator,Faces Calculator,M5Stack,board,reference-only,0,0,0,0,False,Physical connector map; Independent all-connector completeness review; Revision match and electrical limits
m5stack-expansion-faces-encoder,Faces Encoder,M5Stack,board,reference-only,0,0,0,0,False,Physical connector map; Independent all-connector completeness review; Revision match and electrical limits
m5stack-expansion-faces-gamepad,Faces Gamepad,M5Stack,board,reference-only,0,0,0,0,False,Physical connector map; Independent all-connector completeness review; Revision match and electrical limits
m5stack-expansion-faces-joystick,Faces Joystick,M5Stack,board,reference-only,0,0,0,0,False,Physical connector map; Independent all-connector completeness review; Revision match and electrical limits
m5stack-expansion-faces-qwerty,Faces QWERTY,M5Stack,board,reference-only,0,0,0,0,False,Physical connector map; Independent all-connector completeness review; Revision match and electrical limits
m5stack-expansion-hat-8servos,Hat 8Servos,M5Stack,board,pinout-source,1,0,0,0,False,Independent all-connector completeness review; Revision match and electrical limits
m5stack-expansion-hat-cardkb,Hat CardKB,M5Stack,board,reference-only,0,0,0,0,False,Physical connector map; Independent all-connector completeness review; Revision match and electrical limits
m5stack-expansion-module-audio,Module Audio,M5Stack,board,pinout-source,1,0,0,0,False,Independent all-connector completeness review; Revision match and electrical limits
m5stack-expansion-module-dcmotor,Module DCMotor,M5Stack,board,reference-only,0,0,0,0,False,Physical connector map; Independent all-connector completeness review; Revision match and electrical limits
m5stack-expansion-module-goplus,Module GoPlus,M5Stack,board,reference-only,0,0,0,0,False,Physical connector map; Independent all-connector completeness review; Revision match and electrical limits
m5stack-expansion-module-gps-v2-0,Module GPS v2.0,M5Stack,board,pinout-source,1,0,0,0,False,Independent all-connector completeness review; Revision match and electrical limits
m5stack-expansion-module-llm,Module LLM,M5Stack,board,pinout-source,1,0,0,0,False,Independent all-connector completeness review; Revision match and electrical limits
m5stack-expansion-module-llm-kit,Module LLM Kit,M5Stack,board,pinout-source,1,0,0,0,False,Independent all-connector completeness review; Revision match and electrical limits
m5stack-expansion-module-plus,Module Plus,M5Stack,board,reference-only,0,0,0,0,False,Physical connector map; Independent all-connector completeness review; Revision match and electrical limits
m5stack-expansion-module-servo,Module Servo,M5Stack,board,reference-only,0,0,0,0,False,Physical connector map; Independent all-connector completeness review; Revision match and electrical limits
m5stack-expansion-module-stepmotor,Module Stepmotor,M5Stack,board,reference-only,0,0,0,0,False,Physical connector map; Independent all-connector completeness review; Revision match and electrical limits
m5stack-expansion-module-usb-v1-2,Module USB v1.2,M5Stack,board,reference-only,0,0,0,0,False,Physical connector map; Independent all-connector completeness review; Revision match and electrical limits
m5stack-expansion-module13-2-lan,Module13.2 LAN,M5Stack,board,pinout-source,1,0,0,0,False,Independent all-connector completeness review; Revision match and electrical limits
m5stack-expansion-module13-2-lora-1262,Module13.2 LoRa-1262,M5Stack,board,pinout-source,1,0,0,0,False,Independent all-connector completeness review; Revision match and electrical limits
m5stack-expansion-module13-2-pwrcan,Module13.2 PwrCAN,M5Stack,board,pinout-source,1,0,0,0,False,Independent all-connector completeness review; Revision match and electrical limits
m5stack-expansion-module13-2-stepmotor-driver-v1-1,Module13.2 Stepmotor Driver v1.1,M5Stack,board,pinout-source,1,0,0,0,False,Independent all-connector completeness review; Revision match and electrical limits
m5stack-expansion-stamp-lora-1262,Stamp LoRa-1262,M5Stack,board,pinout-source,1,0,0,0,False,Independent all-connector completeness review; Revision match and electrical limits
m5stack-expansion-stamp-lora-1262-i,Stamp LoRa-1262 I,M5Stack,board,pinout-source,1,0,0,0,False,Independent all-connector completeness review; Revision match and electrical limits
m5stack-expansion-stamp-lora-1262-if,Stamp LoRa-1262 IF,M5Stack,board,pinout-source,1,0,0,0,False,Independent all-connector completeness review; Revision match and electrical limits
m5stack-expansion-stamp-uwb,Stamp UWB,M5Stack,board,pinout-source,1,0,0,0,False,Independent all-connector completeness review; Revision match and electrical limits
m5stack-expansion-stamp-uwb-f,Stamp UWB F,M5Stack,board,pinout-source,1,0,0,0,False,Independent all-connector completeness review; Revision match and electrical limits
m5stack-expansion-stamp-addon-c6-for-p4,Stamp-AddOn C6 For P4,M5Stack,board,pinout-source,1,0,0,0,False,Independent all-connector completeness review; Revision match and electrical limits
m5stack-expansion-stamp-addon-cam0308,Stamp-AddOn Cam0308,M5Stack,board,pinout-source,1,0,0,0,False,Independent all-connector completeness review; Revision match and electrical limits
m5stack-expansion-stamp-addon-cam3660,Stamp-AddOn Cam3660,M5Stack,board,pinout-source,1,0,0,0,False,Independent all-connector completeness review; Revision match and electrical limits
m5stack-expansion-unit-8servos2-i2c,Unit 8Servos2-I2C,M5Stack,board,reference-only,0,0,0,0,False,Physical connector map; Independent all-connector completeness review; Revision match and electrical limits
m5stack-expansion-unit-ac-measure,Unit AC Measure,M5Stack,board,reference-only,0,0,0,0,False,Physical connector map; Independent all-connector completeness review; Revision match and electrical limits
m5stack-expansion-unit-cardkb,Unit CardKB,M5Stack,board,reference-only,0,0,0,0,False,Physical connector map; Independent all-connector completeness review; Revision match and electrical limits
m5stack-expansion-unit-cardkb-v1-1,Unit CardKB v1.1,M5Stack,board,reference-only,0,0,0,0,False,Physical connector map; Independent all-connector completeness review; Revision match and electrical limits
m5stack-expansion-unit-pbhub,Unit PbHub,M5Stack,board,reference-only,0,0,0,0,False,Physical connector map; Independent all-connector completeness review; Revision match and electrical limits
m5stack-expansion-unit-trace,Unit Trace,M5Stack,board,reference-only,0,0,0,0,False,Physical connector map; Independent all-connector completeness review; Revision match and electrical limits
m5stack-expansion-unit-typec-to-grove,Unit TypeC to Grove,M5Stack,board,pinout-source,1,0,0,0,False,Independent all-connector completeness review; Revision match and electrical limits
rakwireless-expansion-rak19001,RAK19001,RAKwireless,board,functions-only,0,0,3,104,False,Physical connector map; Independent all-connector completeness review; Revision match and electrical limits
rakwireless-expansion-rak19003,RAK19003,RAKwireless,board,pinout-source,1,0,3,48,False,Independent all-connector completeness review; Revision match and electrical limits
rakwireless-expansion-rak19007,RAK19007,RAKwireless,board,functions-only,0,0,4,52,False,Physical connector map; Independent all-connector completeness review; Revision match and electrical limits
rakwireless-expansion-rak5005-o,RAK5005-O,RAKwireless,board,pinout-source,1,0,4,84,False,Independent all-connector completeness review; Revision match and electrical limits
seeed-studio-expansion-1-47-inch-lcd-spi-display,1.47 inch LCD SPI Display,Seeed Studio,board,pinout-source,1,0,0,0,False,Independent all-connector completeness review; Revision match and electrical limits
seeed-studio-expansion-1-69-inch-lcd-spi-display,1.69 inch LCD SPI Display,Seeed Studio,board,pinout-source,1,0,0,0,False,Independent all-connector completeness review; Revision match and electrical limits
seeed-studio-expansion-3d-gesture-tracking-shield-for-raspberry-pi-mgc3130,3D Gesture Tracking Shield for Raspberry Pi (MGC3130),Seeed Studio,board,pinout-source,1,0,0,0,False,Independent all-connector completeness review; Revision match and electrical limits
seeed-studio-expansion-4-channel-16-bit-adc-for-raspberry-pi-ads1115,4-Channel 16-Bit ADC for Raspberry Pi (ADS1115),Seeed Studio,board,pinout-source,2,0,0,0,False,Independent all-connector completeness review; Revision match and electrical limits
seeed-studio-expansion-bluetooth-bee,Bluetooth Bee,Seeed Studio,board,pinout-source,1,0,0,0,False,Independent all-connector completeness review; Revision match and electrical limits
seeed-studio-expansion-can-bus-shield-v1-2,CAN-BUS Shield V1.2,Seeed Studio,board,pinout-source,1,0,0,0,False,Independent all-connector completeness review; Revision match and electrical limits
seeed-studio-expansion-ds1307-rtc-for-raspberry-pi,DS1307 RTC for Raspberry Pi,Seeed Studio,board,pinout-source,1,0,0,0,False,Independent all-connector completeness review; Revision match and electrical limits
seeed-studio-expansion-ds3231-high-accuracy-rtc-for-raspberry-pi,DS3231 High Accuracy RTC for Raspberry Pi,Seeed Studio,board,pinout-source,1,0,0,0,False,Independent all-connector completeness review; Revision match and electrical limits
seeed-studio-expansion-dual-gigabit-ethernet-carrier-board-for-raspberry-pi-cm4,Dual Gigabit Ethernet Carrier Board for Raspberry Pi CM4,Seeed Studio,board,pinout-source,3,0,0,0,False,Independent all-connector completeness review; Revision match and electrical limits
seeed-studio-expansion-expansion-board-base-for-xiao,Expansion Board Base for XIAO,Seeed Studio,board,pinout-source,1,0,0,0,False,Independent all-connector completeness review; Revision match and electrical limits
seeed-studio-expansion-gps-bee-kit,GPS Bee Kit,Seeed Studio,board,pinout-source,1,0,0,0,False,Independent all-connector completeness review; Revision match and electrical limits
seeed-studio-expansion-grove-base-boosterpack,Grove Base BoosterPack,Seeed Studio,board,pinout-source,1,0,0,0,False,Independent all-connector completeness review; Revision match and electrical limits
seeed-studio-expansion-grove-base-hat-for-raspberry-pi,Grove Base Hat for Raspberry Pi,Seeed Studio,board,reference-only,0,0,0,0,False,Physical connector map; Independent all-connector completeness review; Revision match and electrical limits
seeed-studio-expansion-grove-base-hat-for-raspberry-pi-zero,Grove Base Hat for Raspberry Pi Zero,Seeed Studio,board,reference-only,0,0,0,0,False,Physical connector map; Independent all-connector completeness review; Revision match and electrical limits
seeed-studio-expansion-grove-base-kit-for-raspberry-pi,Grove Base Kit for Raspberry Pi,Seeed Studio,board,reference-only,0,0,0,0,False,Physical connector map; Independent all-connector completeness review; Revision match and electrical limits
seeed-studio-expansion-grove-basic-kit-for-raspberry-pi-pico,Grove Basic Kit for Raspberry Pi Pico,Seeed Studio,board,reference-only,0,0,0,0,False,Physical connector map; Independent all-connector completeness review; Revision match and electrical limits
seeed-studio-expansion-grove-shield-for-arduino-nano,Grove Shield for Arduino Nano,Seeed Studio,board,reference-only,0,0,0,0,False,Physical connector map; Independent all-connector completeness review; Revision match and electrical limits
seeed-studio-expansion-grove-shield-for-pi-pico-v1-0,Grove Shield for Pi Pico V1.0,Seeed Studio,board,reference-only,0,0,0,0,False,Physical connector map; Independent all-connector completeness review; Revision match and electrical limits
seeed-studio-expansion-grove-shield-for-wio-lite,Grove Shield for Wio Lite,Seeed Studio,board,reference-only,0,0,0,0,False,Physical connector map; Independent all-connector completeness review; Revision match and electrical limits
seeed-studio-expansion-grove-shield-for-xiao,Grove Shield for XIAO,Seeed Studio,board,pinout-source,2,0,0,0,False,Independent all-connector completeness review; Revision match and electrical limits
seeed-studio-expansion-l76-l-gnss-module-for-xiao,L76-L GNSS Module for XIAO,Seeed Studio,board,pinout-source,1,0,0,0,False,Independent all-connector completeness review; Revision match and electrical limits
seeed-studio-expansion-l76k-gnss-module-for-xiao,L76K GNSS Module for XIAO,Seeed Studio,board,pinout-source,1,0,0,0,False,Independent all-connector completeness review; Revision match and electrical limits
seeed-studio-expansion-led-driver-board-for-xiao,LED Driver Board for XIAO,Seeed Studio,board,reference-only,0,0,0,0,False,Physical connector map; Independent all-connector completeness review; Revision match and electrical limits
seeed-studio-expansion-lte-cat-1-pi-hat,LTE Cat 1 Pi HAT,Seeed Studio,board,reference-only,0,0,0,0,False,Physical connector map; Independent all-connector completeness review; Revision match and electrical limits
seeed-studio-expansion-mt3620-grove-breakout,MT3620 Grove Breakout,Seeed Studio,board,pinout-source,1,0,0,0,False,Independent all-connector completeness review; Revision match and electrical limits
seeed-studio-expansion-respeaker-lite,reSpeaker Lite,Seeed Studio,board,pinout-source,1,0,0,0,False,Independent all-connector completeness review; Revision match and electrical limits
seeed-studio-expansion-respeaker-xvf3800-usb-4-mic-array,reSpeaker XVF3800 USB 4-Mic Array,Seeed Studio,board,pinout-source,1,0,0,0,False,Independent all-connector completeness review; Revision match and electrical limits
seeed-studio-expansion-rs-232-to-ttl-converter-max3232idr,RS-232 To TTL Converter (MAX3232IDR),Seeed Studio,board,pinout-source,1,0,0,0,False,Independent all-connector completeness review; Revision match and electrical limits
seeed-studio-expansion-rs-485-shield-for-raspberry-pi,RS-485 Shield for Raspberry Pi,Seeed Studio,board,functions-only,0,0,1,5,False,Physical connector map; Independent all-connector completeness review; Revision match and electrical limits
seeed-studio-expansion-rs485-expansion-board-for-xiao,RS485 Expansion Board for XIAO,Seeed Studio,board,pinout-source,1,0,0,0,False,Independent all-connector completeness review; Revision match and electrical limits
seeed-studio-expansion-sd-card-shield,SD Card Shield,Seeed Studio,board,reference-only,0,0,0,0,False,Physical connector map; Independent all-connector completeness review; Revision match and electrical limits
seeed-studio-expansion-serial-port-bluetooth-module-master-slave,Serial Port Bluetooth Module (Master-Slave),Seeed Studio,board,pinout-source,1,0,0,0,False,Independent all-connector completeness review; Revision match and electrical limits
seeed-studio-expansion-uartsb-frame,UartSB Frame,Seeed Studio,board,pinout-source,1,0,0,0,False,Independent all-connector completeness review; Revision match and electrical limits
seeed-studio-expansion-uartsbee-v3-1,UartSBee V3.1,Seeed Studio,board,pinout-source,1,0,0,0,False,Independent all-connector completeness review; Revision match and electrical limits
seeed-studio-expansion-uartsbee-v4,UartSBee V4,Seeed Studio,board,pinout-source,1,0,0,0,False,Independent all-connector completeness review; Revision match and electrical limits
seeed-studio-expansion-wi-fi-halow-module-for-xiao,Wi-Fi HaLow Module for XIAO,Seeed Studio,board,reference-only,0,0,0,0,False,Physical connector map; Independent all-connector completeness review; Revision match and electrical limits
seeed-studio-expansion-wifi-shield-v1-2,Wifi Shield V1.2,Seeed Studio,board,pinout-source,1,0,0,0,False,Independent all-connector completeness review; Revision match and electrical limits
seeed-studio-expansion-wifi-shield-v2-0,Wifi Shield V2.0,Seeed Studio,board,pinout-source,1,0,0,0,False,Independent all-connector completeness review; Revision match and electrical limits
seeed-studio-expansion-wio-lr2021,Wio-LR2021,Seeed Studio,board,pinout-source,2,0,1,22,False,Independent all-connector completeness review; Revision match and electrical limits
seeed-studio-expansion-wio-sx1262,Wio-SX1262,Seeed Studio,board,pinout-source,1,0,0,0,False,Independent all-connector completeness review; Revision match and electrical limits
seeed-studio-expansion-wm1302-lorawan-gateway-module,WM1302 LoRaWAN Gateway Module,Seeed Studio,board,pinout-source,1,0,0,0,False,Independent all-connector completeness review; Revision match and electrical limits
seeed-studio-expansion-wm1302-pi-hat,WM1302 Pi HAT,Seeed Studio,board,pinout-source,1,0,0,0,False,Independent all-connector completeness review; Revision match and electrical limits
seeed-studio-expansion-xbee-shield,XBee Shield,Seeed Studio,board,reference-only,0,0,0,0,False,Physical connector map; Independent all-connector completeness review; Revision match and electrical limits
seeed-studio-expansion-xiao-debug-mate,XIAO Debug Mate,Seeed Studio,board,pinout-source,2,0,0,0,False,Independent all-connector completeness review; Revision match and electrical limits
seeed-studio-expansion-xiao-logger-hat,XIAO Logger HAT,Seeed Studio,board,reference-only,0,0,0,0,False,Physical connector map; Independent all-connector completeness review; Revision match and electrical limits
seeed-studio-expansion-xiao-powerbread,XIAO PowerBread,Seeed Studio,board,reference-only,0,0,0,0,False,Physical connector map; Independent all-connector completeness review; Revision match and electrical limits
spotpear-manufacturer-unconfirmed-expansion-laser-450nm-5w-driver,Laser-450nm-5W driver,Spotpear (manufacturer unconfirmed),board,pinout-source,1,0,0,0,False,Independent all-connector completeness review; Revision match and electrical limits
waveshare-expansion-8-8-dsi-touch-a,8.8-DSI-TOUCH-A,Waveshare,board,pinout-source,1,0,0,0,False,Independent all-connector completeness review; Revision match and electrical limits
waveshare-expansion-ddsm210,DDSM210,Waveshare,board,pinout-source,1,0,0,0,False,Independent all-connector completeness review; Revision match and electrical limits
waveshare-expansion-ddsm315,DDSM315,Waveshare,board,pinout-source,1,0,0,0,False,Independent all-connector completeness review; Revision match and electrical limits
waveshare-expansion-imx415-8mp-usb-camera-b,IMX415 8MP USB Camera (B),Waveshare,board,pinout-source,1,0,0,0,False,Independent all-connector completeness review; Revision match and electrical limits
waveshare-expansion-os05a20-5mp-usb-camera-b,OS05A20 5MP USB Camera (B),Waveshare,board,pinout-source,1,0,0,0,False,Independent all-connector completeness review; Revision match and electrical limits
waveshare-expansion-os05a20-5mp-usb-camera-c,OS05A20 5MP USB Camera (C),Waveshare,board,pinout-source,1,0,0,0,False,Independent all-connector completeness review; Revision match and electrical limits
waveshare-expansion-pcie-to-minipcie-gbe-usb3-2-hat-plus,PCIe TO MiniPCIe GbE USB3.2 HAT Plus,Waveshare,board,pinout-source,1,0,0,0,False,Independent all-connector completeness review; Revision match and electrical limits
waveshare-expansion-ups-power-module-c,UPS Power Module (C),Waveshare,board,pinout-source,1,0,0,0,False,Independent all-connector completeness review; Revision match and electrical limits
arduino-gpio-device-alvik,Alvik,Arduino,board,pinout-source,1,0,0,0,False,Independent all-connector completeness review; Revision match and electrical limits
arduino-gpio-device-nesso-n1,Nesso N1,Arduino,board,pinout-source,12,0,0,0,False,Independent all-connector completeness review; Revision match and electrical limits
arduino-gpio-device-stella,Stella,Arduino,board,pinout-source,2,0,0,0,False,Independent all-connector completeness review; Revision match and electrical limits
dangerous-prototypes-gpio-device-bus-pirate-v3,Bus Pirate v3,Dangerous Prototypes,board,missing,0,0,0,0,False,Physical connector map; Independent all-connector completeness review; Revision match and electrical limits
flipper-devices-gpio-device-flipper-zero,Flipper Zero,Flipper Devices,board,pinout-source,1,0,0,0,False,Independent all-connector completeness review; Revision match and electrical limits
high-code-gpio-device-high-boy-production-version,High Boy production version,High Code,board,missing,0,0,0,0,False,Physical connector map; Independent all-connector completeness review; Revision match and electrical limits
high-code-gpio-device-high-boy-rev-2-2-mvp,High Boy REV 2.2 MVP,High Code,board,pinout-source,1,0,0,0,False,Independent all-connector completeness review; Revision match and electrical limits
lilygo-gpio-device-t-circle-s3,T-Circle-S3,LILYGO,board,reference-only,0,0,0,0,False,Physical connector map; Independent all-connector completeness review; Revision match and electrical limits
lilygo-gpio-device-t-deck,T-Deck,LILYGO,board,pinout-source,1,0,0,0,False,Independent all-connector completeness review; Revision match and electrical limits
lilygo-gpio-device-t-deck-max,T-Deck MAX,LILYGO,board,pinout-source,1,0,0,0,False,Independent all-connector completeness review; Revision match and electrical limits
lilygo-gpio-device-t-deck-plus,T-Deck Plus,LILYGO,board,pinout-source,1,0,0,0,False,Independent all-connector completeness review; Revision match and electrical limits
lilygo-gpio-device-t-deck-pro,T-Deck Pro,LILYGO,board,pinout-source,1,0,0,0,False,Independent all-connector completeness review; Revision match and electrical limits
lilygo-gpio-device-t-echo,T-Echo,LILYGO,board,reference-only,0,0,0,0,False,Physical connector map; Independent all-connector completeness review; Revision match and electrical limits
lilygo-gpio-device-t-glass,T-Glass,LILYGO,board,pinout-source,1,0,0,0,False,Independent all-connector completeness review; Revision match and electrical limits
lilygo-gpio-device-t-impulse,T-Impulse,LILYGO,board,reference-only,0,0,0,0,False,Physical connector map; Independent all-connector completeness review; Revision match and electrical limits
lilygo-gpio-device-t-keyboard-s3-pro,T-Keyboard S3 Pro,LILYGO,board,pinout-source,1,0,0,0,False,Independent all-connector completeness review; Revision match and electrical limits
lilygo-gpio-device-t-watch-2021-v1-0,T-Watch 2021 V1.0,LILYGO,board,reference-only,0,0,0,0,False,Physical connector map; Independent all-connector completeness review; Revision match and electrical limits
lilygo-gpio-device-t-watch-2021-v1-1,T-Watch 2021 V1.1,LILYGO,board,reference-only,0,0,0,0,False,Physical connector map; Independent all-connector completeness review; Revision match and electrical limits
lilygo-gpio-device-t-watch-block,T-Watch Block,LILYGO,board,pinout-source,1,0,0,0,False,Independent all-connector completeness review; Revision match and electrical limits
lilygo-gpio-device-t-watch-block-air,T-Watch Block Air,LILYGO,board,pinout-source,1,0,0,0,False,Independent all-connector completeness review; Revision match and electrical limits
lilygo-gpio-device-t-watch-block-led,T-Watch Block LED,LILYGO,board,pinout-source,1,0,0,0,False,Independent all-connector completeness review; Revision match and electrical limits
lilygo-gpio-device-t-watch-block-touch,T-Watch Block Touch,LILYGO,board,pinout-source,1,0,0,0,False,Independent all-connector completeness review; Revision match and electrical limits
lilygo-gpio-device-t-watch-block-ultrasonic,T-Watch Block Ultrasonic,LILYGO,board,pinout-source,1,0,0,0,False,Independent all-connector completeness review; Revision match and electrical limits
lilygo-gpio-device-t-watch-s3,T-Watch S3,LILYGO,board,pinout-source,1,0,0,0,False,Independent all-connector completeness review; Revision match and electrical limits
lilygo-gpio-device-t-watch-s3-plus,T-Watch S3 Plus,LILYGO,board,pinout-source,1,0,0,0,False,Independent all-connector completeness review; Revision match and electrical limits
lilygo-gpio-device-t-watch-ultra,T-Watch Ultra,LILYGO,board,pinout-source,1,0,0,0,False,Independent all-connector completeness review; Revision match and electrical limits
m5stack-gpio-device-atom-printer,Atom Printer,M5Stack,board,reference-only,0,0,0,0,False,Physical connector map; Independent all-connector completeness review; Revision match and electrical limits
m5stack-gpio-device-atom-matrix-v1-1,Atom-Matrix v1.1,M5Stack,board,pinout-source,1,0,0,0,False,Independent all-connector completeness review; Revision match and electrical limits
m5stack-gpio-device-atoms3r-cam,AtomS3R-CAM,M5Stack,board,pinout-source,1,0,0,0,False,Independent all-connector completeness review; Revision match and electrical limits
m5stack-gpio-device-atoms3r-cam-ai-chatbot,AtomS3R-CAM AI Chatbot,M5Stack,board,pinout-source,1,0,0,0,False,Independent all-connector completeness review; Revision match and electrical limits
m5stack-gpio-device-atoms3r-ext,AtomS3R-Ext,M5Stack,board,pinout-source,1,0,0,0,False,Independent all-connector completeness review; Revision match and electrical limits
m5stack-gpio-device-atoms3r-m12,AtomS3R-M12,M5Stack,board,pinout-source,1,0,0,0,False,Independent all-connector completeness review; Revision match and electrical limits
m5stack-gpio-device-atoms3r-m12-volcengine-kit,AtomS3R-M12 Volcengine Kit,M5Stack,board,pinout-source,1,0,0,0,False,Independent all-connector completeness review; Revision match and electrical limits
m5stack-gpio-device-atoms3u,AtomS3U,M5Stack,board,pinout-source,1,0,0,0,False,Independent all-connector completeness review; Revision match and electrical limits
m5stack-gpio-device-atomu,AtomU,M5Stack,board,pinout-source,1,0,0,0,False,Independent all-connector completeness review; Revision match and electrical limits
m5stack-gpio-device-bala,Bala,M5Stack,board,reference-only,0,0,0,0,False,Physical connector map; Independent all-connector completeness review; Revision match and electrical limits
m5stack-gpio-device-capsule,Capsule,M5Stack,board,pinout-source,1,0,0,0,False,Independent all-connector completeness review; Revision match and electrical limits
m5stack-gpio-device-capsule-v1-1,Capsule v1.1,M5Stack,board,pinout-source,1,0,0,0,False,Independent all-connector completeness review; Revision match and electrical limits
m5stack-gpio-device-cardputer-adv,Cardputer-Adv,M5Stack,board,pinout-source,1,0,0,0,False,Independent all-connector completeness review; Revision match and electrical limits
m5stack-gpio-device-cardputerzero,CardputerZero,M5Stack,board,pinout-source,2,0,0,0,False,Independent all-connector completeness review; Revision match and electrical limits
m5stack-gpio-device-core2,Core2,M5Stack,board,reference-only,0,0,0,0,False,Physical connector map; Independent all-connector completeness review; Revision match and electrical limits
m5stack-gpio-device-core2-v1-1,Core2 v1.1,M5Stack,board,reference-only,0,0,0,0,False,Physical connector map; Independent all-connector completeness review; Revision match and electrical limits
m5stack-gpio-device-cores3-lite,CoreS3-Lite,M5Stack,board,reference-only,0,0,0,0,False,Physical connector map; Independent all-connector completeness review; Revision match and electrical limits
m5stack-gpio-device-cores3-se,CoreS3-SE,M5Stack,board,reference-only,0,0,0,0,False,Physical connector map; Independent all-connector completeness review; Revision match and electrical limits
m5stack-gpio-device-faces-kit,Faces Kit,M5Stack,board,reference-only,0,0,0,0,False,Physical connector map; Independent all-connector completeness review; Revision match and electrical limits
m5stack-gpio-device-m5camera,M5Camera,M5Stack,board,reference-only,0,0,0,0,False,Physical connector map; Independent all-connector completeness review; Revision match and electrical limits
m5stack-gpio-device-m5go-lite,M5GO-Lite,M5Stack,board,reference-only,0,0,0,0,False,Physical connector map; Independent all-connector completeness review; Revision match and electrical limits
m5stack-gpio-device-station-485,Station-485,M5Stack,board,pinout-source,1,0,0,0,False,Independent all-connector completeness review; Revision match and electrical limits
m5stack-gpio-device-station-bat,Station-Bat,M5Stack,board,pinout-source,1,0,0,0,False,Independent all-connector completeness review; Revision match and electrical limits
m5stack-gpio-device-stickc-plus,StickC-Plus,M5Stack,board,pinout-source,2,0,0,0,False,Independent all-connector completeness review; Revision match and electrical limits
m5stack-gpio-device-unit-poe-p4,Unit PoE-P4,M5Stack,board,pinout-source,1,0,0,0,False,Independent all-connector completeness review; Revision match and electrical limits
m5stack-gpio-device-unitv-ov2640,UnitV-OV2640,M5Stack,board,pinout-source,1,0,0,0,False,Independent all-connector completeness review; Revision match and electrical limits
m5stack-gpio-device-unitv-ov7740,UnitV-OV7740,M5Stack,board,pinout-source,1,0,0,0,False,Independent all-connector completeness review; Revision match and electrical limits
m5stack-gpio-device-xiaozhi-card-kit,Xiaozhi Card Kit,M5Stack,board,pinout-source,1,0,0,0,False,Independent all-connector completeness review; Revision match and electrical limits
seeed-studio-gpio-device-recamera-hq-poe,reCamera HQ PoE,Seeed Studio,board,pinout-source,1,0,0,0,False,Independent all-connector completeness review; Revision match and electrical limits
seeed-studio-gpio-device-respeaker-flex-with-xiao-esp32s3,reSpeaker Flex with XIAO ESP32S3,Seeed Studio,board,pinout-source,1,0,0,0,False,Independent all-connector completeness review; Revision match and electrical limits
seeed-studio-gpio-device-respeaker-lite-voice-assistant-kit,reSpeaker Lite Voice Assistant Kit,Seeed Studio,board,pinout-source,1,0,0,0,False,Independent all-connector completeness review; Revision match and electrical limits
seeed-studio-gpio-device-respeaker-xvf3800-usb-4-mic-array-with-xiao-esp32s3,reSpeaker XVF3800 USB 4-Mic Array with XIAO ESP32S3,Seeed Studio,board,pinout-source,1,0,0,0,False,Independent all-connector completeness review; Revision match and electrical limits
seeed-studio-gpio-device-reterminal,reTerminal,Seeed Studio,board,pinout-source,1,0,0,0,False,Independent all-connector completeness review; Revision match and electrical limits
seeed-studio-gpio-device-reterminal-e1004,reTerminal E1004,Seeed Studio,board,pinout-source,1,0,0,0,False,Independent all-connector completeness review; Revision match and electrical limits
seeed-studio-gpio-device-rs485-vision-ai-camera,RS485 Vision AI Camera,Seeed Studio,board,pinout-source,1,0,0,0,False,Independent all-connector completeness review; Revision match and electrical limits
seeed-studio-gpio-device-sensecap-indicator,SenseCAP Indicator,Seeed Studio,board,pinout-source,1,0,0,0,False,Independent all-connector completeness review; Revision match and electrical limits
seeed-studio-gpio-device-sensecap-indicator-d1,SenseCAP Indicator D1,Seeed Studio,board,pinout-source,1,0,0,0,False,Independent all-connector completeness review; Revision match and electrical limits
seeed-studio-gpio-device-sensecap-indicator-d1l,SenseCAP Indicator D1L,Seeed Studio,board,pinout-source,1,0,0,0,False,Independent all-connector completeness review; Revision match and electrical limits
seeed-studio-gpio-device-sensecap-indicator-d1pro,SenseCAP Indicator D1Pro,Seeed Studio,board,pinout-source,1,0,0,0,False,Independent all-connector completeness review; Revision match and electrical limits
seeed-studio-gpio-device-sensecap-indicator-d1s,SenseCAP Indicator D1S,Seeed Studio,board,pinout-source,1,0,0,0,False,Independent all-connector completeness review; Revision match and electrical limits
seeed-studio-gpio-device-sensecap-watcher-for-xiaozhi,SenseCAP Watcher for XiaoZhi,Seeed Studio,board,reference-only,0,0,0,0,False,Physical connector map; Independent all-connector completeness review; Revision match and electrical limits
seeed-studio-gpio-device-wio-terminal,Wio Terminal,Seeed Studio,board,pinout-source,2,0,0,0,False,Independent all-connector completeness review; Revision match and electrical limits
techoverflow-gpio-device-canipulator-v1,CANipulator V1,TechOverflow,board,pinout-source,2,0,0,0,False,Independent all-connector completeness review; Revision match and electrical limits
techoverflow-gpio-device-canipulator-v2,CANipulator V2,TechOverflow,board,pinout-source,2,0,0,0,False,Independent all-connector completeness review; Revision match and electrical limits
arduino-other-101,101,Arduino,board,missing,0,0,0,0,False,Physical connector map; Independent all-connector completeness review; Revision match and electrical limits
arduino-other-uno-q,Arduino UNO Q,Arduino,board,pinout-source,7,0,0,0,False,Independent all-connector completeness review; Revision match and electrical limits
arduino-other-uno-r3,Arduino UNO R3,Arduino,board,pinout-source,9,0,0,0,False,Independent all-connector completeness review; Revision match and electrical limits
arduino-other-board-serial,Board Serial,Arduino,board,missing,0,0,0,0,False,Physical connector map; Independent all-connector completeness review; Revision match and electrical limits
arduino-other-board-serial-single-sided,Board Serial Single Sided,Arduino,board,missing,0,0,0,0,False,Physical connector map; Independent all-connector completeness review; Revision match and electrical limits
arduino-other-board-serial-single-sided-v3,Board Serial Single Sided v3,Arduino,board,pinout-source,1,0,0,0,False,Independent all-connector completeness review; Revision match and electrical limits
arduino-other-bt-bluetooth,BT (Bluetooth),Arduino,board,missing,0,0,0,0,False,Physical connector map; Independent all-connector completeness review; Revision match and electrical limits
arduino-other-bt-v1,BT v1,Arduino,board,missing,0,0,0,0,False,Physical connector map; Independent all-connector completeness review; Revision match and electrical limits
arduino-other-diecimila,Diecimila,Arduino,board,reference-only,0,0,0,0,False,Physical connector map; Independent all-connector completeness review; Revision match and electrical limits
arduino-other-due,Due,Arduino,board,pinout-source,8,0,0,0,False,Independent all-connector completeness review; Revision match and electrical limits
arduino-other-duemilanove,Duemilanove,Arduino,board,missing,0,0,0,0,False,Physical connector map; Independent all-connector completeness review; Revision match and electrical limits
arduino-other-edge-control,Edge Control,Arduino,board,pinout-source,7,0,0,0,False,Independent all-connector completeness review; Revision match and electrical limits
arduino-other-esplora,Esplora,Arduino,board,pinout-source,1,0,0,0,False,Independent all-connector completeness review; Revision match and electrical limits
arduino-other-ethernet-rev3-with-poe,Ethernet Rev3 with PoE,Arduino,board,missing,0,0,0,0,False,Physical connector map; Independent all-connector completeness review; Revision match and electrical limits
arduino-other-ethernet-rev3-without-poe,Ethernet Rev3 without PoE,Arduino,board,missing,0,0,0,0,False,Physical connector map; Independent all-connector completeness review; Revision match and electrical limits
arduino-other-fio,Fio,Arduino,board,missing,0,0,0,0,False,Physical connector map; Independent all-connector completeness review; Revision match and electrical limits
arduino-other-gemma,Gemma,Arduino,board,missing,0,0,0,0,False,Physical connector map; Independent all-connector completeness review; Revision match and electrical limits
arduino-other-giga-r1-wifi,GIGA R1 WiFi,Arduino,board,pinout-source,8,0,0,0,False,Independent all-connector completeness review; Revision match and electrical limits
arduino-other-industrial-101,Industrial 101,Arduino,board,pinout-source,1,0,0,0,False,Independent all-connector completeness review; Revision match and electrical limits
arduino-other-leonardo,Leonardo,Arduino,board,pinout-source,3,0,0,0,False,Independent all-connector completeness review; Revision match and electrical limits
arduino-other-leonardo-eth,Leonardo ETH,Arduino,board,missing,0,0,0,0,False,Physical connector map; Independent all-connector completeness review; Revision match and electrical limits
arduino-other-leonardo-eth-2-with-poe,Leonardo ETH 2 with PoE,Arduino,board,missing,0,0,0,0,False,Physical connector map; Independent all-connector completeness review; Revision match and electrical limits
arduino-other-lilypad-arduino-main-board,LilyPad Arduino Main Board,Arduino,board,missing,0,0,0,0,False,Physical connector map; Independent all-connector completeness review; Revision match and electrical limits
arduino-other-lilypad-arduino-simple,LilyPad Arduino Simple,Arduino,board,missing,0,0,0,0,False,Physical connector map; Independent all-connector completeness review; Revision match and electrical limits
arduino-other-lilypad-arduino-simplesnap,LilyPad Arduino SimpleSnap,Arduino,board,missing,0,0,0,0,False,Physical connector map; Independent all-connector completeness review; Revision match and electrical limits
arduino-other-lilypad-arduino-usb,LilyPad Arduino USB,Arduino,board,missing,0,0,0,0,False,Physical connector map; Independent all-connector completeness review; Revision match and electrical limits
arduino-other-m0,M0,Arduino,board,missing,0,0,0,0,False,Physical connector map; Independent all-connector completeness review; Revision match and electrical limits
arduino-other-m0-pro,M0 Pro,Arduino,board,missing,0,0,0,0,False,Physical connector map; Independent all-connector completeness review; Revision match and electrical limits
arduino-other-make-your-uno-kit,Make Your UNO Kit,Arduino,board,pinout-source,4,0,0,0,False,Independent all-connector completeness review; Revision match and electrical limits
arduino-other-mega-2560-rev3,Mega 2560 Rev3,Arduino,board,pinout-source,6,0,0,0,False,Independent all-connector completeness review; Revision match and electrical limits
arduino-other-mega-adk-rev3,Mega ADK Rev3,Arduino,board,missing,0,0,0,0,False,Physical connector map; Independent all-connector completeness review; Revision match and electrical limits
arduino-other-micro,Micro,Arduino,board,pinout-source,3,0,0,0,False,Independent all-connector completeness review; Revision match and electrical limits
arduino-other-mini-03,Mini 03,Arduino,board,pinout-source,1,0,0,0,False,Independent all-connector completeness review; Revision match and electrical limits
arduino-other-mini-04-and-05-shared-reference,Mini 04 and 05 shared reference,Arduino,board,pinout-source,1,0,0,0,False,Independent all-connector completeness review; Revision match and electrical limits
arduino-other-mini-05,Mini 05,Arduino,board,missing,0,0,0,0,False,Physical connector map; Independent all-connector completeness review; Revision match and electrical limits
arduino-other-mini-05-without-header,Mini 05 without header,Arduino,board,missing,0,0,0,0,False,Physical connector map; Independent all-connector completeness review; Revision match and electrical limits
arduino-other-mkr-1000-wifi,MKR 1000 WiFi,Arduino,board,pinout-source,3,0,0,0,False,Independent all-connector completeness review; Revision match and electrical limits
arduino-other-mkr-fox-1200,MKR FOX 1200,Arduino,board,pinout-source,4,0,0,0,False,Independent all-connector completeness review; Revision match and electrical limits
arduino-other-mkr-gsm-1400,MKR GSM 1400,Arduino,board,pinout-source,3,0,0,0,False,Independent all-connector completeness review; Revision match and electrical limits
arduino-other-mkr-nb-1500,MKR NB 1500,Arduino,board,pinout-source,3,0,0,0,False,Independent all-connector completeness review; Revision match and electrical limits
arduino-other-mkr-vidor-4000,MKR Vidor 4000,Arduino,board,pinout-source,9,0,0,0,False,Independent all-connector completeness review; Revision match and electrical limits
arduino-other-mkr-wan-1300,MKR WAN 1300,Arduino,board,pinout-source,3,0,0,0,False,Independent all-connector completeness review; Revision match and electrical limits
arduino-other-mkr-wan-1310,MKR WAN 1310,Arduino,board,pinout-source,3,0,0,0,False,Independent all-connector completeness review; Revision match and electrical limits
arduino-other-mkr-wifi-1010,MKR WiFi 1010,Arduino,board,pinout-source,3,0,0,0,False,Independent all-connector completeness review; Revision match and electrical limits
arduino-other-mkr-zero,MKR Zero,Arduino,board,pinout-source,3,0,0,0,False,Independent all-connector completeness review; Revision match and electrical limits
arduino-other-nano,Nano,Arduino,board,pinout-source,4,0,0,0,False,Independent all-connector completeness review; Revision match and electrical limits
arduino-other-nano-2-2,Nano 2.2,Arduino,board,pinout-source,1,0,0,0,False,Independent all-connector completeness review; Revision match and electrical limits
arduino-other-nano-33-ble,Nano 33 BLE,Arduino,board,pinout-source,3,0,0,0,False,Independent all-connector completeness review; Revision match and electrical limits
arduino-other-nano-33-ble-rev2,Nano 33 BLE Rev2,Arduino,board,pinout-source,4,0,0,0,False,Independent all-connector completeness review; Revision match and electrical limits
arduino-other-nano-33-ble-sense,Nano 33 BLE Sense,Arduino,board,pinout-source,4,0,0,0,False,Independent all-connector completeness review; Revision match and electrical limits
arduino-other-nano-33-ble-sense-rev2,Nano 33 BLE Sense Rev2,Arduino,board,pinout-source,4,0,0,0,False,Independent all-connector completeness review; Revision match and electrical limits
arduino-other-nano-33-iot,Nano 33 IoT,Arduino,board,pinout-source,4,0,0,0,False,Independent all-connector completeness review; Revision match and electrical limits
arduino-other-nano-every,Nano Every,Arduino,board,pinout-source,4,0,0,0,False,Independent all-connector completeness review; Revision match and electrical limits
arduino-other-nano-matter,Nano Matter,Arduino,board,pinout-source,3,0,0,0,False,Independent all-connector completeness review; Revision match and electrical limits
arduino-other-nano-r4,Nano R4,Arduino,board,pinout-source,3,0,0,0,False,Independent all-connector completeness review; Revision match and electrical limits
arduino-other-ng,NG,Arduino,board,missing,0,0,0,0,False,Physical connector map; Independent all-connector completeness review; Revision match and electrical limits
arduino-other-nicla-sense-env,Nicla Sense Env,Arduino,board,pinout-source,2,0,0,0,False,Independent all-connector completeness review; Revision match and electrical limits
arduino-other-nicla-sense-me,Nicla Sense ME,Arduino,board,pinout-source,5,0,0,0,False,Independent all-connector completeness review; Revision match and electrical limits
arduino-other-nicla-vision,Nicla Vision,Arduino,board,pinout-source,6,0,0,0,False,Independent all-connector completeness review; Revision match and electrical limits
arduino-other-nicla-voice,Nicla Voice,Arduino,board,pinout-source,4,0,0,0,False,Independent all-connector completeness review; Revision match and electrical limits
arduino-other-opta,Opta,Arduino,board,pinout-source,3,0,0,0,False,Independent all-connector completeness review; Revision match and electrical limits
arduino-other-portenta-c33,Portenta C33,Arduino,board,pinout-source,10,0,0,0,False,Independent all-connector completeness review; Revision match and electrical limits
arduino-other-portenta-h7,Portenta H7,Arduino,board,pinout-source,17,0,0,0,False,Independent all-connector completeness review; Revision match and electrical limits
arduino-other-portenta-h7-lite,Portenta H7 Lite,Arduino,board,pinout-source,1,0,0,0,False,Independent all-connector completeness review; Revision match and electrical limits
arduino-other-portenta-h7-lite-connected,Portenta H7 Lite Connected,Arduino,board,pinout-source,1,0,0,0,False,Independent all-connector completeness review; Revision match and electrical limits
arduino-other-portenta-machine-control,Portenta Machine Control,Arduino,board,pinout-source,6,0,0,0,False,Independent all-connector completeness review; Revision match and electrical limits
arduino-other-portenta-x8,Portenta X8,Arduino,board,pinout-source,10,0,0,0,False,Independent all-connector completeness review; Revision match and electrical limits
arduino-other-primo,Primo,Arduino,board,missing,0,0,0,0,False,Physical connector map; Independent all-connector completeness review; Revision match and electrical limits
arduino-other-primo-core,Primo Core,Arduino,board,missing,0,0,0,0,False,Physical connector map; Independent all-connector completeness review; Revision match and electrical limits
arduino-other-pro,Pro,Arduino,board,missing,0,0,0,0,False,Physical connector map; Independent all-connector completeness review; Revision match and electrical limits
arduino-other-pro-mini,Pro Mini,Arduino,board,missing,0,0,0,0,False,Physical connector map; Independent all-connector completeness review; Revision match and electrical limits
arduino-other-tian,Tian,Arduino,board,missing,0,0,0,0,False,Physical connector map; Independent all-connector completeness review; Revision match and electrical limits
arduino-other-tre,Tre,Arduino,board,missing,0,0,0,0,False,Physical connector map; Independent all-connector completeness review; Revision match and electrical limits
arduino-other-uno-mini-limited-edition,UNO Mini Limited Edition,Arduino,board,pinout-source,5,0,0,0,False,Independent all-connector completeness review; Revision match and electrical limits
arduino-other-uno-r3-smd,UNO R3 SMD,Arduino,board,pinout-source,4,0,0,0,False,Independent all-connector completeness review; Revision match and electrical limits
arduino-other-uno-r4-minima,UNO R4 Minima,Arduino,board,pinout-source,5,0,0,0,False,Independent all-connector completeness review; Revision match and electrical limits
arduino-other-uno-r4-wifi,UNO R4 WiFi,Arduino,board,pinout-source,4,0,0,0,False,Independent all-connector completeness review; Revision match and electrical limits
arduino-other-uno-rev3-with-long-pins,UNO Rev3 with Long Pins,Arduino,board,pinout-source,1,0,0,0,False,Independent all-connector completeness review; Revision match and electrical limits
arduino-other-uno-wifi,Uno WiFi,Arduino,board,missing,0,0,0,0,False,Physical connector map; Independent all-connector completeness review; Revision match and electrical limits
arduino-other-uno-wifi-rev2,UNO WiFi Rev2,Arduino,board,pinout-source,3,0,0,0,False,Independent all-connector completeness review; Revision match and electrical limits
arduino-other-usb,USB,Arduino,board,missing,0,0,0,0,False,Physical connector map; Independent all-connector completeness review; Revision match and electrical limits
arduino-other-ventuno-q,VENTUNO Q,Arduino,board,pinout-source,8,0,0,0,False,Independent all-connector completeness review; Revision match and electrical limits
arduino-other-y-n,Yún,Arduino,board,missing,0,0,0,0,False,Physical connector map; Independent all-connector completeness review; Revision match and electrical limits
arduino-other-y-n-mini,Yún Mini,Arduino,board,missing,0,0,0,0,False,Physical connector map; Independent all-connector completeness review; Revision match and electrical limits
arduino-other-y-n-rev2,Yún Rev2,Arduino,board,pinout-source,3,0,0,0,False,Independent all-connector completeness review; Revision match and electrical limits
arduino-other-y-n-with-poe,Yún with PoE,Arduino,board,missing,0,0,0,0,False,Physical connector map; Independent all-connector completeness review; Revision match and electrical limits
arduino-other-zero,Zero,Arduino,board,pinout-source,3,0,0,0,False,Independent all-connector completeness review; Revision match and electrical limits
beagleboard-org-other-beagleconnect-freedom,BeagleConnect Freedom,BeagleBoard.org,board,pinout-source,2,0,0,0,False,Independent all-connector completeness review; Revision match and electrical limits
generic-manufacturer-unconfirmed-other-stm32f103c6t6-blue-pill,STM32F103C6T6 Blue Pill,Generic - manufacturer unconfirmed,board,pinout-source,1,0,0,0,False,Independent all-connector completeness review; Revision match and electrical limits
generic-manufacturer-unconfirmed-other-stm32f103c8t6-blue-pill,STM32F103C8T6 Blue Pill,Generic - manufacturer unconfirmed,board,pinout-source,1,0,0,0,False,Independent all-connector completeness review; Revision match and electrical limits
heltec-other-cubecell-capsule,CubeCell Capsule,Heltec,board,pinout-source,1,0,0,0,False,Independent all-connector completeness review; Revision match and electrical limits
heltec-other-cubecell-htcc-ab01,CubeCell HTCC-AB01,Heltec,board,pinout-source,1,0,0,0,False,Independent all-connector completeness review; Revision match and electrical limits
heltec-other-cubecell-htcc-ab01-v2,CubeCell HTCC-AB01 V2,Heltec,board,pinout-source,1,0,0,0,False,Independent all-connector completeness review; Revision match and electrical limits
heltec-other-cubecell-htcc-ab02,CubeCell HTCC-AB02,Heltec,board,pinout-source,1,0,0,0,False,Independent all-connector completeness review; Revision match and electrical limits
heltec-other-cubecell-htcc-ab02a,CubeCell HTCC-AB02A,Heltec,board,pinout-source,1,0,0,0,False,Independent all-connector completeness review; Revision match and electrical limits
heltec-other-cubecell-htcc-ab02s,CubeCell HTCC-AB02S,Heltec,board,pinout-source,1,0,0,0,False,Independent all-connector completeness review; Revision match and electrical limits
heltec-other-cubecell-htcc-am01-module-board,CubeCell HTCC-AM01 Module Board,Heltec,board,pinout-source,1,0,0,0,False,Independent all-connector completeness review; Revision match and electrical limits
heltec-other-cubecell-htcc-am01-v2,CubeCell HTCC-AM01 V2,Heltec,board,pinout-source,1,0,0,0,False,Independent all-connector completeness review; Revision match and electrical limits
heltec-other-cubecell-htcc-am02-module-board,CubeCell HTCC-AM02 Module Board,Heltec,board,pinout-source,1,0,0,0,False,Independent all-connector completeness review; Revision match and electrical limits
heltec-other-lora-kit-151,LoRa Kit 151,Heltec,board,missing,0,0,0,0,False,Physical connector map; Independent all-connector completeness review; Revision match and electrical limits
heltec-other-lora-node-151,LoRa Node 151,Heltec,board,pinout-source,1,0,0,0,False,Independent all-connector completeness review; Revision match and electrical limits
heltec-other-mesh-node-t114,Mesh Node T114,Heltec,board,pinout-source,1,0,0,0,False,Independent all-connector completeness review; Revision match and electrical limits
heltec-other-meshsolar,MeshSolar,Heltec,board,pinout-source,1,0,0,0,False,Independent all-connector completeness review; Revision match and electrical limits
lilygo-other-t-bhi260ap,T-BHI260AP,LILYGO,board,pinout-source,1,0,0,0,False,Independent all-connector completeness review; Revision match and electrical limits
lilygo-other-t-display-k230,T-Display K230,LILYGO,board,pinout-source,2,0,0,0,False,Independent all-connector completeness review; Revision match and electrical limits
lilygo-other-t-display-k230-cased-version,T-Display K230 Cased Version,LILYGO,board,pinout-source,1,0,0,0,False,Independent all-connector completeness review; Revision match and electrical limits
lilygo-other-t-display-sf32,T-Display SF32,LILYGO,board,pinout-source,1,0,0,0,False,Independent all-connector completeness review; Revision match and electrical limits
lilygo-other-t-echo-card,T-Echo Card,LILYGO,board,pinout-source,1,0,0,0,False,Independent all-connector completeness review; Revision match and electrical limits
lilygo-other-t-echo-lite-kit,T-Echo Lite Kit,LILYGO,board,pinout-source,1,0,0,0,False,Independent all-connector completeness review; Revision match and electrical limits
lilygo-other-t-echo-plus,T-Echo-Plus,LILYGO,board,pinout-source,1,0,0,0,False,Independent all-connector completeness review; Revision match and electrical limits
lilygo-other-t-halow-rj45,T-Halow RJ45,LILYGO,board,pinout-source,1,0,0,0,False,Independent all-connector completeness review; Revision match and electrical limits
lilygo-other-t-impulse-plus,T-Impulse Plus,LILYGO,board,pinout-source,1,0,0,0,False,Independent all-connector completeness review; Revision match and electrical limits
lilygo-other-t-motion-v1-0,T-Motion V1.0,LILYGO,board,pinout-source,2,0,0,0,False,Independent all-connector completeness review; Revision match and electrical limits
lilygo-other-t-pcie-sim7600e,T-PCIE SIM7600E,LILYGO,board,pinout-source,1,0,0,0,False,Independent all-connector completeness review; Revision match and electrical limits
lilygo-other-t-radar,T-Radar,LILYGO,board,pinout-source,1,0,0,0,False,Independent all-connector completeness review; Revision match and electrical limits
lilygo-other-t3-stm32,T3-STM32,LILYGO,board,pinout-source,1,0,0,0,False,Independent all-connector completeness review; Revision match and electrical limits
luckfox-other-aura,Luckfox Aura,Luckfox,board,pinout-source,2,0,0,0,False,Independent all-connector completeness review; Revision match and electrical limits
luckfox-other-lume,Luckfox Lume,Luckfox,board,pinout-source,1,0,0,0,False,Independent all-connector completeness review; Revision match and electrical limits
luckfox-other-lyra,Luckfox Lyra,Luckfox,board,pinout-source,1,0,0,0,False,Independent all-connector completeness review; Revision match and electrical limits
luckfox-other-lyra-pi,Luckfox Lyra Pi,Luckfox,board,pinout-source,1,0,0,0,False,Independent all-connector completeness review; Revision match and electrical limits
luckfox-other-lyra-plus,Luckfox Lyra Plus,Luckfox,board,pinout-source,1,0,0,0,False,Independent all-connector completeness review; Revision match and electrical limits
luckfox-other-lyra-ultra,Luckfox Lyra Ultra,Luckfox,board,pinout-source,1,0,0,0,False,Independent all-connector completeness review; Revision match and electrical limits
luckfox-other-lyra-zero-w,Luckfox Lyra Zero W,Luckfox,board,pinout-source,1,0,0,0,False,Independent all-connector completeness review; Revision match and electrical limits
luckfox-other-nova,Luckfox Nova,Luckfox,board,pinout-source,1,0,0,0,False,Independent all-connector completeness review; Revision match and electrical limits
luckfox-other-omni3576,Luckfox Omni3576,Luckfox,board,missing,0,0,0,0,False,Physical connector map; Independent all-connector completeness review; Revision match and electrical limits
luckfox-other-pico,Luckfox Pico,Luckfox,board,pinout-source,1,0,0,0,False,Independent all-connector completeness review; Revision match and electrical limits
luckfox-other-pico-86-panel,Luckfox Pico 86 Panel,Luckfox,board,missing,0,0,0,0,False,Physical connector map; Independent all-connector completeness review; Revision match and electrical limits
luckfox-other-pico-mini,Luckfox Pico Mini,Luckfox,board,pinout-source,1,0,0,0,False,Independent all-connector completeness review; Revision match and electrical limits
luckfox-other-pico-pi,Luckfox Pico Pi,Luckfox,board,pinout-source,2,0,0,0,False,Independent all-connector completeness review; Revision match and electrical limits
luckfox-other-pico-plus,Luckfox Pico Plus,Luckfox,board,pinout-source,1,0,0,0,False,Independent all-connector completeness review; Revision match and electrical limits
luckfox-other-pico-pro,Luckfox Pico Pro,Luckfox,board,pinout-source,1,0,0,0,False,Independent all-connector completeness review; Revision match and electrical limits
luckfox-other-pico-ultra,Luckfox Pico Ultra,Luckfox,board,pinout-source,1,0,0,0,False,Independent all-connector completeness review; Revision match and electrical limits
luckfox-other-pico-zero,Luckfox Pico Zero,Luckfox,board,pinout-source,2,0,0,0,False,Independent all-connector completeness review; Revision match and electrical limits
luckfox-other-webbee,Luckfox WebBee,Luckfox,board,missing,0,0,0,0,False,Physical connector map; Independent all-connector completeness review; Revision match and electrical limits
micro-bit-educational-foundation-other-micro-bit,Micro:bit,micro-bit Educational Foundation,board,pinout-source,1,0,0,0,False,Independent all-connector completeness review; Revision match and electrical limits
micro-bit-educational-foundation-other-micro-bit-v2,Micro:bit V2,micro-bit Educational Foundation,board,pinout-source,1,0,0,0,False,Independent all-connector completeness review; Revision match and electrical limits
nologo-other-arduino-nano,Arduino Nano,Nologo,board,missing,0,0,0,0,False,Physical connector map; Independent all-connector completeness review; Revision match and electrical limits
nologo-other-arduino-nano33ble,Arduino Nano33BLE,Nologo,board,missing,0,0,0,0,False,Physical connector map; Independent all-connector completeness review; Revision match and electrical limits
nologo-other-arduino-promicro,Arduino ProMicro,Nologo,board,pinout-source,1,0,0,0,False,Independent all-connector completeness review; Revision match and electrical limits
nologo-other-arduino-promini,Arduino ProMini,Nologo,board,missing,0,0,0,0,False,Physical connector map; Independent all-connector completeness review; Revision match and electrical limits
nologo-other-arduino-uno,Arduino Uno,Nologo,board,missing,0,0,0,0,False,Physical connector map; Independent all-connector completeness review; Revision match and electrical limits
nologo-other-arduino-uno-r4-minima,Arduino Uno R4 MINIMA,Nologo,board,missing,0,0,0,0,False,Physical connector map; Independent all-connector completeness review; Revision match and electrical limits
nologo-other-arduino-uno-r4-wifi,Arduino Uno R4 WIFI,Nologo,board,pinout-source,1,0,0,0,False,Independent all-connector completeness review; Revision match and electrical limits
nologo-other-arduino-unopro2m,Arduino UnoPro2M,Nologo,board,reference-only,0,0,0,0,False,Physical connector map; Independent all-connector completeness review; Revision match and electrical limits
nologo-other-arduino-unopro4m,Arduino UnoPro4M,Nologo,board,reference-only,0,0,0,0,False,Physical connector map; Independent all-connector completeness review; Revision match and electrical limits
nologo-other-ch32v003,CH32V003,Nologo,board,missing,0,0,0,0,False,Physical connector map; Independent all-connector completeness review; Revision match and electrical limits
nologo-other-ch552t,CH552T,Nologo,board,missing,0,0,0,0,False,Physical connector map; Independent all-connector completeness review; Revision match and electrical limits
nologo-other-ch571f,CH571F,Nologo,board,missing,0,0,0,0,False,Physical connector map; Independent all-connector completeness review; Revision match and electrical limits
nologo-other-ch573f,CH573F,Nologo,board,missing,0,0,0,0,False,Physical connector map; Independent all-connector completeness review; Revision match and electrical limits
nologo-other-ch582f,CH582F,Nologo,board,missing,0,0,0,0,False,Physical connector map; Independent all-connector completeness review; Revision match and electrical limits
nologo-other-promicro-nrf52840-formerly-supermini,ProMicro NRF52840 (formerly SuperMini),Nologo,board,pinout-source,1,0,0,0,False,Independent all-connector completeness review; Revision match and electrical limits
nologo-other-stm32f103c6t6,STM32F103C6T6,Nologo,board,missing,0,0,0,0,False,Physical connector map; Independent all-connector completeness review; Revision match and electrical limits
nologo-other-stm32f103c8t6,STM32F103C8T6,Nologo,board,reference-only,0,0,0,0,False,Physical connector map; Independent all-connector completeness review; Revision match and electrical limits
nologo-other-stm32f103c8t6-c6t60-96tft,STM32F103C8T6-C6T60.96TFT,Nologo,board,missing,0,0,0,0,False,Physical connector map; Independent all-connector completeness review; Revision match and electrical limits
nologo-other-stm32f411ceu6,STM32F411CEU6,Nologo,board,missing,0,0,0,0,False,Physical connector map; Independent all-connector completeness review; Revision match and electrical limits
nologo-other-super-nrf52840,Super nRF52840,Nologo,board,pinout-source,2,0,0,0,False,Independent all-connector completeness review; Revision match and electrical limits
nologo-other-supermini-nano328p,SuperMini Nano328P,Nologo,board,missing,0,0,0,0,False,Physical connector map; Independent all-connector completeness review; Revision match and electrical limits
nvidia-other-jetson-agx-orin-developer-kit,Jetson AGX Orin Developer Kit,NVIDIA,board,missing,0,0,0,0,False,Physical connector map; Independent all-connector completeness review; Revision match and electrical limits
nvidia-other-jetson-agx-thor-developer-kit,Jetson AGX Thor Developer Kit,NVIDIA,board,missing,0,0,0,0,False,Physical connector map; Independent all-connector completeness review; Revision match and electrical limits
nvidia-other-jetson-agx-xavier-developer-kit,Jetson AGX Xavier Developer Kit,NVIDIA,board,missing,0,0,0,0,False,Physical connector map; Independent all-connector completeness review; Revision match and electrical limits
nvidia-other-jetson-nano-2gb-developer-kit,Jetson Nano 2GB Developer Kit,NVIDIA,board,missing,0,0,0,0,False,Physical connector map; Independent all-connector completeness review; Revision match and electrical limits
nvidia-other-jetson-nano-developer-kit,Jetson Nano Developer Kit,NVIDIA,board,missing,0,0,0,0,False,Physical connector map; Independent all-connector completeness review; Revision match and electrical limits
nvidia-other-jetson-orin-nano-developer-kit,Jetson Orin Nano Developer Kit,NVIDIA,board,missing,0,0,0,0,False,Physical connector map; Independent all-connector completeness review; Revision match and electrical limits
nvidia-other-jetson-xavier-nx-developer-kit,Jetson Xavier NX Developer Kit,NVIDIA,board,missing,0,0,0,0,False,Physical connector map; Independent all-connector completeness review; Revision match and electrical limits
rakwireless-other-bastwan,BastWAN,RAKwireless,board,pinout-source,2,0,0,0,False,Independent all-connector completeness review; Revision match and electrical limits
rakwireless-other-rak11720-module,RAK11720-Module,RAKwireless,board,pinout-source,1,0,0,0,False,Independent all-connector completeness review; Revision match and electrical limits
rakwireless-other-rak11721-breakout-board,RAK11721-Breakout-Board,RAKwireless,board,missing,0,0,0,0,False,Physical connector map; Independent all-connector completeness review; Revision match and electrical limits
rakwireless-other-rak11722,RAK11722,RAKwireless,board,missing,0,0,0,0,False,Physical connector map; Independent all-connector completeness review; Revision match and electrical limits
rakwireless-other-rak3172-evaluation-board,RAK3172-Evaluation-Board,RAKwireless,board,reference-only,0,0,0,0,False,Physical connector map; Independent all-connector completeness review; Revision match and electrical limits
rakwireless-other-rak3172-module,RAK3172-Module,RAKwireless,board,pinout-source,1,0,0,0,False,Independent all-connector completeness review; Revision match and electrical limits
rakwireless-other-rak3272-sip-breakout-board,RAK3272-SiP-Breakout-Board,RAKwireless,board,pinout-source,2,0,0,0,False,Independent all-connector completeness review; Revision match and electrical limits
rakwireless-other-rak3272s-breakout-board,RAK3272S-Breakout-Board,RAKwireless,board,pinout-source,1,0,0,0,False,Independent all-connector completeness review; Revision match and electrical limits
rakwireless-other-rak3372,RAK3372,RAKwireless,board,reference-only,0,0,0,0,False,Physical connector map; Independent all-connector completeness review; Revision match and electrical limits
rakwireless-other-rak4200-breakout-board,RAK4200-Breakout-Board,RAKwireless,board,pinout-source,1,0,0,0,False,Independent all-connector completeness review; Revision match and electrical limits
rakwireless-other-rak4200-evaluation-board,RAK4200-Evaluation-Board,RAKwireless,board,missing,0,0,0,0,False,Physical connector map; Independent all-connector completeness review; Revision match and electrical limits
rakwireless-other-rak4200-module,RAK4200-Module,RAKwireless,board,pinout-source,1,0,0,0,False,Independent all-connector completeness review; Revision match and electrical limits
rakwireless-other-rak4260-breakout-board,RAK4260-Breakout-Board,RAKwireless,board,pinout-source,1,0,0,0,False,Independent all-connector completeness review; Revision match and electrical limits
rakwireless-other-rak4260-evaluation-board,RAK4260-Evaluation-Board,RAKwireless,board,reference-only,0,0,0,0,False,Physical connector map; Independent all-connector completeness review; Revision match and electrical limits
rakwireless-other-rak4260-module,RAK4260-Module,RAKwireless,board,pinout-source,1,0,0,0,False,Independent all-connector completeness review; Revision match and electrical limits
rakwireless-other-rak4270-breakout-board,RAK4270-Breakout-Board,RAKwireless,board,pinout-source,1,0,0,0,False,Independent all-connector completeness review; Revision match and electrical limits
rakwireless-other-rak4270-module,RAK4270-Module,RAKwireless,board,pinout-source,1,0,0,0,False,Independent all-connector completeness review; Revision match and electrical limits
rakwireless-other-rak4600-breakout-board,RAK4600-Breakout-Board,RAKwireless,board,pinout-source,1,0,0,0,False,Independent all-connector completeness review; Revision match and electrical limits
rakwireless-other-rak4600-evaluation-board,RAK4600-Evaluation-Board,RAKwireless,board,missing,0,0,0,0,False,Physical connector map; Independent all-connector completeness review; Revision match and electrical limits
rakwireless-other-rak4600-module,RAK4600-Module,RAKwireless,board,pinout-source,1,0,0,0,False,Independent all-connector completeness review; Revision match and electrical limits
rakwireless-other-rak4630-module,RAK4630-Module,RAKwireless,board,pinout-source,1,0,0,0,False,Independent all-connector completeness review; Revision match and electrical limits
rakwireless-other-rak4631,RAK4631,RAKwireless,board,missing,0,0,0,0,False,Physical connector map; Independent all-connector completeness review; Revision match and electrical limits
rakwireless-other-rak811-breakout-board,RAK811-Breakout-Board,RAKwireless,board,missing,0,0,0,0,False,Physical connector map; Independent all-connector completeness review; Revision match and electrical limits
rakwireless-other-rak811-breakout-board-high-rf,RAK811-Breakout-Board High RF,RAKwireless,board,pinout-source,1,0,0,0,False,Independent all-connector completeness review; Revision match and electrical limits
rakwireless-other-rak811-breakout-board-low-rf,RAK811-Breakout-Board Low RF,RAKwireless,board,pinout-source,1,0,0,0,False,Independent all-connector completeness review; Revision match and electrical limits
rakwireless-other-rak811-module,RAK811-Module,RAKwireless,board,missing,0,0,0,0,False,Physical connector map; Independent all-connector completeness review; Revision match and electrical limits
rakwireless-other-rak811-module-high-rf,RAK811-Module High RF,RAKwireless,board,pinout-source,1,0,0,0,False,Independent all-connector completeness review; Revision match and electrical limits
rakwireless-other-rak811-module-low-rf,RAK811-Module Low RF,RAKwireless,board,pinout-source,1,0,0,0,False,Independent all-connector completeness review; Revision match and electrical limits
rakwireless-other-rak813-module,RAK813-Module,RAKwireless,board,pinout-source,1,0,0,0,False,Independent all-connector completeness review; Revision match and electrical limits
rakwireless-other-wismesh-base,WisMesh-Base,RAKwireless,board,missing,0,0,0,0,False,Physical connector map; Independent all-connector completeness review; Revision match and electrical limits
seeed-studio-other-air602-wifi-development-board,Air602 WiFi Development Board,Seeed Studio,board,pinout-source,1,0,0,0,False,Independent all-connector completeness review; Revision match and electrical limits
seeed-studio-other-arch-ble,Arch BLE,Seeed Studio,board,pinout-source,1,0,0,0,False,Independent all-connector completeness review; Revision match and electrical limits
seeed-studio-other-arch-gprs-v2,Arch GPRS V2,Seeed Studio,board,pinout-source,1,0,0,0,False,Independent all-connector completeness review; Revision match and electrical limits
seeed-studio-other-arch-link,Arch Link,Seeed Studio,board,pinout-source,1,0,0,0,False,Independent all-connector completeness review; Revision match and electrical limits
seeed-studio-other-arch-max,Arch Max,Seeed Studio,board,pinout-source,1,0,0,0,False,Independent all-connector completeness review; Revision match and electrical limits
seeed-studio-other-arch-max-v1-1,Arch Max V1.1,Seeed Studio,board,pinout-source,1,0,0,0,False,Independent all-connector completeness review; Revision match and electrical limits
seeed-studio-other-arch-mix,Arch Mix,Seeed Studio,board,pinout-source,1,0,0,0,False,Independent all-connector completeness review; Revision match and electrical limits
seeed-studio-other-arch-pro,Arch Pro,Seeed Studio,board,pinout-source,1,0,0,0,False,Independent all-connector completeness review; Revision match and electrical limits
seeed-studio-other-arch-v1-1,Arch V1.1,Seeed Studio,board,pinout-source,1,0,0,0,False,Independent all-connector completeness review; Revision match and electrical limits
seeed-studio-other-azure-sphere-mt3620-development-kit,Azure Sphere MT3620 Development Kit,Seeed Studio,board,pinout-source,3,0,0,0,False,Independent all-connector completeness review; Revision match and electrical limits
seeed-studio-other-ble-dual-bee-v1-0,BLE (Dual) Bee V1.0,Seeed Studio,board,reference-only,0,0,0,0,False,Physical connector map; Independent all-connector completeness review; Revision match and electrical limits
seeed-studio-other-ble-bee,BLE Bee,Seeed Studio,board,pinout-source,1,0,0,0,False,Independent all-connector completeness review; Revision match and electrical limits
seeed-studio-other-ble-carbon,BLE Carbon,Seeed Studio,board,pinout-source,1,0,0,0,False,Independent all-connector completeness review; Revision match and electrical limits
seeed-studio-other-ble-micro,BLE Micro,Seeed Studio,board,pinout-source,1,0,0,0,False,Independent all-connector completeness review; Revision match and electrical limits
seeed-studio-other-ble-nitrogen,BLE Nitrogen,Seeed Studio,board,pinout-source,1,0,0,0,False,Independent all-connector completeness review; Revision match and electrical limits
seeed-studio-other-cui32stem,CUI32Stem,Seeed Studio,board,reference-only,0,0,0,0,False,Physical connector map; Independent all-connector completeness review; Revision match and electrical limits
seeed-studio-other-gd32-risc-v-dev-board,GD32 RISC-V Dev Board,Seeed Studio,board,pinout-source,1,0,0,0,False,Independent all-connector completeness review; Revision match and electrical limits
seeed-studio-other-mt3620-mini-dev-board,MT3620 Mini Dev Board,Seeed Studio,board,pinout-source,1,0,0,0,False,Independent all-connector completeness review; Revision match and electrical limits
seeed-studio-other-rephone-core-2g-atmelsamd21,RePhone Core 2G-AtmelSAMD21,Seeed Studio,board,pinout-source,1,0,0,0,False,Independent all-connector completeness review; Revision match and electrical limits
seeed-studio-other-rephone-strap-kit-for-pebble,RePhone Strap Kit for Pebble,Seeed Studio,board,pinout-source,1,0,0,0,False,Independent all-connector completeness review; Revision match and electrical limits
seeed-studio-other-rfbee-v1-1,RFbee V1.1,Seeed Studio,board,pinout-source,1,0,0,0,False,Independent all-connector completeness review; Revision match and electrical limits
seeed-studio-other-seeeduino-arch,Seeeduino Arch,Seeed Studio,board,pinout-source,1,0,0,0,False,Independent all-connector completeness review; Revision match and electrical limits
seeed-studio-other-seeeduino-cortex-m0,Seeeduino Cortex-M0+,Seeed Studio,board,pinout-source,1,0,0,0,False,Independent all-connector completeness review; Revision match and electrical limits
seeed-studio-other-seeeduino-lotus-cortex-m0,Seeeduino Lotus Cortex-M0+,Seeed Studio,board,pinout-source,1,0,0,0,False,Independent all-connector completeness review; Revision match and electrical limits
seeed-studio-other-seeeduino-stalker,Seeeduino Stalker,Seeed Studio,board,reference-only,0,0,0,0,False,Physical connector map; Independent all-connector completeness review; Revision match and electrical limits
seeed-studio-other-seeeduino-stalker-v3-1,Seeeduino Stalker V3.1,Seeed Studio,board,pinout-source,1,0,0,0,False,Independent all-connector completeness review; Revision match and electrical limits
seeed-studio-other-seeeduino-v2,Seeeduino V2,Seeed Studio,board,reference-only,0,0,0,0,False,Physical connector map; Independent all-connector completeness review; Revision match and electrical limits
seeed-studio-other-seeeduino-v2-2,Seeeduino V2.2,Seeed Studio,board,pinout-source,1,0,0,0,False,Independent all-connector completeness review; Revision match and electrical limits
seeed-studio-other-seeeduino-v2-2-atmega168p,Seeeduino V2.2 (ATmega168P),Seeed Studio,board,pinout-source,1,0,0,0,False,Independent all-connector completeness review; Revision match and electrical limits
seeed-studio-other-seeeduino-v2-21,Seeeduino V2.21,Seeed Studio,board,pinout-source,1,0,0,0,False,Independent all-connector completeness review; Revision match and electrical limits
seeed-studio-other-seeeduino-v3-0,Seeeduino V3.0,Seeed Studio,board,pinout-source,2,0,0,0,False,Independent all-connector completeness review; Revision match and electrical limits
seeed-studio-other-seeeduino-v4,Seeeduino V4,Seeed Studio,board,reference-only,0,0,0,0,False,Physical connector map; Independent all-connector completeness review; Revision match and electrical limits
seeed-studio-other-seeeduino-v4-2,Seeeduino V4.2,Seeed Studio,board,reference-only,0,0,0,0,False,Physical connector map; Independent all-connector completeness review; Revision match and electrical limits
seeed-studio-other-semtech-lr2021-lora-plus-evaluation-kit,Semtech LR2021 LoRa Plus Evaluation Kit,Seeed Studio,board,pinout-source,2,0,0,0,False,Independent all-connector completeness review; Revision match and electrical limits
seeed-studio-other-tiny-ble,Tiny BLE,Seeed Studio,board,pinout-source,2,0,0,0,False,Independent all-connector completeness review; Revision match and electrical limits
seeed-studio-other-w600-module,W600 Module,Seeed Studio,board,pinout-source,1,0,0,0,False,Independent all-connector completeness review; Revision match and electrical limits
seeed-studio-other-wio-tracker-1110-dev-board,Wio Tracker 1110 Dev Board,Seeed Studio,board,pinout-source,1,0,0,0,False,Independent all-connector completeness review; Revision match and electrical limits
seeed-studio-other-wio-tracker-1110-dev-kit-for-meshtastic,Wio Tracker 1110 Dev Kit for Meshtastic,Seeed Studio,board,pinout-source,1,0,0,0,False,Independent all-connector completeness review; Revision match and electrical limits
seeed-studio-other-wio-e5-development-kit,Wio-E5 Development Kit,Seeed Studio,board,pinout-source,1,0,0,0,False,Independent all-connector completeness review; Revision match and electrical limits
seeed-studio-other-wio-e5-mini,Wio-E5 mini,Seeed Studio,board,pinout-source,1,0,0,0,False,Independent all-connector completeness review; Revision match and electrical limits
seeed-studio-other-wio-e5-stm32wle5jc-module,Wio-E5 STM32WLE5JC Module,Seeed Studio,board,reference-only,0,0,0,0,False,Physical connector map; Independent all-connector completeness review; Revision match and electrical limits
seeed-studio-other-wio-s3-wireless-module,Wio-S3 Wireless Module,Seeed Studio,board,pinout-source,1,0,0,0,False,Independent all-connector completeness review; Revision match and electrical limits
seeed-studio-other-wio-wm1110-dev-kit,Wio-WM1110 Dev Kit,Seeed Studio,board,pinout-source,3,0,0,0,False,Independent all-connector completeness review; Revision match and electrical limits
seeed-studio-other-xiao-mg24,XIAO MG24,Seeed Studio,board,pinout-source,2,0,0,0,False,Independent all-connector completeness review; Revision match and electrical limits
seeed-studio-other-xiao-mg24-sense,XIAO MG24 Sense,Seeed Studio,board,pinout-source,2,0,0,0,False,Independent all-connector completeness review; Revision match and electrical limits
seeed-studio-other-xiao-nrf52840,XIAO nRF52840,Seeed Studio,board,pinout-source,2,0,0,0,False,Independent all-connector completeness review; Revision match and electrical limits
seeed-studio-other-xiao-nrf52840-wio-sx1262-kit,XIAO nRF52840 & Wio-SX1262 Kit,Seeed Studio,board,pinout-source,2,0,0,0,False,Independent all-connector completeness review; Revision match and electrical limits
seeed-studio-other-xiao-nrf52840-plus,XIAO nRF52840 Plus,Seeed Studio,board,pinout-source,2,0,0,0,False,Independent all-connector completeness review; Revision match and electrical limits
seeed-studio-other-xiao-nrf52840-sense,XIAO nRF52840 Sense,Seeed Studio,board,pinout-source,3,0,0,0,False,Independent all-connector completeness review; Revision match and electrical limits
seeed-studio-other-xiao-nrf52840-sense-plus,XIAO nRF52840 Sense Plus,Seeed Studio,board,pinout-source,2,0,0,0,False,Independent all-connector completeness review; Revision match and electrical limits
seeed-studio-other-xiao-nrf54l15,XIAO nRF54L15,Seeed Studio,board,pinout-source,3,0,0,0,False,Independent all-connector completeness review; Revision match and electrical limits
seeed-studio-other-xiao-nrf54l15-sense,XIAO nRF54L15 Sense,Seeed Studio,board,pinout-source,2,0,0,0,False,Independent all-connector completeness review; Revision match and electrical limits
seeed-studio-other-xiao-nrf54lm20a,XIAO nRF54LM20A,Seeed Studio,board,pinout-source,2,0,0,0,False,Independent all-connector completeness review; Revision match and electrical limits
seeed-studio-other-xiao-nrf54lm20a-sense,XIAO nRF54LM20A Sense,Seeed Studio,board,pinout-source,2,0,0,0,False,Independent all-connector completeness review; Revision match and electrical limits
seeed-studio-other-xiao-ra4m1,XIAO RA4M1,Seeed Studio,board,pinout-source,2,0,0,0,False,Independent all-connector completeness review; Revision match and electrical limits
seeed-studio-other-xiao-samd21,XIAO SAMD21,Seeed Studio,board,pinout-source,4,0,0,0,False,Independent all-connector completeness review; Revision match and electrical limits
seeed-studio-other-xiao-samd21-plus,XIAO SAMD21 Plus,Seeed Studio,board,pinout-source,2,0,0,0,False,Independent all-connector completeness review; Revision match and electrical limits
sipeed-other-maix-bit-aiot-developer-kit,Maix Bit AIoT Developer Kit,Sipeed,board,missing,0,0,0,0,False,Physical connector map; Independent all-connector completeness review; Revision match and electrical limits
sipeed-other-maix-go-aiot-developer-kit,Maix Go AIoT Developer Kit,Sipeed,board,missing,0,0,0,0,False,Physical connector map; Independent all-connector completeness review; Revision match and electrical limits
sparkfun-other-arduino-pro-mini-328-3-3v-8mhz,Arduino Pro Mini 328 - 3.3V 8MHz,SparkFun,board,pinout-source,1,0,0,0,False,Independent all-connector completeness review; Revision match and electrical limits
sparkfun-other-arduino-pro-mini-328-5v-16mhz,Arduino Pro Mini 328 - 5V 16MHz,SparkFun,board,pinout-source,1,0,0,0,False,Independent all-connector completeness review; Revision match and electrical limits
stmicroelectronics-other-nucleo-f030r8,NUCLEO-F030R8,STMicroelectronics,board,missing,0,0,0,0,False,Physical connector map; Independent all-connector completeness review; Revision match and electrical limits
stmicroelectronics-other-nucleo-f031k6,NUCLEO-F031K6,STMicroelectronics,board,missing,0,0,0,0,False,Physical connector map; Independent all-connector completeness review; Revision match and electrical limits
stmicroelectronics-other-nucleo-f042k6,NUCLEO-F042K6,STMicroelectronics,board,missing,0,0,0,0,False,Physical connector map; Independent all-connector completeness review; Revision match and electrical limits
stmicroelectronics-other-nucleo-f070rb,NUCLEO-F070RB,STMicroelectronics,board,missing,0,0,0,0,False,Physical connector map; Independent all-connector completeness review; Revision match and electrical limits
stmicroelectronics-other-nucleo-f072rb,NUCLEO-F072RB,STMicroelectronics,board,missing,0,0,0,0,False,Physical connector map; Independent all-connector completeness review; Revision match and electrical limits
stmicroelectronics-other-nucleo-f091rc,NUCLEO-F091RC,STMicroelectronics,board,missing,0,0,0,0,False,Physical connector map; Independent all-connector completeness review; Revision match and electrical limits
stmicroelectronics-other-nucleo-f103rb,NUCLEO-F103RB,STMicroelectronics,board,missing,0,0,0,0,False,Physical connector map; Independent all-connector completeness review; Revision match and electrical limits
stmicroelectronics-other-nucleo-f207zg,NUCLEO-F207ZG,STMicroelectronics,board,missing,0,0,0,0,False,Physical connector map; Independent all-connector completeness review; Revision match and electrical limits
stmicroelectronics-other-nucleo-f302r8,NUCLEO-F302R8,STMicroelectronics,board,missing,0,0,0,0,False,Physical connector map; Independent all-connector completeness review; Revision match and electrical limits
stmicroelectronics-other-nucleo-f303k8,NUCLEO-F303K8,STMicroelectronics,board,missing,0,0,0,0,False,Physical connector map; Independent all-connector completeness review; Revision match and electrical limits
stmicroelectronics-other-nucleo-f303re,NUCLEO-F303RE,STMicroelectronics,board,missing,0,0,0,0,False,Physical connector map; Independent all-connector completeness review; Revision match and electrical limits
stmicroelectronics-other-nucleo-f303ze,NUCLEO-F303ZE,STMicroelectronics,board,missing,0,0,0,0,False,Physical connector map; Independent all-connector completeness review; Revision match and electrical limits
stmicroelectronics-other-nucleo-f334r8,NUCLEO-F334R8,STMicroelectronics,board,missing,0,0,0,0,False,Physical connector map; Independent all-connector completeness review; Revision match and electrical limits
stmicroelectronics-other-nucleo-f401re,NUCLEO-F401RE,STMicroelectronics,board,missing,0,0,0,0,False,Physical connector map; Independent all-connector completeness review; Revision match and electrical limits
stmicroelectronics-other-nucleo-f410rb,NUCLEO-F410RB,STMicroelectronics,board,missing,0,0,0,0,False,Physical connector map; Independent all-connector completeness review; Revision match and electrical limits
stmicroelectronics-other-nucleo-f411re,NUCLEO-F411RE,STMicroelectronics,board,missing,0,0,0,0,False,Physical connector map; Independent all-connector completeness review; Revision match and electrical limits
stmicroelectronics-other-nucleo-f429zi,NUCLEO-F429ZI,STMicroelectronics,board,missing,0,0,0,0,False,Physical connector map; Independent all-connector completeness review; Revision match and electrical limits
stmicroelectronics-other-nucleo-f446re,NUCLEO-F446RE,STMicroelectronics,board,missing,0,0,0,0,False,Physical connector map; Independent all-connector completeness review; Revision match and electrical limits
stmicroelectronics-other-nucleo-f446ze,NUCLEO-F446ZE,STMicroelectronics,board,missing,0,0,0,0,False,Physical connector map; Independent all-connector completeness review; Revision match and electrical limits
stmicroelectronics-other-nucleo-f746zg,NUCLEO-F746ZG,STMicroelectronics,board,missing,0,0,0,0,False,Physical connector map; Independent all-connector completeness review; Revision match and electrical limits
stmicroelectronics-other-nucleo-f767zi,NUCLEO-F767ZI,STMicroelectronics,board,missing,0,0,0,0,False,Physical connector map; Independent all-connector completeness review; Revision match and electrical limits
stmicroelectronics-other-nucleo-l053r8,NUCLEO-L053R8,STMicroelectronics,board,missing,0,0,0,0,False,Physical connector map; Independent all-connector completeness review; Revision match and electrical limits
stmicroelectronics-other-nucleo-l073rz,NUCLEO-L073RZ,STMicroelectronics,board,missing,0,0,0,0,False,Physical connector map; Independent all-connector completeness review; Revision match and electrical limits
stmicroelectronics-other-nucleo-l152re,NUCLEO-L152RE,STMicroelectronics,board,missing,0,0,0,0,False,Physical connector map; Independent all-connector completeness review; Revision match and electrical limits
stmicroelectronics-other-nucleo-l476rg,NUCLEO-L476RG,STMicroelectronics,board,missing,0,0,0,0,False,Physical connector map; Independent all-connector completeness review; Revision match and electrical limits
stmicroelectronics-other-stm32f072b-disco,STM32F072B-DISCO,STMicroelectronics,board,missing,0,0,0,0,False,Physical connector map; Independent all-connector completeness review; Revision match and electrical limits
stmicroelectronics-other-stm32f0discovery,STM32F0DISCOVERY,STMicroelectronics,board,missing,0,0,0,0,False,Physical connector map; Independent all-connector completeness review; Revision match and electrical limits
stmicroelectronics-other-stm32f3discovery,STM32F3DISCOVERY,STMicroelectronics,board,missing,0,0,0,0,False,Physical connector map; Independent all-connector completeness review; Revision match and electrical limits
stmicroelectronics-other-stm32f401c-disco,STM32F401C-DISCO,STMicroelectronics,board,missing,0,0,0,0,False,Physical connector map; Independent all-connector completeness review; Revision match and electrical limits
stmicroelectronics-other-stm32f411e-disco,STM32F411E-DISCO,STMicroelectronics,board,missing,0,0,0,0,False,Physical connector map; Independent all-connector completeness review; Revision match and electrical limits
stmicroelectronics-other-stm32f429i-disco,STM32F429I-DISCO,STMicroelectronics,board,missing,0,0,0,0,False,Physical connector map; Independent all-connector completeness review; Revision match and electrical limits
stmicroelectronics-other-stm32f469i-disco,STM32F469I-DISCO,STMicroelectronics,board,missing,0,0,0,0,False,Physical connector map; Independent all-connector completeness review; Revision match and electrical limits
stmicroelectronics-other-stm32f4discovery,STM32F4DISCOVERY,STMicroelectronics,board,missing,0,0,0,0,False,Physical connector map; Independent all-connector completeness review; Revision match and electrical limits
stmicroelectronics-other-stm32f746g-disco,STM32F746G-DISCO,STMicroelectronics,board,missing,0,0,0,0,False,Physical connector map; Independent all-connector completeness review; Revision match and electrical limits
stmicroelectronics-other-stm32l-discovery,STM32L-DISCOVERY,STMicroelectronics,board,missing,0,0,0,0,False,Physical connector map; Independent all-connector completeness review; Revision match and electrical limits
stmicroelectronics-other-stm32l152c-disco,STM32L152C-DISCO,STMicroelectronics,board,missing,0,0,0,0,False,Physical connector map; Independent all-connector completeness review; Revision match and electrical limits
stmicroelectronics-other-stm32l476g-disco,STM32L476G-DISCO,STMicroelectronics,board,missing,0,0,0,0,False,Physical connector map; Independent all-connector completeness review; Revision match and electrical limits
stmicroelectronics-other-stm32vldiscovery,STM32VLDISCOVERY,STMicroelectronics,board,missing,0,0,0,0,False,Physical connector map; Independent all-connector completeness review; Revision match and electrical limits
stmicroelectronics-other-stm8a-discovery,STM8A-DISCOVERY,STMicroelectronics,board,missing,0,0,0,0,False,Physical connector map; Independent all-connector completeness review; Revision match and electrical limits
stmicroelectronics-other-stm8l-discovery,STM8L-DISCOVERY,STMicroelectronics,board,missing,0,0,0,0,False,Physical connector map; Independent all-connector completeness review; Revision match and electrical limits
stmicroelectronics-other-stm8s-discovery,STM8S-DISCOVERY,STMicroelectronics,board,missing,0,0,0,0,False,Physical connector map; Independent all-connector completeness review; Revision match and electrical limits
stmicroelectronics-other-stm8svldiscovery,STM8SVLDISCOVERY,STMicroelectronics,board,missing,0,0,0,0,False,Physical connector map; Independent all-connector completeness review; Revision match and electrical limits
waveshare-other-core103r,Core103R,Waveshare,board,missing,0,0,0,0,False,Physical connector map; Independent all-connector completeness review; Revision match and electrical limits
waveshare-other-core103v,Core103V,Waveshare,board,missing,0,0,0,0,False,Physical connector map; Independent all-connector completeness review; Revision match and electrical limits
waveshare-other-core103z,Core103Z,Waveshare,board,missing,0,0,0,0,False,Physical connector map; Independent all-connector completeness review; Revision match and electrical limits
waveshare-other-core107v,Core107V,Waveshare,board,missing,0,0,0,0,False,Physical connector map; Independent all-connector completeness review; Revision match and electrical limits
waveshare-other-core1106,Core1106,Waveshare,board,missing,0,0,0,0,False,Physical connector map; Independent all-connector completeness review; Revision match and electrical limits
waveshare-other-core205r,Core205R,Waveshare,board,missing,0,0,0,0,False,Physical connector map; Independent all-connector completeness review; Revision match and electrical limits
waveshare-other-core2530,Core2530,Waveshare,board,missing,0,0,0,0,False,Physical connector map; Independent all-connector completeness review; Revision match and electrical limits
waveshare-other-core2530-b,Core2530 (B),Waveshare,board,missing,0,0,0,0,False,Physical connector map; Independent all-connector completeness review; Revision match and electrical limits
waveshare-other-core3506,Core3506,Waveshare,board,missing,0,0,0,0,False,Physical connector map; Independent all-connector completeness review; Revision match and electrical limits
waveshare-other-core3566,Core3566,Waveshare,board,missing,0,0,0,0,False,Physical connector map; Independent all-connector completeness review; Revision match and electrical limits
waveshare-other-core3566-kit,Core3566-kit,Waveshare,board,missing,0,0,0,0,False,Physical connector map; Independent all-connector completeness review; Revision match and electrical limits
waveshare-other-core3576,Core3576,Waveshare,board,missing,0,0,0,0,False,Physical connector map; Independent all-connector completeness review; Revision match and electrical limits
waveshare-other-core3s250e,Core3S250E,Waveshare,board,missing,0,0,0,0,False,Physical connector map; Independent all-connector completeness review; Revision match and electrical limits
waveshare-other-core3s500e,Core3S500E,Waveshare,board,missing,0,0,0,0,False,Physical connector map; Independent all-connector completeness review; Revision match and electrical limits
waveshare-other-core405r,Core405R,Waveshare,board,missing,0,0,0,0,False,Physical connector map; Independent all-connector completeness review; Revision match and electrical limits
waveshare-other-core407i,Core407I,Waveshare,board,missing,0,0,0,0,False,Physical connector map; Independent all-connector completeness review; Revision match and electrical limits
waveshare-other-core407v,Core407V,Waveshare,board,missing,0,0,0,0,False,Physical connector map; Independent all-connector completeness review; Revision match and electrical limits
waveshare-other-core407z,Core407Z,Waveshare,board,missing,0,0,0,0,False,Physical connector map; Independent all-connector completeness review; Revision match and electrical limits
waveshare-other-core429i,Core429I,Waveshare,board,missing,0,0,0,0,False,Physical connector map; Independent all-connector completeness review; Revision match and electrical limits
waveshare-other-core4337,Core4337,Waveshare,board,missing,0,0,0,0,False,Physical connector map; Independent all-connector completeness review; Revision match and electrical limits
waveshare-other-core4357,Core4357,Waveshare,board,missing,0,0,0,0,False,Physical connector map; Independent all-connector completeness review; Revision match and electrical limits
waveshare-other-core51822,Core51822,Waveshare,board,pinout-source,1,0,0,0,False,Independent all-connector completeness review; Revision match and electrical limits
waveshare-other-core51822-b,Core51822 (B),Waveshare,board,pinout-source,1,0,0,0,False,Independent all-connector completeness review; Revision match and electrical limits
waveshare-other-core52840,Core52840,Waveshare,board,pinout-source,1,0,0,0,False,Independent all-connector completeness review; Revision match and electrical limits
waveshare-other-core746i,Core746I,Waveshare,board,missing,0,0,0,0,False,Physical connector map; Independent all-connector completeness review; Revision match and electrical limits
waveshare-other-coreep4ce10,CoreEP4CE10,Waveshare,board,missing,0,0,0,0,False,Physical connector map; Independent all-connector completeness review; Revision match and electrical limits
waveshare-other-coreep4ce6,CoreEP4CE6,Waveshare,board,missing,0,0,0,0,False,Physical connector map; Independent all-connector completeness review; Revision match and electrical limits
waveshare-other-evk407i,EVK407I,Waveshare,board,missing,0,0,0,0,False,Physical connector map; Independent all-connector completeness review; Revision match and electrical limits
waveshare-other-ex-stm8-q48a-105,EX-STM8-Q48A-105,Waveshare,board,missing,0,0,0,0,False,Physical connector map; Independent all-connector completeness review; Revision match and electrical limits
waveshare-other-ex-stm8-q64a-207,EX-STM8-Q64A-207,Waveshare,board,missing,0,0,0,0,False,Physical connector map; Independent all-connector completeness review; Revision match and electrical limits
waveshare-other-jetson-nano-mini,JETSON NANO MINI,Waveshare,board,missing,0,0,0,0,False,Physical connector map; Independent all-connector completeness review; Revision match and electrical limits
waveshare-other-jetson-nano-dev-kit,JETSON-NANO-DEV-KIT,Waveshare,board,missing,0,0,0,0,False,Physical connector map; Independent all-connector completeness review; Revision match and electrical limits
waveshare-other-jetson-nano-dev-kit-a,JETSON-NANO-DEV-KIT-A,Waveshare,board,missing,0,0,0,0,False,Physical connector map; Independent all-connector completeness review; Revision match and electrical limits
waveshare-other-jetson-nano-lite-dev-kit,JETSON-NANO-LITE-DEV-KIT,Waveshare,board,missing,0,0,0,0,False,Physical connector map; Independent all-connector completeness review; Revision match and electrical limits
waveshare-other-jetson-orin-nx-16g-dev-kit,JETSON-ORIN-NX-16G-DEV-KIT,Waveshare,board,missing,0,0,0,0,False,Physical connector map; Independent all-connector completeness review; Revision match and electrical limits
waveshare-other-jetson-tx2-nx-dev-kit,JETSON-TX2-NX-DEV-KIT,Waveshare,board,missing,0,0,0,0,False,Physical connector map; Independent all-connector completeness review; Revision match and electrical limits
waveshare-other-jetson-xavier-nx-dev-kit,JETSON-XAVIER-NX-DEV-KIT,Waveshare,board,missing,0,0,0,0,False,Physical connector map; Independent all-connector completeness review; Revision match and electrical limits
waveshare-other-nrf51822-eval-kit,NRF51822 Eval Kit,Waveshare,board,missing,0,0,0,0,False,Physical connector map; Independent all-connector completeness review; Revision match and electrical limits
waveshare-other-nrf52840-eval-kit,NRF52840 Eval Kit,Waveshare,board,missing,0,0,0,0,False,Physical connector map; Independent all-connector completeness review; Revision match and electrical limits
waveshare-other-open051c,Open051C,Waveshare,board,missing,0,0,0,0,False,Physical connector map; Independent all-connector completeness review; Revision match and electrical limits
waveshare-other-open103c,Open103C,Waveshare,board,missing,0,0,0,0,False,Physical connector map; Independent all-connector completeness review; Revision match and electrical limits
waveshare-other-open103r,Open103R,Waveshare,board,missing,0,0,0,0,False,Physical connector map; Independent all-connector completeness review; Revision match and electrical limits
waveshare-other-open103v,Open103V,Waveshare,board,missing,0,0,0,0,False,Physical connector map; Independent all-connector completeness review; Revision match and electrical limits
waveshare-other-open103z,Open103Z,Waveshare,board,missing,0,0,0,0,False,Physical connector map; Independent all-connector completeness review; Revision match and electrical limits
waveshare-other-open107v,Open107V,Waveshare,board,missing,0,0,0,0,False,Physical connector map; Independent all-connector completeness review; Revision match and electrical limits
waveshare-other-open1114,Open1114,Waveshare,board,missing,0,0,0,0,False,Physical connector map; Independent all-connector completeness review; Revision match and electrical limits
waveshare-other-open1343,Open1343,Waveshare,board,missing,0,0,0,0,False,Physical connector map; Independent all-connector completeness review; Revision match and electrical limits
waveshare-other-open16f877a,Open16F877A,Waveshare,board,missing,0,0,0,0,False,Physical connector map; Independent all-connector completeness review; Revision match and electrical limits
waveshare-other-open1768,Open1768,Waveshare,board,missing,0,0,0,0,False,Physical connector map; Independent all-connector completeness review; Revision match and electrical limits
waveshare-other-open1788,Open1788,Waveshare,board,missing,0,0,0,0,False,Physical connector map; Independent all-connector completeness review; Revision match and electrical limits
waveshare-other-open18f4520,Open18F4520,Waveshare,board,missing,0,0,0,0,False,Physical connector map; Independent all-connector completeness review; Revision match and electrical limits
waveshare-other-open205r-c,Open205R-C,Waveshare,board,missing,0,0,0,0,False,Physical connector map; Independent all-connector completeness review; Revision match and electrical limits
waveshare-other-open32f0-d,Open32F0-D,Waveshare,board,missing,0,0,0,0,False,Physical connector map; Independent all-connector completeness review; Revision match and electrical limits
waveshare-other-open32f3-d,Open32F3-D,Waveshare,board,missing,0,0,0,0,False,Physical connector map; Independent all-connector completeness review; Revision match and electrical limits
waveshare-other-open32l-d,Open32L-D,Waveshare,board,missing,0,0,0,0,False,Physical connector map; Independent all-connector completeness review; Revision match and electrical limits
waveshare-other-open3s500e,Open3S500E,Waveshare,board,missing,0,0,0,0,False,Physical connector map; Independent all-connector completeness review; Revision match and electrical limits
waveshare-other-open405r-c,Open405R-C,Waveshare,board,missing,0,0,0,0,False,Physical connector map; Independent all-connector completeness review; Revision match and electrical limits
waveshare-other-open407i-c,Open407I-C,Waveshare,board,missing,0,0,0,0,False,Physical connector map; Independent all-connector completeness review; Revision match and electrical limits
waveshare-other-open407v-c,Open407V-C,Waveshare,board,missing,0,0,0,0,False,Physical connector map; Independent all-connector completeness review; Revision match and electrical limits
waveshare-other-open407v-d,Open407V-D,Waveshare,board,missing,0,0,0,0,False,Physical connector map; Independent all-connector completeness review; Revision match and electrical limits
waveshare-other-open407z-c,Open407Z-C,Waveshare,board,missing,0,0,0,0,False,Physical connector map; Independent all-connector completeness review; Revision match and electrical limits
waveshare-other-open429i-c,Open429I-C,Waveshare,board,missing,0,0,0,0,False,Physical connector map; Independent all-connector completeness review; Revision match and electrical limits
waveshare-other-open429z-d,Open429Z-D,Waveshare,board,missing,0,0,0,0,False,Physical connector map; Independent all-connector completeness review; Revision match and electrical limits
waveshare-other-open746i-c,Open746I-C,Waveshare,board,missing,0,0,0,0,False,Physical connector map; Independent all-connector completeness review; Revision match and electrical limits
waveshare-other-openep4ce10-c,OpenEP4CE10-C,Waveshare,board,missing,0,0,0,0,False,Physical connector map; Independent all-connector completeness review; Revision match and electrical limits
waveshare-other-openep4ce6-c,OpenEP4CE6-C,Waveshare,board,missing,0,0,0,0,False,Physical connector map; Independent all-connector completeness review; Revision match and electrical limits
waveshare-other-openepm1270,OpenEPM1270,Waveshare,board,missing,0,0,0,0,False,Physical connector map; Independent all-connector completeness review; Revision match and electrical limits
waveshare-other-openm128,OpenM128,Waveshare,board,missing,0,0,0,0,False,Physical connector map; Independent all-connector completeness review; Revision match and electrical limits
waveshare-other-port103z,Port103Z,Waveshare,board,missing,0,0,0,0,False,Physical connector map; Independent all-connector completeness review; Revision match and electrical limits
waveshare-other-port407z,Port407Z,Waveshare,board,missing,0,0,0,0,False,Physical connector map; Independent all-connector completeness review; Revision match and electrical limits
waveshare-other-r3-plus,R3 PLUS,Waveshare,board,pinout-source,1,0,0,0,False,Independent all-connector completeness review; Revision match and electrical limits
waveshare-other-uno-plus,UNO PLUS,Waveshare,board,missing,0,0,0,0,False,Physical connector map; Independent all-connector completeness review; Revision match and electrical limits
waveshare-other-xcore407i,XCore407I,Waveshare,board,missing,0,0,0,0,False,Physical connector map; Independent all-connector completeness review; Revision match and electrical limits
waveshare-other-xnucleo-f030r8,XNUCLEO-F030R8,Waveshare,board,pinout-source,1,0,0,0,False,Independent all-connector completeness review; Revision match and electrical limits
waveshare-other-xnucleo-f103rb,XNUCLEO-F103RB,Waveshare,board,pinout-source,1,0,0,0,False,Independent all-connector completeness review; Revision match and electrical limits
waveshare-other-xnucleo-f302r8,XNUCLEO-F302R8,Waveshare,board,missing,0,0,0,0,False,Physical connector map; Independent all-connector completeness review; Revision match and electrical limits
waveshare-other-xnucleo-f401re,XNUCLEO-F401RE,Waveshare,board,pinout-source,1,0,0,0,False,Independent all-connector completeness review; Revision match and electrical limits
waveshare-other-xnucleo-f411re,XNUCLEO-F411RE,Waveshare,board,pinout-source,1,0,0,0,False,Independent all-connector completeness review; Revision match and electrical limits
weact-studio-other-at32f405-48pin-core-board,AT32F405 48Pin Core Board,WeAct Studio,board,reference-only,0,0,0,0,False,Physical connector map; Independent all-connector completeness review; Revision match and electrical limits
weact-studio-other-atmega328p-core-board,ATMEGA328P Core Board,WeAct Studio,board,pinout-source,1,0,0,0,False,Independent all-connector completeness review; Revision match and electrical limits
weact-studio-other-ch32v003-core-board,CH32V003 Core Board,WeAct Studio,board,reference-only,0,0,0,0,False,Physical connector map; Independent all-connector completeness review; Revision match and electrical limits
weact-studio-other-ch32v00x-core-board,CH32V00x Core Board,WeAct Studio,board,reference-only,0,0,0,0,False,Physical connector map; Independent all-connector completeness review; Revision match and electrical limits
weact-studio-other-ch32x035-core-board,CH32X035 Core Board,WeAct Studio,board,reference-only,0,0,0,0,False,Physical connector map; Independent all-connector completeness review; Revision match and electrical limits
weact-studio-other-ch552-core-board,CH552 Core Board,WeAct Studio,board,reference-only,0,0,0,0,False,Physical connector map; Independent all-connector completeness review; Revision match and electrical limits
weact-studio-other-ministm32f4x1-v2-0,MiniSTM32F4x1 (v2.0+),WeAct Studio,board,pinout-source,2,0,0,0,False,Independent all-connector completeness review; Revision match and electrical limits
weact-studio-other-ministm32h723,MiniSTM32H723,WeAct Studio,board,reference-only,0,0,0,0,False,Physical connector map; Independent all-connector completeness review; Revision match and electrical limits
weact-studio-other-ministm32h7b0,MiniSTM32H7B0,WeAct Studio,board,missing,0,0,0,0,False,Physical connector map; Independent all-connector completeness review; Revision match and electrical limits
weact-studio-other-ministm32h7xx,MiniSTM32H7xx,WeAct Studio,board,missing,0,0,0,0,False,Physical connector map; Independent all-connector completeness review; Revision match and electrical limits
weact-studio-other-mspm0g3507-core-board,MSPM0G3507 Core Board,WeAct Studio,board,reference-only,0,0,0,0,False,Physical connector map; Independent all-connector completeness review; Revision match and electrical limits
weact-studio-other-ra4m1-64pin-core-board,RA4M1 64Pin Core Board,WeAct Studio,board,reference-only,0,0,0,0,False,Physical connector map; Independent all-connector completeness review; Revision match and electrical limits
weact-studio-other-stm32c5-100pin-core-board,STM32C5 100Pin Core Board,WeAct Studio,board,reference-only,0,0,0,0,False,Physical connector map; Independent all-connector completeness review; Revision match and electrical limits
weact-studio-other-stm32c5-48pin-core-board,STM32C5 48Pin Core Board,WeAct Studio,board,reference-only,0,0,0,0,False,Physical connector map; Independent all-connector completeness review; Revision match and electrical limits
weact-studio-other-stm32f4-64pin-core-board,STM32F4 64Pin Core Board,WeAct Studio,board,reference-only,0,0,0,0,False,Physical connector map; Independent all-connector completeness review; Revision match and electrical limits
weact-studio-other-stm32f401ccu6-black-pill,STM32F401CCU6 Black Pill,WeAct Studio,board,pinout-source,1,0,0,0,False,Independent all-connector completeness review; Revision match and electrical limits
weact-studio-other-stm32f411ceu6-black-pill,STM32F411CEU6 Black Pill,WeAct Studio,board,pinout-source,1,0,0,0,False,Independent all-connector completeness review; Revision match and electrical limits
weact-studio-other-stm32g0b1-core-board,STM32G0B1 Core Board,WeAct Studio,board,reference-only,0,0,0,0,False,Physical connector map; Independent all-connector completeness review; Revision match and electrical limits
weact-studio-other-stm32g0xxc0xx-core-board,STM32G0xxC0xx Core Board,WeAct Studio,board,reference-only,0,0,0,0,False,Physical connector map; Independent all-connector completeness review; Revision match and electrical limits
weact-studio-other-stm32g4-100pin-core-board,STM32G4 100Pin Core Board,WeAct Studio,board,reference-only,0,0,0,0,False,Physical connector map; Independent all-connector completeness review; Revision match and electrical limits
weact-studio-other-stm32g431-core-board,STM32G431 Core Board,WeAct Studio,board,reference-only,0,0,0,0,False,Physical connector map; Independent all-connector completeness review; Revision match and electrical limits
weact-studio-other-stm32g474-core-board,STM32G474 Core Board,WeAct Studio,board,reference-only,0,0,0,0,False,Physical connector map; Independent all-connector completeness review; Revision match and electrical limits
weact-studio-other-stm32h5-100pin-core-board,STM32H5 100Pin Core Board,WeAct Studio,board,reference-only,0,0,0,0,False,Physical connector map; Independent all-connector completeness review; Revision match and electrical limits
weact-studio-other-stm32h5-64pin-core-board,STM32H5 64Pin Core Board,WeAct Studio,board,reference-only,0,0,0,0,False,Physical connector map; Independent all-connector completeness review; Revision match and electrical limits
weact-studio-other-stm32h503-core-board,STM32H503 Core Board,WeAct Studio,board,reference-only,0,0,0,0,False,Physical connector map; Independent all-connector completeness review; Revision match and electrical limits
weact-studio-other-stm32h523-core-board,STM32H523 Core Board,WeAct Studio,board,reference-only,0,0,0,0,False,Physical connector map; Independent all-connector completeness review; Revision match and electrical limits
weact-studio-other-stm32h7r3zx-core-board,STM32H7R3Zx Core Board,WeAct Studio,board,reference-only,0,0,0,0,False,Physical connector map; Independent all-connector completeness review; Revision match and electrical limits
weact-studio-other-stm32u585cx-core-board,STM32U585Cx Core Board,WeAct Studio,board,reference-only,0,0,0,0,False,Physical connector map; Independent all-connector completeness review; Revision match and electrical limits
weact-studio-other-stm32wb55-core-board,STM32WB55 Core Board,WeAct Studio,board,reference-only,0,0,0,0,False,Physical connector map; Independent all-connector completeness review; Revision match and electrical limits
weact-studio-other-stm32wba6xcx-core-board,STM32WBA6xCx Core Board,WeAct Studio,board,reference-only,0,0,0,0,False,Physical connector map; Independent all-connector completeness review; Revision match and electrical limits
banana-pi-other-sbc-bananapi-bpi-cm5-pro,BananaPi BPI-CM5 Pro,Banana Pi,board,missing,0,0,0,0,False,Physical connector map; Independent all-connector completeness review; Revision match and electrical limits
banana-pi-other-sbc-bpi-2k3000,BPI-2K3000,Banana Pi,board,missing,0,0,0,0,False,Physical connector map; Independent all-connector completeness review; Revision match and electrical limits
banana-pi-other-sbc-bpi-3a5000,BPI-3A5000,Banana Pi,board,missing,0,0,0,0,False,Physical connector map; Independent all-connector completeness review; Revision match and electrical limits
banana-pi-other-sbc-bpi-3a6000,BPI-3A6000,Banana Pi,board,missing,0,0,0,0,False,Physical connector map; Independent all-connector completeness review; Revision match and electrical limits
banana-pi-other-sbc-bpi-ai,BPI-AI,Banana Pi,board,missing,0,0,0,0,False,Physical connector map; Independent all-connector completeness review; Revision match and electrical limits
banana-pi-other-sbc-bpi-ai2h,BPI-AI2H,Banana Pi,board,missing,0,0,0,0,False,Physical connector map; Independent all-connector completeness review; Revision match and electrical limits
banana-pi-other-sbc-bpi-ai2n,BPI-AI2N,Banana Pi,board,missing,0,0,0,0,False,Physical connector map; Independent all-connector completeness review; Revision match and electrical limits
banana-pi-other-sbc-bpi-ai2n-carrier,BPI-AI2N-Carrier,Banana Pi,board,missing,0,0,0,0,False,Physical connector map; Independent all-connector completeness review; Revision match and electrical limits
banana-pi-other-sbc-bpi-aim7,BPI-AIM7,Banana Pi,board,missing,0,0,0,0,False,Physical connector map; Independent all-connector completeness review; Revision match and electrical limits
banana-pi-other-sbc-bpi-canmv-k230d,BPI-CanMV-K230D,Banana Pi,board,missing,0,0,0,0,False,Physical connector map; Independent all-connector completeness review; Revision match and electrical limits
banana-pi-other-sbc-bpi-cm2,BPI-CM2,Banana Pi,board,missing,0,0,0,0,False,Physical connector map; Independent all-connector completeness review; Revision match and electrical limits
banana-pi-other-sbc-bpi-cm4,BPI-CM4,Banana Pi,board,missing,0,0,0,0,False,Physical connector map; Independent all-connector completeness review; Revision match and electrical limits
banana-pi-other-sbc-bpi-cm4io,BPI-CM4IO,Banana Pi,board,missing,0,0,0,0,False,Physical connector map; Independent all-connector completeness review; Revision match and electrical limits
banana-pi-other-sbc-bpi-cm5,BPI-CM5,Banana Pi,board,missing,0,0,0,0,False,Physical connector map; Independent all-connector completeness review; Revision match and electrical limits
banana-pi-other-sbc-bpi-cm5-pro,BPI-CM5 Pro,Banana Pi,board,pinout-source,2,0,0,0,False,Independent all-connector completeness review; Revision match and electrical limits
banana-pi-other-sbc-bpi-cm6,BPI-CM6,Banana Pi,board,missing,0,0,0,0,False,Physical connector map; Independent all-connector completeness review; Revision match and electrical limits
banana-pi-other-sbc-bpi-cm7,BPI-CM7,Banana Pi,board,missing,0,0,0,0,False,Physical connector map; Independent all-connector completeness review; Revision match and electrical limits
banana-pi-other-sbc-bpi-cm7io,BPI-CM7IO,Banana Pi,board,missing,0,0,0,0,False,Physical connector map; Independent all-connector completeness review; Revision match and electrical limits
banana-pi-other-sbc-bpi-cm7s,BPI-CM7s,Banana Pi,board,missing,0,0,0,0,False,Physical connector map; Independent all-connector completeness review; Revision match and electrical limits
banana-pi-other-sbc-bpi-f2,BPI-F2,Banana Pi,board,missing,0,0,0,0,False,Physical connector map; Independent all-connector completeness review; Revision match and electrical limits
banana-pi-other-sbc-bpi-f2p,BPI-F2P,Banana Pi,board,missing,0,0,0,0,False,Physical connector map; Independent all-connector completeness review; Revision match and electrical limits
banana-pi-other-sbc-bpi-f2s,BPI-F2S,Banana Pi,board,missing,0,0,0,0,False,Physical connector map; Independent all-connector completeness review; Revision match and electrical limits
banana-pi-other-sbc-bpi-f3,BPI-F3,Banana Pi,board,missing,0,0,0,0,False,Physical connector map; Independent all-connector completeness review; Revision match and electrical limits
banana-pi-other-sbc-bpi-f4,BPI-F4,Banana Pi,board,pinout-source,1,0,0,0,False,Independent all-connector completeness review; Revision match and electrical limits
banana-pi-other-sbc-bpi-forge1,BPI-Forge1,Banana Pi,board,missing,0,0,0,0,False,Physical connector map; Independent all-connector completeness review; Revision match and electrical limits
banana-pi-other-sbc-bpi-kvm,BPI-KVM,Banana Pi,board,missing,0,0,0,0,False,Physical connector map; Independent all-connector completeness review; Revision match and electrical limits
banana-pi-other-sbc-bpi-m1,BPI-M1,Banana Pi,board,pinout-source,2,0,0,0,False,Independent all-connector completeness review; Revision match and electrical limits
banana-pi-other-sbc-bpi-m1-plus,BPI-M1 Plus,Banana Pi,board,pinout-source,1,0,0,0,False,Independent all-connector completeness review; Revision match and electrical limits
banana-pi-other-sbc-bpi-m1s,BPI-M1S,Banana Pi,board,missing,0,0,0,0,False,Physical connector map; Independent all-connector completeness review; Revision match and electrical limits
banana-pi-other-sbc-bpi-m2-berry,BPI-M2 Berry,Banana Pi,board,missing,0,0,0,0,False,Physical connector map; Independent all-connector completeness review; Revision match and electrical limits
banana-pi-other-sbc-bpi-m2-magic,BPI-M2 Magic,Banana Pi,board,missing,0,0,0,0,False,Physical connector map; Independent all-connector completeness review; Revision match and electrical limits
banana-pi-other-sbc-bpi-m2-plus,BPI-M2 Plus,Banana Pi,board,missing,0,0,0,0,False,Physical connector map; Independent all-connector completeness review; Revision match and electrical limits
banana-pi-other-sbc-bpi-m2-pro,BPI-M2 Pro,Banana Pi,board,missing,0,0,0,0,False,Physical connector map; Independent all-connector completeness review; Revision match and electrical limits
banana-pi-other-sbc-bpi-m2-super,BPI-M2 Super,Banana Pi,board,missing,0,0,0,0,False,Physical connector map; Independent all-connector completeness review; Revision match and electrical limits
banana-pi-other-sbc-bpi-m2-ultra,BPI-M2 Ultra,Banana Pi,board,missing,0,0,0,0,False,Physical connector map; Independent all-connector completeness review; Revision match and electrical limits
banana-pi-other-sbc-bpi-m2-zero,BPI-M2 Zero,Banana Pi,board,missing,0,0,0,0,False,Physical connector map; Independent all-connector completeness review; Revision match and electrical limits
banana-pi-other-sbc-bpi-m2c,BPI-M2C,Banana Pi,board,missing,0,0,0,0,False,Physical connector map; Independent all-connector completeness review; Revision match and electrical limits
banana-pi-other-sbc-bpi-m3,BPI-M3,Banana Pi,board,missing,0,0,0,0,False,Physical connector map; Independent all-connector completeness review; Revision match and electrical limits
banana-pi-other-sbc-bpi-m4,BPI-M4,Banana Pi,board,missing,0,0,0,0,False,Physical connector map; Independent all-connector completeness review; Revision match and electrical limits
banana-pi-other-sbc-bpi-m4-berry,BPI-M4 Berry,Banana Pi,board,pinout-source,1,0,0,0,False,Independent all-connector completeness review; Revision match and electrical limits
banana-pi-other-sbc-bpi-m4-zero,BPI-M4 Zero,Banana Pi,board,missing,0,0,0,0,False,Physical connector map; Independent all-connector completeness review; Revision match and electrical limits
banana-pi-other-sbc-bpi-m4s,BPI-M4S,Banana Pi,board,missing,0,0,0,0,False,Physical connector map; Independent all-connector completeness review; Revision match and electrical limits
banana-pi-other-sbc-bpi-m5,BPI-M5,Banana Pi,board,missing,0,0,0,0,False,Physical connector map; Independent all-connector completeness review; Revision match and electrical limits
banana-pi-other-sbc-bpi-m6,BPI-M6,Banana Pi,board,missing,0,0,0,0,False,Physical connector map; Independent all-connector completeness review; Revision match and electrical limits
banana-pi-other-sbc-bpi-m64,BPI-M64,Banana Pi,board,missing,0,0,0,0,False,Physical connector map; Independent all-connector completeness review; Revision match and electrical limits
banana-pi-other-sbc-bpi-m7,BPI-M7,Banana Pi,board,missing,0,0,0,0,False,Physical connector map; Independent all-connector completeness review; Revision match and electrical limits
banana-pi-other-sbc-bpi-m7s,BPI-M7S,Banana Pi,board,missing,0,0,0,0,False,Physical connector map; Independent all-connector completeness review; Revision match and electrical limits
banana-pi-other-sbc-bpi-m8,BPI-M8,Banana Pi,board,missing,0,0,0,0,False,Physical connector map; Independent all-connector completeness review; Revision match and electrical limits
banana-pi-other-sbc-bpi-p2-pro,BPI-P2 Pro,Banana Pi,board,missing,0,0,0,0,False,Physical connector map; Independent all-connector completeness review; Revision match and electrical limits
banana-pi-other-sbc-bpi-p2-zero,BPI-P2 Zero,Banana Pi,board,missing,0,0,0,0,False,Physical connector map; Independent all-connector completeness review; Revision match and electrical limits
banana-pi-other-sbc-bpi-r1,BPI-R1,Banana Pi,board,pinout-source,1,0,0,0,False,Independent all-connector completeness review; Revision match and electrical limits
banana-pi-other-sbc-bpi-r2,BPI-R2,Banana Pi,board,pinout-source,1,0,0,0,False,Independent all-connector completeness review; Revision match and electrical limits
banana-pi-other-sbc-bpi-r2-mini,BPI-R2 Mini,Banana Pi,board,missing,0,0,0,0,False,Physical connector map; Independent all-connector completeness review; Revision match and electrical limits
banana-pi-other-sbc-bpi-r2-pro,BPI-R2 Pro,Banana Pi,board,missing,0,0,0,0,False,Physical connector map; Independent all-connector completeness review; Revision match and electrical limits
banana-pi-other-sbc-bpi-r3,BPI-R3,Banana Pi,board,missing,0,0,0,0,False,Physical connector map; Independent all-connector completeness review; Revision match and electrical limits
banana-pi-other-sbc-bpi-r3-mini,BPI-R3 Mini,Banana Pi,board,missing,0,0,0,0,False,Physical connector map; Independent all-connector completeness review; Revision match and electrical limits
banana-pi-other-sbc-bpi-r4,BPI-R4,Banana Pi,board,missing,0,0,0,0,False,Physical connector map; Independent all-connector completeness review; Revision match and electrical limits
banana-pi-other-sbc-bpi-r4-lite,BPI-R4 Lite,Banana Pi,board,missing,0,0,0,0,False,Physical connector map; Independent all-connector completeness review; Revision match and electrical limits
banana-pi-other-sbc-bpi-r4-mini,BPI-R4 Mini,Banana Pi,board,missing,0,0,0,0,False,Physical connector map; Independent all-connector completeness review; Revision match and electrical limits
banana-pi-other-sbc-bpi-r4-pro,BPI-R4 Pro,Banana Pi,board,missing,0,0,0,0,False,Physical connector map; Independent all-connector completeness review; Revision match and electrical limits
banana-pi-other-sbc-bpi-r64,BPI-R64,Banana Pi,board,missing,0,0,0,0,False,Physical connector map; Independent all-connector completeness review; Revision match and electrical limits
banana-pi-other-sbc-bpi-rk3588-coreboardanddevelopmentkit,BPI-RK3588 CoreBoardAndDevelopmentKit,Banana Pi,board,missing,0,0,0,0,False,Physical connector map; Independent all-connector completeness review; Revision match and electrical limits
banana-pi-other-sbc-bpi-rt2,BPI-RT2,Banana Pi,board,missing,0,0,0,0,False,Physical connector map; Independent all-connector completeness review; Revision match and electrical limits
banana-pi-other-sbc-bpi-rv2,BPI-RV2,Banana Pi,board,missing,0,0,0,0,False,Physical connector map; Independent all-connector completeness review; Revision match and electrical limits
banana-pi-other-sbc-bpi-s64-core,BPI-S64 Core,Banana Pi,board,missing,0,0,0,0,False,Physical connector map; Independent all-connector completeness review; Revision match and electrical limits
banana-pi-other-sbc-bpi-secure-pi,BPI-Secure-Pi,Banana Pi,board,missing,0,0,0,0,False,Physical connector map; Independent all-connector completeness review; Revision match and electrical limits
banana-pi-other-sbc-bpi-sm10,BPI-SM10,Banana Pi,board,missing,0,0,0,0,False,Physical connector map; Independent all-connector completeness review; Revision match and electrical limits
banana-pi-other-sbc-bpi-sm9-core,BPI-SM9 Core,Banana Pi,board,missing,0,0,0,0,False,Physical connector map; Independent all-connector completeness review; Revision match and electrical limits
banana-pi-other-sbc-bpi-vp10,BPI-VP10,Banana Pi,board,missing,0,0,0,0,False,Physical connector map; Independent all-connector completeness review; Revision match and electrical limits
banana-pi-other-sbc-bpi-w2,BPI-W2,Banana Pi,board,reference-only,0,0,0,0,False,Physical connector map; Independent all-connector completeness review; Revision match and electrical limits
banana-pi-other-sbc-bpi-w3,BPI-W3,Banana Pi,board,missing,0,0,0,0,False,Physical connector map; Independent all-connector completeness review; Revision match and electrical limits
banana-pi-other-sbc-bpi-wifi5,BPI-WiFi5,Banana Pi,board,missing,0,0,0,0,False,Physical connector map; Independent all-connector completeness review; Revision match and electrical limits
banana-pi-other-sbc-bpi-wifi6-mini,BPI-WiFi6 Mini,Banana Pi,board,missing,0,0,0,0,False,Physical connector map; Independent all-connector completeness review; Revision match and electrical limits
banana-pi-other-sbc-bpi-wifi6-router,BPI-WiFi6 Router,Banana Pi,board,missing,0,0,0,0,False,Physical connector map; Independent all-connector completeness review; Revision match and electrical limits
banana-pi-other-sbc-openwrt-one,OpenWRT-One,Banana Pi,board,missing,0,0,0,0,False,Physical connector map; Independent all-connector completeness review; Revision match and electrical limits
beagleboard-org-other-sbc-beaglebone-ai-64,BeagleBone AI-64,BeagleBoard.org,board,pinout-source,2,0,0,0,False,Independent all-connector completeness review; Revision match and electrical limits
beagleboard-org-other-sbc-beaglebone-blue,BeagleBone Blue,BeagleBoard.org,board,pinout-source,1,0,0,0,False,Independent all-connector completeness review; Revision match and electrical limits
beagleboard-org-other-sbc-beaglev-ahead,BeagleV Ahead,BeagleBoard.org,board,pinout-source,2,0,0,0,False,Independent all-connector completeness review; Revision match and electrical limits
beagleboard-org-other-sbc-beaglev-fire,BeagleV Fire,BeagleBoard.org,board,pinout-source,2,0,0,0,False,Independent all-connector completeness review; Revision match and electrical limits
beagleboard-org-other-sbc-beagley-ai,BeagleY AI,BeagleBoard.org,board,pinout-source,2,0,0,0,False,Independent all-connector completeness review; Revision match and electrical limits
beagleboard-org-other-sbc-pocketbeagle,PocketBeagle,BeagleBoard.org,board,pinout-source,1,0,0,0,False,Independent all-connector completeness review; Revision match and electrical limits
beagleboard-org-other-sbc-pocketbeagle-2,PocketBeagle 2,BeagleBoard.org,board,pinout-source,2,0,0,0,False,Independent all-connector completeness review; Revision match and electrical limits
m5stack-other-sbc-cm4stack,CM4Stack,M5Stack,board,reference-only,0,0,0,0,False,Physical connector map; Independent all-connector completeness review; Revision match and electrical limits
m5stack-other-sbc-coremp135,CoreMP135,M5Stack,board,reference-only,0,0,0,0,False,Physical connector map; Independent all-connector completeness review; Revision match and electrical limits
m5stack-other-sbc-llm630-compute-kit,LLM630 Compute Kit,M5Stack,board,reference-only,0,0,0,0,False,Physical connector map; Independent all-connector completeness review; Revision match and electrical limits
milk-v-other-sbc-duo,Duo,Milk-V,board,pinout-source,5,0,0,0,False,Independent all-connector completeness review; Revision match and electrical limits
milk-v-other-sbc-duo-256m,Duo 256M,Milk-V,board,pinout-source,1,0,0,0,False,Independent all-connector completeness review; Revision match and electrical limits
milk-v-other-sbc-duo-module-01-evb,Duo Module 01 EVB,Milk-V,board,reference-only,0,0,0,0,False,Physical connector map; Independent all-connector completeness review; Revision match and electrical limits
milk-v-other-sbc-duo-s,Duo S,Milk-V,board,pinout-source,1,0,0,0,False,Independent all-connector completeness review; Revision match and electrical limits
milk-v-other-sbc-duo-s-v1-1,Duo S v1.1,Milk-V,board,reference-only,0,0,0,0,False,Physical connector map; Independent all-connector completeness review; Revision match and electrical limits
orange-pi-other-sbc-2g-iot,Orange Pi 2G-IoT,Orange Pi,board,missing,0,0,0,0,False,Physical connector map; Independent all-connector completeness review; Revision match and electrical limits
orange-pi-other-sbc-3,Orange Pi 3,Orange Pi,board,missing,0,0,0,0,False,Physical connector map; Independent all-connector completeness review; Revision match and electrical limits
orange-pi-other-sbc-3-lts,Orange Pi 3 LTS,Orange Pi,board,missing,0,0,0,0,False,Physical connector map; Independent all-connector completeness review; Revision match and electrical limits
orange-pi-other-sbc-3g-iot-a,Orange Pi 3G- IoT -A,Orange Pi,board,missing,0,0,0,0,False,Physical connector map; Independent all-connector completeness review; Revision match and electrical limits
orange-pi-other-sbc-3g-iot-b,Orange Pi 3G- IoT -B,Orange Pi,board,missing,0,0,0,0,False,Physical connector map; Independent all-connector completeness review; Revision match and electrical limits
orange-pi-other-sbc-4,Orange Pi 4,Orange Pi,board,missing,0,0,0,0,False,Physical connector map; Independent all-connector completeness review; Revision match and electrical limits
orange-pi-other-sbc-4-lts,Orange Pi 4 LTS,Orange Pi,board,missing,0,0,0,0,False,Physical connector map; Independent all-connector completeness review; Revision match and electrical limits
orange-pi-other-sbc-4a,Orange Pi 4A,Orange Pi,board,pinout-source,3,0,0,0,False,Independent all-connector completeness review; Revision match and electrical limits
orange-pi-other-sbc-4b,Orange Pi 4B,Orange Pi,board,missing,0,0,0,0,False,Physical connector map; Independent all-connector completeness review; Revision match and electrical limits
orange-pi-other-sbc-4g-iot,Orange Pi 4G- IoT,Orange Pi,board,missing,0,0,0,0,False,Physical connector map; Independent all-connector completeness review; Revision match and electrical limits
orange-pi-other-sbc-5,Orange Pi 5,Orange Pi,board,pinout-source,3,0,0,0,False,Independent all-connector completeness review; Revision match and electrical limits
orange-pi-other-sbc-5-plus,Orange Pi 5 Plus,Orange Pi,board,pinout-source,5,0,0,0,False,Independent all-connector completeness review; Revision match and electrical limits
orange-pi-other-sbc-5-ultra,Orange Pi 5 Ultra,Orange Pi,board,pinout-source,3,0,0,0,False,Independent all-connector completeness review; Revision match and electrical limits
orange-pi-other-sbc-800,Orange Pi 800,Orange Pi,board,missing,0,0,0,0,False,Physical connector map; Independent all-connector completeness review; Revision match and electrical limits
orange-pi-other-sbc-cm4,Orange Pi CM4,Orange Pi,board,missing,0,0,0,0,False,Physical connector map; Independent all-connector completeness review; Revision match and electrical limits
orange-pi-other-sbc-cm4-with-expansion-board,Orange Pi CM4 with expansion board,Orange Pi,board,pinout-source,3,0,0,0,False,Independent all-connector completeness review; Revision match and electrical limits
orange-pi-other-sbc-i96,Orange Pi i96,Orange Pi,board,missing,0,0,0,0,False,Physical connector map; Independent all-connector completeness review; Revision match and electrical limits
orange-pi-other-sbc-lite,Orange Pi Lite,Orange Pi,board,missing,0,0,0,0,False,Physical connector map; Independent all-connector completeness review; Revision match and electrical limits
orange-pi-other-sbc-lite-2,Orange Pi Lite 2,Orange Pi,board,missing,0,0,0,0,False,Physical connector map; Independent all-connector completeness review; Revision match and electrical limits
orange-pi-other-sbc-one,Orange Pi One,Orange Pi,board,missing,0,0,0,0,False,Physical connector map; Independent all-connector completeness review; Revision match and electrical limits
orange-pi-other-sbc-one-plus,Orange Pi One Plus,Orange Pi,board,missing,0,0,0,0,False,Physical connector map; Independent all-connector completeness review; Revision match and electrical limits
orange-pi-other-sbc-pc,Orange Pi PC,Orange Pi,board,missing,0,0,0,0,False,Physical connector map; Independent all-connector completeness review; Revision match and electrical limits
orange-pi-other-sbc-pc-2,Orange Pi PC 2,Orange Pi,board,missing,0,0,0,0,False,Physical connector map; Independent all-connector completeness review; Revision match and electrical limits
orange-pi-other-sbc-pc-plus,Orange Pi PC Plus,Orange Pi,board,missing,0,0,0,0,False,Physical connector map; Independent all-connector completeness review; Revision match and electrical limits
orange-pi-other-sbc-plus-2e,Orange Pi Plus 2E,Orange Pi,board,missing,0,0,0,0,False,Physical connector map; Independent all-connector completeness review; Revision match and electrical limits
orange-pi-other-sbc-prime,Orange Pi Prime,Orange Pi,board,missing,0,0,0,0,False,Physical connector map; Independent all-connector completeness review; Revision match and electrical limits
orange-pi-other-sbc-r1,Orange Pi R1,Orange Pi,board,missing,0,0,0,0,False,Physical connector map; Independent all-connector completeness review; Revision match and electrical limits
orange-pi-other-sbc-r1-plus,Orange Pi R1 Plus,Orange Pi,board,missing,0,0,0,0,False,Physical connector map; Independent all-connector completeness review; Revision match and electrical limits
orange-pi-other-sbc-r1-plus-lts,Orange Pi R1 Plus LTS,Orange Pi,board,missing,0,0,0,0,False,Physical connector map; Independent all-connector completeness review; Revision match and electrical limits
orange-pi-other-sbc-r1-plus-lts-with-metal-case,Orange Pi R1 Plus LTS（With Metal Case）,Orange Pi,board,missing,0,0,0,0,False,Physical connector map; Independent all-connector completeness review; Revision match and electrical limits
orange-pi-other-sbc-rk3399,Orange Pi RK3399,Orange Pi,board,missing,0,0,0,0,False,Physical connector map; Independent all-connector completeness review; Revision match and electrical limits
orange-pi-other-sbc-rv2,Orange Pi RV2,Orange Pi,board,pinout-source,3,0,0,0,False,Independent all-connector completeness review; Revision match and electrical limits
orange-pi-other-sbc-win-plus,Orange Pi Win Plus,Orange Pi,board,missing,0,0,0,0,False,Physical connector map; Independent all-connector completeness review; Revision match and electrical limits
orange-pi-other-sbc-zero,Orange Pi Zero,Orange Pi,board,missing,0,0,0,0,False,Physical connector map; Independent all-connector completeness review; Revision match and electrical limits
orange-pi-other-sbc-zero-2,Orange Pi Zero 2,Orange Pi,board,missing,0,0,0,0,False,Physical connector map; Independent all-connector completeness review; Revision match and electrical limits
orange-pi-other-sbc-zero-2w,Orange Pi Zero 2W,Orange Pi,board,pinout-source,1,0,0,0,False,Independent all-connector completeness review; Revision match and electrical limits
orange-pi-other-sbc-zero-3,Orange Pi Zero 3,Orange Pi,board,pinout-source,1,0,0,0,False,Independent all-connector completeness review; Revision match and electrical limits
orange-pi-other-sbc-zero-lts,Orange Pi Zero LTS,Orange Pi,board,missing,0,0,0,0,False,Physical connector map; Independent all-connector completeness review; Revision match and electrical limits
orange-pi-other-sbc-zero-plus,Orange Pi Zero Plus,Orange Pi,board,missing,0,0,0,0,False,Physical connector map; Independent all-connector completeness review; Revision match and electrical limits
orange-pi-other-sbc-zero-plus-2,Orange Pi Zero Plus 2,Orange Pi,board,missing,0,0,0,0,False,Physical connector map; Independent all-connector completeness review; Revision match and electrical limits
radxa-other-sbc-c200,C200,Radxa,board,pinout-source,2,0,0,0,False,Independent all-connector completeness review; Revision match and electrical limits
radxa-other-sbc-cubie-a5e,Cubie A5E,Radxa,board,reference-only,0,0,0,0,False,Physical connector map; Independent all-connector completeness review; Revision match and electrical limits
radxa-other-sbc-cubie-a7a,Cubie A7A,Radxa,board,reference-only,0,0,0,0,False,Physical connector map; Independent all-connector completeness review; Revision match and electrical limits
radxa-other-sbc-cubie-a7z,Cubie A7Z,Radxa,board,reference-only,0,0,0,0,False,Physical connector map; Independent all-connector completeness review; Revision match and electrical limits
radxa-other-sbc-dragon-q6a,Dragon Q6A,Radxa,board,reference-only,0,0,0,0,False,Physical connector map; Independent all-connector completeness review; Revision match and electrical limits
radxa-other-sbc-dragon-q8b,Dragon Q8B,Radxa,board,reference-only,0,0,0,0,False,Physical connector map; Independent all-connector completeness review; Revision match and electrical limits
radxa-other-sbc-e24c,E24C,Radxa,board,reference-only,0,0,0,0,False,Physical connector map; Independent all-connector completeness review; Revision match and electrical limits
radxa-other-sbc-orion-o6,Orion O6,Radxa,board,pinout-source,1,0,0,0,False,Independent all-connector completeness review; Revision match and electrical limits
radxa-other-sbc-rock-4d,ROCK 4D,Radxa,board,reference-only,0,0,0,0,False,Physical connector map; Independent all-connector completeness review; Revision match and electrical limits
radxa-other-sbc-taco-carrier,TACO carrier,Radxa,board,pinout-source,1,0,0,0,False,Independent all-connector completeness review; Revision match and electrical limits
seeed-studio-other-sbc-beaglebone-green-wireless,BeagleBone Green Wireless,Seeed Studio,board,pinout-source,1,0,0,0,False,Independent all-connector completeness review; Revision match and electrical limits
seeed-studio-other-sbc-eagleye-530s,Eagleye 530s,Seeed Studio,board,reference-only,0,0,0,0,False,Physical connector map; Independent all-connector completeness review; Revision match and electrical limits
seeed-studio-other-sbc-mini-ai-computer-t906,Mini AI Computer T906,Seeed Studio,board,pinout-source,1,0,0,0,False,Independent all-connector completeness review; Revision match and electrical limits
seeed-studio-other-sbc-odyssey-stm32mp135d,ODYSSEY STM32MP135D,Seeed Studio,board,pinout-source,1,0,0,0,False,Independent all-connector completeness review; Revision match and electrical limits
seeed-studio-other-sbc-odyssey-stm32mp157c,ODYSSEY STM32MP157C,Seeed Studio,board,pinout-source,1,0,0,0,False,Independent all-connector completeness review; Revision match and electrical limits
seeed-studio-other-sbc-odyssey-x86j4105,ODYSSEY X86J4105,Seeed Studio,board,pinout-source,2,0,0,0,False,Independent all-connector completeness review; Revision match and electrical limits
seeed-studio-other-sbc-odyssey-x86j4125,ODYSSEY X86J4125,Seeed Studio,board,pinout-source,1,0,0,0,False,Independent all-connector completeness review; Revision match and electrical limits
seeed-studio-other-sbc-odyssey-x86j4125-v2,ODYSSEY X86J4125 V2,Seeed Studio,board,pinout-source,1,0,0,0,False,Independent all-connector completeness review; Revision match and electrical limits
seeed-studio-other-sbc-recomputer-classic-j501,reComputer Classic J501,Seeed Studio,board,pinout-source,1,0,0,0,False,Independent all-connector completeness review; Revision match and electrical limits
seeed-studio-other-sbc-recomputer-super-j3010,reComputer Super J3010,Seeed Studio,board,pinout-source,1,0,0,0,False,Independent all-connector completeness review; Revision match and electrical limits
seeed-studio-other-sbc-reserver-j2032,reServer J2032,Seeed Studio,board,pinout-source,1,0,0,0,False,Independent all-connector completeness review; Revision match and electrical limits
seeed-studio-other-sbc-reserver-x86,reServer X86,Seeed Studio,board,pinout-source,3,0,0,0,False,Independent all-connector completeness review; Revision match and electrical limits
seeed-studio-other-sbc-respeaker-core,reSpeaker Core,Seeed Studio,board,pinout-source,1,0,0,0,False,Independent all-connector completeness review; Revision match and electrical limits
0xcb-rp2040-gemini,Gemini,0xCB,board,pinout-source,2,0,0,0,False,Independent all-connector completeness review; Revision match and electrical limits
0xcb-rp2040-helios,Helios,0xCB,board,missing,0,0,0,0,False,Physical connector map; Independent all-connector completeness review; Revision match and electrical limits
2231puppy-rp2040-e-fidget,E-Fidget,2231puppy,board,missing,0,0,0,0,False,Physical connector map; Independent all-connector completeness review; Revision match and electrical limits
42-keebs-rp2040-the-frood,The Frood,42. Keebs,board,missing,0,0,0,0,False,Physical connector map; Independent all-connector completeness review; Revision match and electrical limits
8086-consultancy-rp2040-rp2040-interfacer,RP2040 Interfacer,8086 Consultancy,board,missing,0,0,0,0,False,Physical connector map; Independent all-connector completeness review; Revision match and electrical limits
8086-consultancy-rp2040-usb-interposer,USB Interposer,8086 Consultancy,board,missing,0,0,0,0,False,Physical connector map; Independent all-connector completeness review; Revision match and electrical limits
adafruit-rp2040-floppsy-rp2040,Adafruit Floppsy RP2040,Adafruit,board,missing,0,0,0,0,False,Physical connector map; Independent all-connector completeness review; Revision match and electrical limits
adafruit-rp2040-feather-rp2040,Feather RP2040,Adafruit,board,pinout-source,1,0,0,0,False,Independent all-connector completeness review; Revision match and electrical limits
adafruit-rp2040-feather-rp2040-adalogger,Feather RP2040 Adalogger,Adafruit,board,pinout-source,1,0,0,0,False,Independent all-connector completeness review; Revision match and electrical limits
adafruit-rp2040-feather-rp2040-can-bus,Feather RP2040 CAN Bus,Adafruit,board,pinout-source,1,0,0,0,False,Independent all-connector completeness review; Revision match and electrical limits
adafruit-rp2040-feather-rp2040-prop-maker,Feather RP2040 Prop-Maker,Adafruit,board,pinout-source,1,0,0,0,False,Independent all-connector completeness review; Revision match and electrical limits
adafruit-rp2040-feather-rp2040-rfm69,Feather RP2040 RFM69,Adafruit,board,pinout-source,1,0,0,0,False,Independent all-connector completeness review; Revision match and electrical limits
adafruit-rp2040-feather-rp2040-rfm95,Feather RP2040 RFM95,Adafruit,board,pinout-source,1,0,0,0,False,Independent all-connector completeness review; Revision match and electrical limits
adafruit-rp2040-feather-rp2040-rfm9x,Feather RP2040 RFM9x,Adafruit,board,missing,0,0,0,0,False,Physical connector map; Independent all-connector completeness review; Revision match and electrical limits
adafruit-rp2040-feather-rp2040-scorpio,Feather RP2040 SCORPIO,Adafruit,board,pinout-source,1,0,0,0,False,Independent all-connector completeness review; Revision match and electrical limits
adafruit-rp2040-feather-rp2040-thinkink,Feather RP2040 ThinkInk,Adafruit,board,pinout-source,1,0,0,0,False,Independent all-connector completeness review; Revision match and electrical limits
adafruit-rp2040-feather-rp2040-with-dvi-output-port,Feather RP2040 with DVI Output Port,Adafruit,board,pinout-source,1,0,0,0,False,Independent all-connector completeness review; Revision match and electrical limits
adafruit-rp2040-feather-rp2040-with-usb-type-a-host,Feather RP2040 with USB Type A Host,Adafruit,board,pinout-source,1,0,0,0,False,Independent all-connector completeness review; Revision match and electrical limits
adafruit-rp2040-itsybitsy-rp2040,ItsyBitsy RP2040,Adafruit,board,pinout-source,1,0,0,0,False,Independent all-connector completeness review; Revision match and electrical limits
adafruit-rp2040-kb2040,KB2040,Adafruit,board,pinout-source,1,0,0,0,False,Independent all-connector completeness review; Revision match and electrical limits
adafruit-rp2040-macropad-rp2040,MacroPad RP2040,Adafruit,board,pinout-source,1,0,0,0,False,Independent all-connector completeness review; Revision match and electrical limits
adafruit-rp2040-metro-rp2040,Metro RP2040,Adafruit,board,pinout-source,1,0,0,0,False,Independent all-connector completeness review; Revision match and electrical limits
adafruit-rp2040-qt-py-rp2040,QT Py RP2040,Adafruit,board,pinout-source,1,0,0,0,False,Independent all-connector completeness review; Revision match and electrical limits
adafruit-rp2040-trinkey-qt2040,Trinkey QT2040,Adafruit,board,pinout-source,1,0,0,0,False,Independent all-connector completeness review; Revision match and electrical limits
arduino-rp2040-nano-rp2040-connect,Nano RP2040 Connect,Arduino,board,pinout-source,6,0,0,0,False,Independent all-connector completeness review; Revision match and electrical limits
banana-pi-rp2040-bpi-pico-2040,BPI-Pico-2040,Banana Pi,board,missing,0,0,0,0,False,Physical connector map; Independent all-connector completeness review; Revision match and electrical limits
benjamin-shockley-rp2040-figpi,FigPi,Benjamin Shockley,board,pinout-source,1,0,0,0,False,Independent all-connector completeness review; Revision match and electrical limits
boardsource-rp2040-blok,Blok,Boardsource,board,missing,0,0,0,0,False,Physical connector map; Independent all-connector completeness review; Revision match and electrical limits
brad-n-lane-studio-rp2040-explorer-badge-rp2040,Bradán Lane STUDIO Explorer Badge RP2040,Bradán Lane STUDIO,board,missing,0,0,0,0,False,Physical connector map; Independent all-connector completeness review; Revision match and electrical limits
breadstick-innovations-rp2040-raspberry-breadstick,Raspberry Breadstick,Breadstick Innovations,board,missing,0,0,0,0,False,Physical connector map; Independent all-connector completeness review; Revision match and electrical limits
cytron-technologies-rp2040-edu-pico-for-pico-w,EDU PICO for Pico W,Cytron Technologies,board,missing,0,0,0,0,False,Physical connector map; Independent all-connector completeness review; Revision match and electrical limits
cytron-technologies-rp2040-maker-nano-rp2040,Maker Nano RP2040,Cytron Technologies,board,missing,0,0,0,0,False,Physical connector map; Independent all-connector completeness review; Revision match and electrical limits
cytron-technologies-rp2040-maker-pi-rp2040,Maker Pi RP2040,Cytron Technologies,board,missing,0,0,0,0,False,Physical connector map; Independent all-connector completeness review; Revision match and electrical limits
cytron-technologies-rp2040-maker-uno-rp2040,Maker UNO RP2040,Cytron Technologies,board,pinout-source,1,0,0,0,False,Independent all-connector completeness review; Revision match and electrical limits
datanoisetv-rp2040-picoadk-audio-development-kit,PicoADK - Audio Development Kit,DatanoiseTV,board,missing,0,0,0,0,False,Physical connector map; Independent all-connector completeness review; Revision match and electrical limits
elecfreaks-rp2040-pico-ed,ELECFREAKS Pico:ed,ELECFREAKS,board,missing,0,0,0,0,False,Physical connector map; Independent all-connector completeness review; Revision match and electrical limits
elecrow-rp2040-crowpanel-pico-hmi-2-4-inch-display,CrowPanel PICO HMI 2.4-inch Display,Elecrow,board,pinout-source,1,0,0,0,False,Independent all-connector completeness review; Revision match and electrical limits
elecrow-rp2040-crowpanel-pico-hmi-2-8-inch-display,CrowPanel PICO HMI 2.8-inch Display,Elecrow,board,pinout-source,1,0,0,0,False,Independent all-connector completeness review; Revision match and electrical limits
elecrow-rp2040-crowpanel-pico-hmi-4-3-inch-display,CrowPanel PICO HMI 4.3-inch Display,Elecrow,board,pinout-source,1,0,0,0,False,Independent all-connector completeness review; Revision match and electrical limits
elecrow-rp2040-pico-w5-rp2040-dev-board,PICO W5 RP2040 Dev Board,Elecrow,board,pinout-source,1,0,0,0,False,Independent all-connector completeness review; Revision match and electrical limits
electrolama-rp2040-minik-octave,Electrolama minik Octave,Electrolama,board,missing,0,0,0,0,False,Physical connector map; Independent all-connector completeness review; Revision match and electrical limits
hack-club-rp2040-sprig,Hack Club Sprig,Hack Club,board,missing,0,0,0,0,False,Physical connector map; Independent all-connector completeness review; Revision match and electrical limits
hack-club-rp2040-orpheus-pico,Orpheus Pico,Hack Club,board,missing,0,0,0,0,False,Physical connector map; Independent all-connector completeness review; Revision match and electrical limits
heia-fr-rp2040-picomo-v2,PicoMo V2,HEIA-FR,board,missing,0,0,0,0,False,Physical connector map; Independent all-connector completeness review; Revision match and electrical limits
heia-fr-rp2040-picomo-v3,PicoMo V3,HEIA-FR,board,missing,0,0,0,0,False,Physical connector map; Independent all-connector completeness review; Revision match and electrical limits
hxr-dk-rp2040-sao-digital-multimeter,SAO Digital Multimeter,HXR.DK,board,missing,0,0,0,0,False,Physical connector map; Independent all-connector completeness review; Revision match and electrical limits
invector-labs-rp2040-challenger-nb-rp2040-wifi,Challenger NB RP2040 WiFi,Invector Labs,board,pinout-source,1,0,0,0,False,Independent all-connector completeness review; Revision match and electrical limits
invector-labs-rp2040-challenger-rp2040-lora,Challenger RP2040 LoRa,Invector Labs,board,pinout-source,2,0,0,0,False,Independent all-connector completeness review; Revision match and electrical limits
invector-labs-rp2040-challenger-rp2040-lte,Challenger RP2040 LTE,Invector Labs,board,missing,0,0,0,0,False,Physical connector map; Independent all-connector completeness review; Revision match and electrical limits
invector-labs-rp2040-challenger-rp2040-nfc,Challenger RP2040 NFC,Invector Labs,board,missing,0,0,0,0,False,Physical connector map; Independent all-connector completeness review; Revision match and electrical limits
invector-labs-rp2040-challenger-rp2040-sd-rtc,Challenger RP2040 SD/RTC,Invector Labs,board,pinout-source,1,0,0,0,False,Independent all-connector completeness review; Revision match and electrical limits
invector-labs-rp2040-challenger-rp2040-subghz,Challenger RP2040 SubGHz,Invector Labs,board,pinout-source,1,0,0,0,False,Independent all-connector completeness review; Revision match and electrical limits
invector-labs-rp2040-challenger-rp2040-wifi,Challenger RP2040 WiFi,Invector Labs,board,pinout-source,1,0,0,0,False,Independent all-connector completeness review; Revision match and electrical limits
invector-labs-rp2040-challenger-rp2040-wifi-ble,Challenger RP2040 WiFi/BLE,Invector Labs,board,pinout-source,1,0,0,0,False,Independent all-connector completeness review; Revision match and electrical limits
jpconstantineau-rp2040-encoderpad-rp2040,EncoderPad RP2040,JPConstantineau,board,missing,0,0,0,0,False,Physical connector map; Independent all-connector completeness review; Revision match and electrical limits
jpconstantineau-rp2040-pykey18-numpad,PyKey18 Numpad,JPConstantineau,board,missing,0,0,0,0,False,Physical connector map; Independent all-connector completeness review; Revision match and electrical limits
jpconstantineau-rp2040-pykey44-ergo-keyboard,PyKey44 Ergo Keyboard,JPConstantineau,board,missing,0,0,0,0,False,Physical connector map; Independent all-connector completeness review; Revision match and electrical limits
jpconstantineau-rp2040-pykey60-keyboard,PyKey60 Keyboard,JPConstantineau,board,missing,0,0,0,0,False,Physical connector map; Independent all-connector completeness review; Revision match and electrical limits
jpconstantineau-rp2040-pykey87-ten-key-less-tkl-keyboard,PyKey87 Ten Key Less (TKL) Keyboard,JPConstantineau,board,missing,0,0,0,0,False,Physical connector map; Independent all-connector completeness review; Revision match and electrical limits
lilygo-rp2040-t-display-rp2040,T-Display RP2040,LILYGO,board,pinout-source,1,0,0,0,False,Independent all-connector completeness review; Revision match and electrical limits
lilygo-rp2040-t-picoc3,T-PicoC3,LILYGO,board,pinout-source,1,0,0,0,False,Independent all-connector completeness review; Revision match and electrical limits
maple-rp2040-elite-pi,Maple Elite-Pi,Maple,board,pinout-source,1,0,0,0,False,Independent all-connector completeness review; Revision match and electrical limits
melopero-rp2040-shake-rp2040,Shake RP2040,Melopero,board,missing,0,0,0,0,False,Physical connector map; Independent all-connector completeness review; Revision match and electrical limits
music-thing-modular-rp2040-workshop-system,Music Thing Modular Workshop System ,Music Thing Modular,board,missing,0,0,0,0,False,Physical connector map; Independent all-connector completeness review; Revision match and electrical limits
newsan-rp2040-archi,Archi,Newsan,board,missing,0,0,0,0,False,Physical connector map; Independent all-connector completeness review; Revision match and electrical limits
nologo-rp2040-rp2040-promicro,RP2040 ProMicro,Nologo,board,pinout-source,1,0,0,0,False,Independent all-connector completeness review; Revision match and electrical limits
nologo-rp2040-rp2040-promini,RP2040 ProMini,Nologo,board,pinout-source,1,0,0,0,False,Independent all-connector completeness review; Revision match and electrical limits
nologo-rp2040-rp2040-uno,RP2040 Uno,Nologo,board,missing,0,0,0,0,False,Physical connector map; Independent all-connector completeness review; Revision match and electrical limits
nologo-rp2040-rp2040-usb,RP2040 USB,Nologo,board,missing,0,0,0,0,False,Physical connector map; Independent all-connector completeness review; Revision match and electrical limits
nologo-rp2040-rp2040supermini,RP2040SuperMini,Nologo,board,missing,0,0,0,0,False,Physical connector map; Independent all-connector completeness review; Revision match and electrical limits
nullbits-rp2040-bit-c-pro,Bit-C PRO,nullbits,board,pinout-source,1,0,0,0,False,Independent all-connector completeness review; Revision match and electrical limits
oak-development-technologies-rp2040-bread-2040-dev-board,Bread 2040 Dev Board,Oak Development Technologies,board,missing,0,0,0,0,False,Physical connector map; Independent all-connector completeness review; Revision match and electrical limits
oak-development-technologies-rp2040-cast-away-rp2040,CAST-AWAY RP2040,Oak Development Technologies,board,pinout-source,1,0,0,0,False,Independent all-connector completeness review; Revision match and electrical limits
oak-development-technologies-rp2040-rpga-feather,RPGA Feather,Oak Development Technologies,board,missing,0,0,0,0,False,Physical connector map; Independent all-connector completeness review; Revision match and electrical limits
otake-takayoshi-rp2040-octave,OTAKE Takayoshi Octave,OTAKE Takayoshi,board,missing,0,0,0,0,False,Physical connector map; Independent all-connector completeness review; Revision match and electrical limits
pajenicko-s-r-o-rp2040-pajenicko-picopad,Pajenicko Picopad,Pajenicko s.r.o.,board,missing,0,0,0,0,False,Physical connector map; Independent all-connector completeness review; Revision match and electrical limits
pcbcupid-rp2040-glyph-mini-2040,Glyph Mini 2040,Pcbcupid,board,missing,0,0,0,0,False,Physical connector map; Independent all-connector completeness review; Revision match and electrical limits
pimoroni-rp2040-badger-2040,Badger 2040,Pimoroni,board,missing,0,0,0,0,False,Physical connector map; Independent all-connector completeness review; Revision match and electrical limits
pimoroni-rp2040-badger-2040-w-pico-w-aboard,Badger 2040 W (Pico W Aboard),Pimoroni,board,missing,0,0,0,0,False,Physical connector map; Independent all-connector completeness review; Revision match and electrical limits
pimoroni-rp2040-inky-frame-5-7-pico-w-aboard,"Inky Frame 5.7\"" (Pico W Aboard)",Pimoroni,board,missing,0,0,0,0,False,Physical connector map; Independent all-connector completeness review; Revision match and electrical limits
pimoroni-rp2040-inky-frame-7-3-pico-w-aboard,"Inky Frame 7.3\"" (Pico W Aboard)",Pimoroni,board,missing,0,0,0,0,False,Physical connector map; Independent all-connector completeness review; Revision match and electrical limits
pimoroni-rp2040-interstate-75,Interstate 75,Pimoroni,board,missing,0,0,0,0,False,Physical connector map; Independent all-connector completeness review; Revision match and electrical limits
pimoroni-rp2040-keybow-2040,Keybow 2040,Pimoroni,board,missing,0,0,0,0,False,Physical connector map; Independent all-connector completeness review; Revision match and electrical limits
pimoroni-rp2040-motor-2040,Motor 2040,Pimoroni,board,missing,0,0,0,0,False,Physical connector map; Independent all-connector completeness review; Revision match and electrical limits
pimoroni-rp2040-pga2040,PGA2040,Pimoroni,board,pinout-source,1,0,0,0,False,Independent all-connector completeness review; Revision match and electrical limits
pimoroni-rp2040-picosystem,PicoSystem,Pimoroni,board,missing,0,0,0,0,False,Physical connector map; Independent all-connector completeness review; Revision match and electrical limits
pimoroni-rp2040-pico-dv-demo-base-for-pico,Pimoroni Pico DV Demo Base for Pico,Pimoroni,board,missing,0,0,0,0,False,Physical connector map; Independent all-connector completeness review; Revision match and electrical limits
pimoroni-rp2040-pico-dv-demo-base-for-pico-w,Pimoroni Pico DV Demo Base for Pico W,Pimoroni,board,missing,0,0,0,0,False,Physical connector map; Independent all-connector completeness review; Revision match and electrical limits
pimoroni-rp2040-pico-lipo-16mb,Pimoroni Pico LiPo (16MB),Pimoroni,board,pinout-source,1,0,0,0,False,Independent all-connector completeness review; Revision match and electrical limits
pimoroni-rp2040-pico-lipo-4mb,Pimoroni Pico LiPo (4MB),Pimoroni,board,missing,0,0,0,0,False,Physical connector map; Independent all-connector completeness review; Revision match and electrical limits
pimoroni-rp2040-plasma-2040,Plasma 2040,Pimoroni,board,missing,0,0,0,0,False,Physical connector map; Independent all-connector completeness review; Revision match and electrical limits
pimoroni-rp2040-plasma-stick-2040-w-pico-w-aboard,Plasma Stick 2040 W (Pico W Aboard),Pimoroni,board,missing,0,0,0,0,False,Physical connector map; Independent all-connector completeness review; Revision match and electrical limits
pimoroni-rp2040-servo-2040,Servo 2040,Pimoroni,board,missing,0,0,0,0,False,Physical connector map; Independent all-connector completeness review; Revision match and electrical limits
pimoroni-rp2040-tiny-2040,Tiny 2040,Pimoroni,board,pinout-source,1,0,0,0,False,Independent all-connector completeness review; Revision match and electrical limits
pimoroni-rp2040-tiny-2040-2mb,Tiny 2040 (2MB),Pimoroni,board,missing,0,0,0,0,False,Physical connector map; Independent all-connector completeness review; Revision match and electrical limits
pimoroni-rp2040-tiny-2040-8mb,Tiny 2040 (8MB),Pimoroni,board,missing,0,0,0,0,False,Physical connector map; Independent all-connector completeness review; Revision match and electrical limits
pimoroni-rp2040-tiny-fx,Tiny FX,Pimoroni,board,pinout-source,2,0,0,0,False,Independent all-connector completeness review; Revision match and electrical limits
potekku-rp2040-cosmo-pico,COSMO-Pico,Potekku,board,missing,0,0,0,0,False,Physical connector map; Independent all-connector completeness review; Revision match and electrical limits
proves-kit-rp2040-rp2040-v4,PROVES Kit RP2040 V4,PROVES Kit,board,missing,0,0,0,0,False,Physical connector map; Independent all-connector completeness review; Revision match and electrical limits
quadbit-rp2040-upico,uPico,Quadbit,board,missing,0,0,0,0,False,Physical connector map; Independent all-connector completeness review; Revision match and electrical limits
radomir-dopieralski-rp2040-game-22,µGame 22,Radomir Dopieralski,board,missing,0,0,0,0,False,Physical connector map; Independent all-connector completeness review; Revision match and electrical limits
rakwireless-rp2040-rak11300-module,RAK11300-Module,RAKwireless,board,pinout-source,1,0,0,0,False,Independent all-connector completeness review; Revision match and electrical limits
rakwireless-rp2040-rak11310,RAK11310,RAKwireless,board,missing,0,0,0,0,False,Physical connector map; Independent all-connector completeness review; Revision match and electrical limits
raspberry-pi-rp2040-pico,Raspberry Pi Pico,Raspberry Pi,board,pinout-source,4,0,0,0,False,Independent all-connector completeness review; Revision match and electrical limits
raspberry-pi-rp2040-pico-h,Raspberry Pi Pico H,Raspberry Pi,board,pinout-source,1,0,0,0,False,Independent all-connector completeness review; Revision match and electrical limits
raspberry-pi-rp2040-pico-w,Raspberry Pi Pico W,Raspberry Pi,board,pinout-source,3,0,0,0,False,Independent all-connector completeness review; Revision match and electrical limits
rf-guru-rp2040-pico,µPico,RF.Guru,board,missing,0,0,0,0,False,Physical connector map; Independent all-connector completeness review; Revision match and electrical limits
securinghardware-com-rp2040-xiaomao,Xiaomao,SecuringHardware.com,board,missing,0,0,0,0,False,Physical connector map; Independent all-connector completeness review; Revision match and electrical limits
seeed-studio-rp2040-wio-rp2040-mini-dev-board,Wio RP2040 mini Dev Board,Seeed Studio,board,pinout-source,1,0,0,0,False,Independent all-connector completeness review; Revision match and electrical limits
seeed-studio-rp2040-wio-rp2040-module,Wio RP2040 Module,Seeed Studio,board,pinout-source,1,0,0,0,False,Independent all-connector completeness review; Revision match and electrical limits
seeed-studio-rp2040-xiao-rp2040,XIAO RP2040,Seeed Studio,board,pinout-source,3,0,0,0,False,Independent all-connector completeness review; Revision match and electrical limits
seeed-studio-rp2040-xiao-rp2040-plus,XIAO RP2040 Plus,Seeed Studio,board,pinout-source,2,0,0,0,False,Independent all-connector completeness review; Revision match and electrical limits
silicognition-llc-rp2040-rp2040-shim,RP2040-Shim,Silicognition LLC,board,pinout-source,1,0,0,0,False,Independent all-connector completeness review; Revision match and electrical limits
solder-party-rp2040-bb-q20-keyboard-with-trackpad,BB Q20 Keyboard with trackpad,Solder Party,board,missing,0,0,0,0,False,Physical connector map; Independent all-connector completeness review; Revision match and electrical limits
solder-party-rp2040-rp2040-stamp,RP2040 STAMP,Solder Party,board,pinout-source,1,0,0,0,False,Independent all-connector completeness review; Revision match and electrical limits
sparkfun-rp2040-micromod-rp2040-processor,MicroMod RP2040 Processor,SparkFun,board,missing,0,0,0,0,False,Physical connector map; Independent all-connector completeness review; Revision match and electrical limits
sparkfun-rp2040-pro-micro-rp2040,Pro Micro RP2040,SparkFun,board,pinout-source,1,0,0,0,False,Independent all-connector completeness review; Revision match and electrical limits
sparkfun-rp2040-thing-plus-rp2040,Thing Plus - RP2040,SparkFun,board,missing,0,0,0,0,False,Physical connector map; Independent all-connector completeness review; Revision match and electrical limits
splitkb-rp2040-liatris,Liatris,SplitKB,board,pinout-source,1,0,0,0,False,Independent all-connector completeness review; Revision match and electrical limits
tinycircuits-rp2040-thumby,Thumby,TinyCircuits,board,missing,0,0,0,0,False,Physical connector map; Independent all-connector completeness review; Revision match and electrical limits
vcc-gnd-studio-rp2040-yd-rp2040,YD-RP2040,VCC-GND Studio,board,missing,0,0,0,0,False,Physical connector map; Independent all-connector completeness review; Revision match and electrical limits
waveshare-rp2040-rp2040-ble,RP2040-BLE,Waveshare,board,pinout-source,2,0,0,0,False,Independent all-connector completeness review; Revision match and electrical limits
waveshare-rp2040-rp2040-eth,RP2040-ETH,Waveshare,board,pinout-source,1,0,0,0,False,Independent all-connector completeness review; Revision match and electrical limits
waveshare-rp2040-rp2040-geek,RP2040-GEEK,Waveshare,board,missing,0,0,0,0,False,Physical connector map; Independent all-connector completeness review; Revision match and electrical limits
waveshare-rp2040-rp2040-keyboard-3,RP2040-Keyboard-3,Waveshare,board,missing,0,0,0,0,False,Physical connector map; Independent all-connector completeness review; Revision match and electrical limits
waveshare-rp2040-rp2040-lcd-0-96,RP2040-LCD-0.96,Waveshare,board,pinout-source,2,0,0,0,False,Independent all-connector completeness review; Revision match and electrical limits
waveshare-rp2040-rp2040-lcd-0-99-b,RP2040-LCD-0.99-B,Waveshare,board,missing,0,0,0,0,False,Physical connector map; Independent all-connector completeness review; Revision match and electrical limits
waveshare-rp2040-rp2040-lcd-1-28,RP2040-LCD-1.28,Waveshare,board,pinout-source,2,0,0,0,False,Independent all-connector completeness review; Revision match and electrical limits
waveshare-rp2040-rp2040-lora,RP2040-LoRa,Waveshare,board,pinout-source,1,0,0,0,False,Independent all-connector completeness review; Revision match and electrical limits
waveshare-rp2040-rp2040-matrix,RP2040-Matrix,Waveshare,board,pinout-source,1,0,0,0,False,Independent all-connector completeness review; Revision match and electrical limits
waveshare-rp2040-rp2040-one,RP2040-One,Waveshare,board,pinout-source,1,0,0,0,False,Independent all-connector completeness review; Revision match and electrical limits
waveshare-rp2040-rp2040-pizero,RP2040-PiZero,Waveshare,board,missing,0,0,0,0,False,Physical connector map; Independent all-connector completeness review; Revision match and electrical limits
waveshare-rp2040-rp2040-plus,RP2040-Plus,Waveshare,board,pinout-source,3,0,0,0,False,Independent all-connector completeness review; Revision match and electrical limits
waveshare-rp2040-rp2040-plus-with-16mb-flash,RP2040-Plus with 16MB Flash,Waveshare,board,missing,0,0,0,0,False,Physical connector map; Independent all-connector completeness review; Revision match and electrical limits
waveshare-rp2040-rp2040-plus-with-4mb-flash,RP2040-Plus with 4MB Flash,Waveshare,board,missing,0,0,0,0,False,Physical connector map; Independent all-connector completeness review; Revision match and electrical limits
waveshare-rp2040-rp2040-tiny,RP2040-Tiny,Waveshare,board,pinout-source,2,0,0,0,False,Independent all-connector completeness review; Revision match and electrical limits
waveshare-rp2040-rp2040-touch-lcd-1-28,RP2040-Touch-LCD-1.28,Waveshare,board,pinout-source,1,0,0,0,False,Independent all-connector completeness review; Revision match and electrical limits
waveshare-rp2040-rp2040-touch-lcd-1-69,RP2040-Touch-LCD-1.69,Waveshare,board,pinout-source,2,0,0,0,False,Independent all-connector completeness review; Revision match and electrical limits
waveshare-rp2040-rp2040-zero,RP2040-Zero,Waveshare,board,pinout-source,3,0,0,0,False,Independent all-connector completeness review; Revision match and electrical limits
weact-studio-rp2040-rp2040-core,RP2040 Core,WeAct Studio,board,pinout-source,2,0,0,0,False,Independent all-connector completeness review; Revision match and electrical limits
weact-studio-rp2040-pico,WeAct Studio Pico,WeAct Studio,board,missing,0,0,0,0,False,Physical connector map; Independent all-connector completeness review; Revision match and electrical limits
weact-studio-rp2040-pico-16mb-variant,WeAct Studio Pico (16MB Variant),WeAct Studio,board,missing,0,0,0,0,False,Physical connector map; Independent all-connector completeness review; Revision match and electrical limits
wee-noise-makers-rp2040-noise-nugget-2040,Noise Nugget 2040,Wee Noise Makers,board,missing,0,0,0,0,False,Physical connector map; Independent all-connector completeness review; Revision match and electrical limits
wee-noise-makers-rp2040-noise-nugget-2040-breakout,Noise Nugget 2040 Breakout,Wee Noise Makers,board,pinout-source,1,0,0,0,False,Independent all-connector completeness review; Revision match and electrical limits
wee-noise-makers-rp2040-noise-nugget-2040-development-kit,Noise Nugget 2040 Development Kit,Wee Noise Makers,board,pinout-source,1,0,0,0,False,Independent all-connector completeness review; Revision match and electrical limits
weekin-rp2040-wk-50-bat-shaped-keyboard,WK-50 Bat Shaped Keyboard,WEEKIN,board,missing,0,0,0,0,False,Physical connector map; Independent all-connector completeness review; Revision match and electrical limits
wisdpi-rp2040-ardu2040m,WisdPi Ardu2040M,WisdPi,board,missing,0,0,0,0,False,Physical connector map; Independent all-connector completeness review; Revision match and electrical limits
wisdpi-rp2040-tiny-rp2040,WisdPi Tiny RP2040,WisdPi,board,pinout-source,1,0,0,0,False,Independent all-connector completeness review; Revision match and electrical limits
wiznet-rp2040-w5100s-evb-pico,W5100S-EVB-Pico,WIZnet,board,pinout-source,2,0,0,0,False,Independent all-connector completeness review; Revision match and electrical limits
wiznet-rp2040-w5500-evb-pico,W5500-EVB-Pico,WIZnet,board,pinout-source,1,0,0,0,False,Independent all-connector completeness review; Revision match and electrical limits
wiznet-rp2040-w55rp20-evb-pico,W55RP20-EVB-Pico,WIZnet,board,pinout-source,1,0,0,0,False,Independent all-connector completeness review; Revision match and electrical limits
zach-richard-rp2040-rp2-65-f,RP2.65-F,Zach Richard,board,missing,0,0,0,0,False,Physical connector map; Independent all-connector completeness review; Revision match and electrical limits
adafruit-rp2350-tinychad-rp2350,Adafruit TinyChad RP2350,Adafruit,board,missing,0,0,0,0,False,Physical connector map; Independent all-connector completeness review; Revision match and electrical limits
adafruit-rp2350-feather-rp2350,Feather RP2350,Adafruit,board,pinout-source,1,0,0,0,False,Independent all-connector completeness review; Revision match and electrical limits
adafruit-rp2350-feather-rp2350-adalogger,Feather RP2350 Adalogger,Adafruit,board,missing,0,0,0,0,False,Physical connector map; Independent all-connector completeness review; Revision match and electrical limits
adafruit-rp2350-fruit-jam-mini-rp2350-computer,Fruit Jam - Mini RP2350 Computer,Adafruit,board,missing,0,0,0,0,False,Physical connector map; Independent all-connector completeness review; Revision match and electrical limits
adafruit-rp2350-metro-rp2350,Metro RP2350,Adafruit,board,pinout-source,1,0,0,0,False,Independent all-connector completeness review; Revision match and electrical limits
cytron-technologies-rp2350-edu-pico-2-for-pico-2-w,EDU PICO 2 for Pico 2 W,Cytron Technologies,board,missing,0,0,0,0,False,Physical connector map; Independent all-connector completeness review; Revision match and electrical limits
cytron-technologies-rp2350-iriv-io-controller-rp2350,IRIV IO Controller (RP2350),Cytron Technologies,board,missing,0,0,0,0,False,Physical connector map; Independent all-connector completeness review; Revision match and electrical limits
cytron-technologies-rp2350-motion-2350-pro,Motion 2350 Pro,Cytron Technologies,board,pinout-source,1,0,0,0,False,Independent all-connector completeness review; Revision match and electrical limits
datanoise-rp2350-picoadk-v2-audio-development-kit,PicoADK v2 - Audio Development Kit,Datanoise,board,missing,0,0,0,0,False,Physical connector map; Independent all-connector completeness review; Revision match and electrical limits
elecrow-rp2350-rp2350-pico-w5,RP2350 Pico W5,Elecrow,board,pinout-source,1,0,0,0,False,Independent all-connector completeness review; Revision match and electrical limits
invector-labs-rp2350-challenger-rp2350-bconnect,Challenger+ RP2350 BConnect,Invector Labs,board,pinout-source,1,0,0,0,False,Independent all-connector completeness review; Revision match and electrical limits
invector-labs-rp2350-challenger-rp2350-wifi6-ble5,Challenger+ RP2350 WiFi6 BLE5,Invector Labs,board,missing,0,0,0,0,False,Physical connector map; Independent all-connector completeness review; Revision match and electrical limits
lilygo-rp2350-t-pico-2350,T-PICO-2350,LILYGO,board,pinout-source,1,0,0,0,False,Independent all-connector completeness review; Revision match and electrical limits
nologo-rp2350-rp2350-pico2,RP2350 Pico2,Nologo,board,missing,0,0,0,0,False,Physical connector map; Independent all-connector completeness review; Revision match and electrical limits
nologo-rp2350-rp2350-promicro,RP2350 ProMicro,Nologo,board,missing,0,0,0,0,False,Physical connector map; Independent all-connector completeness review; Revision match and electrical limits
nologo-rp2350-rp2350-supermini,RP2350 SuperMini,Nologo,board,missing,0,0,0,0,False,Physical connector map; Independent all-connector completeness review; Revision match and electrical limits
nologo-rp2350-rp2350-uno,RP2350 Uno,Nologo,board,missing,0,0,0,0,False,Physical connector map; Independent all-connector completeness review; Revision match and electrical limits
nologo-rp2350-rp2350-usb,RP2350 USB,Nologo,board,missing,0,0,0,0,False,Physical connector map; Independent all-connector completeness review; Revision match and electrical limits
nologo-rp2350-rp2350b-super,RP2350B Super,Nologo,board,pinout-source,1,0,0,0,False,Independent all-connector completeness review; Revision match and electrical limits
pimoroni-rp2350-badger-2350,Badger 2350,Pimoroni,board,missing,0,0,0,0,False,Physical connector map; Independent all-connector completeness review; Revision match and electrical limits
pimoroni-rp2350-pga2350,PGA2350,Pimoroni,board,pinout-source,2,0,0,0,False,Independent all-connector completeness review; Revision match and electrical limits
pimoroni-rp2350-pico-plus-2,Pico Plus 2,Pimoroni,board,pinout-source,2,0,0,0,False,Independent all-connector completeness review; Revision match and electrical limits
pimoroni-rp2350-pico-plus-2-w,Pico Plus 2 W,Pimoroni,board,pinout-source,2,0,0,0,False,Independent all-connector completeness review; Revision match and electrical limits
pimoroni-rp2350-explorer-rp2350,Pimoroni Explorer (RP2350),Pimoroni,board,missing,0,0,0,0,False,Physical connector map; Independent all-connector completeness review; Revision match and electrical limits
pimoroni-rp2350-plasma-2350,Plasma 2350,Pimoroni,board,pinout-source,2,0,0,0,False,Independent all-connector completeness review; Revision match and electrical limits
pimoroni-rp2350-plasma-2350-w,Plasma 2350 W,Pimoroni,board,pinout-source,1,0,0,0,False,Independent all-connector completeness review; Revision match and electrical limits
pimoroni-rp2350-tiny-2350,Tiny 2350,Pimoroni,board,pinout-source,2,0,0,0,False,Independent all-connector completeness review; Revision match and electrical limits
raspberry-pi-rp2350-pico-2,Raspberry Pi Pico 2,Raspberry Pi,board,pinout-source,2,0,0,0,False,Independent all-connector completeness review; Revision match and electrical limits
raspberry-pi-rp2350-pico-2-w,Raspberry Pi Pico 2 W,Raspberry Pi,board,pinout-source,3,0,0,0,False,Independent all-connector completeness review; Revision match and electrical limits
seeed-studio-rp2350-xiao-rp2350,XIAO RP2350,Seeed Studio,board,pinout-source,3,0,0,0,False,Independent all-connector completeness review; Revision match and electrical limits
solder-party-rp2350-rp2350-stamp,RP2350 STAMP,Solder Party,board,pinout-source,1,0,0,0,False,Independent all-connector completeness review; Revision match and electrical limits
solder-party-rp2350-rp2350-stamp-xl,RP2350 STAMP XL,Solder Party,board,pinout-source,1,0,0,0,False,Independent all-connector completeness review; Revision match and electrical limits
sparkfun-rp2350-pro-micro-rp2350,Pro Micro - RP2350,SparkFun,board,missing,0,0,0,0,False,Physical connector map; Independent all-connector completeness review; Revision match and electrical limits
sparkfun-rp2350-thing-plus-rp2350,Thing Plus - RP2350,SparkFun,board,missing,0,0,0,0,False,Physical connector map; Independent all-connector completeness review; Revision match and electrical limits
spotpear-manufacturer-unconfirmed-rp2350-rp2350b-lcd-2-25,RP2350B-LCD-2.25,Spotpear (manufacturer unconfirmed),board,pinout-source,1,0,0,0,False,Independent all-connector completeness review; Revision match and electrical limits
studiolab-rp2350-real-pico-expander,Real Pico Expander,StudioLab,board,missing,0,0,0,0,False,Physical connector map; Independent all-connector completeness review; Revision match and electrical limits
teenage-engineering-rp2350-ep-2350-ting,EP–2350 ting,Teenage Engineering,board,missing,0,0,0,0,False,Physical connector map; Independent all-connector completeness review; Revision match and electrical limits
tinycircuits-rp2350-thumby-color,Thumby Color,TinyCircuits,board,missing,0,0,0,0,False,Physical connector map; Independent all-connector completeness review; Revision match and electrical limits
waveshare-rp2350-core2350b,Core2350B,Waveshare,board,pinout-source,1,0,0,0,False,Independent all-connector completeness review; Revision match and electrical limits
waveshare-rp2350-rp2350-can,RP2350-CAN,Waveshare,board,pinout-source,2,0,0,0,False,Independent all-connector completeness review; Revision match and electrical limits
waveshare-rp2350-rp2350-eth,RP2350-ETH,Waveshare,board,pinout-source,2,0,0,0,False,Independent all-connector completeness review; Revision match and electrical limits
waveshare-rp2350-rp2350-eth-8di-8ro,RP2350-ETH-8DI-8RO,Waveshare,board,pinout-source,2,0,0,0,False,Independent all-connector completeness review; Revision match and electrical limits
waveshare-rp2350-rp2350-geek,RP2350-GEEK,Waveshare,board,missing,0,0,0,0,False,Physical connector map; Independent all-connector completeness review; Revision match and electrical limits
waveshare-rp2350-rp2350-lcd-0-85,RP2350-LCD-0.85,Waveshare,board,missing,0,0,0,0,False,Physical connector map; Independent all-connector completeness review; Revision match and electrical limits
waveshare-rp2350-rp2350-lcd-0-96,RP2350-LCD-0.96,Waveshare,board,pinout-source,1,0,0,0,False,Independent all-connector completeness review; Revision match and electrical limits
waveshare-rp2350-rp2350-lcd-1-28,RP2350-LCD-1.28,Waveshare,board,pinout-source,2,0,0,0,False,Independent all-connector completeness review; Revision match and electrical limits
waveshare-rp2350-rp2350-lcd-1-47-a,RP2350-LCD-1.47-A,Waveshare,board,pinout-source,2,0,0,0,False,Independent all-connector completeness review; Revision match and electrical limits
waveshare-rp2350-rp2350-lcd-1-47-b,RP2350-LCD-1.47-B,Waveshare,board,pinout-source,1,0,0,0,False,Independent all-connector completeness review; Revision match and electrical limits
waveshare-rp2350-rp2350-matrix,RP2350-Matrix,Waveshare,board,pinout-source,2,0,0,0,False,Independent all-connector completeness review; Revision match and electrical limits
waveshare-rp2350-rp2350-one,RP2350-One,Waveshare,board,pinout-source,1,0,0,0,False,Independent all-connector completeness review; Revision match and electrical limits
waveshare-rp2350-rp2350-pizero,RP2350-PiZero,Waveshare,board,missing,0,0,0,0,False,Physical connector map; Independent all-connector completeness review; Revision match and electrical limits
waveshare-rp2350-rp2350-plus,RP2350-Plus,Waveshare,board,pinout-source,2,0,0,0,False,Independent all-connector completeness review; Revision match and electrical limits
waveshare-rp2350-rp2350-poe-eth,RP2350-POE-ETH,Waveshare,board,pinout-source,2,0,0,0,False,Independent all-connector completeness review; Revision match and electrical limits
waveshare-rp2350-rp2350-relay-6ch,RP2350-Relay-6CH,Waveshare,board,pinout-source,2,0,0,0,False,Independent all-connector completeness review; Revision match and electrical limits
waveshare-rp2350-rp2350-tiny,RP2350-Tiny,Waveshare,board,pinout-source,1,0,0,0,False,Independent all-connector completeness review; Revision match and electrical limits
waveshare-rp2350-rp2350-touch-amoled-1-43,RP2350-Touch-AMOLED-1.43,Waveshare,board,pinout-source,2,0,0,0,False,Independent all-connector completeness review; Revision match and electrical limits
waveshare-rp2350-rp2350-touch-amoled-1-64,RP2350-Touch-AMOLED-1.64,Waveshare,board,pinout-source,2,0,0,0,False,Independent all-connector completeness review; Revision match and electrical limits
waveshare-rp2350-rp2350-touch-amoled-1-75,RP2350-Touch-AMOLED-1.75,Waveshare,board,reference-only,0,0,0,0,False,Physical connector map; Independent all-connector completeness review; Revision match and electrical limits
waveshare-rp2350-rp2350-touch-amoled-1-8,RP2350-Touch-AMOLED-1.8,Waveshare,board,pinout-source,2,0,0,0,False,Independent all-connector completeness review; Revision match and electrical limits
waveshare-rp2350-rp2350-touch-amoled-2-41,RP2350-Touch-AMOLED-2.41,Waveshare,board,pinout-source,2,0,0,0,False,Independent all-connector completeness review; Revision match and electrical limits
waveshare-rp2350-rp2350-touch-epaper-1-54,RP2350-Touch-ePaper-1.54,Waveshare,board,missing,0,0,0,0,False,Physical connector map; Independent all-connector completeness review; Revision match and electrical limits
waveshare-rp2350-rp2350-touch-lcd-1-28,RP2350-Touch-LCD-1.28,Waveshare,board,pinout-source,2,0,0,0,False,Independent all-connector completeness review; Revision match and electrical limits
waveshare-rp2350-rp2350-touch-lcd-1-46,RP2350-Touch-LCD-1.46,Waveshare,board,pinout-source,2,0,0,0,False,Independent all-connector completeness review; Revision match and electrical limits
waveshare-rp2350-rp2350-touch-lcd-1-54,RP2350-Touch-LCD-1.54,Waveshare,board,missing,0,0,0,0,False,Physical connector map; Independent all-connector completeness review; Revision match and electrical limits
waveshare-rp2350-rp2350-touch-lcd-1-69,RP2350-Touch-LCD-1.69,Waveshare,board,pinout-source,2,0,0,0,False,Independent all-connector completeness review; Revision match and electrical limits
waveshare-rp2350-rp2350-touch-lcd-1-85c,RP2350-Touch-LCD-1.85C,Waveshare,board,pinout-source,2,0,0,0,False,Independent all-connector completeness review; Revision match and electrical limits
waveshare-rp2350-rp2350-touch-lcd-2,RP2350-Touch-LCD-2,Waveshare,board,pinout-source,2,0,0,0,False,Independent all-connector completeness review; Revision match and electrical limits
waveshare-rp2350-rp2350-touch-lcd-2-1,RP2350-Touch-LCD-2.1,Waveshare,board,pinout-source,2,0,0,0,False,Independent all-connector completeness review; Revision match and electrical limits
waveshare-rp2350-rp2350-touch-lcd-2-8,RP2350-Touch-LCD-2.8,Waveshare,board,pinout-source,2,0,0,0,False,Independent all-connector completeness review; Revision match and electrical limits
waveshare-rp2350-rp2350-touch-lcd-2-8c,RP2350-Touch-LCD-2.8C,Waveshare,board,pinout-source,2,0,0,0,False,Independent all-connector completeness review; Revision match and electrical limits
waveshare-rp2350-rp2350-touch-lcd-3-49,RP2350-Touch-LCD-3.49,Waveshare,board,pinout-source,2,0,0,0,False,Independent all-connector completeness review; Revision match and electrical limits
waveshare-rp2350-rp2350-touch-lcd-3-5,RP2350-Touch-LCD-3.5,Waveshare,board,pinout-source,2,0,0,0,False,Independent all-connector completeness review; Revision match and electrical limits
waveshare-rp2350-rp2350-touch-lcd-4,RP2350-Touch-LCD-4,Waveshare,board,missing,0,0,0,0,False,Physical connector map; Independent all-connector completeness review; Revision match and electrical limits
waveshare-rp2350-rp2350-touch-lcd-4-3b,RP2350-Touch-LCD-4.3B,Waveshare,board,pinout-source,1,0,0,0,False,Independent all-connector completeness review; Revision match and electrical limits
waveshare-rp2350-rp2350-touch-lcd-7,RP2350-Touch-LCD-7,Waveshare,board,missing,0,0,0,0,False,Physical connector map; Independent all-connector completeness review; Revision match and electrical limits
waveshare-rp2350-rp2350-usb-a,RP2350-USB-A,Waveshare,board,pinout-source,2,0,0,0,False,Independent all-connector completeness review; Revision match and electrical limits
waveshare-rp2350-rp2350-usb-c,RP2350-USB-C,Waveshare,board,pinout-source,2,0,0,0,False,Independent all-connector completeness review; Revision match and electrical limits
waveshare-rp2350-rp2350-zero,RP2350-Zero,Waveshare,board,pinout-source,2,0,0,0,False,Independent all-connector completeness review; Revision match and electrical limits
waveshare-rp2350-rp2350-zero-cm,RP2350-Zero-CM,Waveshare,board,pinout-source,2,0,0,0,False,Independent all-connector completeness review; Revision match and electrical limits
waveshare-rp2350-rp2350b-plus-w,RP2350B-Plus-W,Waveshare,board,pinout-source,3,0,0,0,False,Independent all-connector completeness review; Revision match and electrical limits
weact-studio-rp2350-rp2350a-core-board,RP2350A Core Board,WeAct Studio,board,missing,0,0,0,0,False,Physical connector map; Independent all-connector completeness review; Revision match and electrical limits
weact-studio-rp2350-rp2350a-core-v1-0,RP2350A Core v1.0,WeAct Studio,board,pinout-source,1,0,0,0,False,Independent all-connector completeness review; Revision match and electrical limits
weact-studio-rp2350-rp2350a-core-v2-0,RP2350A Core v2.0,WeAct Studio,board,pinout-source,1,0,0,0,False,Independent all-connector completeness review; Revision match and electrical limits
weact-studio-rp2350-rp2350b-core,RP2350B Core,WeAct Studio,board,pinout-source,1,0,0,0,False,Independent all-connector completeness review; Revision match and electrical limits
wiznet-rp2350-w5100s-evb-pico2,W5100S-EVB-Pico2,WIZnet,board,pinout-source,1,0,0,0,False,Independent all-connector completeness review; Revision match and electrical limits
wiznet-rp2350-w5500-evb-pico2,W5500-EVB-Pico2,WIZnet,board,pinout-source,1,0,0,0,False,Independent all-connector completeness review; Revision match and electrical limits
diodes-delight-raspberry-pi-sbc-piunora,Piunora,Diodes Delight,board,missing,0,0,0,0,False,Physical connector map; Independent all-connector completeness review; Revision match and electrical limits
raspberry-pi-raspberry-pi-sbc-40-pin-gpio-header-shared-computer-board-reference,40-pin GPIO header - shared computer-board reference,Raspberry Pi,board,pinout-source,1,0,0,0,False,Independent all-connector completeness review; Revision match and electrical limits
raspberry-pi-raspberry-pi-sbc-compute-module-4,Compute Module 4,Raspberry Pi,board,missing,0,0,0,0,False,Physical connector map; Independent all-connector completeness review; Revision match and electrical limits
raspberry-pi-raspberry-pi-sbc-compute-module-4-io-board,Compute Module 4 IO Board,Raspberry Pi,board,missing,0,0,0,0,False,Physical connector map; Independent all-connector completeness review; Revision match and electrical limits
raspberry-pi-raspberry-pi-sbc-model-b-revisions-and-40-pin-header-comparison,Model B revisions and 40-pin header comparison,Raspberry Pi,board,pinout-source,1,0,0,0,False,Independent all-connector completeness review; Revision match and electrical limits
raspberry-pi-raspberry-pi-sbc-pi-4-model-b,Pi 4 Model B,Raspberry Pi,board,missing,0,0,0,0,False,Physical connector map; Independent all-connector completeness review; Revision match and electrical limits
raspberry-pi-raspberry-pi-sbc-3-model-a,Raspberry Pi 3 Model A+,Raspberry Pi,board,missing,0,0,0,0,False,Physical connector map; Independent all-connector completeness review; Revision match and electrical limits
raspberry-pi-raspberry-pi-sbc-3-model-b,Raspberry Pi 3 Model B+,Raspberry Pi,board,missing,0,0,0,0,False,Physical connector map; Independent all-connector completeness review; Revision match and electrical limits
raspberry-pi-raspberry-pi-sbc-4-model-b,Raspberry Pi 4 Model B,Raspberry Pi,board,pinout-source,1,0,0,0,False,Independent all-connector completeness review; Revision match and electrical limits
raspberry-pi-raspberry-pi-sbc-5,Raspberry Pi 5,Raspberry Pi,board,missing,0,0,0,0,False,Physical connector map; Independent all-connector completeness review; Revision match and electrical limits
raspberry-pi-raspberry-pi-sbc-500,Raspberry Pi 500,Raspberry Pi,board,missing,0,0,0,0,False,Physical connector map; Independent all-connector completeness review; Revision match and electrical limits
raspberry-pi-raspberry-pi-sbc-500-plus,Raspberry Pi 500 Plus,Raspberry Pi,board,missing,0,0,0,0,False,Physical connector map; Independent all-connector completeness review; Revision match and electrical limits
raspberry-pi-raspberry-pi-sbc-zero,Raspberry Pi Zero,Raspberry Pi,board,missing,0,0,0,0,False,Physical connector map; Independent all-connector completeness review; Revision match and electrical limits
raspberry-pi-raspberry-pi-sbc-zero-2-w,Raspberry Pi Zero 2 W,Raspberry Pi,board,pinout-source,1,0,0,0,False,Independent all-connector completeness review; Revision match and electrical limits
raspberry-pi-raspberry-pi-sbc-zero-w,Raspberry Pi Zero W,Raspberry Pi,board,missing,0,0,0,0,False,Physical connector map; Independent all-connector completeness review; Revision match and electrical limits
raspberry-pi-raspberry-pi-sbc-zero-wh,Raspberry Pi Zero WH,Raspberry Pi,board,missing,0,0,0,0,False,Physical connector map; Independent all-connector completeness review; Revision match and electrical limits
raspberry-pi-raspberry-pi-sbc-rpi3-b,RPi3 B,Raspberry Pi,board,missing,0,0,0,0,False,Physical connector map; Independent all-connector completeness review; Revision match and electrical limits
pjrc-teensy-teensy-1-0,Teensy 1.0,PJRC,board,pinout-source,2,0,0,0,False,Independent all-connector completeness review; Revision match and electrical limits
pjrc-teensy-teensy-2-0,Teensy 2.0,PJRC,board,pinout-source,2,0,0,0,False,Independent all-connector completeness review; Revision match and electrical limits
pjrc-teensy-teensy-3-0,Teensy 3.0,PJRC,board,pinout-source,2,0,0,0,False,Independent all-connector completeness review; Revision match and electrical limits
pjrc-teensy-teensy-3-1,Teensy 3.1,PJRC,board,pinout-source,2,0,0,0,False,Independent all-connector completeness review; Revision match and electrical limits
pjrc-teensy-teensy-3-2,Teensy 3.2,PJRC,board,pinout-source,2,0,0,0,False,Independent all-connector completeness review; Revision match and electrical limits
pjrc-teensy-teensy-3-5,Teensy 3.5,PJRC,board,pinout-source,2,0,0,0,False,Independent all-connector completeness review; Revision match and electrical limits
pjrc-teensy-teensy-3-6,Teensy 3.6,PJRC,board,pinout-source,2,0,0,0,False,Independent all-connector completeness review; Revision match and electrical limits
pjrc-teensy-teensy-4-0,Teensy 4.0,PJRC,board,pinout-source,2,0,0,0,False,Independent all-connector completeness review; Revision match and electrical limits
pjrc-teensy-teensy-4-1,Teensy 4.1,PJRC,board,pinout-source,2,0,0,0,False,Independent all-connector completeness review; Revision match and electrical limits
pjrc-teensy-teensy-lc,Teensy LC,PJRC,board,pinout-source,2,0,0,0,False,Independent all-connector completeness review; Revision match and electrical limits
pjrc-teensy-teensy-plus-plus-1-0,Teensy++ 1.0,PJRC,board,pinout-source,2,0,0,0,False,Independent all-connector completeness review; Revision match and electrical limits
pjrc-teensy-teensy-plus-plus-2-0,Teensy++ 2.0,PJRC,board,pinout-source,2,0,0,0,False,Independent all-connector completeness review; Revision match and electrical limits
source-board-57492cac1e1ae8b467,6060-Push,M5Stack,board,reference-only,0,0,0,0,False,Physical connector map; Independent all-connector completeness review; Revision match and electrical limits
source-board-da525b9c655706bb3f,Aluminium Extrusions,M5Stack,board,reference-only,0,0,0,0,False,Physical connector map; Independent all-connector completeness review; Revision match and electrical limits
source-board-49d8c6099b3a7b5286,Connector,M5Stack,board,reference-only,0,0,0,0,False,Physical connector map; Independent all-connector completeness review; Revision match and electrical limits
source-board-d11fb46eaa1e2c11c3,Corner,M5Stack,board,reference-only,0,0,0,0,False,Physical connector map; Independent all-connector completeness review; Revision match and electrical limits
source-board-c7bfcef1d68fc45b83,Nut,M5Stack,board,reference-only,0,0,0,0,False,Physical connector map; Independent all-connector completeness review; Revision match and electrical limits
source-board-b58ecc1d34dcdc3e04,1.27-Socket Kit for Stamp-S3,M5Stack,board,reference-only,0,0,0,0,False,Physical connector map; Independent all-connector completeness review; Revision match and electrical limits
source-board-0a22ad2de84e38d923,485T,M5Stack,board,reference-only,0,0,0,0,False,Physical connector map; Independent all-connector completeness review; Revision match and electrical limits
source-board-bf541458bf93d6b6b1,Atomic ToChain Base,M5Stack,board,reference-only,0,0,0,0,False,Physical connector map; Independent all-connector completeness review; Revision match and electrical limits
source-board-4c6dddf9466ba9c6e6,Atomic ToUnit Base,M5Stack,board,reference-only,0,0,0,0,False,Physical connector map; Independent all-connector completeness review; Revision match and electrical limits
source-board-61dc2315aba1d78807,BAVG to Socket,M5Stack,board,reference-only,0,0,0,0,False,Physical connector map; Independent all-connector completeness review; Revision match and electrical limits
source-board-c1836e18c8afadc61f,Bus Socket SMD 13.2,M5Stack,board,reference-only,0,0,0,0,False,Physical connector map; Independent all-connector completeness review; Revision match and electrical limits
source-board-b430b7d9b47753112b,CamModule SC850SL,M5Stack,board,reference-only,0,0,0,0,False,Physical connector map; Independent all-connector completeness review; Revision match and electrical limits
source-board-42bedf822aedda5aac,Capsule Proto,M5Stack,board,reference-only,0,0,0,0,False,Physical connector map; Independent all-connector completeness review; Revision match and electrical limits
source-board-7f3220c8f565ad56c8,Cardputer Accessory Kit,M5Stack,board,reference-only,0,0,0,0,False,Physical connector map; Independent all-connector completeness review; Revision match and electrical limits
source-board-dbd35b902578999c85,Chain Bridge,M5Stack,board,reference-only,0,0,0,0,False,Physical connector map; Independent all-connector completeness review; Revision match and electrical limits
source-board-826db93b53b37a89ef,Chain Return,M5Stack,board,reference-only,0,0,0,0,False,Physical connector map; Independent all-connector completeness review; Revision match and electrical limits
source-board-60237e7bb4061c03d2,CLIP-A,M5Stack,board,reference-only,0,0,0,0,False,Physical connector map; Independent all-connector completeness review; Revision match and electrical limits
source-board-a193e8448eda7a6fb6,CLIP-B,M5Stack,board,reference-only,0,0,0,0,False,Physical connector map; Independent all-connector completeness review; Revision match and electrical limits
source-board-5a60b64daebe8b5c0e,Display 1.14 Inch,M5Stack,board,reference-only,0,0,0,0,False,Physical connector map; Independent all-connector completeness review; Revision match and electrical limits
source-board-47b9df028bbb8a10b4,Frame,M5Stack,board,reference-only,0,0,0,0,False,Physical connector map; Independent all-connector completeness review; Revision match and electrical limits
source-board-6e4b9ee9a0f3979694,Grove Converter,M5Stack,board,reference-only,0,0,0,0,False,Physical connector map; Independent all-connector completeness review; Revision match and electrical limits
source-board-da76e277a8985719d4,Grove T,M5Stack,board,reference-only,0,0,0,0,False,Physical connector map; Independent all-connector completeness review; Revision match and electrical limits
source-board-8b7bc8abf33e9365fe,Grove to 4P,M5Stack,board,reference-only,0,0,0,0,False,Physical connector map; Independent all-connector completeness review; Revision match and electrical limits
source-board-8cb9bff718fbbf41b6,Grove to Grove,M5Stack,board,reference-only,0,0,0,0,False,Physical connector map; Independent all-connector completeness review; Revision match and electrical limits
source-board-cc0272832d61950412,Grove to PIN,M5Stack,board,reference-only,0,0,0,0,False,Physical connector map; Independent all-connector completeness review; Revision match and electrical limits
source-board-9e85c320e96566c801,Grove to Servo,M5Stack,board,reference-only,0,0,0,0,False,Physical connector map; Independent all-connector completeness review; Revision match and electrical limits
source-board-1a18c2638cb34d6a64,Grove to USBC,M5Stack,board,reference-only,0,0,0,0,False,Physical connector map; Independent all-connector completeness review; Revision match and electrical limits
source-board-d1dbab67bcc1e40dfe,Guide Rail,M5Stack,board,reference-only,0,0,0,0,False,Physical connector map; Independent all-connector completeness review; Revision match and electrical limits
source-board-954672a436eee96512,HY2.0-4P SMD,M5Stack,board,reference-only,0,0,0,0,False,Physical connector map; Independent all-connector completeness review; Revision match and electrical limits
source-board-2aa95729cf01c806de,KeyCap,M5Stack,board,reference-only,0,0,0,0,False,Physical connector map; Independent all-connector completeness review; Revision match and electrical limits
source-board-474f37d1111c89e165,Magnet Nut,M5Stack,board,reference-only,0,0,0,0,False,Physical connector map; Independent all-connector completeness review; Revision match and electrical limits
source-board-e6d5bcae9df6feb312,Magnetic Type-C Cable,M5Stack,board,reference-only,0,0,0,0,False,Physical connector map; Independent all-connector completeness review; Revision match and electrical limits
source-board-b481048324688ec6c4,Module Proto Frame,M5Stack,board,reference-only,0,0,0,0,False,Physical connector map; Independent all-connector completeness review; Revision match and electrical limits
source-board-6449cd36be938ca196,Panel Frame,M5Stack,board,reference-only,0,0,0,0,False,Physical connector map; Independent all-connector completeness review; Revision match and electrical limits
source-board-571cc8955eea98117f,Proto Board,M5Stack,board,reference-only,0,0,0,0,False,Physical connector map; Independent all-connector completeness review; Revision match and electrical limits
source-board-31b1a147337ceaa48e,SandwichC,M5Stack,board,reference-only,0,0,0,0,False,Physical connector map; Independent all-connector completeness review; Revision match and electrical limits
source-board-1f73053fe9b2e13ec0,Servo Kit 180°,M5Stack,board,reference-only,0,0,0,0,False,Physical connector map; Independent all-connector completeness review; Revision match and electrical limits
source-board-78bad7861e820767c0,Stamp-S3 GroveBreakOut,M5Stack,board,reference-only,0,0,0,0,False,Physical connector map; Independent all-connector completeness review; Revision match and electrical limits
source-board-dc0349f59be7face17,Stick Watch Accessory Kit,M5Stack,board,reference-only,0,0,0,0,False,Physical connector map; Independent all-connector completeness review; Revision match and electrical limits
source-board-4682de2b379124784c,StickC-Plus2 Watch Kit,M5Stack,board,reference-only,0,0,0,0,False,Physical connector map; Independent all-connector completeness review; Revision match and electrical limits
source-board-762c4c86bf177e5fd1,Unit Proto Case,M5Stack,board,reference-only,0,0,0,0,False,Physical connector map; Independent all-connector completeness review; Revision match and electrical limits
source-board-33ddabc2939210a641,Watch Dev Kit v1.1,M5Stack,board,reference-only,0,0,0,0,False,Physical connector map; Independent all-connector completeness review; Revision match and electrical limits
source-board-a3ee65a1394cc4d38c,Atom Display,M5Stack,board,reference-only,0,0,0,0,False,Physical connector map; Independent all-connector completeness review; Revision match and electrical limits
source-board-208741696f5b5c40f5,Atom DTU LoRaWAN-CN470,M5Stack,board,reference-only,0,0,0,0,False,Physical connector map; Independent all-connector completeness review; Revision match and electrical limits
source-board-d86cb3a1d711815839,Atom DTU NBIoT2,M5Stack,board,reference-only,0,0,0,0,False,Physical connector map; Independent all-connector completeness review; Revision match and electrical limits
source-board-59012570dfcf09c535,Atom DTU NBIoT2 v1.1,M5Stack,board,reference-only,0,0,0,0,False,Physical connector map; Independent all-connector completeness review; Revision match and electrical limits
source-board-aa931d3d6bb37fa0e3,Atom Hub Proto,M5Stack,board,reference-only,0,0,0,0,False,Physical connector map; Independent all-connector completeness review; Revision match and electrical limits
source-board-cf4122c1d7809c7742,Atom Mate,M5Stack,board,reference-only,0,0,0,0,False,Physical connector map; Independent all-connector completeness review; Revision match and electrical limits
source-board-4f4a1ccca28f3161bc,Atom QRCode v1.1,M5Stack,board,reference-only,0,0,0,0,False,Physical connector map; Independent all-connector completeness review; Revision match and electrical limits
source-board-6ce7c855d2c2fd76a1,Atom Socket,M5Stack,board,reference-only,0,0,0,0,False,Physical connector map; Independent all-connector completeness review; Revision match and electrical limits
source-board-d821d9916a24b95388,Atom Switch,M5Stack,board,reference-only,0,0,0,0,False,Physical connector map; Independent all-connector completeness review; Revision match and electrical limits
source-board-2d16b7a61d15ccb3db,Atom TFCard,M5Stack,board,reference-only,0,0,0,0,False,Physical connector map; Independent all-connector completeness review; Revision match and electrical limits
source-board-7241298c7f9e0d6a09,Atom Voice,M5Stack,board,reference-only,0,0,0,0,False,Physical connector map; Independent all-connector completeness review; Revision match and electrical limits
source-board-1c1077044dcd101eba,Atom VoiceS3R,M5Stack,board,reference-only,0,0,0,0,False,Physical connector map; Independent all-connector completeness review; Revision match and electrical limits
source-board-474ca0108b4acc2297,Atom-Lite,M5Stack,board,reference-only,0,0,0,0,False,Physical connector map; Independent all-connector completeness review; Revision match and electrical limits
source-board-41f8fa131b3051248e,Atom-Matrix,M5Stack,board,reference-only,0,0,0,0,False,Physical connector map; Independent all-connector completeness review; Revision match and electrical limits
source-board-e238e5312b86803043,Atomic,M5Stack,board,reference-only,0,0,0,0,False,Physical connector map; Independent all-connector completeness review; Revision match and electrical limits
source-board-ddb091241f3a888f96,Atomic Audio-3.5 Base,M5Stack,board,reference-only,0,0,0,0,False,Physical connector map; Independent all-connector completeness review; Revision match and electrical limits
source-board-a86363e851e441d1f3,Atomic Battery Base,M5Stack,board,reference-only,0,0,0,0,False,Physical connector map; Independent all-connector completeness review; Revision match and electrical limits
source-board-d967181ddc065b5c5b,Atomic CAN Base,M5Stack,board,reference-only,0,0,0,0,False,Physical connector map; Independent all-connector completeness review; Revision match and electrical limits
source-board-01b49114bc8c1f6a97,Atomic Display Base,M5Stack,board,reference-only,0,0,0,0,False,Physical connector map; Independent all-connector completeness review; Revision match and electrical limits
source-board-de7bf9d45be54755ea,Atomic GPS Base,M5Stack,board,reference-only,0,0,0,0,False,Physical connector map; Independent all-connector completeness review; Revision match and electrical limits
source-board-d8f1456f5c9d5feb9d,Atomic GPS Base v2.0,M5Stack,board,reference-only,0,0,0,0,False,Physical connector map; Independent all-connector completeness review; Revision match and electrical limits
source-board-6e44b53e5d49d49550,Atomic Motion Base,M5Stack,board,reference-only,0,0,0,0,False,Physical connector map; Independent all-connector completeness review; Revision match and electrical limits
source-board-0e99ed6e4a3fa9eed5,Atomic PoE Base,M5Stack,board,reference-only,0,0,0,0,False,Physical connector map; Independent all-connector completeness review; Revision match and electrical limits
source-board-2bf34f5de70db40699,Atomic QRCode2 Base,M5Stack,board,reference-only,0,0,0,0,False,Physical connector map; Independent all-connector completeness review; Revision match and electrical limits
source-board-631525883d75f9b024,Atomic SPK Base,M5Stack,board,reference-only,0,0,0,0,False,Physical connector map; Independent all-connector completeness review; Revision match and electrical limits
source-board-06fe25e5fc818123d1,Atomic Stepmotor Base,M5Stack,board,reference-only,0,0,0,0,False,Physical connector map; Independent all-connector completeness review; Revision match and electrical limits
source-board-0faecc933796bd04ba,Atomic Voice Base,M5Stack,board,reference-only,0,0,0,0,False,Physical connector map; Independent all-connector completeness review; Revision match and electrical limits
source-board-db00a56414b9489bd5,AtomS3,M5Stack,board,reference-only,0,0,0,0,False,Physical connector map; Independent all-connector completeness review; Revision match and electrical limits
source-board-016709a97c893351b5,Tail Bat,M5Stack,board,reference-only,0,0,0,0,False,Physical connector map; Independent all-connector completeness review; Revision match and electrical limits
source-board-a50b02ed4a8c219c1c,Tail RS485,M5Stack,board,reference-only,0,0,0,0,False,Physical connector map; Independent all-connector completeness review; Revision match and electrical limits
source-board-1b6514403a237a2b59,Voice Pyramid,M5Stack,board,reference-only,0,0,0,0,False,Physical connector map; Independent all-connector completeness review; Revision match and electrical limits
source-board-9e5ac27cf6564d62a7,Base AAA,M5Stack,board,reference-only,0,0,0,0,False,Physical connector map; Independent all-connector completeness review; Revision match and electrical limits
source-board-222dd07c366a164425,Base AC Power,M5Stack,board,reference-only,0,0,0,0,False,Physical connector map; Independent all-connector completeness review; Revision match and electrical limits
source-board-05fc81318ac639cb54,Base Bottom v1.1,M5Stack,board,reference-only,0,0,0,0,False,Physical connector map; Independent all-connector completeness review; Revision match and electrical limits
source-board-ebd0730db329290f94,Base BTC,M5Stack,board,reference-only,0,0,0,0,False,Physical connector map; Independent all-connector completeness review; Revision match and electrical limits
source-board-776cf248a085c91f5b,Base DIN,M5Stack,board,reference-only,0,0,0,0,False,Physical connector map; Independent all-connector completeness review; Revision match and electrical limits
source-board-e3736b3da12836828d,Base DMX,M5Stack,board,reference-only,0,0,0,0,False,Physical connector map; Independent all-connector completeness review; Revision match and electrical limits
source-board-b06551639f7a523f9f,Base Dual 16340,M5Stack,board,reference-only,0,0,0,0,False,Physical connector map; Independent all-connector completeness review; Revision match and electrical limits
source-board-1765fafdbeffdee8ac,Base LAN,M5Stack,board,reference-only,0,0,0,0,False,Physical connector map; Independent all-connector completeness review; Revision match and electrical limits
source-board-595c083ddc9277addb,Base LAN PoE v1.2,M5Stack,board,reference-only,0,0,0,0,False,Physical connector map; Independent all-connector completeness review; Revision match and electrical limits
source-board-8db6b3a7d82af5e109,Base M5GO Bottom,M5Stack,board,reference-only,0,0,0,0,False,Physical connector map; Independent all-connector completeness review; Revision match and electrical limits
source-board-f7de86290aace08049,Base M5GO Bottom2 v1.3,M5Stack,board,reference-only,0,0,0,0,False,Physical connector map; Independent all-connector completeness review; Revision match and electrical limits
source-board-51455af15d25dddd34,Base M5GO Charger,M5Stack,board,reference-only,0,0,0,0,False,Physical connector map; Independent all-connector completeness review; Revision match and electrical limits
source-board-94cf55d3384002471a,Base PLC-M12,M5Stack,board,reference-only,0,0,0,0,False,Physical connector map; Independent all-connector completeness review; Revision match and electrical limits
source-board-fddbe7e2c2e3a86e03,Base X,M5Stack,board,reference-only,0,0,0,0,False,Physical connector map; Independent all-connector completeness review; Revision match and electrical limits
source-board-b3ff3fa15c5e1dc487,Base15,M5Stack,board,reference-only,0,0,0,0,False,Physical connector map; Independent all-connector completeness review; Revision match and electrical limits
source-board-78096def53a41357fa,Base26,M5Stack,board,reference-only,0,0,0,0,False,Physical connector map; Independent all-connector completeness review; Revision match and electrical limits
source-board-9febb1a95664acbbdf,IoT Base CatM,M5Stack,board,reference-only,0,0,0,0,False,Physical connector map; Independent all-connector completeness review; Revision match and electrical limits
source-board-91f67729d0cbe1a390,IoT Base NBIoT-CN,M5Stack,board,reference-only,0,0,0,0,False,Physical connector map; Independent all-connector completeness review; Revision match and electrical limits
source-board-4387171815548b2ff4,IoT Base Thermal Online CatM,M5Stack,board,reference-only,0,0,0,0,False,Physical connector map; Independent all-connector completeness review; Revision match and electrical limits
source-board-5ecba9322a25331bc8,StackChan Body,M5Stack,board,reference-only,0,0,0,0,False,Physical connector map; Independent all-connector completeness review; Revision match and electrical limits
source-board-c9149fec7e585fb545,Cap CC1101,M5Stack,board,reference-only,0,0,0,0,False,Physical connector map; Independent all-connector completeness review; Revision match and electrical limits
source-board-58b723a0e6d0c4f9f5,Cap LoRa-1262,M5Stack,board,reference-only,0,0,0,0,False,Physical connector map; Independent all-connector completeness review; Revision match and electrical limits
source-board-6feafee61eb3334d5e,Cap LoRa868,M5Stack,board,reference-only,0,0,0,0,False,Physical connector map; Independent all-connector completeness review; Revision match and electrical limits
source-board-b1a05b454e3b933e4e,Cardputer,M5Stack,board,reference-only,0,0,0,0,False,Physical connector map; Independent all-connector completeness review; Revision match and electrical limits
source-board-d77e014d519192bc08,Cardputer Mesh Kit,M5Stack,board,reference-only,0,0,0,0,False,Physical connector map; Independent all-connector completeness review; Revision match and electrical limits
source-board-f5f80748f890bf0b9a,Chain Angle,M5Stack,board,reference-only,0,0,0,0,False,Physical connector map; Independent all-connector completeness review; Revision match and electrical limits
source-board-86185be9fb0acf9187,Chain Blank,M5Stack,board,reference-only,0,0,0,0,False,Physical connector map; Independent all-connector completeness review; Revision match and electrical limits
source-board-018197c2ee57fb1b2f,Chain Buzzer,M5Stack,board,reference-only,0,0,0,0,False,Physical connector map; Independent all-connector completeness review; Revision match and electrical limits
source-board-60579f1faed5fea3f0,Chain DualKey,M5Stack,board,reference-only,0,0,0,0,False,Physical connector map; Independent all-connector completeness review; Revision match and electrical limits
source-board-afc62a0b699d555d6b,Chain Encoder,M5Stack,board,reference-only,0,0,0,0,False,Physical connector map; Independent all-connector completeness review; Revision match and electrical limits
source-board-b75894da7240bc0597,Chain Joystick,M5Stack,board,reference-only,0,0,0,0,False,Physical connector map; Independent all-connector completeness review; Revision match and electrical limits
source-board-11fe49807dca386af1,Chain Key,M5Stack,board,reference-only,0,0,0,0,False,Physical connector map; Independent all-connector completeness review; Revision match and electrical limits
source-board-f3beadd48f89c7cd3e,Chain Mono,M5Stack,board,reference-only,0,0,0,0,False,Physical connector map; Independent all-connector completeness review; Revision match and electrical limits
source-board-43452e19ccc479c268,Chain Mount,M5Stack,board,reference-only,0,0,0,0,False,Physical connector map; Independent all-connector completeness review; Revision match and electrical limits
source-board-9a4821dd6b3132ad0e,Chain PIR,M5Stack,board,reference-only,0,0,0,0,False,Physical connector map; Independent all-connector completeness review; Revision match and electrical limits
source-board-f7a61346daa4a5d9d1,Chain ToF,M5Stack,board,reference-only,0,0,0,0,False,Physical connector map; Independent all-connector completeness review; Revision match and electrical limits
source-board-b5d19cbbec5a5c8ee7,AI Pyramid,M5Stack,board,reference-only,0,0,0,0,False,Physical connector map; Independent all-connector completeness review; Revision match and electrical limits
source-board-df22717fc35261a7fc,LLM-8850 Card,M5Stack,board,reference-only,0,0,0,0,False,Physical connector map; Independent all-connector completeness review; Revision match and electrical limits
source-board-7636669ce880cc63ca,LLM-8850 Kit,M5Stack,board,reference-only,0,0,0,0,False,Physical connector map; Independent all-connector completeness review; Revision match and electrical limits
source-board-b39a307feb2956657f,Basic,M5Stack,board,reference-only,0,0,0,0,False,Physical connector map; Independent all-connector completeness review; Revision match and electrical limits
source-board-7248f9fc326a4d6853,Core Metal,M5Stack,board,reference-only,0,0,0,0,False,Physical connector map; Independent all-connector completeness review; Revision match and electrical limits
source-board-d43cf2169f45b52c21,Core2 For AWS,M5Stack,board,reference-only,0,0,0,0,False,Physical connector map; Independent all-connector completeness review; Revision match and electrical limits
source-board-e26c1d94097665811a,Core2 For AWS v1.3,M5Stack,board,reference-only,0,0,0,0,False,Physical connector map; Independent all-connector completeness review; Revision match and electrical limits
source-board-4bb8e8491bfda69bc4,Core2 v1.3,M5Stack,board,reference-only,0,0,0,0,False,Physical connector map; Independent all-connector completeness review; Revision match and electrical limits
source-board-9a155c0d44af0ff70d,CoreS3 Thread BR,M5Stack,board,reference-only,0,0,0,0,False,Physical connector map; Independent all-connector completeness review; Revision match and electrical limits
source-board-5b49f71851046f66df,Fire,M5Stack,board,reference-only,0,0,0,0,False,Physical connector map; Independent all-connector completeness review; Revision match and electrical limits
source-board-4cc4250cd910efda18,StackChan,M5Stack,board,reference-only,0,0,0,0,False,Physical connector map; Independent all-connector completeness review; Revision match and electrical limits
source-board-16add3f5d8350cb185,Tough,M5Stack,board,reference-only,0,0,0,0,False,Physical connector map; Independent all-connector completeness review; Revision match and electrical limits
source-board-b565ce3b072df52f79,Faces Bottom3,M5Stack,board,reference-only,0,0,0,0,False,Physical connector map; Independent all-connector completeness review; Revision match and electrical limits
source-board-9eefc93576d6d2e68e,Faces Calculator3,M5Stack,board,reference-only,0,0,0,0,False,Physical connector map; Independent all-connector completeness review; Revision match and electrical limits
source-board-84312f51f4f10bbd1a,Faces Gamepad3,M5Stack,board,reference-only,0,0,0,0,False,Physical connector map; Independent all-connector completeness review; Revision match and electrical limits
source-board-a390fe2249279e4af6,Faces Keyboard3,M5Stack,board,reference-only,0,0,0,0,False,Physical connector map; Independent all-connector completeness review; Revision match and electrical limits
source-board-cf10c114c8ee9a736d,Hat 18650C,M5Stack,board,reference-only,0,0,0,0,False,Physical connector map; Independent all-connector completeness review; Revision match and electrical limits
source-board-105bcbcfa4c4e66ee4,Hat 8Servos v1.1,M5Stack,board,reference-only,0,0,0,0,False,Physical connector map; Independent all-connector completeness review; Revision match and electrical limits
source-board-4877090d95c8cc8f2d,Hat ADC,M5Stack,board,reference-only,0,0,0,0,False,Physical connector map; Independent all-connector completeness review; Revision match and electrical limits
source-board-ee823cc0c739cc68a9,Hat CBack Driver,M5Stack,board,reference-only,0,0,0,0,False,Physical connector map; Independent all-connector completeness review; Revision match and electrical limits
source-board-3555cd753818111656,Hat CBack NBIoT,M5Stack,board,reference-only,0,0,0,0,False,Physical connector map; Independent all-connector completeness review; Revision match and electrical limits
source-board-1d0ea8ec55f0a394ad,Hat DAC2,M5Stack,board,reference-only,0,0,0,0,False,Physical connector map; Independent all-connector completeness review; Revision match and electrical limits
source-board-399ef10be4806ce3ed,Hat DLight,M5Stack,board,reference-only,0,0,0,0,False,Physical connector map; Independent all-connector completeness review; Revision match and electrical limits
source-board-3cedaa892782fc5525,Hat ENV-III,M5Stack,board,reference-only,0,0,0,0,False,Physical connector map; Independent all-connector completeness review; Revision match and electrical limits
source-board-7b5f0350320324f1f7,Hat Finger,M5Stack,board,reference-only,0,0,0,0,False,Physical connector map; Independent all-connector completeness review; Revision match and electrical limits
source-board-d2d3f4c368230182e4,Hat JoyC,M5Stack,board,reference-only,0,0,0,0,False,Physical connector map; Independent all-connector completeness review; Revision match and electrical limits
source-board-e6b5d24c07beacbcef,Hat Joystick,M5Stack,board,reference-only,0,0,0,0,False,Physical connector map; Independent all-connector completeness review; Revision match and electrical limits
source-board-649edcf48a6fd38ddc,Hat Mini EncoderC,M5Stack,board,reference-only,0,0,0,0,False,Physical connector map; Independent all-connector completeness review; Revision match and electrical limits
source-board-dc2d1e6efbc6a3aec1,Hat Mini JoyC,M5Stack,board,reference-only,0,0,0,0,False,Physical connector map; Independent all-connector completeness review; Revision match and electrical limits
source-board-3dd88ccd022a68d8c4,Hat NCIR,M5Stack,board,reference-only,0,0,0,0,False,Physical connector map; Independent all-connector completeness review; Revision match and electrical limits
source-board-58e701d75367d6990c,Hat PIR,M5Stack,board,reference-only,0,0,0,0,False,Physical connector map; Independent all-connector completeness review; Revision match and electrical limits
source-board-370b1f4efeb3ea0a02,Hat Proto,M5Stack,board,reference-only,0,0,0,0,False,Physical connector map; Independent all-connector completeness review; Revision match and electrical limits
source-board-b74501e755e031e6a7,Hat RS485,M5Stack,board,reference-only,0,0,0,0,False,Physical connector map; Independent all-connector completeness review; Revision match and electrical limits
source-board-ed7f3f5ab940b544a5,Hat Servo,M5Stack,board,reference-only,0,0,0,0,False,Physical connector map; Independent all-connector completeness review; Revision match and electrical limits
source-board-11ec39816e44d7ec1f,Hat SPK,M5Stack,board,reference-only,0,0,0,0,False,Physical connector map; Independent all-connector completeness review; Revision match and electrical limits
source-board-cc4c1aeca6adcb313e,Hat Thermal,M5Stack,board,reference-only,0,0,0,0,False,Physical connector map; Independent all-connector completeness review; Revision match and electrical limits
source-board-6f2f741b0af65afa7a,Hat ToF,M5Stack,board,reference-only,0,0,0,0,False,Physical connector map; Independent all-connector completeness review; Revision match and electrical limits
source-board-dd1dfe21c8f7ff15bc,Hat Vibrator,M5Stack,board,reference-only,0,0,0,0,False,Physical connector map; Independent all-connector completeness review; Revision match and electrical limits
source-board-7f498022d5cd12274a,Atom JoyStick,M5Stack,board,reference-only,0,0,0,0,False,Physical connector map; Independent all-connector completeness review; Revision match and electrical limits
source-board-e79956a4c0b01a40b6,Atom JoyStick v1.1,M5Stack,board,reference-only,0,0,0,0,False,Physical connector map; Independent all-connector completeness review; Revision match and electrical limits
source-board-226e53b100adda2b6a,BugC2,M5Stack,board,reference-only,0,0,0,0,False,Physical connector map; Independent all-connector completeness review; Revision match and electrical limits
source-board-0b2d1ea98a7d7a686e,Demo Board,M5Stack,board,reference-only,0,0,0,0,False,Physical connector map; Independent all-connector completeness review; Revision match and electrical limits
source-board-1be2470e4282a1d527,Demo Board-SHT30,M5Stack,board,reference-only,0,0,0,0,False,Physical connector map; Independent all-connector completeness review; Revision match and electrical limits
source-board-0d52d9da07e5dc63a9,LidarBot,M5Stack,board,reference-only,0,0,0,0,False,Physical connector map; Independent all-connector completeness review; Revision match and electrical limits
source-board-d8775e9e36120c2195,PM2.5 Air Quality Kit-SHT30,M5Stack,board,reference-only,0,0,0,0,False,Physical connector map; Independent all-connector completeness review; Revision match and electrical limits
source-board-0b4fcf9abac318ec5a,Scales Kit,M5Stack,board,reference-only,0,0,0,0,False,Physical connector map; Independent all-connector completeness review; Revision match and electrical limits
source-board-5e4088c95cfe8d7990,StampFly,M5Stack,board,reference-only,0,0,0,0,False,Physical connector map; Independent all-connector completeness review; Revision match and electrical limits
source-board-00671040984b2260ab,StampFly v1.1,M5Stack,board,reference-only,0,0,0,0,False,Physical connector map; Independent all-connector completeness review; Revision match and electrical limits
source-board-8ab88ebf65cd65ab2c,T-Lite,M5Stack,board,reference-only,0,0,0,0,False,Physical connector map; Independent all-connector completeness review; Revision match and electrical limits
source-board-6e3dc9690edea8068a,Module 4EncoderMotor,M5Stack,board,reference-only,0,0,0,0,False,Physical connector map; Independent all-connector completeness review; Revision match and electrical limits
source-board-a56f7ffa7285274433,Module 4EncoderMotor v1.1,M5Stack,board,reference-only,0,0,0,0,False,Physical connector map; Independent all-connector completeness review; Revision match and electrical limits
source-board-3b299715f598234f5a,Module Air Quality,M5Stack,board,reference-only,0,0,0,0,False,Physical connector map; Independent all-connector completeness review; Revision match and electrical limits
source-board-30d9237b1f6dcddf5c,Module ASR,M5Stack,board,reference-only,0,0,0,0,False,Physical connector map; Independent all-connector completeness review; Revision match and electrical limits
source-board-c203ae1acad081e528,Module Battery,M5Stack,board,reference-only,0,0,0,0,False,Physical connector map; Independent all-connector completeness review; Revision match and electrical limits
source-board-4a5f789a23ee2fe5d5,Module Bus,M5Stack,board,reference-only,0,0,0,0,False,Physical connector map; Independent all-connector completeness review; Revision match and electrical limits
source-board-27ec83602a0e893308,Module CC1101,M5Stack,board,reference-only,0,0,0,0,False,Physical connector map; Independent all-connector completeness review; Revision match and electrical limits
source-board-83e8ae5da6a0f34206,Module COMMU,M5Stack,board,reference-only,0,0,0,0,False,Physical connector map; Independent all-connector completeness review; Revision match and electrical limits
source-board-a3728068228391b3e1,Module COMX Cat1,M5Stack,board,reference-only,0,0,0,0,False,Physical connector map; Independent all-connector completeness review; Revision match and electrical limits
source-board-c560ffe2964a48351a,Module ExtPort For Core2,M5Stack,board,reference-only,0,0,0,0,False,Physical connector map; Independent all-connector completeness review; Revision match and electrical limits
source-board-95f3859b605dab0a85,Module Fan v1.1,M5Stack,board,reference-only,0,0,0,0,False,Physical connector map; Independent all-connector completeness review; Revision match and electrical limits
source-board-c6c79d67f42fa85245,Module Gateway H2,M5Stack,board,reference-only,0,0,0,0,False,Physical connector map; Independent all-connector completeness review; Revision match and electrical limits
source-board-44364c1110885a327e,Module GPS v2.1,M5Stack,board,reference-only,0,0,0,0,False,Physical connector map; Independent all-connector completeness review; Revision match and electrical limits
source-board-05507662d78ca9da33,Module HMI,M5Stack,board,reference-only,0,0,0,0,False,Physical connector map; Independent all-connector completeness review; Revision match and electrical limits
source-board-5184d306f94dee5e99,Module LoRa433 v1.1,M5Stack,board,reference-only,0,0,0,0,False,Physical connector map; Independent all-connector completeness review; Revision match and electrical limits
source-board-19fedbc3541758cfe4,Module LoRaWAN-EU868,M5Stack,board,reference-only,0,0,0,0,False,Physical connector map; Independent all-connector completeness review; Revision match and electrical limits
source-board-f09cfb45256c52238e,Module Proto,M5Stack,board,reference-only,0,0,0,0,False,Physical connector map; Independent all-connector completeness review; Revision match and electrical limits
source-board-ca5ac5069f3672db8c,Module13.2 2Relay,M5Stack,board,reference-only,0,0,0,0,False,Physical connector map; Independent all-connector completeness review; Revision match and electrical limits
source-board-9180b6a15972b74fad,Module13.2 4In8Out,M5Stack,board,reference-only,0,0,0,0,False,Physical connector map; Independent all-connector completeness review; Revision match and electrical limits
source-board-de2383c9a997eba58a,Module13.2 4Relay v1.1,M5Stack,board,reference-only,0,0,0,0,False,Physical connector map; Independent all-connector completeness review; Revision match and electrical limits
source-board-0b4a243a3290908eda,Module13.2 AIN4-20mA,M5Stack,board,reference-only,0,0,0,0,False,Physical connector map; Independent all-connector completeness review; Revision match and electrical limits
source-board-a0521067c5e5c9ec95,Module13.2 Battery,M5Stack,board,reference-only,0,0,0,0,False,Physical connector map; Independent all-connector completeness review; Revision match and electrical limits
source-board-0297d6aa0621cf50c4,Module13.2 BLDC Drvier,M5Stack,board,reference-only,0,0,0,0,False,Physical connector map; Independent all-connector completeness review; Revision match and electrical limits
source-board-8e3d770acbcff70eaa,Module13.2 Display,M5Stack,board,reference-only,0,0,0,0,False,Physical connector map; Independent all-connector completeness review; Revision match and electrical limits
source-board-4973313592458e3a6a,Module13.2 Dual Kmeter,M5Stack,board,reference-only,0,0,0,0,False,Physical connector map; Independent all-connector completeness review; Revision match and electrical limits
source-board-0792da4c3ab81f4173,Module13.2 ECG,M5Stack,board,reference-only,0,0,0,0,False,Physical connector map; Independent all-connector completeness review; Revision match and electrical limits
source-board-b51092673193244dbf,Module13.2 GoPlus2,M5Stack,board,reference-only,0,0,0,0,False,Physical connector map; Independent all-connector completeness review; Revision match and electrical limits
source-board-84d351cb075336ebda,Module13.2 GRBL,M5Stack,board,reference-only,0,0,0,0,False,Physical connector map; Independent all-connector completeness review; Revision match and electrical limits
source-board-c72b7f5c7431b5dc7f,Module13.2 PPS,M5Stack,board,reference-only,0,0,0,0,False,Physical connector map; Independent all-connector completeness review; Revision match and electrical limits
source-board-8fbf3b9eb29a1eb700,Module13.2 Proto,M5Stack,board,reference-only,0,0,0,0,False,Physical connector map; Independent all-connector completeness review; Revision match and electrical limits
source-board-d80bde771aecefeb74,Module13.2 Proto-Meas,M5Stack,board,reference-only,0,0,0,0,False,Physical connector map; Independent all-connector completeness review; Revision match and electrical limits
source-board-b9e9cca64dddf0e6aa,Module13.2 QRCode,M5Stack,board,reference-only,0,0,0,0,False,Physical connector map; Independent all-connector completeness review; Revision match and electrical limits
source-board-428d05b083fd4de67e,Module13.2 RCA,M5Stack,board,reference-only,0,0,0,0,False,Physical connector map; Independent all-connector completeness review; Revision match and electrical limits
source-board-5e56132d0a5c47db56,Module13.2 RS232F,M5Stack,board,reference-only,0,0,0,0,False,Physical connector map; Independent all-connector completeness review; Revision match and electrical limits
source-board-f0d28a23bf4b251145,Module13.2 Servo2,M5Stack,board,reference-only,0,0,0,0,False,Physical connector map; Independent all-connector completeness review; Revision match and electrical limits
source-board-252d28a0c9ecfb3277,Stamp ISP,M5Stack,board,reference-only,0,0,0,0,False,Physical connector map; Independent all-connector completeness review; Revision match and electrical limits
source-board-60f1879faa5e41dd97,Stamp Timer Power,M5Stack,board,reference-only,0,0,0,0,False,Physical connector map; Independent all-connector completeness review; Revision match and electrical limits
source-board-4a3f46fbd1ee9fafcc,Air Quality,M5Stack,board,reference-only,0,0,0,0,False,Physical connector map; Independent all-connector completeness review; Revision match and electrical limits
source-board-c7abeb928b8dabd964,Air Quality v1.1,M5Stack,board,reference-only,0,0,0,0,False,Physical connector map; Independent all-connector completeness review; Revision match and electrical limits
source-board-a363aa4df93d30377d,Arduino Nesso N1,M5Stack,board,reference-only,0,0,0,0,False,Physical connector map; Independent all-connector completeness review; Revision match and electrical limits
source-board-2e468ee183dfdf8945,Dial v1.1,M5Stack,board,reference-only,0,0,0,0,False,Physical connector map; Independent all-connector completeness review; Revision match and electrical limits
source-board-78312b711a6be4a8c3,DinMeter,M5Stack,board,reference-only,0,0,0,0,False,Physical connector map; Independent all-connector completeness review; Revision match and electrical limits
source-board-f896f8e97d84ac2686,NanoC6,M5Stack,board,reference-only,0,0,0,0,False,Physical connector map; Independent all-connector completeness review; Revision match and electrical limits
source-board-6185da76f83b0f69dd,PowerHub,M5Stack,board,reference-only,0,0,0,0,False,Physical connector map; Independent all-connector completeness review; Revision match and electrical limits
source-board-e457087f1495af50c8,StopWatch,M5Stack,board,reference-only,0,0,0,0,False,Physical connector map; Independent all-connector completeness review; Revision match and electrical limits
source-board-8acd9ca04c54eb4648,SwitchC6,M5Stack,board,reference-only,0,0,0,0,False,Physical connector map; Independent all-connector completeness review; Revision match and electrical limits
source-board-e1d2f2e92df36ccd92,VAMeter,M5Stack,board,reference-only,0,0,0,0,False,Physical connector map; Independent all-connector completeness review; Revision match and electrical limits
source-board-96cbaa9b0a7a27839f,CoreInk,M5Stack,board,reference-only,0,0,0,0,False,Physical connector map; Independent all-connector completeness review; Revision match and electrical limits
source-board-30a956c87d7dcf4e3c,CoreInk Proto Base,M5Stack,board,reference-only,0,0,0,0,False,Physical connector map; Independent all-connector completeness review; Revision match and electrical limits
source-board-5654dd9b9e82931965,Paper,M5Stack,board,reference-only,0,0,0,0,False,Physical connector map; Independent all-connector completeness review; Revision match and electrical limits
source-board-dcfd0558f06c475600,PaperColor,M5Stack,board,reference-only,0,0,0,0,False,Physical connector map; Independent all-connector completeness review; Revision match and electrical limits
source-board-ec1a5f98814395d523,PaperMono,M5Stack,board,reference-only,0,0,0,0,False,Physical connector map; Independent all-connector completeness review; Revision match and electrical limits
source-board-7a09d81ba79e06acb2,PaperS3,M5Stack,board,reference-only,0,0,0,0,False,Physical connector map; Independent all-connector completeness review; Revision match and electrical limits
source-board-fce2e6219b7df281a8,Stamp Cat1,M5Stack,board,reference-only,0,0,0,0,False,Physical connector map; Independent all-connector completeness review; Revision match and electrical limits
source-board-d469340b08b191e4f2,Stamp IO,M5Stack,board,reference-only,0,0,0,0,False,Physical connector map; Independent all-connector completeness review; Revision match and electrical limits
source-board-530769f84cc4ce6441,Stamp PWR485,M5Stack,board,reference-only,0,0,0,0,False,Physical connector map; Independent all-connector completeness review; Revision match and electrical limits
source-board-26502d3bfd4e3d490f,Stamp-C3,M5Stack,board,reference-only,0,0,0,0,False,Physical connector map; Independent all-connector completeness review; Revision match and electrical limits
source-board-3f9607529b57eb2ff6,Stamp-S3 BreakOut,M5Stack,board,reference-only,0,0,0,0,False,Physical connector map; Independent all-connector completeness review; Revision match and electrical limits
source-board-8894cb7c12ef3c5b52,Stamp-S3A PIN1.27,M5Stack,board,reference-only,0,0,0,0,False,Physical connector map; Independent all-connector completeness review; Revision match and electrical limits
source-board-aacdff2ecaa00a03c9,Stamp-S3A PIN2.54,M5Stack,board,reference-only,0,0,0,0,False,Physical connector map; Independent all-connector completeness review; Revision match and electrical limits
source-board-a88a1fadbe8a66e238,StamPLC,M5Stack,board,reference-only,0,0,0,0,False,Physical connector map; Independent all-connector completeness review; Revision match and electrical limits
source-board-caaf0accdd6bf81861,StamPLC AC,M5Stack,board,reference-only,0,0,0,0,False,Physical connector map; Independent all-connector completeness review; Revision match and electrical limits
source-board-a59b6e38adee032109,StamPLC IO,M5Stack,board,reference-only,0,0,0,0,False,Physical connector map; Independent all-connector completeness review; Revision match and electrical limits
source-board-74eada22f46e8feb79,StamPLC PoE,M5Stack,board,reference-only,0,0,0,0,False,Physical connector map; Independent all-connector completeness review; Revision match and electrical limits
source-board-33e2cea8feb8e51971,StickC-Plus SE,M5Stack,board,reference-only,0,0,0,0,False,Physical connector map; Independent all-connector completeness review; Revision match and electrical limits
source-board-baa53577358800c353,StickS3,M5Stack,board,reference-only,0,0,0,0,False,Physical connector map; Independent all-connector completeness review; Revision match and electrical limits
source-board-b62f34dd7646a14976,StickT2,M5Stack,board,reference-only,0,0,0,0,False,Physical connector map; Independent all-connector completeness review; Revision match and electrical limits
source-board-f638cdc063642c1013,Tab5,M5Stack,board,reference-only,0,0,0,0,False,Physical connector map; Independent all-connector completeness review; Revision match and electrical limits
source-board-2c598ac059aab841e4,Tab5 Keyboard,M5Stack,board,reference-only,0,0,0,0,False,Physical connector map; Independent all-connector completeness review; Revision match and electrical limits
source-board-1555d961d806689c58,ESP32-CAM PSRAM,M5Stack,board,reference-only,0,0,0,0,False,Physical connector map; Independent all-connector completeness review; Revision match and electrical limits
source-board-19e516de7475584e02,M5Camera-X,M5Stack,board,reference-only,0,0,0,0,False,Physical connector map; Independent all-connector completeness review; Revision match and electrical limits
source-board-95245d48ae18b8809f,TimerCamera-F,M5Stack,board,reference-only,0,0,0,0,False,Physical connector map; Independent all-connector completeness review; Revision match and electrical limits
source-board-65eb2a314dd301abcc,Unit 2Relay,M5Stack,board,reference-only,0,0,0,0,False,Physical connector map; Independent all-connector completeness review; Revision match and electrical limits
source-board-11aeaf594ae1cec034,Unit 3.96,M5Stack,board,reference-only,0,0,0,0,False,Physical connector map; Independent all-connector completeness review; Revision match and electrical limits
source-board-7a1c360932c2af5e64,Unit 4Relay,M5Stack,board,reference-only,0,0,0,0,False,Physical connector map; Independent all-connector completeness review; Revision match and electrical limits
source-board-0711046c6ae397d072,Unit 8Angle,M5Stack,board,reference-only,0,0,0,0,False,Physical connector map; Independent all-connector completeness review; Revision match and electrical limits
source-board-834f40b2126ac18fbc,Unit 8Encoder,M5Stack,board,reference-only,0,0,0,0,False,Physical connector map; Independent all-connector completeness review; Revision match and electrical limits
source-board-aac83aba13e5a6ef0c,Unit 8Servos,M5Stack,board,reference-only,0,0,0,0,False,Physical connector map; Independent all-connector completeness review; Revision match and electrical limits
source-board-1236d859c33d2398ca,Unit 8Servos2-Chain,M5Stack,board,reference-only,0,0,0,0,False,Physical connector map; Independent all-connector completeness review; Revision match and electrical limits
source-board-c9be29dd4aabd2546e,Unit Accel,M5Stack,board,reference-only,0,0,0,0,False,Physical connector map; Independent all-connector completeness review; Revision match and electrical limits
source-board-5ed3e9384fdd5e49f7,Unit ACSSR,M5Stack,board,reference-only,0,0,0,0,False,Physical connector map; Independent all-connector completeness review; Revision match and electrical limits
source-board-0cbb8cb1ff28e5754b,Unit ADC,M5Stack,board,reference-only,0,0,0,0,False,Physical connector map; Independent all-connector completeness review; Revision match and electrical limits
source-board-6f842c1018055cc899,Unit AIN4-20mA,M5Stack,board,reference-only,0,0,0,0,False,Physical connector map; Independent all-connector completeness review; Revision match and electrical limits
source-board-a7f71367218db84e3a,Unit AMeter,M5Stack,board,reference-only,0,0,0,0,False,Physical connector map; Independent all-connector completeness review; Revision match and electrical limits
source-board-17bd07bc39eefffb8d,Unit Angle,M5Stack,board,reference-only,0,0,0,0,False,Physical connector map; Independent all-connector completeness review; Revision match and electrical limits
source-board-8d4a15e405a597d1dd,Unit ASR,M5Stack,board,reference-only,0,0,0,0,False,Physical connector map; Independent all-connector completeness review; Revision match and electrical limits
source-board-5beb5c4cbdf08dc7a4,Unit AudioPlayer,M5Stack,board,reference-only,0,0,0,0,False,Physical connector map; Independent all-connector completeness review; Revision match and electrical limits
source-board-a428555279fa49793a,Unit BLDC Driver,M5Stack,board,reference-only,0,0,0,0,False,Physical connector map; Independent all-connector completeness review; Revision match and electrical limits
source-board-93f8f5b86b82e353c4,Unit Button,M5Stack,board,reference-only,0,0,0,0,False,Physical connector map; Independent all-connector completeness review; Revision match and electrical limits
source-board-801de8099af0a1c5c4,Unit Buzzer,M5Stack,board,reference-only,0,0,0,0,False,Physical connector map; Independent all-connector completeness review; Revision match and electrical limits
source-board-a5c1c864be6e705563,Unit ByteButton,M5Stack,board,reference-only,0,0,0,0,False,Physical connector map; Independent all-connector completeness review; Revision match and electrical limits
source-board-49a7e629a0418a8886,Unit ByteSwitch,M5Stack,board,reference-only,0,0,0,0,False,Physical connector map; Independent all-connector completeness review; Revision match and electrical limits
source-board-4cbd9ff0b6a21ef607,Unit C6L,M5Stack,board,reference-only,0,0,0,0,False,Physical connector map; Independent all-connector completeness review; Revision match and electrical limits
source-board-833dff9546137267f1,Unit Camera,M5Stack,board,reference-only,0,0,0,0,False,Physical connector map; Independent all-connector completeness review; Revision match and electrical limits
source-board-83b053da889c2603e0,Unit CamS3,M5Stack,board,reference-only,0,0,0,0,False,Physical connector map; Independent all-connector completeness review; Revision match and electrical limits
source-board-399179cf665cf2d916,Unit CardKB2,M5Stack,board,reference-only,0,0,0,0,False,Physical connector map; Independent all-connector completeness review; Revision match and electrical limits
source-board-d282e51761a64c9876,Unit Cat1-CN,M5Stack,board,reference-only,0,0,0,0,False,Physical connector map; Independent all-connector completeness review; Revision match and electrical limits
source-board-6383c92a87a114d737,Unit Catch,M5Stack,board,reference-only,0,0,0,0,False,Physical connector map; Independent all-connector completeness review; Revision match and electrical limits
source-board-4d02ce62687c830d61,Unit CatM GNSS,M5Stack,board,reference-only,0,0,0,0,False,Physical connector map; Independent all-connector completeness review; Revision match and electrical limits
source-board-676c051d840ed74fac,Unit ChainBus,M5Stack,board,reference-only,0,0,0,0,False,Physical connector map; Independent all-connector completeness review; Revision match and electrical limits
source-board-f2b5b135d118cd8838,Unit CO2,M5Stack,board,reference-only,0,0,0,0,False,Physical connector map; Independent all-connector completeness review; Revision match and electrical limits
source-board-db86e14f80111eba4c,Unit CO2L,M5Stack,board,reference-only,0,0,0,0,False,Physical connector map; Independent all-connector completeness review; Revision match and electrical limits
source-board-9a0f004d0cc6c8536e,Unit Color,M5Stack,board,reference-only,0,0,0,0,False,Physical connector map; Independent all-connector completeness review; Revision match and electrical limits
source-board-8ce1cf3d0ee0a51ed1,Unit DAC,M5Stack,board,reference-only,0,0,0,0,False,Physical connector map; Independent all-connector completeness review; Revision match and electrical limits
source-board-18ed5c1f767cc2e793,Unit DAC2,M5Stack,board,reference-only,0,0,0,0,False,Physical connector map; Independent all-connector completeness review; Revision match and electrical limits
source-board-4a314d8882fe8ac2fe,Unit DDS,M5Stack,board,reference-only,0,0,0,0,False,Physical connector map; Independent all-connector completeness review; Revision match and electrical limits
source-board-d890bd2a0d89c86ad4,Unit DLight,M5Stack,board,reference-only,0,0,0,0,False,Physical connector map; Independent all-connector completeness review; Revision match and electrical limits
source-board-1c76a6c25ec80de5ed,Unit DMX,M5Stack,board,reference-only,0,0,0,0,False,Physical connector map; Independent all-connector completeness review; Revision match and electrical limits
source-board-943d0b181f92dbfc8e,Unit Dual Button,M5Stack,board,reference-only,0,0,0,0,False,Physical connector map; Independent all-connector completeness review; Revision match and electrical limits
source-board-695142eef6e58984e3,Unit Earth,M5Stack,board,reference-only,0,0,0,0,False,Physical connector map; Independent all-connector completeness review; Revision match and electrical limits
source-board-a70dad63858e101475,Unit Encoder,M5Stack,board,reference-only,0,0,0,0,False,Physical connector map; Independent all-connector completeness review; Revision match and electrical limits
source-board-0473b4084149e1e41f,Unit ENV-III,M5Stack,board,reference-only,0,0,0,0,False,Physical connector map; Independent all-connector completeness review; Revision match and electrical limits
source-board-7d1e4ea106c3456c6e,Unit EXT.IO,M5Stack,board,reference-only,0,0,0,0,False,Physical connector map; Independent all-connector completeness review; Revision match and electrical limits
source-board-57db784a8a3386d537,Unit ExtEncoder,M5Stack,board,reference-only,0,0,0,0,False,Physical connector map; Independent all-connector completeness review; Revision match and electrical limits
source-board-f9da2d5a1b80c5b285,Unit Fader,M5Stack,board,reference-only,0,0,0,0,False,Physical connector map; Independent all-connector completeness review; Revision match and electrical limits
source-board-48f3df202a3e5ba049,Unit Fan,M5Stack,board,reference-only,0,0,0,0,False,Physical connector map; Independent all-connector completeness review; Revision match and electrical limits
source-board-8535ed7db495c46a54,Unit Finger,M5Stack,board,reference-only,0,0,0,0,False,Physical connector map; Independent all-connector completeness review; Revision match and electrical limits
source-board-6f6f329bfe576d3657,Unit Fingerprint2,M5Stack,board,reference-only,0,0,0,0,False,Physical connector map; Independent all-connector completeness review; Revision match and electrical limits
source-board-c41af7f5f00e2de084,Unit FlashLight,M5Stack,board,reference-only,0,0,0,0,False,Physical connector map; Independent all-connector completeness review; Revision match and electrical limits
source-board-19e3832e05505eee62,Unit Gateway H2,M5Stack,board,reference-only,0,0,0,0,False,Physical connector map; Independent all-connector completeness review; Revision match and electrical limits
source-board-46e754cf4dc301964c,Unit Gesture,M5Stack,board,reference-only,0,0,0,0,False,Physical connector map; Independent all-connector completeness review; Revision match and electrical limits
source-board-0f797f4fc6408ab69e,Unit Glass,M5Stack,board,reference-only,0,0,0,0,False,Physical connector map; Independent all-connector completeness review; Revision match and electrical limits
source-board-3cae9c1bced8e16a80,Unit Glass2,M5Stack,board,reference-only,0,0,0,0,False,Physical connector map; Independent all-connector completeness review; Revision match and electrical limits
source-board-4469908e23dfc1079d,Unit GPS,M5Stack,board,reference-only,0,0,0,0,False,Physical connector map; Independent all-connector completeness review; Revision match and electrical limits
source-board-7cb5c281a1564e4e60,Unit Grove to Grove,M5Stack,board,reference-only,0,0,0,0,False,Physical connector map; Independent all-connector completeness review; Revision match and electrical limits
source-board-7b051a6f89f7b3a4ec,Unit Heart,M5Stack,board,reference-only,0,0,0,0,False,Physical connector map; Independent all-connector completeness review; Revision match and electrical limits
source-board-6d75103d33b3617063,Unit HEX,M5Stack,board,reference-only,0,0,0,0,False,Physical connector map; Independent all-connector completeness review; Revision match and electrical limits
source-board-ec1ecab334af3f64bb,Unit Hub,M5Stack,board,reference-only,0,0,0,0,False,Physical connector map; Independent all-connector completeness review; Revision match and electrical limits
source-board-160e2efda6b63a95da,Unit ID,M5Stack,board,reference-only,0,0,0,0,False,Physical connector map; Independent all-connector completeness review; Revision match and electrical limits
source-board-d82cd9b4c678a7e51d,Unit IR,M5Stack,board,reference-only,0,0,0,0,False,Physical connector map; Independent all-connector completeness review; Revision match and electrical limits
source-board-8b464318f392fbaf9c,Unit Joystick v1.1,M5Stack,board,reference-only,0,0,0,0,False,Physical connector map; Independent all-connector completeness review; Revision match and electrical limits
source-board-637ca1de735dc5e859,Unit Joystick2,M5Stack,board,reference-only,0,0,0,0,False,Physical connector map; Independent all-connector completeness review; Revision match and electrical limits
source-board-91a88779058500669a,Unit Key,M5Stack,board,reference-only,0,0,0,0,False,Physical connector map; Independent all-connector completeness review; Revision match and electrical limits
source-board-37fa4c27be8e1e21b0,Unit KMeter-ISO,M5Stack,board,reference-only,0,0,0,0,False,Physical connector map; Independent all-connector completeness review; Revision match and electrical limits
source-board-4a0ca9b6dca33a5d46,Unit Laser RX,M5Stack,board,reference-only,0,0,0,0,False,Physical connector map; Independent all-connector completeness review; Revision match and electrical limits
source-board-583a02cdb5e4a40a07,Unit LCD,M5Stack,board,reference-only,0,0,0,0,False,Physical connector map; Independent all-connector completeness review; Revision match and electrical limits
source-board-13ce62af46e87a241c,Unit Light,M5Stack,board,reference-only,0,0,0,0,False,Physical connector map; Independent all-connector completeness review; Revision match and electrical limits
source-board-2527d2ea1ad559d94d,Unit Limit,M5Stack,board,reference-only,0,0,0,0,False,Physical connector map; Independent all-connector completeness review; Revision match and electrical limits
source-board-cfb352c345e0ddda30,Unit LoRaE220-433,M5Stack,board,reference-only,0,0,0,0,False,Physical connector map; Independent all-connector completeness review; Revision match and electrical limits
source-board-6d9ef7d2c385a09d32,Unit MIDI,M5Stack,board,reference-only,0,0,0,0,False,Physical connector map; Independent all-connector completeness review; Revision match and electrical limits
source-board-470857140b66a94f21,Unit Mini BPS v1.1,M5Stack,board,reference-only,0,0,0,0,False,Physical connector map; Independent all-connector completeness review; Revision match and electrical limits
source-board-3a474e2b3486b9fc9a,Unit Mini CAN,M5Stack,board,reference-only,0,0,0,0,False,Physical connector map; Independent all-connector completeness review; Revision match and electrical limits
source-board-58a3464523a4a2c02e,Unit Mini IMU-Pro,M5Stack,board,reference-only,0,0,0,0,False,Physical connector map; Independent all-connector completeness review; Revision match and electrical limits
source-board-006d629d6c06146f9f,Unit Mini OLED,M5Stack,board,reference-only,0,0,0,0,False,Physical connector map; Independent all-connector completeness review; Revision match and electrical limits
source-board-018e46d081f1e9de6a,Unit Mini PDM,M5Stack,board,reference-only,0,0,0,0,False,Physical connector map; Independent all-connector completeness review; Revision match and electrical limits
source-board-d98aa688f305d3abc1,Unit Mini Proto,M5Stack,board,reference-only,0,0,0,0,False,Physical connector map; Independent all-connector completeness review; Revision match and electrical limits
source-board-ca806d76c33d111205,Unit Mini Scales,M5Stack,board,reference-only,0,0,0,0,False,Physical connector map; Independent all-connector completeness review; Revision match and electrical limits
source-board-ae1823dbebbc124a83,Unit Mini ToF-90°,M5Stack,board,reference-only,0,0,0,0,False,Physical connector map; Independent all-connector completeness review; Revision match and electrical limits
source-board-30f44e0d1f3cddc27a,Unit MQ,M5Stack,board,reference-only,0,0,0,0,False,Physical connector map; Independent all-connector completeness review; Revision match and electrical limits
source-board-5b1db598f87b36cea5,Unit MQTT,M5Stack,board,reference-only,0,0,0,0,False,Physical connector map; Independent all-connector completeness review; Revision match and electrical limits
source-board-1e341275ea454a4761,Unit NBIoT2,M5Stack,board,reference-only,0,0,0,0,False,Physical connector map; Independent all-connector completeness review; Revision match and electrical limits
source-board-e91ee02407ca7da244,Unit NCIR,M5Stack,board,reference-only,0,0,0,0,False,Physical connector map; Independent all-connector completeness review; Revision match and electrical limits
source-board-41bab4646e04facc82,Unit NCIR2,M5Stack,board,reference-only,0,0,0,0,False,Physical connector map; Independent all-connector completeness review; Revision match and electrical limits
source-board-70d2c75f72335b6063,Unit Neco,M5Stack,board,reference-only,0,0,0,0,False,Physical connector map; Independent all-connector completeness review; Revision match and electrical limits
source-board-71358175817868c0a7,Unit NeoHEX,M5Stack,board,reference-only,0,0,0,0,False,Physical connector map; Independent all-connector completeness review; Revision match and electrical limits
source-board-78a7dee46ac529b42e,Unit NFC,M5Stack,board,reference-only,0,0,0,0,False,Physical connector map; Independent all-connector completeness review; Revision match and electrical limits
source-board-ee98e1a23278e9d676,Unit OLED,M5Stack,board,reference-only,0,0,0,0,False,Physical connector map; Independent all-connector completeness review; Revision match and electrical limits
source-board-f9ca4d6557f8a63eb1,Unit OP180,M5Stack,board,reference-only,0,0,0,0,False,Physical connector map; Independent all-connector completeness review; Revision match and electrical limits
source-board-d8ff421aaf3fa9b688,Unit OP90,M5Stack,board,reference-only,0,0,0,0,False,Physical connector map; Independent all-connector completeness review; Revision match and electrical limits
source-board-ba9e5f605961dcedee,Unit PaHub,M5Stack,board,reference-only,0,0,0,0,False,Physical connector map; Independent all-connector completeness review; Revision match and electrical limits
source-board-2d9e671dd6280fac66,Unit PaHub v2.1,M5Stack,board,reference-only,0,0,0,0,False,Physical connector map; Independent all-connector completeness review; Revision match and electrical limits
source-board-ab6064cda4c6d6cbe9,Unit PIR,M5Stack,board,reference-only,0,0,0,0,False,Physical connector map; Independent all-connector completeness review; Revision match and electrical limits
source-board-f995d7ef19a31f3d9a,Unit PoE CAM-W,M5Stack,board,reference-only,0,0,0,0,False,Physical connector map; Independent all-connector completeness review; Revision match and electrical limits
source-board-2477653d0c88e3be88,Unit PoE CAM-W v1.1,M5Stack,board,reference-only,0,0,0,0,False,Physical connector map; Independent all-connector completeness review; Revision match and electrical limits
source-board-7ef12a9cd3c02d0fcf,Unit Proto,M5Stack,board,reference-only,0,0,0,0,False,Physical connector map; Independent all-connector completeness review; Revision match and electrical limits
source-board-d31271066d46e5fd4b,Unit Puzzle,M5Stack,board,reference-only,0,0,0,0,False,Physical connector map; Independent all-connector completeness review; Revision match and electrical limits
source-board-1ca67ec53bf2a3ce3a,Unit QRCode,M5Stack,board,reference-only,0,0,0,0,False,Physical connector map; Independent all-connector completeness review; Revision match and electrical limits
source-board-cfb551b6de8e6c1587,Unit RCA,M5Stack,board,reference-only,0,0,0,0,False,Physical connector map; Independent all-connector completeness review; Revision match and electrical limits
source-board-3d09118d5e48953680,Unit Reflective IR,M5Stack,board,reference-only,0,0,0,0,False,Physical connector map; Independent all-connector completeness review; Revision match and electrical limits
source-board-d68745531c69f4b7db,Unit Relay,M5Stack,board,reference-only,0,0,0,0,False,Physical connector map; Independent all-connector completeness review; Revision match and electrical limits
source-board-f9bf0afb3681ad50aa,Unit RGB,M5Stack,board,reference-only,0,0,0,0,False,Physical connector map; Independent all-connector completeness review; Revision match and electrical limits
source-board-2f8863fd57f131c6f0,Unit Roller485,M5Stack,board,reference-only,0,0,0,0,False,Physical connector map; Independent all-connector completeness review; Revision match and electrical limits
source-board-5b205f64cb5a1f17ef,Unit Scales,M5Stack,board,reference-only,0,0,0,0,False,Physical connector map; Independent all-connector completeness review; Revision match and electrical limits
source-board-be68305d414b05d2df,Unit Scroll,M5Stack,board,reference-only,0,0,0,0,False,Physical connector map; Independent all-connector completeness review; Revision match and electrical limits
source-board-0deb3cc52909696465,Unit SSR,M5Stack,board,reference-only,0,0,0,0,False,Physical connector map; Independent all-connector completeness review; Revision match and electrical limits
source-board-bcfccaf958283fb56a,Unit Step16,M5Stack,board,reference-only,0,0,0,0,False,Physical connector map; Independent all-connector completeness review; Revision match and electrical limits
source-board-0e3122dd0f2d467be1,Unit Thermal2,M5Stack,board,reference-only,0,0,0,0,False,Physical connector map; Independent all-connector completeness review; Revision match and electrical limits
source-board-d3430af2798820c2fa,Unit TimerPWR,M5Stack,board,reference-only,0,0,0,0,False,Physical connector map; Independent all-connector completeness review; Revision match and electrical limits
source-board-310aca6f9b5384b17b,Unit TMOS PIR,M5Stack,board,reference-only,0,0,0,0,False,Physical connector map; Independent all-connector completeness review; Revision match and electrical limits
source-board-b435576274d054c7ef,Unit ToF,M5Stack,board,reference-only,0,0,0,0,False,Physical connector map; Independent all-connector completeness review; Revision match and electrical limits
source-board-e19808c11c1b09dfd3,Unit ToF4M,M5Stack,board,reference-only,0,0,0,0,False,Physical connector map; Independent all-connector completeness review; Revision match and electrical limits
source-board-f128bcb679828e9993,Unit Tube Pressure,M5Stack,board,reference-only,0,0,0,0,False,Physical connector map; Independent all-connector completeness review; Revision match and electrical limits
source-board-c360f4f6b8e1f0310a,Unit UHF-RFID,M5Stack,board,reference-only,0,0,0,0,False,Physical connector map; Independent all-connector completeness review; Revision match and electrical limits
source-board-a2285d667efa547c38,Unit Ultrasonic,M5Stack,board,reference-only,0,0,0,0,False,Physical connector map; Independent all-connector completeness review; Revision match and electrical limits
source-board-1944bd7d1e9fc877a6,Unit Ultrasonic-I2C,M5Stack,board,reference-only,0,0,0,0,False,Physical connector map; Independent all-connector completeness review; Revision match and electrical limits
source-board-fd2e7091a16298609a,Unit UWB,M5Stack,board,reference-only,0,0,0,0,False,Physical connector map; Independent all-connector completeness review; Revision match and electrical limits
source-board-cc26469cbed814787b,Unit Vibrator,M5Stack,board,reference-only,0,0,0,0,False,Physical connector map; Independent all-connector completeness review; Revision match and electrical limits
source-board-4828539aa387945544,Unit Watering,M5Stack,board,reference-only,0,0,0,0,False,Physical connector map; Independent all-connector completeness review; Revision match and electrical limits
source-board-12e23574aab03d88d0,Unit Weight,M5Stack,board,reference-only,0,0,0,0,False,Physical connector map; Independent all-connector completeness review; Revision match and electrical limits
source-board-3f04e1ad26e264e446,Unit Weight-I2C,M5Stack,board,reference-only,0,0,0,0,False,Physical connector map; Independent all-connector completeness review; Revision match and electrical limits
source-board-4e7417c1932cd71113,UnitV-M12,M5Stack,board,reference-only,0,0,0,0,False,Physical connector map; Independent all-connector completeness review; Revision match and electrical limits
source-board-b6cf96dfe427e79e40,UnitV2,M5Stack,board,reference-only,0,0,0,0,False,Physical connector map; Independent all-connector completeness review; Revision match and electrical limits
source-board-2cd1c4eb9846edebf1,UnitV2-M12,M5Stack,board,reference-only,0,0,0,0,False,Physical connector map; Independent all-connector completeness review; Revision match and electrical limits
source-board-cb0b52d3056fb07548,UnitV2-USB,M5Stack,board,reference-only,0,0,0,0,False,Physical connector map; Independent all-connector completeness review; Revision match and electrical limits
source-board-2eef993ff78502144a,Grove Vision AI Module,Seeed Studio,board,reference-only,0,0,0,0,False,Physical connector map; Independent all-connector completeness review; Revision match and electrical limits
source-board-26f61aaf24516ca6f8,Grove Vision AI Module V2,Seeed Studio,board,reference-only,0,0,0,0,False,Physical connector map; Independent all-connector completeness review; Revision match and electrical limits
source-board-0607bf62a8c1b08271,reCamera 2002,Seeed Studio,board,reference-only,0,0,0,0,False,Physical connector map; Independent all-connector completeness review; Revision match and electrical limits
source-board-8ee6f9d2d3009c621c,reCamera Gimbal,Seeed Studio,board,reference-only,0,0,0,0,False,Physical connector map; Independent all-connector completeness review; Revision match and electrical limits
source-board-97cd27180910ffb7e1,reCamera Pro,Seeed Studio,board,reference-only,0,0,0,0,False,Physical connector map; Independent all-connector completeness review; Revision match and electrical limits
source-board-09dd14dad4781f80a9,SenseCAP A1101 (LoRaWAN Vision AI Sensor),Seeed Studio,board,reference-only,0,0,0,0,False,Physical connector map; Independent all-connector completeness review; Revision match and electrical limits
source-board-77ca519cf5f8247c4a,SenseCAP Watcher,Seeed Studio,board,reference-only,0,0,0,0,False,Physical connector map; Independent all-connector completeness review; Revision match and electrical limits
source-board-2570effe06236b7059,XIAO Vision AI Camera,Seeed Studio,board,reference-only,0,0,0,0,False,Physical connector map; Independent all-connector completeness review; Revision match and electrical limits
source-board-336396f404881e0a83,Arch GPRS,Seeed Studio,board,reference-only,0,0,0,0,False,Physical connector map; Independent all-connector completeness review; Revision match and electrical limits
source-board-0125766f84e25cab16,2.7inch Triple-Color E-Ink Shield for Arduino,Seeed Studio,board,reference-only,0,0,0,0,False,Physical connector map; Independent all-connector completeness review; Revision match and electrical limits
source-board-c4a96654ff0a57dbef,2.8inch TFT Touch Shield V1.0,Seeed Studio,board,reference-only,0,0,0,0,False,Physical connector map; Independent all-connector completeness review; Revision match and electrical limits
source-board-e3bee503f79ffc95d9,4A Motor Shield,Seeed Studio,board,reference-only,0,0,0,0,False,Physical connector map; Independent all-connector completeness review; Revision match and electrical limits
source-board-34081ad4dcf2c3133c,Bees Shield,Seeed Studio,board,reference-only,0,0,0,0,False,Physical connector map; Independent all-connector completeness review; Revision match and electrical limits
source-board-50d591837f6f543f8b,BLE Shield V1,Seeed Studio,board,reference-only,0,0,0,0,False,Physical connector map; Independent all-connector completeness review; Revision match and electrical limits
source-board-46065da89493865d31,Bluetooth Shield,Seeed Studio,board,reference-only,0,0,0,0,False,Physical connector map; Independent all-connector completeness review; Revision match and electrical limits
source-board-11f5675979fe1c1234,Bluetooth Shield V2,Seeed Studio,board,reference-only,0,0,0,0,False,Physical connector map; Independent all-connector completeness review; Revision match and electrical limits
source-board-6414cf9e032e514c05,Brushless Motor Shield (TB6605FTG),Seeed Studio,board,reference-only,0,0,0,0,False,Physical connector map; Independent all-connector completeness review; Revision match and electrical limits
source-board-82e0c9235720f8e4b0,CAN-BUS Shield V2.0,Seeed Studio,board,reference-only,0,0,0,0,False,Physical connector map; Independent all-connector completeness review; Revision match and electrical limits
source-board-b8e4a52c1bf4f3f9ec,EL Shield,Seeed Studio,board,reference-only,0,0,0,0,False,Physical connector map; Independent all-connector completeness review; Revision match and electrical limits
source-board-aa774fd5f32cdd361e,Energy Shield,Seeed Studio,board,reference-only,0,0,0,0,False,Physical connector map; Independent all-connector completeness review; Revision match and electrical limits
source-board-5f60f6f9c93c672168,Ethernet Shield,Seeed Studio,board,reference-only,0,0,0,0,False,Physical connector map; Independent all-connector completeness review; Revision match and electrical limits
source-board-ad6e29a3089269dff2,Ethernet Shield V1.0,Seeed Studio,board,reference-only,0,0,0,0,False,Physical connector map; Independent all-connector completeness review; Revision match and electrical limits
source-board-477b72e580c41d2dcd,Ethernet Shield V2.0,Seeed Studio,board,reference-only,0,0,0,0,False,Physical connector map; Independent all-connector completeness review; Revision match and electrical limits
source-board-ca30a7d721dd769b1f,GPRS Shield,Seeed Studio,board,reference-only,0,0,0,0,False,Physical connector map; Independent all-connector completeness review; Revision match and electrical limits
source-board-71023119c4e0204aef,GPRS Shield V1.0,Seeed Studio,board,reference-only,0,0,0,0,False,Physical connector map; Independent all-connector completeness review; Revision match and electrical limits
source-board-1eb8973c898cb26489,GPRS Shield V2.0,Seeed Studio,board,reference-only,0,0,0,0,False,Physical connector map; Independent all-connector completeness review; Revision match and electrical limits
source-board-01b7475cdd9591c082,GPRS Shield V3.0,Seeed Studio,board,reference-only,0,0,0,0,False,Physical connector map; Independent all-connector completeness review; Revision match and electrical limits
source-board-9314f0a5a8d895f75f,Mbed Shield,Seeed Studio,board,reference-only,0,0,0,0,False,Physical connector map; Independent all-connector completeness review; Revision match and electrical limits
source-board-f6adaa1dd31d95a91d,Motor Shield,Seeed Studio,board,reference-only,0,0,0,0,False,Physical connector map; Independent all-connector completeness review; Revision match and electrical limits
source-board-7ecb1896feb348bce1,Motor Shield V1.0,Seeed Studio,board,reference-only,0,0,0,0,False,Physical connector map; Independent all-connector completeness review; Revision match and electrical limits
source-board-e74acb5fa3062d1a14,Motor Shield V2.0,Seeed Studio,board,reference-only,0,0,0,0,False,Physical connector map; Independent all-connector completeness review; Revision match and electrical limits
source-board-f780c4169c6a1a8fb7,Music Shield,Seeed Studio,board,reference-only,0,0,0,0,False,Physical connector map; Independent all-connector completeness review; Revision match and electrical limits
source-board-8c8fec6e2e476249b8,Music Shield V1.0,Seeed Studio,board,reference-only,0,0,0,0,False,Physical connector map; Independent all-connector completeness review; Revision match and electrical limits
source-board-2eeb4df5cafb6816af,Music Shield V2.2,Seeed Studio,board,reference-only,0,0,0,0,False,Physical connector map; Independent all-connector completeness review; Revision match and electrical limits
source-board-ce826f8bec58242641,NFC Shield V2.0,Seeed Studio,board,reference-only,0,0,0,0,False,Physical connector map; Independent all-connector completeness review; Revision match and electrical limits
source-board-8d91194d92869ea61f,Protoshield Kit for Arduino,Seeed Studio,board,reference-only,0,0,0,0,False,Physical connector map; Independent all-connector completeness review; Revision match and electrical limits
source-board-1e3110a20ad606a6d3,Relay Shield,Seeed Studio,board,reference-only,0,0,0,0,False,Physical connector map; Independent all-connector completeness review; Revision match and electrical limits
source-board-fa842f6706aa8b0e1c,Relay Shield V1.0,Seeed Studio,board,reference-only,0,0,0,0,False,Physical connector map; Independent all-connector completeness review; Revision match and electrical limits
source-board-6aeb5e0870c0407e21,Relay Shield V2.0,Seeed Studio,board,reference-only,0,0,0,0,False,Physical connector map; Independent all-connector completeness review; Revision match and electrical limits
source-board-83e3ef9039a1017e79,Relay Shield V3,Seeed Studio,board,reference-only,0,0,0,0,False,Physical connector map; Independent all-connector completeness review; Revision match and electrical limits
source-board-43ddb7886e3b68d733,RGBW Stripe Wireless Shield V1.0,Seeed Studio,board,reference-only,0,0,0,0,False,Physical connector map; Independent all-connector completeness review; Revision match and electrical limits
source-board-7f1b762a917eb8a0cd,RS232 Shield,Seeed Studio,board,reference-only,0,0,0,0,False,Physical connector map; Independent all-connector completeness review; Revision match and electrical limits
source-board-a8aa492386e019644e,SD Card Shield V3.0,Seeed Studio,board,reference-only,0,0,0,0,False,Physical connector map; Independent all-connector completeness review; Revision match and electrical limits
source-board-0bd3959bed5fd4c416,SD Card Shield V4.0,Seeed Studio,board,reference-only,0,0,0,0,False,Physical connector map; Independent all-connector completeness review; Revision match and electrical limits
source-board-0522a16a6e39ed467a,Shield Bot V1.1,Seeed Studio,board,reference-only,0,0,0,0,False,Physical connector map; Independent all-connector completeness review; Revision match and electrical limits
source-board-86ab6a844f7d2db033,Shield MaTrix V0.9,Seeed Studio,board,reference-only,0,0,0,0,False,Physical connector map; Independent all-connector completeness review; Revision match and electrical limits
source-board-c35d7f91d6d4f5a52c,Small e-Paper Shield,Seeed Studio,board,reference-only,0,0,0,0,False,Physical connector map; Independent all-connector completeness review; Revision match and electrical limits
source-board-f85cd857916a872a69,Small e-Paper Shield V2,Seeed Studio,board,reference-only,0,0,0,0,False,Physical connector map; Independent all-connector completeness review; Revision match and electrical limits
source-board-2d6fdb698418c77a39,Solar Charger Shield,Seeed Studio,board,reference-only,0,0,0,0,False,Physical connector map; Independent all-connector completeness review; Revision match and electrical limits
source-board-826c092d15ca798f84,Solar Charger Shield V2.2,Seeed Studio,board,reference-only,0,0,0,0,False,Physical connector map; Independent all-connector completeness review; Revision match and electrical limits
source-board-b932254fe511e4237b,Starter Shield EN,Seeed Studio,board,reference-only,0,0,0,0,False,Physical connector map; Independent all-connector completeness review; Revision match and electrical limits
source-board-1e8d793f9b27cb4414,W5500 Ethernet Shield V1.0,Seeed Studio,board,reference-only,0,0,0,0,False,Physical connector map; Independent all-connector completeness review; Revision match and electrical limits
source-board-0d910c74cda08f4f93,Wifi Shield,Seeed Studio,board,reference-only,0,0,0,0,False,Physical connector map; Independent all-connector completeness review; Revision match and electrical limits
source-board-6e6297bc9551ed2ac2,Wifi Shield (Fi250) V1.1,Seeed Studio,board,reference-only,0,0,0,0,False,Physical connector map; Independent all-connector completeness review; Revision match and electrical limits
source-board-d0ca02c8c62437c9af,Wifi Shield V1.0,Seeed Studio,board,reference-only,0,0,0,0,False,Physical connector map; Independent all-connector completeness review; Revision match and electrical limits
source-board-ce1f990d20c98b6b79,Wifi Shield V1.1,Seeed Studio,board,reference-only,0,0,0,0,False,Physical connector map; Independent all-connector completeness review; Revision match and electrical limits
source-board-d2e5a0fe79714054e2,Wireless Gate Shield V1.0,Seeed Studio,board,reference-only,0,0,0,0,False,Physical connector map; Independent all-connector completeness review; Revision match and electrical limits
source-board-c4aab704827e8fa8e6,XBee Shield V2.0,Seeed Studio,board,reference-only,0,0,0,0,False,Physical connector map; Independent all-connector completeness review; Revision match and electrical limits
source-board-b98860e81260dea498,BeagleBone Blue,Seeed Studio,board,reference-only,0,0,0,0,False,Physical connector map; Independent all-connector completeness review; Revision match and electrical limits
source-board-be7cc52b09843da466,BeagleBone Green,Seeed Studio,board,reference-only,0,0,0,0,False,Physical connector map; Independent all-connector completeness review; Revision match and electrical limits
source-board-1b9fbe6e6c74c97b22,BeagleBone Green Eco,Seeed Studio,board,reference-only,0,0,0,0,False,Physical connector map; Independent all-connector completeness review; Revision match and electrical limits
source-board-92925ce4377c66f0c9,BeagleBone Green Gateway,Seeed Studio,board,reference-only,0,0,0,0,False,Physical connector map; Independent all-connector completeness review; Revision match and electrical limits
source-board-d39ab40c96b76009aa,BeagleBone Green HDMI Cape,Seeed Studio,board,reference-only,0,0,0,0,False,Physical connector map; Independent all-connector completeness review; Revision match and electrical limits
source-board-75e0efa418d0aa3d8a,Motor Bridge Cape V1.0,Seeed Studio,board,reference-only,0,0,0,0,False,Physical connector map; Independent all-connector completeness review; Revision match and electrical limits
source-board-3fda0d79435e5e6385,reTerminal D1001,Seeed Studio,board,reference-only,0,0,0,0,False,Physical connector map; Independent all-connector completeness review; Revision match and electrical limits
source-board-affe34611e23a71386,reTerminal E1001,Seeed Studio,board,reference-only,0,0,0,0,False,Physical connector map; Independent all-connector completeness review; Revision match and electrical limits
source-board-3c0a71f5bc3d7061d7,reTerminal E1002,Seeed Studio,board,reference-only,0,0,0,0,False,Physical connector map; Independent all-connector completeness review; Revision match and electrical limits
source-board-d95572958eb41df8dd,reTerminal E1003,Seeed Studio,board,reference-only,0,0,0,0,False,Physical connector map; Independent all-connector completeness review; Revision match and electrical limits
source-board-b6f74353d0de2230ed,reTerminal Sticky,Seeed Studio,board,reference-only,0,0,0,0,False,Physical connector map; Independent all-connector completeness review; Revision match and electrical limits
source-board-1c8333bd42896ca6b7,SenseCAP Indicator for Meshtastic,Seeed Studio,board,reference-only,0,0,0,0,False,Physical connector map; Independent all-connector completeness review; Revision match and electrical limits
source-board-750c8afdaeb3a6b56f,XIAO ePaper Display Board EE02,Seeed Studio,board,reference-only,0,0,0,0,False,Physical connector map; Independent all-connector completeness review; Revision match and electrical limits
source-board-2836c886514d0fd146,XIAO ePaper Display Board EE03,Seeed Studio,board,reference-only,0,0,0,0,False,Physical connector map; Independent all-connector completeness review; Revision match and electrical limits
source-board-123c024de4e07e9960,XIAO ePaper Display Board EE04,Seeed Studio,board,reference-only,0,0,0,0,False,Physical connector map; Independent all-connector completeness review; Revision match and electrical limits
source-board-98b162eb92f8fd1d66,XIAO ePaper Display Board EE05,Seeed Studio,board,reference-only,0,0,0,0,False,Physical connector map; Independent all-connector completeness review; Revision match and electrical limits
source-board-9e7113085098fd354c,XIAO ePaper Display Board EN04,Seeed Studio,board,reference-only,0,0,0,0,False,Physical connector map; Independent all-connector completeness review; Revision match and electrical limits
source-board-d745c212b37971519a,XIAO ePaper Display Board EN05,Seeed Studio,board,reference-only,0,0,0,0,False,Physical connector map; Independent all-connector completeness review; Revision match and electrical limits
source-board-7dcfd81099ece50e65,Base Shield V2,Seeed Studio,board,reference-only,0,0,0,0,False,Physical connector map; Independent all-connector completeness review; Revision match and electrical limits
source-board-1693a7d0c2aa221a4e,BitMaker,Seeed Studio,board,reference-only,0,0,0,0,False,Physical connector map; Independent all-connector completeness review; Revision match and electrical limits
source-board-c5feae5a57ba67f8a9,BitMaker Lite,Seeed Studio,board,reference-only,0,0,0,0,False,Physical connector map; Independent all-connector completeness review; Revision match and electrical limits
source-board-ae7e50de81b20a51b0,BitPlayer,Seeed Studio,board,reference-only,0,0,0,0,False,Physical connector map; Independent all-connector completeness review; Revision match and electrical limits
source-board-4f6c0dc43f4b242d4c,BitWear,Seeed Studio,board,reference-only,0,0,0,0,False,Physical connector map; Independent all-connector completeness review; Revision match and electrical limits
source-board-c219ddbb601c475420,Grove - Base Shield for IOIO-OTG,Seeed Studio,board,reference-only,0,0,0,0,False,Physical connector map; Independent all-connector completeness review; Revision match and electrical limits
source-board-a4388d63a62bacb53d,Grove - Mega Shield,Seeed Studio,board,reference-only,0,0,0,0,False,Physical connector map; Independent all-connector completeness review; Revision match and electrical limits
source-board-9c816d9f975c7f0db0,Grove - Protoshield,Seeed Studio,board,reference-only,0,0,0,0,False,Physical connector map; Independent all-connector completeness review; Revision match and electrical limits
source-board-838efa674dcac12fa7,Grove Base Cape for BeagleBone V2,Seeed Studio,board,reference-only,0,0,0,0,False,Physical connector map; Independent all-connector completeness review; Revision match and electrical limits
source-board-e3a347ef6612592656,Grove Base HAT,Seeed Studio,board,reference-only,0,0,0,0,False,Physical connector map; Independent all-connector completeness review; Revision match and electrical limits
source-board-df9b36454f16b53f6e,Grove Base Shield for NodeMCU V1.0,Seeed Studio,board,reference-only,0,0,0,0,False,Physical connector map; Independent all-connector completeness review; Revision match and electrical limits
source-board-b5a886dc67e44a7a2a,Grove Base Shield for Photon,Seeed Studio,board,reference-only,0,0,0,0,False,Physical connector map; Independent all-connector completeness review; Revision match and electrical limits
source-board-f3ba78f8e9b88aa08e,Grove Beginner Kit for Arduino,Seeed Studio,board,reference-only,0,0,0,0,False,Physical connector map; Independent all-connector completeness review; Revision match and electrical limits
source-board-8f6616a53c6803d732,Grove Cape for BeagleBone Series,Seeed Studio,board,reference-only,0,0,0,0,False,Physical connector map; Independent all-connector completeness review; Revision match and electrical limits
source-board-39a2114c0a0f24ce52,Grove Shield for Intel Joule,Seeed Studio,board,reference-only,0,0,0,0,False,Physical connector map; Independent all-connector completeness review; Revision match and electrical limits
source-board-16121f72660f3c5746,Grove Starter Kit for Azure Sphere MT3620 Development Kit,Seeed Studio,board,reference-only,0,0,0,0,False,Physical connector map; Independent all-connector completeness review; Revision match and electrical limits
source-board-9411f7846292008faf,MT3620 Grove Shield,Seeed Studio,board,reference-only,0,0,0,0,False,Physical connector map; Independent all-connector completeness review; Revision match and electrical limits
source-board-2305dbb9fe7f16d9f2,Arduino Breakout for LinkIt Smart 7688 Duo,Seeed Studio,board,reference-only,0,0,0,0,False,Physical connector map; Independent all-connector completeness review; Revision match and electrical limits
source-board-0dfef0d3f815db929a,Breakout for LinkIt Smart 7688,Seeed Studio,board,reference-only,0,0,0,0,False,Physical connector map; Independent all-connector completeness review; Revision match and electrical limits
source-board-df48c497c5307de060,Breakout for LinkIt Smart 7688 V2.0,Seeed Studio,board,reference-only,0,0,0,0,False,Physical connector map; Independent all-connector completeness review; Revision match and electrical limits
source-board-fe6e96ae8e667278de,Grove Breakout for LinkIt Smart 7688 Duo,Seeed Studio,board,reference-only,0,0,0,0,False,Physical connector map; Independent all-connector completeness review; Revision match and electrical limits
source-board-ab35086a0b3ba00bff,LinkIt Connect 7681,Seeed Studio,board,reference-only,0,0,0,0,False,Physical connector map; Independent all-connector completeness review; Revision match and electrical limits
source-board-14a0e935d969a8ead0,LinkIt Smart 7688,Seeed Studio,board,reference-only,0,0,0,0,False,Physical connector map; Independent all-connector completeness review; Revision match and electrical limits
source-board-87d29f352fbd9321b8,LinkIt Smart 7688 Duo,Seeed Studio,board,reference-only,0,0,0,0,False,Physical connector map; Independent all-connector completeness review; Revision match and electrical limits
source-board-9a55e6ea941837767b,RePhone Core 2G-Atmel32u4,Seeed Studio,board,reference-only,0,0,0,0,False,Physical connector map; Independent all-connector completeness review; Revision match and electrical limits
source-board-1970dd513570e6290f,RePhone Extension Pack,Seeed Studio,board,reference-only,0,0,0,0,False,Physical connector map; Independent all-connector completeness review; Revision match and electrical limits
source-board-c8379204438b83599a,RePhone Geo Kit,Seeed Studio,board,reference-only,0,0,0,0,False,Physical connector map; Independent all-connector completeness review; Revision match and electrical limits
source-board-63992f8c5d1df48acc,RePhone Lumi Kit,Seeed Studio,board,reference-only,0,0,0,0,False,Physical connector map; Independent all-connector completeness review; Revision match and electrical limits
source-board-0f5329461fd5c05e1a,LinkStar H28K,Seeed Studio,board,reference-only,0,0,0,0,False,Physical connector map; Independent all-connector completeness review; Revision match and electrical limits
source-board-2a6f76cf24fa45181f,LinkStar H68K,Seeed Studio,board,reference-only,0,0,0,0,False,Physical connector map; Independent all-connector completeness review; Revision match and electrical limits
source-board-fadff82abb37efa3ea,LinkStar H68K V2,Seeed Studio,board,reference-only,0,0,0,0,False,Physical connector map; Independent all-connector completeness review; Revision match and electrical limits
source-board-e899956e609c824cdd,NPi i.MX6ULL Dev Board,Seeed Studio,board,reference-only,0,0,0,0,False,Physical connector map; Independent all-connector completeness review; Revision match and electrical limits
source-board-1edff47c9cee97fc9c,Quantum Mini Linux Development Kit,Seeed Studio,board,reference-only,0,0,0,0,False,Physical connector map; Independent all-connector completeness review; Revision match and electrical limits
source-board-769f4e73d34427714a,reComputer RK3576 Module Dev Kit,Seeed Studio,board,reference-only,0,0,0,0,False,Physical connector map; Independent all-connector completeness review; Revision match and electrical limits
source-board-4eeb492918be405a72,reComputer RK3576-20,Seeed Studio,board,reference-only,0,0,0,0,False,Physical connector map; Independent all-connector completeness review; Revision match and electrical limits
source-board-fd10e45093cc77bb26,reComputer RK3576-30,Seeed Studio,board,reference-only,0,0,0,0,False,Physical connector map; Independent all-connector completeness review; Revision match and electrical limits
source-board-d58ca32f6fa0b35423,reComputer RK3588-30,Seeed Studio,board,reference-only,0,0,0,0,False,Physical connector map; Independent all-connector completeness review; Revision match and electrical limits
source-board-b4dea0da76a7bbd456,SOM STM32MP157C,Seeed Studio,board,reference-only,0,0,0,0,False,Physical connector map; Independent all-connector completeness review; Revision match and electrical limits
source-board-1bc9746fa7191f556e,4WD Driver Platform V1.0,Seeed Studio,board,reference-only,0,0,0,0,False,Physical connector map; Independent all-connector completeness review; Revision match and electrical limits
source-board-127efc76086a5f08cd,AI Assistant (STM32N657),Seeed Studio,board,reference-only,0,0,0,0,False,Physical connector map; Independent all-connector completeness review; Revision match and electrical limits
source-board-3a69c1ce6cc7bc4ff9,Atom Node,Seeed Studio,board,reference-only,0,0,0,0,False,Physical connector map; Independent all-connector completeness review; Revision match and electrical limits
source-board-b767d4380f07dca705,EdgeBox-ESP-100,Seeed Studio,board,reference-only,0,0,0,0,False,Physical connector map; Independent all-connector completeness review; Revision match and electrical limits
source-board-9dc75d0723bea0c85a,FSM-55,Seeed Studio,board,reference-only,0,0,0,0,False,Physical connector map; Independent all-connector completeness review; Revision match and electrical limits
source-board-d220203c496d8c8dd6,Fubarino SD,Seeed Studio,board,reference-only,0,0,0,0,False,Physical connector map; Independent all-connector completeness review; Revision match and electrical limits
source-board-f779602767197be572,Hercules Dual 15A 6-20V Motor Controller,Seeed Studio,board,reference-only,0,0,0,0,False,Physical connector map; Independent all-connector completeness review; Revision match and electrical limits
source-board-8b56d9293a7661b819,IoT Fast Prototyping Kit S5D9,Seeed Studio,board,reference-only,0,0,0,0,False,Physical connector map; Independent all-connector completeness review; Revision match and electrical limits
source-board-25736f1f8dac893df4,MT3620 Ethernet Shield V1.0,Seeed Studio,board,reference-only,0,0,0,0,False,Physical connector map; Independent all-connector completeness review; Revision match and electrical limits
source-board-ef2965a55971c4ecb5,Rainbow Cube Kit - RGB 4x4x4,Seeed Studio,board,reference-only,0,0,0,0,False,Physical connector map; Independent all-connector completeness review; Revision match and electrical limits
source-board-f77727d723ad08c0d0,Rainbowduino,Seeed Studio,board,reference-only,0,0,0,0,False,Physical connector map; Independent all-connector completeness review; Revision match and electrical limits
source-board-f28df9241f25674096,Rainbowduino LED Driver Platform - ATmega328,Seeed Studio,board,reference-only,0,0,0,0,False,Physical connector map; Independent all-connector completeness review; Revision match and electrical limits
source-board-502c8c324d0cebff83,Rainbowduino V3.0,Seeed Studio,board,reference-only,0,0,0,0,False,Physical connector map; Independent all-connector completeness review; Revision match and electrical limits
source-board-8663674c7e8620a6d6,Spartan Edge Accelerator Board,Seeed Studio,board,reference-only,0,0,0,0,False,Physical connector map; Independent all-connector completeness review; Revision match and electrical limits
source-board-69b0df3dc8b7d67e52,Bluetooth Multimeter,Seeed Studio,board,reference-only,0,0,0,0,False,Physical connector map; Independent all-connector completeness review; Revision match and electrical limits
source-board-072e30f9c1edcad3c6,Bus Pirate V3,Seeed Studio,board,reference-only,0,0,0,0,False,Physical connector map; Independent all-connector completeness review; Revision match and electrical limits
source-board-d7ae45564724234773,DSO Nano V3,Seeed Studio,board,reference-only,0,0,0,0,False,Physical connector map; Independent all-connector completeness review; Revision match and electrical limits
source-board-e0a23349cd64bf2454,Lipo Rider Plus,Seeed Studio,board,reference-only,0,0,0,0,False,Physical connector map; Independent all-connector completeness review; Revision match and electrical limits
source-board-edfaabdc714ee27cdb,Lipo Rider Pro,Seeed Studio,board,reference-only,0,0,0,0,False,Physical connector map; Independent all-connector completeness review; Revision match and electrical limits
source-board-1662f8895b0c44a9ce,Lipo Rider V1.1,Seeed Studio,board,reference-only,0,0,0,0,False,Physical connector map; Independent all-connector completeness review; Revision match and electrical limits
source-board-982542c02b82f4ed6f,Logic DC Jack,Seeed Studio,board,reference-only,0,0,0,0,False,Physical connector map; Independent all-connector completeness review; Revision match and electrical limits
source-board-cbc4d89eab0178569d,UartSBee V5,Seeed Studio,board,reference-only,0,0,0,0,False,Physical connector map; Independent all-connector completeness review; Revision match and electrical limits
source-board-8b3ee5760ce281c8f4,USB To Uart 3V3,Seeed Studio,board,reference-only,0,0,0,0,False,Physical connector map; Independent all-connector completeness review; Revision match and electrical limits
source-board-60b8a0e4ad9ffdfd90,USB To Uart 5V,Seeed Studio,board,reference-only,0,0,0,0,False,Physical connector map; Independent all-connector completeness review; Revision match and electrical limits
source-board-06371a7dd03c1eeea5,USB To Uart 5V-3V3,Seeed Studio,board,reference-only,0,0,0,0,False,Physical connector map; Independent all-connector completeness review; Revision match and electrical limits
source-board-06f212159c0fa5b28d,2-Channel CAN-BUS FD Shield for Raspberry Pi,Seeed Studio,board,reference-only,0,0,0,0,False,Physical connector map; Independent all-connector completeness review; Revision match and electrical limits
source-board-c30706f3dad957e401,4-Channel SPDT Relay HAT for Raspberry Pi,Seeed Studio,board,reference-only,0,0,0,0,False,Physical connector map; Independent all-connector completeness review; Revision match and electrical limits
source-board-19fe0ec05e6e5bbd00,8-Channel 12-Bit ADC for Raspberry Pi (STM32F030),Seeed Studio,board,reference-only,0,0,0,0,False,Physical connector map; Independent all-connector completeness review; Revision match and electrical limits
source-board-8669627ca0e540609e,Grove AI HAT for Edge Computing,Seeed Studio,board,reference-only,0,0,0,0,False,Physical connector map; Independent all-connector completeness review; Revision match and electrical limits
source-board-1f5a3d1fe25d2bf80c,PCIe 3.0 to Dual M.2 HAT for Raspberry Pi 5,Seeed Studio,board,reference-only,0,0,0,0,False,Physical connector map; Independent all-connector completeness review; Revision match and electrical limits
source-board-6b7476508f551376e7,Raspberry Pi 4G LTE HAT,Seeed Studio,board,reference-only,0,0,0,0,False,Physical connector map; Independent all-connector completeness review; Revision match and electrical limits
source-board-484fb596c42404bf51,Raspberry Pi Breakout Board V1.0,Seeed Studio,board,reference-only,0,0,0,0,False,Physical connector map; Independent all-connector completeness review; Revision match and electrical limits
source-board-b9c55548e5b3a79215,Raspberry Pi Motor Driver Board V1.0,Seeed Studio,board,reference-only,0,0,0,0,False,Physical connector map; Independent all-connector completeness review; Revision match and electrical limits
source-board-d943afbce934f575ba,Raspberry Pi RS232 Board V1.0,Seeed Studio,board,reference-only,0,0,0,0,False,Physical connector map; Independent all-connector completeness review; Revision match and electrical limits
source-board-a9d27e11131283217b,Edge Box RPi-200,Seeed Studio,board,reference-only,0,0,0,0,False,Physical connector map; Independent all-connector completeness review; Revision match and electrical limits
source-board-299914265863831ad1,reComputer AI Industrial R2135,Seeed Studio,board,reference-only,0,0,0,0,False,Physical connector map; Independent all-connector completeness review; Revision match and electrical limits
source-board-148df812ff7d82e56c,reComputer AI R2000 Series,Seeed Studio,board,reference-only,0,0,0,0,False,Physical connector map; Independent all-connector completeness review; Revision match and electrical limits
source-board-b59a2c2c3e25128d7c,reComputer Industrial R20xx,Seeed Studio,board,reference-only,0,0,0,0,False,Physical connector map; Independent all-connector completeness review; Revision match and electrical limits
source-board-4d82cbc4a058e209e3,reComputer Industrial R21xx,Seeed Studio,board,reference-only,0,0,0,0,False,Physical connector map; Independent all-connector completeness review; Revision match and electrical limits
source-board-30061f1f606eee24f5,reComputer Industrial R22xx,Seeed Studio,board,reference-only,0,0,0,0,False,Physical connector map; Independent all-connector completeness review; Revision match and electrical limits
source-board-2ab6a5daaffc0de1ce,reComputer R1000,Seeed Studio,board,reference-only,0,0,0,0,False,Physical connector map; Independent all-connector completeness review; Revision match and electrical limits
source-board-f0242ad3488d9ed6d2,reComputer R1000 V1.1,Seeed Studio,board,reference-only,0,0,0,0,False,Physical connector map; Independent all-connector completeness review; Revision match and electrical limits
source-board-113b9f4130aafe6eec,reComputer R1100,Seeed Studio,board,reference-only,0,0,0,0,False,Physical connector map; Independent all-connector completeness review; Revision match and electrical limits
source-board-aacb33b2fb93109d60,reComputer R1225,Seeed Studio,board,reference-only,0,0,0,0,False,Physical connector map; Independent all-connector completeness review; Revision match and electrical limits
source-board-f271a8debb70adc43e,reRouter CM4,Seeed Studio,board,reference-only,0,0,0,0,False,Physical connector map; Independent all-connector completeness review; Revision match and electrical limits
source-board-20a7df6f0ca907b518,reTerminal DM,Seeed Studio,board,reference-only,0,0,0,0,False,Physical connector map; Independent all-connector completeness review; Revision match and electrical limits
source-board-4a9c04e448c0594475,reTerminal E10-1,Seeed Studio,board,reference-only,0,0,0,0,False,Physical connector map; Independent all-connector completeness review; Revision match and electrical limits
source-board-8a6ca60b3f21712d8a,A203 Carrier Board,Seeed Studio,board,reference-only,0,0,0,0,False,Physical connector map; Independent all-connector completeness review; Revision match and electrical limits
source-board-b2530201efa3873193,A203E Mini PC,Seeed Studio,board,reference-only,0,0,0,0,False,Physical connector map; Independent all-connector completeness review; Revision match and electrical limits
source-board-30302252fc47f679fc,A205 Carrier Board,Seeed Studio,board,reference-only,0,0,0,0,False,Physical connector map; Independent all-connector completeness review; Revision match and electrical limits
source-board-898e4bd259b43937dd,A205E Carrier Board,Seeed Studio,board,reference-only,0,0,0,0,False,Physical connector map; Independent all-connector completeness review; Revision match and electrical limits
source-board-4b43a23fae89f9579e,A205E Mini PC,Seeed Studio,board,reference-only,0,0,0,0,False,Physical connector map; Independent all-connector completeness review; Revision match and electrical limits
source-board-ea5a9400b09023d4d4,A206 Carrier Board,Seeed Studio,board,reference-only,0,0,0,0,False,Physical connector map; Independent all-connector completeness review; Revision match and electrical limits
source-board-3828a950e19fb1aa02,A603 Carrier Board,Seeed Studio,board,reference-only,0,0,0,0,False,Physical connector map; Independent all-connector completeness review; Revision match and electrical limits
source-board-7e935064cf6e2ee755,A607 Carrier Board,Seeed Studio,board,reference-only,0,0,0,0,False,Physical connector map; Independent all-connector completeness review; Revision match and electrical limits
source-board-4a5be486bd304d3ef9,J101 Carrier Board,Seeed Studio,board,reference-only,0,0,0,0,False,Physical connector map; Independent all-connector completeness review; Revision match and electrical limits
source-board-c23c330b669652db37,J202 Carrier Board,Seeed Studio,board,reference-only,0,0,0,0,False,Physical connector map; Independent all-connector completeness review; Revision match and electrical limits
source-board-117e877111f3bbb924,J401 Carrier Board,Seeed Studio,board,reference-only,0,0,0,0,False,Physical connector map; Independent all-connector completeness review; Revision match and electrical limits
source-board-d6c8ce7a020faa7bcc,J401-Mini Carrier Board,Seeed Studio,board,reference-only,0,0,0,0,False,Physical connector map; Independent all-connector completeness review; Revision match and electrical limits
source-board-83eada24dce1ad6b97,J401B Carrier Board,Seeed Studio,board,reference-only,0,0,0,0,False,Physical connector map; Independent all-connector completeness review; Revision match and electrical limits
source-board-3231b0b4eb40cd42ba,J501 Carrier Board,Seeed Studio,board,reference-only,0,0,0,0,False,Physical connector map; Independent all-connector completeness review; Revision match and electrical limits
source-board-25890607e136c2f767,Jetson Mate,Seeed Studio,board,reference-only,0,0,0,0,False,Physical connector map; Independent all-connector completeness review; Revision match and electrical limits
source-board-452a66d3eb8fbd3417,Mini J501 Carrier Board,Seeed Studio,board,reference-only,0,0,0,0,False,Physical connector map; Independent all-connector completeness review; Revision match and electrical limits
source-board-d07c7d9d8c8a3d8f38,reComputer Industrial J2011,Seeed Studio,board,reference-only,0,0,0,0,False,Physical connector map; Independent all-connector completeness review; Revision match and electrical limits
source-board-c43745b5a06481df20,reComputer J1010,Seeed Studio,board,reference-only,0,0,0,0,False,Physical connector map; Independent all-connector completeness review; Revision match and electrical limits
source-board-475453a94502db1013,reComputer J1020 V1,Seeed Studio,board,reference-only,0,0,0,0,False,Physical connector map; Independent all-connector completeness review; Revision match and electrical limits
source-board-1aac133918fc097d3f,reComputer J1020 V2,Seeed Studio,board,reference-only,0,0,0,0,False,Physical connector map; Independent all-connector completeness review; Revision match and electrical limits
source-board-158f8749acec6e9ad7,reComputer J2011,Seeed Studio,board,reference-only,0,0,0,0,False,Physical connector map; Independent all-connector completeness review; Revision match and electrical limits
source-board-234003088cbdf81859,reComputer J3010,Seeed Studio,board,reference-only,0,0,0,0,False,Physical connector map; Independent all-connector completeness review; Revision match and electrical limits
source-board-1a27b9220305d01d61,reComputer J4012,Seeed Studio,board,reference-only,0,0,0,0,False,Physical connector map; Independent all-connector completeness review; Revision match and electrical limits
source-board-8d737c6cb5d66d4f70,reComputer Jetson Series,Seeed Studio,board,reference-only,0,0,0,0,False,Physical connector map; Independent all-connector completeness review; Revision match and electrical limits
source-board-e9d9af7d1114221e3e,reComputer Mini J3010,Seeed Studio,board,reference-only,0,0,0,0,False,Physical connector map; Independent all-connector completeness review; Revision match and electrical limits
source-board-5fbb170630fc19a33d,reComputer Mini J3011,Seeed Studio,board,reference-only,0,0,0,0,False,Physical connector map; Independent all-connector completeness review; Revision match and electrical limits
source-board-5c1db1d671dea0dbc2,reComputer Robotics J3010,Seeed Studio,board,reference-only,0,0,0,0,False,Physical connector map; Independent all-connector completeness review; Revision match and electrical limits
source-board-6f48011d267f2d1ef4,reComputer Robotics J501,Seeed Studio,board,reference-only,0,0,0,0,False,Physical connector map; Independent all-connector completeness review; Revision match and electrical limits
source-board-93aed86ced57dd734c,reComputer Robotics J601,Seeed Studio,board,reference-only,0,0,0,0,False,Physical connector map; Independent all-connector completeness review; Revision match and electrical limits
source-board-3fa466addb77f4d351,reComputer Rugged J401,Seeed Studio,board,reference-only,0,0,0,0,False,Physical connector map; Independent all-connector completeness review; Revision match and electrical limits
source-board-7cf65477191ee9846a,reComputer Super J3011,Seeed Studio,board,reference-only,0,0,0,0,False,Physical connector map; Independent all-connector completeness review; Revision match and electrical limits
source-board-7f29cc7024abf427a8,reServer Industrial J2011,Seeed Studio,board,reference-only,0,0,0,0,False,Physical connector map; Independent all-connector completeness review; Revision match and electrical limits
source-board-7de6fd7504825d6327,reServer J501,Seeed Studio,board,reference-only,0,0,0,0,False,Physical connector map; Independent all-connector completeness review; Revision match and electrical limits
source-board-5d54dc68faf9496bcc,Robotics J401 Carrier Board,Seeed Studio,board,reference-only,0,0,0,0,False,Physical connector map; Independent all-connector completeness review; Revision match and electrical limits
source-board-f4f10eb1386711951c,Robotics J601 Carrier Board,Seeed Studio,board,reference-only,0,0,0,0,False,Physical connector map; Independent all-connector completeness review; Revision match and electrical limits
source-board-b2d3dd8ee676eeb89f,reSpeaker 2-Mics Pi HAT,Seeed Studio,board,reference-only,0,0,0,0,False,Physical connector map; Independent all-connector completeness review; Revision match and electrical limits
source-board-b84e8a922e3a30cb4f,reSpeaker 4-Mic Array for Raspberry Pi,Seeed Studio,board,reference-only,0,0,0,0,False,Physical connector map; Independent all-connector completeness review; Revision match and electrical limits
source-board-e9e6dfdd8e5811d456,reSpeaker 4-Mic Linear Array Kit for Raspberry Pi,Seeed Studio,board,reference-only,0,0,0,0,False,Physical connector map; Independent all-connector completeness review; Revision match and electrical limits
source-board-df361a596271197c9d,reSpeaker 6-Mic Circular Array Kit for Raspberry Pi,Seeed Studio,board,reference-only,0,0,0,0,False,Physical connector map; Independent all-connector completeness review; Revision match and electrical limits
source-board-f9c8b22056aff7ee5d,reSpeaker Clip,Seeed Studio,board,reference-only,0,0,0,0,False,Physical connector map; Independent all-connector completeness review; Revision match and electrical limits
source-board-ef3849c9841f7e80da,reSpeaker Core V2.0,Seeed Studio,board,reference-only,0,0,0,0,False,Physical connector map; Independent all-connector completeness review; Revision match and electrical limits
source-board-aa6405f26a11fada29,reSpeaker Flex Circular Mic Array,Seeed Studio,board,reference-only,0,0,0,0,False,Physical connector map; Independent all-connector completeness review; Revision match and electrical limits
source-board-6cff07730366ff4b43,reSpeaker Flex Linear Mic Array,Seeed Studio,board,reference-only,0,0,0,0,False,Physical connector map; Independent all-connector completeness review; Revision match and electrical limits
source-board-82e3454064f9081a15,reSpeaker USB 4-Mic Array XVF3000 V2.0,Seeed Studio,board,reference-only,0,0,0,0,False,Physical connector map; Independent all-connector completeness review; Revision match and electrical limits
source-board-d621c05b7c575ff0d3,reSpeaker USB 4-Mic Array XVF3000 V3.0,Seeed Studio,board,reference-only,0,0,0,0,False,Physical connector map; Independent all-connector completeness review; Revision match and electrical limits
source-board-862b85bf3d9027c3e4,reSpeaker USB Mic Array,Seeed Studio,board,reference-only,0,0,0,0,False,Physical connector map; Independent all-connector completeness review; Revision match and electrical limits
source-board-5fc752650eb8ceacc3,Grove - Joint V2.0,Seeed Studio,board,reference-only,0,0,0,0,False,Physical connector map; Independent all-connector completeness review; Revision match and electrical limits
source-board-0a8506110cfa3707bb,Seeeduino ADK Main Board,Seeed Studio,board,reference-only,0,0,0,0,False,Physical connector map; Independent all-connector completeness review; Revision match and electrical limits
source-board-f6083779010d881b32,Seeeduino Cloud,Seeed Studio,board,reference-only,0,0,0,0,False,Physical connector map; Independent all-connector completeness review; Revision match and electrical limits
source-board-f108aaa0da380f731b,Seeeduino Crypto (ATmega4809 ECC608),Seeed Studio,board,reference-only,0,0,0,0,False,Physical connector map; Independent all-connector completeness review; Revision match and electrical limits
source-board-d961153f752c60f409,Seeeduino Ethernet,Seeed Studio,board,reference-only,0,0,0,0,False,Physical connector map; Independent all-connector completeness review; Revision match and electrical limits
source-board-1d7e921e3904247e8c,Seeeduino GPRS,Seeed Studio,board,reference-only,0,0,0,0,False,Physical connector map; Independent all-connector completeness review; Revision match and electrical limits
source-board-fa2828bb33736dc422,Seeeduino Lite,Seeed Studio,board,reference-only,0,0,0,0,False,Physical connector map; Independent all-connector completeness review; Revision match and electrical limits
source-board-08acbdc74782d9deda,Seeeduino LoRaWAN,Seeed Studio,board,reference-only,0,0,0,0,False,Physical connector map; Independent all-connector completeness review; Revision match and electrical limits
source-board-06de7748e531b85b2f,Seeeduino Lotus,Seeed Studio,board,reference-only,0,0,0,0,False,Physical connector map; Independent all-connector completeness review; Revision match and electrical limits
source-board-3c45046ee247bf482f,Seeeduino Mega,Seeed Studio,board,reference-only,0,0,0,0,False,Physical connector map; Independent all-connector completeness review; Revision match and electrical limits
source-board-aee3cebfd65083aedf,Seeeduino Nano,Seeed Studio,board,reference-only,0,0,0,0,False,Physical connector map; Independent all-connector completeness review; Revision match and electrical limits
source-board-fe83e52f4b213af3e2,Seeeduino Stalker V1.0,Seeed Studio,board,reference-only,0,0,0,0,False,Physical connector map; Independent all-connector completeness review; Revision match and electrical limits
source-board-81647f2bd43b44ede6,Seeeduino Stalker V2.3,Seeed Studio,board,reference-only,0,0,0,0,False,Physical connector map; Independent all-connector completeness review; Revision match and electrical limits
source-board-841f15b713f34747aa,Seeeduino Stalker V3,Seeed Studio,board,reference-only,0,0,0,0,False,Physical connector map; Independent all-connector completeness review; Revision match and electrical limits
source-board-79da39109c298c1c4c,Seeeduino V4.0,Seeed Studio,board,reference-only,0,0,0,0,False,Physical connector map; Independent all-connector completeness review; Revision match and electrical limits
source-board-da3e9881423f9b6dad,IoT Button,Seeed Studio,board,reference-only,0,0,0,0,False,Physical connector map; Independent all-connector completeness review; Revision match and electrical limits
source-board-138969b01817b1e472,IoT Button for AWS,Seeed Studio,board,reference-only,0,0,0,0,False,Physical connector map; Independent all-connector completeness review; Revision match and electrical limits
source-board-93e8ed5cc8e7d6d1af,SenseCAP Card Tracker T1000-E,Seeed Studio,board,reference-only,0,0,0,0,False,Physical connector map; Independent all-connector completeness review; Revision match and electrical limits
source-board-53ef0544272aaa560c,SenseCAP M1 LoRaWAN Indoor Gateway,Seeed Studio,board,reference-only,0,0,0,0,False,Physical connector map; Independent all-connector completeness review; Revision match and electrical limits
source-board-83c49520a589e74cfa,SenseCAP M2 Multi-Platform Gateway,Seeed Studio,board,reference-only,0,0,0,0,False,Physical connector map; Independent all-connector completeness review; Revision match and electrical limits
source-board-ea973389e5013fc905,SenseCAP MeshTracker X1,Seeed Studio,board,reference-only,0,0,0,0,False,Physical connector map; Independent all-connector completeness review; Revision match and electrical limits
source-board-543509c5ebc201f64b,SenseCAP Solar Node P1,Seeed Studio,board,reference-only,0,0,0,0,False,Physical connector map; Independent all-connector completeness review; Revision match and electrical limits
source-board-50c907769be71a034c,SenseCAP T1000 Tracker,Seeed Studio,board,reference-only,0,0,0,0,False,Physical connector map; Independent all-connector completeness review; Revision match and electrical limits
source-board-93fd6c4164c1453cf3,SenseCAP T2000 Tracker,Seeed Studio,board,reference-only,0,0,0,0,False,Physical connector map; Independent all-connector completeness review; Revision match and electrical limits
source-board-e0696dfc461225e348,LPWAN Dev Kit for Sidewalk,Seeed Studio,board,reference-only,0,0,0,0,False,Physical connector map; Independent all-connector completeness review; Revision match and electrical limits
source-board-4dd0645e437d9bb35b,Wio Extension RTC,Seeed Studio,board,reference-only,0,0,0,0,False,Physical connector map; Independent all-connector completeness review; Revision match and electrical limits
source-board-881e745251b7644609,Wio Link,Seeed Studio,board,reference-only,0,0,0,0,False,Physical connector map; Independent all-connector completeness review; Revision match and electrical limits
source-board-8bd6582e4235bc3775,Wio Lite MG126,Seeed Studio,board,reference-only,0,0,0,0,False,Physical connector map; Independent all-connector completeness review; Revision match and electrical limits
source-board-1829d3f600c1767de9,Wio Lite RISC-V GD32VF103 with ESP8266,Seeed Studio,board,reference-only,0,0,0,0,False,Physical connector map; Independent all-connector completeness review; Revision match and electrical limits
source-board-817835a4e7b98f45d8,Wio Lite W600,Seeed Studio,board,reference-only,0,0,0,0,False,Physical connector map; Independent all-connector completeness review; Revision match and electrical limits
source-board-5d61cf770f4b2e3207,Wio LTE Cat M1-NB-IoT Tracker,Seeed Studio,board,reference-only,0,0,0,0,False,Physical connector map; Independent all-connector completeness review; Revision match and electrical limits
source-board-b97fc057797792a3c6,Wio LTE Cat.1,Seeed Studio,board,reference-only,0,0,0,0,False,Physical connector map; Independent all-connector completeness review; Revision match and electrical limits
source-board-1d1d1bc4a94c83068b,Wio Node,Seeed Studio,board,reference-only,0,0,0,0,False,Physical connector map; Independent all-connector completeness review; Revision match and electrical limits
source-board-51eb849298243e37e1,Wio Terminal Chassis - Battery (650mAh),Seeed Studio,board,reference-only,0,0,0,0,False,Physical connector map; Independent all-connector completeness review; Revision match and electrical limits
source-board-e480465de04274a647,Wio Terminal LoRaWAN Chassis with Antenna-built-in LoRa-E5 and GNSS,Seeed Studio,board,reference-only,0,0,0,0,False,Physical connector map; Independent all-connector completeness review; Revision match and electrical limits
source-board-37f9bdc8a14fc66753,"Wio Tracker - GPS, BT3.0, GSM",Seeed Studio,board,reference-only,0,0,0,0,False,Physical connector map; Independent all-connector completeness review; Revision match and electrical limits
source-board-7f5c6549cf76f5e412,Wio Tracker L1,Seeed Studio,board,reference-only,0,0,0,0,False,Physical connector map; Independent all-connector completeness review; Revision match and electrical limits
source-board-976577678dfc4cebe8,Wio Tracker L1 E-Ink,Seeed Studio,board,reference-only,0,0,0,0,False,Physical connector map; Independent all-connector completeness review; Revision match and electrical limits
source-board-73106bbb60db7faf8b,Wio Tracker L1 Pro,Seeed Studio,board,reference-only,0,0,0,0,False,Physical connector map; Independent all-connector completeness review; Revision match and electrical limits
source-board-0cb846db3217a93759,Wio Tracker L2,Seeed Studio,board,reference-only,0,0,0,0,False,Physical connector map; Independent all-connector completeness review; Revision match and electrical limits
source-board-2e3986c06a4bd69eb2,2KM Long Range RF Link Kit,Seeed Studio,board,reference-only,0,0,0,0,False,Physical connector map; Independent all-connector completeness review; Revision match and electrical limits
source-board-f1f0e06a863ef1294b,315MHz RF Link Kit,Seeed Studio,board,reference-only,0,0,0,0,False,Physical connector map; Independent all-connector completeness review; Revision match and electrical limits
source-board-e647bd642b7bcbb4a8,Bluetooth Bee - Standalone,Seeed Studio,board,reference-only,0,0,0,0,False,Physical connector map; Independent all-connector completeness review; Revision match and electrical limits
source-board-1839886bc22caa270e,Bluetooth V4.0 HM-11 BLE Module,Seeed Studio,board,reference-only,0,0,0,0,False,Physical connector map; Independent all-connector completeness review; Revision match and electrical limits
source-board-a17635f8ee434814e3,Grove - Node,Seeed Studio,board,reference-only,0,0,0,0,False,Physical connector map; Independent all-connector completeness review; Revision match and electrical limits
source-board-4a797fd4d0f753b7e3,Grove - Wio-E5,Seeed Studio,board,reference-only,0,0,0,0,False,Physical connector map; Independent all-connector completeness review; Revision match and electrical limits
source-board-8b0e3f03922c352347,Grove - XBee Carrier,Seeed Studio,board,reference-only,0,0,0,0,False,Physical connector map; Independent all-connector completeness review; Revision match and electrical limits
source-board-6ee8ce359d809bce59,LoNet 808 - Mini GSM-GPRS + GPS Breakout,Seeed Studio,board,reference-only,0,0,0,0,False,Physical connector map; Independent all-connector completeness review; Revision match and electrical limits
source-board-0dcaac442f6ce018ea,LoRa-LoRaWAN Gateway Kit,Seeed Studio,board,reference-only,0,0,0,0,False,Physical connector map; Independent all-connector completeness review; Revision match and electrical limits
source-board-ec912e26d3fcc14eb3,Wi-Fi HaLow Module for reCamera,Seeed Studio,board,reference-only,0,0,0,0,False,Physical connector map; Independent all-connector completeness review; Revision match and electrical limits
source-board-162d81500e3c01ba14,Wifi Bee,Seeed Studio,board,reference-only,0,0,0,0,False,Physical connector map; Independent all-connector completeness review; Revision match and electrical limits
source-board-46cc91e23ccadb5750,Wio-LR1121,Seeed Studio,board,reference-only,0,0,0,0,False,Physical connector map; Independent all-connector completeness review; Revision match and electrical limits
source-board-bea007a7950ac7b820,Wio-WM1110 Module,Seeed Studio,board,reference-only,0,0,0,0,False,Physical connector map; Independent all-connector completeness review; Revision match and electrical limits
source-board-9741860a7ed890420c,Xadow - 1.54 inch Touchscreen,Seeed Studio,board,reference-only,0,0,0,0,False,Physical connector map; Independent all-connector completeness review; Revision match and electrical limits
source-board-8140d9f3e2e3bc859c,Xadow - 3-Axis Accelerometer,Seeed Studio,board,reference-only,0,0,0,0,False,Physical connector map; Independent all-connector completeness review; Revision match and electrical limits
source-board-760407a57add0c79b9,Xadow - 3-Axis Digital Accelerometer (±400g),Seeed Studio,board,reference-only,0,0,0,0,False,Physical connector map; Independent all-connector completeness review; Revision match and electrical limits
source-board-3f1ebaab3d0ce223f5,Xadow - Audio,Seeed Studio,board,reference-only,0,0,0,0,False,Physical connector map; Independent all-connector completeness review; Revision match and electrical limits
source-board-456f84f8bad3aa3e68,Xadow - Barometer,Seeed Studio,board,reference-only,0,0,0,0,False,Physical connector map; Independent all-connector completeness review; Revision match and electrical limits
source-board-02d0f40df13ec735e8,Xadow - Barometer BMP180,Seeed Studio,board,reference-only,0,0,0,0,False,Physical connector map; Independent all-connector completeness review; Revision match and electrical limits
source-board-b559332bf40915efce,Xadow - Basic Sensors,Seeed Studio,board,reference-only,0,0,0,0,False,Physical connector map; Independent all-connector completeness review; Revision match and electrical limits
source-board-d1f05dd33e46312345,Xadow - BLE,Seeed Studio,board,reference-only,0,0,0,0,False,Physical connector map; Independent all-connector completeness review; Revision match and electrical limits
source-board-7882531805d6e08aa0,Xadow - BLE (Dual Model) V1.0,Seeed Studio,board,reference-only,0,0,0,0,False,Physical connector map; Independent all-connector completeness review; Revision match and electrical limits
source-board-6c8de1d39d78b75c1e,Xadow - BLE Slave,Seeed Studio,board,reference-only,0,0,0,0,False,Physical connector map; Independent all-connector completeness review; Revision match and electrical limits
source-board-93d8f17792275456ee,Xadow - Breakout,Seeed Studio,board,reference-only,0,0,0,0,False,Physical connector map; Independent all-connector completeness review; Revision match and electrical limits
source-board-bdd41cb388ce2d746e,Xadow - Buzzer,Seeed Studio,board,reference-only,0,0,0,0,False,Physical connector map; Independent all-connector completeness review; Revision match and electrical limits
source-board-0572d7a186005e7de8,Xadow - Compass,Seeed Studio,board,reference-only,0,0,0,0,False,Physical connector map; Independent all-connector completeness review; Revision match and electrical limits
source-board-f14ef57c3dbead5c50,Xadow - Duino,Seeed Studio,board,reference-only,0,0,0,0,False,Physical connector map; Independent all-connector completeness review; Revision match and electrical limits
source-board-5414779ffdbc65a2f0,Xadow - Gesture V1.0,Seeed Studio,board,reference-only,0,0,0,0,False,Physical connector map; Independent all-connector completeness review; Revision match and electrical limits
source-board-27844ac1e9c8730096,Xadow - GPS V2,Seeed Studio,board,reference-only,0,0,0,0,False,Physical connector map; Independent all-connector completeness review; Revision match and electrical limits
source-board-e780a26a33ed65ed4a,Xadow - GSM Breakout,Seeed Studio,board,reference-only,0,0,0,0,False,Physical connector map; Independent all-connector completeness review; Revision match and electrical limits
source-board-cb748eaee737a77b70,Xadow - IMU 10DOF,Seeed Studio,board,reference-only,0,0,0,0,False,Physical connector map; Independent all-connector completeness review; Revision match and electrical limits
source-board-7f96232cc48554253d,Xadow - IMU 9DOF,Seeed Studio,board,reference-only,0,0,0,0,False,Physical connector map; Independent all-connector completeness review; Revision match and electrical limits
source-board-bfc165752a28124f33,Xadow - LED 5x7,Seeed Studio,board,reference-only,0,0,0,0,False,Physical connector map; Independent all-connector completeness review; Revision match and electrical limits
source-board-7fd009287a0f9932df,Xadow - M0,Seeed Studio,board,reference-only,0,0,0,0,False,Physical connector map; Independent all-connector completeness review; Revision match and electrical limits
source-board-43a2f3a40bbde6d48a,Xadow - Main Board,Seeed Studio,board,reference-only,0,0,0,0,False,Physical connector map; Independent all-connector completeness review; Revision match and electrical limits
source-board-cf94c05464f1df9ad4,Xadow - Motor Driver,Seeed Studio,board,reference-only,0,0,0,0,False,Physical connector map; Independent all-connector completeness review; Revision match and electrical limits
source-board-e3a84d91705df46b1d,Xadow - Multichannel Gas Sensor,Seeed Studio,board,reference-only,0,0,0,0,False,Physical connector map; Independent all-connector completeness review; Revision match and electrical limits
source-board-8b620b9bf093f9fc7c,Xadow - NFC V2,Seeed Studio,board,reference-only,0,0,0,0,False,Physical connector map; Independent all-connector completeness review; Revision match and electrical limits
source-board-05e1108602f96cdaaf,Xadow - Pebble Time Adapter,Seeed Studio,board,reference-only,0,0,0,0,False,Physical connector map; Independent all-connector completeness review; Revision match and electrical limits
source-board-3ed41ac2f7590b1856,Xadow - Q Touch Sensor,Seeed Studio,board,reference-only,0,0,0,0,False,Physical connector map; Independent all-connector completeness review; Revision match and electrical limits
source-board-b7a01acf3f960b5f03,Xadow - RGB OLED 96x64,Seeed Studio,board,reference-only,0,0,0,0,False,Physical connector map; Independent all-connector completeness review; Revision match and electrical limits
source-board-9487d629d3d167d1c6,Xadow Wearable Kit for Edison,Seeed Studio,board,reference-only,0,0,0,0,False,Physical connector map; Independent all-connector completeness review; Revision match and electrical limits
source-board-237a8854b3461dfe7f,2-Channel Wi-Fi AC Relay Module,Seeed Studio,board,reference-only,0,0,0,0,False,Physical connector map; Independent all-connector completeness review; Revision match and electrical limits
source-board-9196615d93d4734b0d,24GHz mmWave for XIAO,Seeed Studio,board,reference-only,0,0,0,0,False,Physical connector map; Independent all-connector completeness review; Revision match and electrical limits
source-board-6e59abd77014f717d8,6-Channel Wi-Fi Relay Module,Seeed Studio,board,reference-only,0,0,0,0,False,Physical connector map; Independent all-connector completeness review; Revision match and electrical limits
source-board-a1072b0b8018f0fe99,Bus Servo Driver Board,Seeed Studio,board,reference-only,0,0,0,0,False,Physical connector map; Independent all-connector completeness review; Revision match and electrical limits
source-board-0779a1bafc1bf0d053,COB LED Driver Board for XIAO,Seeed Studio,board,reference-only,0,0,0,0,False,Physical connector map; Independent all-connector completeness review; Revision match and electrical limits
source-board-0238ffd3a86f18796a,ePaper Breakout Board for XIAO,Seeed Studio,board,reference-only,0,0,0,0,False,Physical connector map; Independent all-connector completeness review; Revision match and electrical limits
source-board-87745abe4316759f71,ePaper Driver Board for XIAO V2,Seeed Studio,board,reference-only,0,0,0,0,False,Physical connector map; Independent all-connector completeness review; Revision match and electrical limits
source-board-5b3ae6e603546a5545,IO Expander for XIAO,Seeed Studio,board,reference-only,0,0,0,0,False,Physical connector map; Independent all-connector completeness review; Revision match and electrical limits
source-board-e3199ac49cb857fde7,mmWave Human Detection Sensor Kit (MR24HPC1),Seeed Studio,board,reference-only,0,0,0,0,False,Physical connector map; Independent all-connector completeness review; Revision match and electrical limits
source-board-6a46acf091548bef03,MR60BHA2 60GHz mmWave Breathing and Heartbeat Detection Sensor Kit with XIAO ESP32C6,Seeed Studio,board,reference-only,0,0,0,0,False,Physical connector map; Independent all-connector completeness review; Revision match and electrical limits
source-board-1efb48e63932be5801,Relay Add On Module for XIAO,Seeed Studio,board,reference-only,0,0,0,0,False,Physical connector map; Independent all-connector completeness review; Revision match and electrical limits
source-board-97304de8e4eba3d420,Round Display for XIAO,Seeed Studio,board,reference-only,0,0,0,0,False,Physical connector map; Independent all-connector completeness review; Revision match and electrical limits
source-board-9e4525fbacabe917ab,Sound Event Detection Module,Seeed Studio,board,reference-only,0,0,0,0,False,Physical connector map; Independent all-connector completeness review; Revision match and electrical limits
source-board-e8913abb586f21436f,TRMNL 7.5inch (OG) DIY Kit,Seeed Studio,board,reference-only,0,0,0,0,False,Physical connector map; Independent all-connector completeness review; Revision match and electrical limits
source-board-3a832a8f02c1f6a4cd,XIAO 0.96inch IPS Display (ESP32S3),Seeed Studio,board,reference-only,0,0,0,0,False,Physical connector map; Independent all-connector completeness review; Revision match and electrical limits
source-board-52ca232e284ac4b5e6,XIAO 0.96inch IPS Display (nRF52840),Seeed Studio,board,reference-only,0,0,0,0,False,Physical connector map; Independent all-connector completeness review; Revision match and electrical limits
source-board-e7082eb182f614652b,XIAO 1.14inch IPS Display (ESP32S3),Seeed Studio,board,reference-only,0,0,0,0,False,Physical connector map; Independent all-connector completeness review; Revision match and electrical limits
source-board-bd5e884db0b986f040,XIAO 1.14inch IPS Display (nRF52840),Seeed Studio,board,reference-only,0,0,0,0,False,Physical connector map; Independent all-connector completeness review; Revision match and electrical limits
source-board-a7c495d474ce74ef6d,XIAO 1.47inch IPS Touch Display (ESP32S3),Seeed Studio,board,reference-only,0,0,0,0,False,Physical connector map; Independent all-connector completeness review; Revision match and electrical limits
source-board-1120ad25cf95f165f8,XIAO 1.47inch IPS Touch Display (nRF52840),Seeed Studio,board,reference-only,0,0,0,0,False,Physical connector map; Independent all-connector completeness review; Revision match and electrical limits
source-board-41d8dcc7a655426e80,XIAO 2-Channel Wi-Fi AC Energy Meter,Seeed Studio,board,reference-only,0,0,0,0,False,Physical connector map; Independent all-connector completeness review; Revision match and electrical limits
source-board-002270abd5db43ec4e,XIAO 7.5inch ePaper Panel,Seeed Studio,board,reference-only,0,0,0,0,False,Physical connector map; Independent all-connector completeness review; Revision match and electrical limits
source-board-5c82ea74255eb28bc7,XIAO Bus Servo Adapter,Seeed Studio,board,reference-only,0,0,0,0,False,Physical connector map; Independent all-connector completeness review; Revision match and electrical limits
source-board-bc55b23b3301baeb8e,XIAO CAN Bus Expansion Board,Seeed Studio,board,reference-only,0,0,0,0,False,Physical connector map; Independent all-connector completeness review; Revision match and electrical limits
source-board-4c7a32b6f6919ca9aa,XIAO IR Mate Smart IR Remote,Seeed Studio,board,reference-only,0,0,0,0,False,Physical connector map; Independent all-connector completeness review; Revision match and electrical limits
source-board-edc5342af766fe6ef7,XIAO MIDI Synthesizer,Seeed Studio,board,reference-only,0,0,0,0,False,Physical connector map; Independent all-connector completeness review; Revision match and electrical limits
source-board-86ebac141812f19aab,XIAO Soil Moisture Sensor,Seeed Studio,board,reference-only,0,0,0,0,False,Physical connector map; Independent all-connector completeness review; Revision match and electrical limits
source-board-933b042800cc892e4b,XIAO W5500 Ethernet Adapter,Seeed Studio,board,reference-only,0,0,0,0,False,Physical connector map; Independent all-connector completeness review; Revision match and electrical limits
source-board-43f9349d98852db142,Micro-bit V2,Waveshare,board,reference-only,0,0,0,0,False,Physical connector map; Independent all-connector completeness review; Revision match and electrical limits
source-board-58c935f3ada73fde17,ATmega,Unattributed chip reference,board,reference-only,0,0,0,0,False,Physical connector map; Independent all-connector completeness review; Revision match and electrical limits
source-board-0bb50be3f1eb6412d9,ATtiny,Unattributed chip reference,board,reference-only,0,0,0,0,False,Physical connector map; Independent all-connector completeness review; Revision match and electrical limits
lilygo-gpio-device-t-lora-pager,T-LoRa Pager,LILYGO,board,pinout-source,1,0,0,0,False,Independent all-connector completeness review; Revision match and electrical limits
lilygo-gpio-device-t-echo-lite,T-Echo Lite,LILYGO,board,pinout-source,1,0,0,0,False,Independent all-connector completeness review; Revision match and electrical limits
lilygo-gpio-device-t-echo-lite-core-v1-0,T-Echo Lite Core V1.0,LILYGO,board,reference-only,0,0,0,0,False,Physical connector map; Independent all-connector completeness review; Revision match and electrical limits
lilygo-gpio-device-t-watch-2019,T-Watch 2019,LILYGO,board,reference-only,0,0,0,0,False,Physical connector map; Independent all-connector completeness review; Revision match and electrical limits
wiphone-gpio-device-bus-pirate-daughter-board-v1-1,WiPhone Bus Pirate Daughter Board V1.1,WiPhone,board,pinout-source,3,0,0,0,False,Independent all-connector completeness review; Revision match and electrical limits
lilygo-gpio-device-t-embed-cc1101-plus,T-Embed CC1101 Plus,LILYGO,board,pinout-source,2,0,0,0,False,Independent all-connector completeness review; Revision match and electrical limits
maker-adafruit-ca3cc11716cc,Adafruit MAX98357 I2S Class-D Amps - Stereo and Mono,Adafruit,maker,pinout-source,1,0,1,9,False,Independent all-connector completeness review; Revision match and electrical limits
maker-existing-m5stack-expansion-module-gps-v2-0,Module GPS v2.0,M5Stack,maker,pinout-source,1,0,0,0,False,Independent all-connector completeness review; Revision match and electrical limits
maker-existing-source-board-44364c1110885a327e,Module GPS v2.1,M5Stack,maker,reference-only,0,0,0,0,False,Physical connector map; Independent all-connector completeness review; Revision match and electrical limits
maker-existing-source-board-5184d306f94dee5e99,Module LoRa433 v1.1,M5Stack,maker,reference-only,0,0,0,0,False,Physical connector map; Independent all-connector completeness review; Revision match and electrical limits
maker-existing-source-board-19fedbc3541758cfe4,Module LoRaWAN-EU868,M5Stack,maker,reference-only,0,0,0,0,False,Physical connector map; Independent all-connector completeness review; Revision match and electrical limits
maker-existing-m5stack-expansion-module13-2-lora-1262,Module13.2 LoRa-1262,M5Stack,maker,pinout-source,1,0,0,0,False,Independent all-connector completeness review; Revision match and electrical limits
maker-existing-m5stack-expansion-stamp-lora-1262,Stamp LoRa-1262,M5Stack,maker,pinout-source,1,0,0,0,False,Independent all-connector completeness review; Revision match and electrical limits
maker-existing-m5stack-expansion-stamp-lora-1262-i,Stamp LoRa-1262 I,M5Stack,maker,pinout-source,1,0,0,0,False,Independent all-connector completeness review; Revision match and electrical limits
maker-existing-m5stack-expansion-stamp-lora-1262-if,Stamp LoRa-1262 IF,M5Stack,maker,pinout-source,1,0,0,0,False,Independent all-connector completeness review; Revision match and electrical limits
maker-existing-m5stack-expansion-stamp-uwb,Stamp UWB,M5Stack,maker,pinout-source,1,0,0,0,False,Independent all-connector completeness review; Revision match and electrical limits
maker-existing-m5stack-expansion-stamp-uwb-f,Stamp UWB F,M5Stack,maker,pinout-source,1,0,0,0,False,Independent all-connector completeness review; Revision match and electrical limits
maker-existing-source-board-4d02ce62687c830d61,Unit CatM GNSS,M5Stack,maker,reference-only,0,0,0,0,False,Physical connector map; Independent all-connector completeness review; Revision match and electrical limits
maker-existing-source-board-4469908e23dfc1079d,Unit GPS,M5Stack,maker,reference-only,0,0,0,0,False,Physical connector map; Independent all-connector completeness review; Revision match and electrical limits
maker-existing-source-board-cfb352c345e0ddda30,Unit LoRaE220-433,M5Stack,maker,reference-only,0,0,0,0,False,Physical connector map; Independent all-connector completeness review; Revision match and electrical limits
maker-existing-source-board-fd2e7091a16298609a,Unit UWB,M5Stack,maker,reference-only,0,0,0,0,False,Physical connector map; Independent all-connector completeness review; Revision match and electrical limits
maker-existing-seeed-studio-expansion-bluetooth-bee,Bluetooth Bee,Seeed Studio,maker,pinout-source,1,0,0,0,False,Independent all-connector completeness review; Revision match and electrical limits
maker-existing-seeed-studio-expansion-dual-gigabit-ethernet-carrier-board-for-raspberry-pi-cm4,Dual Gigabit Ethernet Carrier Board for Raspberry Pi CM4,Seeed Studio,maker,pinout-source,3,0,0,0,False,Independent all-connector completeness review; Revision match and electrical limits
maker-existing-seeed-studio-expansion-gps-bee-kit,GPS Bee Kit,Seeed Studio,maker,pinout-source,1,0,0,0,False,Independent all-connector completeness review; Revision match and electrical limits
maker-existing-seeed-studio-expansion-l76-l-gnss-module-for-xiao,L76-L GNSS Module for XIAO,Seeed Studio,maker,pinout-source,1,0,0,0,False,Independent all-connector completeness review; Revision match and electrical limits
maker-existing-seeed-studio-expansion-l76k-gnss-module-for-xiao,L76K GNSS Module for XIAO,Seeed Studio,maker,pinout-source,2,0,0,0,False,Independent all-connector completeness review; Revision match and electrical limits
maker-existing-seeed-studio-expansion-serial-port-bluetooth-module-master-slave,Serial Port Bluetooth Module (Master-Slave),Seeed Studio,maker,pinout-source,1,0,0,0,False,Independent all-connector completeness review; Revision match and electrical limits
maker-existing-seeed-studio-expansion-wm1302-lorawan-gateway-module,WM1302 LoRaWAN Gateway Module,Seeed Studio,maker,pinout-source,1,0,0,0,False,Independent all-connector completeness review; Revision match and electrical limits
maker-existing-seeed-studio-expansion-wi-fi-halow-module-for-xiao,Wi-Fi HaLow Module for XIAO,Seeed Studio,maker,reference-only,0,0,0,0,False,Physical connector map; Independent all-connector completeness review; Revision match and electrical limits
maker-sparkfun-986796aabfec,Qwiic Twist Hookup Guide,SparkFun,maker,reference-only,0,0,0,0,False,Physical connector map; Independent all-connector completeness review; Revision match and electrical limits
maker-adafruit-8b83680fc8bb,"0.96"" mini Color OLED",Adafruit,maker,pinout-source,1,0,1,10,False,Independent all-connector completeness review; Revision match and electrical limits
maker-adafruit-f9445ce8ab45,"1.8"" TFT Display Breakout and Shield",Adafruit,maker,pinout-source,1,0,1,10,False,Independent all-connector completeness review; Revision match and electrical limits
maker-adafruit-541cb8b6d293,"2.2"" TFT Display",Adafruit,maker,pinout-source,1,0,1,10,False,Independent all-connector completeness review; Revision match and electrical limits
maker-adafruit-b1353880bff2,"Adafruit 1.27"" and 1.5"" Color OLED Breakout Board",Adafruit,maker,pinout-source,2,0,2,22,False,Independent all-connector completeness review; Revision match and electrical limits
maker-adafruit-fc5529ac841e,"Adafruit 1.3"" and 1.54"" 240x240 Wide Angle TFT LCD Displays",Adafruit,maker,pinout-source,2,0,2,23,False,Independent all-connector completeness review; Revision match and electrical limits
maker-adafruit-cdbedfac50f7,"Adafruit 2.13"" eInk Display Breakouts and FeatherWings",Adafruit,maker,pinout-source,7,0,3,39,False,Independent all-connector completeness review; Revision match and electrical limits
maker-adafruit-4b55b6d2c219,"Adafruit 2.4"" Color TFT Touchscreen Breakout",Adafruit,maker,pinout-source,1,0,1,40,False,Independent all-connector completeness review; Revision match and electrical limits
maker-adafruit-ca7cb99c2341,Adafruit LED Backpacks,Adafruit,maker,reference-only,0,0,0,0,False,Physical connector map; Independent all-connector completeness review; Revision match and electrical limits
maker-adafruit-bc27aae30369,Adafruit OLED FeatherWing,Adafruit,maker,reference-only,0,0,0,0,False,Physical connector map; Independent all-connector completeness review; Revision match and electrical limits
maker-adafruit-d7c5159e09e2,Adafruit Sharp Memory Display Breakout,Adafruit,maker,reference-only,0,0,0,0,False,Physical connector map; Independent all-connector completeness review; Revision match and electrical limits
maker-adafruit-58b0ba90bb84,Adafruit eInk Display Breakouts and FeatherWings,Adafruit,maker,pinout-source,7,0,3,39,False,Independent all-connector completeness review; Revision match and electrical limits
maker-adafruit-eca3f9239995,Character LCDs,Adafruit,maker,reference-only,0,0,0,0,False,Physical connector map; Independent all-connector completeness review; Revision match and electrical limits
maker-adafruit-e49788b786b1,Monochrome OLED Breakouts,Adafruit,maker,pinout-source,4,0,4,30,False,Independent all-connector completeness review; Revision match and electrical limits
maker-adafruit-6bca959feda8,RGB LCD Shield,Adafruit,maker,reference-only,0,0,0,0,False,Physical connector map; Independent all-connector completeness review; Revision match and electrical limits
maker-dfrobot-ae656a153017,Fermion: 2.8” 320x240 TFT LCD Resistive Touchscreen Display Module / DFR0665,DFRobot,maker,functions-only,0,0,1,12,False,Physical connector map; Independent all-connector completeness review; Revision match and electrical limits
maker-dfrobot-606a7d411fa4,Gravity: 1602 LCD Keypad Shield / DFR0009,DFRobot,maker,pinout-source,1,0,0,0,False,Independent all-connector completeness review; Revision match and electrical limits
maker-dfrobot-7ceb5287a0ce,Gravity: I2C LCD1602 Display Module / DFR0555,DFRobot,maker,functions-only,0,0,1,4,False,Physical connector map; Independent all-connector completeness review; Revision match and electrical limits
maker-dfrobot-7521fd62c4f9,Gravity: I2C LCD1602 Display Module / DFR0556,DFRobot,maker,functions-only,0,0,1,4,False,Physical connector map; Independent all-connector completeness review; Revision match and electrical limits
maker-dfrobot-399292cc8ff3,Gravity: I2C LCD1602 Display Module / DFR0557,DFRobot,maker,functions-only,0,0,1,4,False,Physical connector map; Independent all-connector completeness review; Revision match and electrical limits
maker-dfrobot-06087436c228,Gravity: LCD12864 Shield for Arduino / DFR0287,DFRobot,maker,pinout-source,1,0,0,0,False,Independent all-connector completeness review; Revision match and electrical limits
maker-dfrobot-0a169a5b688e,I2C 16x2 LCD Display Module / TOY0046,DFRobot,maker,missing,0,0,0,0,False,Physical connector map; Independent all-connector completeness review; Revision match and electrical limits
maker-generic-gc9a01-round-tft-modules,GC9A01 round TFT modules,Generic / manufacturer unconfirmed,maker,missing,0,0,0,0,False,Physical connector map; Independent all-connector completeness review; Revision match and electrical limits
maker-generic-hd44780-character-lcd-modules,HD44780 character LCD modules,Generic / manufacturer unconfirmed,maker,missing,0,0,0,0,False,Physical connector map; Independent all-connector completeness review; Revision match and electrical limits
maker-generic-ili9341-tft-modules,ILI9341 TFT modules,Generic / manufacturer unconfirmed,maker,missing,0,0,0,0,False,Physical connector map; Independent all-connector completeness review; Revision match and electrical limits
maker-generic-sh1106-oled-modules,SH1106 OLED modules,Generic / manufacturer unconfirmed,maker,missing,0,0,0,0,False,Physical connector map; Independent all-connector completeness review; Revision match and electrical limits
maker-generic-ssd1306-oled-modules,SSD1306 OLED modules,Generic / manufacturer unconfirmed,maker,missing,0,0,0,0,False,Physical connector map; Independent all-connector completeness review; Revision match and electrical limits
maker-generic-st7735-tft-modules,ST7735 TFT modules,Generic / manufacturer unconfirmed,maker,missing,0,0,0,0,False,Physical connector map; Independent all-connector completeness review; Revision match and electrical limits
maker-generic-st7789-tft-modules,ST7789 TFT modules,Generic / manufacturer unconfirmed,maker,missing,0,0,0,0,False,Physical connector map; Independent all-connector completeness review; Revision match and electrical limits
maker-existing-m5stack-expansion-display-1-14-for-sticks3,Display 1.14 For StickS3,M5Stack,maker,pinout-source,1,0,0,0,False,Independent all-connector completeness review; Revision match and electrical limits
maker-existing-source-board-583a02cdb5e4a40a07,Unit LCD,M5Stack,maker,reference-only,0,0,0,0,False,Physical connector map; Independent all-connector completeness review; Revision match and electrical limits
maker-existing-source-board-006d629d6c06146f9f,Unit Mini OLED,M5Stack,maker,reference-only,0,0,0,0,False,Physical connector map; Independent all-connector completeness review; Revision match and electrical limits
maker-existing-source-board-ee98e1a23278e9d676,Unit OLED,M5Stack,maker,reference-only,0,0,0,0,False,Physical connector map; Independent all-connector completeness review; Revision match and electrical limits
maker-pimoroni-99fbaa8c4c7a,Inky pHAT (4 Colour ePaper/E Ink®/EPD),Pimoroni,maker,reference-only,0,0,0,0,False,Physical connector map; Independent all-connector completeness review; Revision match and electrical limits
maker-existing-seeed-studio-expansion-1-47-inch-lcd-spi-display,1.47 inch LCD SPI Display,Seeed Studio,maker,pinout-source,1,0,0,0,False,Independent all-connector completeness review; Revision match and electrical limits
maker-existing-seeed-studio-expansion-1-69-inch-lcd-spi-display,1.69 inch LCD SPI Display,Seeed Studio,maker,pinout-source,1,0,0,0,False,Independent all-connector completeness review; Revision match and electrical limits
maker-existing-source-board-b7a01acf3f960b5f03,Xadow - RGB OLED 96x64,Seeed Studio,maker,reference-only,0,0,0,0,False,Physical connector map; Independent all-connector completeness review; Revision match and electrical limits
maker-waveshare-9a5a6596f5ff,0.91inch OLED Module,Waveshare,maker,functions-only,0,0,1,4,False,Physical connector map; Independent all-connector completeness review; Revision match and electrical limits
maker-waveshare-5ac502d2453f,0.95inch RGB OLED (A),Waveshare,maker,functions-only,0,0,1,8,False,Physical connector map; Independent all-connector completeness review; Revision match and electrical limits
maker-waveshare-ccb8a9d6d370,0.95inch RGB OLED (B),Waveshare,maker,functions-only,0,0,1,8,False,Physical connector map; Independent all-connector completeness review; Revision match and electrical limits
maker-waveshare-919a4c1e2397,0.96inch LCD Module,Waveshare,maker,reference-only,0,0,0,0,False,Physical connector map; Independent all-connector completeness review; Revision match and electrical limits
maker-waveshare-373c12f5f380,0.96inch OLED (A),Waveshare,maker,functions-only,0,0,1,8,False,Physical connector map; Independent all-connector completeness review; Revision match and electrical limits
maker-waveshare-5275c80a3c4f,0.96inch OLED (B),Waveshare,maker,functions-only,0,0,1,8,False,Physical connector map; Independent all-connector completeness review; Revision match and electrical limits
maker-waveshare-a8bb3247b32e,1.14inch LCD Module,Waveshare,maker,reference-only,0,0,0,0,False,Physical connector map; Independent all-connector completeness review; Revision match and electrical limits
maker-waveshare-9926a68263bc,1.28inch LCD Module,Waveshare,maker,reference-only,0,0,0,0,False,Physical connector map; Independent all-connector completeness review; Revision match and electrical limits
maker-waveshare-34cae83a82fb,1.3inch OLED (A),Waveshare,maker,reference-only,0,0,0,0,False,Physical connector map; Independent all-connector completeness review; Revision match and electrical limits
maker-waveshare-85832ce2eb1a,1.3inch OLED (B),Waveshare,maker,reference-only,0,0,0,0,False,Physical connector map; Independent all-connector completeness review; Revision match and electrical limits
maker-waveshare-cfe7acc968c7,1.3inch OLED Module (C),Waveshare,maker,functions-only,0,0,1,7,False,Physical connector map; Independent all-connector completeness review; Revision match and electrical limits
maker-waveshare-41d89c7fc84c,1.54inch LCD Module,Waveshare,maker,reference-only,0,0,0,0,False,Physical connector map; Independent all-connector completeness review; Revision match and electrical limits
maker-waveshare-650eb3657ddc,1.54inch e-Paper Module,Waveshare,maker,functions-only,0,0,1,8,False,Physical connector map; Independent all-connector completeness review; Revision match and electrical limits
maker-waveshare-d0854e2e3aac,1.54inch e-Paper Module (B),Waveshare,maker,functions-only,0,0,1,8,False,Physical connector map; Independent all-connector completeness review; Revision match and electrical limits
maker-waveshare-b620a7fafe92,1.54inch e-Paper Module (C),Waveshare,maker,reference-only,0,0,0,0,False,Physical connector map; Independent all-connector completeness review; Revision match and electrical limits
maker-waveshare-ace990e37982,1.5inch OLED Module,Waveshare,maker,functions-only,0,0,1,7,False,Physical connector map; Independent all-connector completeness review; Revision match and electrical limits
maker-waveshare-570622d23479,1.5inch RGB OLED Module,Waveshare,maker,functions-only,0,0,1,7,False,Physical connector map; Independent all-connector completeness review; Revision match and electrical limits
maker-waveshare-215ef83b82ed,1.64inch e-Paper Module (G),Waveshare,maker,reference-only,0,0,0,0,False,Physical connector map; Independent all-connector completeness review; Revision match and electrical limits
maker-waveshare-1108cb7746dd,10.3inch e-Paper HAT,Waveshare,maker,functions-only,0,0,3,25,False,Physical connector map; Independent all-connector completeness review; Revision match and electrical limits
maker-waveshare-550c10c9a80a,10.3inch e-Paper HAT (D),Waveshare,maker,functions-only,0,0,3,25,False,Physical connector map; Independent all-connector completeness review; Revision match and electrical limits
maker-waveshare-24322c40a629,12.48inch e-Paper Module,Waveshare,maker,reference-only,0,0,0,0,False,Physical connector map; Independent all-connector completeness review; Revision match and electrical limits
maker-waveshare-7f5c496e7ca7,12.48inch e-Paper Module (B),Waveshare,maker,reference-only,0,0,0,0,False,Physical connector map; Independent all-connector completeness review; Revision match and electrical limits
maker-waveshare-0a7b41d142f9,13.3inch e-Paper HAT,Waveshare,maker,functions-only,0,0,3,25,False,Physical connector map; Independent all-connector completeness review; Revision match and electrical limits
maker-waveshare-2321eac99561,13.3inch e-Paper HAT (K),Waveshare,maker,reference-only,0,0,0,0,False,Physical connector map; Independent all-connector completeness review; Revision match and electrical limits
maker-waveshare-d604fc30b057,2.13inch Touch e-Paper HAT,Waveshare,maker,reference-only,0,0,0,0,False,Physical connector map; Independent all-connector completeness review; Revision match and electrical limits
maker-waveshare-d97e93508b6f,2.13inch e-Paper Cloud Module,Waveshare,maker,functions-only,0,0,1,10,False,Physical connector map; Independent all-connector completeness review; Revision match and electrical limits
maker-waveshare-bd07805881af,2.13inch e-Paper HAT,Waveshare,maker,reference-only,0,0,0,0,False,Physical connector map; Independent all-connector completeness review; Revision match and electrical limits
maker-waveshare-3345ab94c78d,2.13inch e-Paper HAT (B),Waveshare,maker,reference-only,0,0,0,0,False,Physical connector map; Independent all-connector completeness review; Revision match and electrical limits
maker-waveshare-9c3c662ef20d,2.13inch e-Paper HAT (C),Waveshare,maker,reference-only,0,0,0,0,False,Physical connector map; Independent all-connector completeness review; Revision match and electrical limits
maker-waveshare-16f7dc0a1d9b,2.13inch e-Paper HAT (D),Waveshare,maker,reference-only,0,0,0,0,False,Physical connector map; Independent all-connector completeness review; Revision match and electrical limits
maker-waveshare-2442ca9ad5a2,2.23inch OLED HAT,Waveshare,maker,functions-only,0,0,1,7,False,Physical connector map; Independent all-connector completeness review; Revision match and electrical limits
maker-waveshare-ab108237da08,2.4inch LCD Module,Waveshare,maker,reference-only,0,0,0,0,False,Physical connector map; Independent all-connector completeness review; Revision match and electrical limits
maker-waveshare-6773e8d3e990,2.66inch e-Paper Module,Waveshare,maker,reference-only,0,0,0,0,False,Physical connector map; Independent all-connector completeness review; Revision match and electrical limits
maker-waveshare-8039850471d4,2.66inch e-Paper Module (B),Waveshare,maker,reference-only,0,0,0,0,False,Physical connector map; Independent all-connector completeness review; Revision match and electrical limits
maker-waveshare-4471a6117c04,2.7inch e-Paper HAT,Waveshare,maker,reference-only,0,0,0,0,False,Physical connector map; Independent all-connector completeness review; Revision match and electrical limits
maker-waveshare-7bf8c5902568,2.7inch e-Paper HAT (B),Waveshare,maker,reference-only,0,0,0,0,False,Physical connector map; Independent all-connector completeness review; Revision match and electrical limits
maker-waveshare-91a5be63d277,2.8inch Resistive Touch LCD,Waveshare,maker,reference-only,0,0,0,0,False,Physical connector map; Independent all-connector completeness review; Revision match and electrical limits
maker-waveshare-faad3351cbb4,2.9inch Touch e-Paper HAT,Waveshare,maker,reference-only,0,0,0,0,False,Physical connector map; Independent all-connector completeness review; Revision match and electrical limits
maker-waveshare-95878eb54795,2.9inch e-Paper HAT (D),Waveshare,maker,reference-only,0,0,0,0,False,Physical connector map; Independent all-connector completeness review; Revision match and electrical limits
maker-waveshare-d69b009b4393,2.9inch e-Paper Module,Waveshare,maker,reference-only,0,0,0,0,False,Physical connector map; Independent all-connector completeness review; Revision match and electrical limits
maker-waveshare-ad87a11a3c9b,2.9inch e-Paper Module (B),Waveshare,maker,reference-only,0,0,0,0,False,Physical connector map; Independent all-connector completeness review; Revision match and electrical limits
maker-waveshare-d97af5afc577,2.9inch e-Paper Module (C),Waveshare,maker,reference-only,0,0,0,0,False,Physical connector map; Independent all-connector completeness review; Revision match and electrical limits
maker-waveshare-1cd781a89574,2inch LCD Module,Waveshare,maker,reference-only,0,0,0,0,False,Physical connector map; Independent all-connector completeness review; Revision match and electrical limits
maker-waveshare-e2262dadb5e8,3.52inch e-Paper HAT,Waveshare,maker,reference-only,0,0,0,0,False,Physical connector map; Independent all-connector completeness review; Revision match and electrical limits
maker-waveshare-f052759af7bf,3.7inch e-Paper HAT,Waveshare,maker,reference-only,0,0,0,0,False,Physical connector map; Independent all-connector completeness review; Revision match and electrical limits
maker-waveshare-6861e5e11fc6,3inch e-Paper Module (G),Waveshare,maker,reference-only,0,0,0,0,False,Physical connector map; Independent all-connector completeness review; Revision match and electrical limits
maker-waveshare-95f16767c5b0,4.01inch e-Paper HAT (F),Waveshare,maker,reference-only,0,0,0,0,False,Physical connector map; Independent all-connector completeness review; Revision match and electrical limits
maker-waveshare-01c68237b637,4.01inch e-Paper Module (F),Waveshare,maker,reference-only,0,0,0,0,False,Physical connector map; Independent all-connector completeness review; Revision match and electrical limits
maker-waveshare-596a74e959a5,4.2inch e-Paper Cloud Module,Waveshare,maker,reference-only,0,0,0,0,False,Physical connector map; Independent all-connector completeness review; Revision match and electrical limits
maker-waveshare-7ad311da1c26,4.2inch e-Paper Module,Waveshare,maker,reference-only,0,0,0,0,False,Physical connector map; Independent all-connector completeness review; Revision match and electrical limits
maker-waveshare-1ce8fb9f0b76,4.2inch e-Paper Module (B),Waveshare,maker,reference-only,0,0,0,0,False,Physical connector map; Independent all-connector completeness review; Revision match and electrical limits
maker-waveshare-4b51a4011fe6,4.2inch e-Paper Module (C),Waveshare,maker,reference-only,0,0,0,0,False,Physical connector map; Independent all-connector completeness review; Revision match and electrical limits
maker-waveshare-ca6ff85d88cc,4.3inch e-Paper UART Module,Waveshare,maker,reference-only,0,0,0,0,False,Physical connector map; Independent all-connector completeness review; Revision match and electrical limits
maker-waveshare-dda30e9fd090,5.65inch e-Paper Module (F),Waveshare,maker,reference-only,0,0,0,0,False,Physical connector map; Independent all-connector completeness review; Revision match and electrical limits
maker-waveshare-84506f22447b,5.83inch e-Paper HAT,Waveshare,maker,reference-only,0,0,0,0,False,Physical connector map; Independent all-connector completeness review; Revision match and electrical limits
maker-waveshare-6a6c3a42824b,5.83inch e-Paper HAT (B),Waveshare,maker,reference-only,0,0,0,0,False,Physical connector map; Independent all-connector completeness review; Revision match and electrical limits
maker-waveshare-66ba510e06ae,5.83inch e-Paper HAT (C),Waveshare,maker,reference-only,0,0,0,0,False,Physical connector map; Independent all-connector completeness review; Revision match and electrical limits
maker-waveshare-227ca87dad49,6inch HD e-Paper HAT,Waveshare,maker,functions-only,0,0,3,25,False,Physical connector map; Independent all-connector completeness review; Revision match and electrical limits
maker-waveshare-476460b2cfcd,6inch e-Paper HAT,Waveshare,maker,functions-only,0,0,3,25,False,Physical connector map; Independent all-connector completeness review; Revision match and electrical limits
maker-waveshare-c1e1bc056690,7.3inch e-Paper HAT (G),Waveshare,maker,reference-only,0,0,0,0,False,Physical connector map; Independent all-connector completeness review; Revision match and electrical limits
maker-waveshare-79b43c26938d,7.5inch HD e-Paper HAT,Waveshare,maker,reference-only,0,0,0,0,False,Physical connector map; Independent all-connector completeness review; Revision match and electrical limits
maker-waveshare-b350e0bcb5a6,7.5inch HD e-Paper HAT (B),Waveshare,maker,reference-only,0,0,0,0,False,Physical connector map; Independent all-connector completeness review; Revision match and electrical limits
maker-waveshare-e61b17de1ca1,7.5inch e-Paper (G),Waveshare,maker,reference-only,0,0,0,0,False,Physical connector map; Independent all-connector completeness review; Revision match and electrical limits
maker-waveshare-e35cd3f2ab4a,7.5inch e-Paper HAT,Waveshare,maker,reference-only,0,0,0,0,False,Physical connector map; Independent all-connector completeness review; Revision match and electrical limits
maker-waveshare-b98c577cb381,7.5inch e-Paper HAT (B),Waveshare,maker,reference-only,0,0,0,0,False,Physical connector map; Independent all-connector completeness review; Revision match and electrical limits
maker-waveshare-cd213f214956,7.5inch e-Paper HAT (C),Waveshare,maker,reference-only,0,0,0,0,False,Physical connector map; Independent all-connector completeness review; Revision match and electrical limits
maker-waveshare-57eb73e46ab7,7.8inch e-Paper HAT,Waveshare,maker,functions-only,0,0,3,25,False,Physical connector map; Independent all-connector completeness review; Revision match and electrical limits
maker-waveshare-1323e6016990,9.7inch e-Paper HAT,Waveshare,maker,functions-only,0,0,3,25,False,Physical connector map; Independent all-connector completeness review; Revision match and electrical limits
maker-adafruit-824c400d04a1,Adafruit MPR121 12-Key Capacitive Touch Sensor Gator Breakout,Adafruit,maker,pinout-source,1,0,1,20,False,Independent all-connector completeness review; Revision match and electrical limits
maker-generic-ky-040-rotary-encoder-clones,KY-040 rotary encoder clones,Generic / manufacturer unconfirmed,maker,missing,0,0,0,0,False,Physical connector map; Independent all-connector completeness review; Revision match and electrical limits
maker-generic-mechanical-pushbutton-modules,Mechanical pushbutton modules,Generic / manufacturer unconfirmed,maker,missing,0,0,0,0,False,Physical connector map; Independent all-connector completeness review; Revision match and electrical limits
maker-joy-it-31690f72dc67,KY-002 Vibration switch,Joy-IT,maker,pinout-source,1,0,0,0,False,Independent all-connector completeness review; Revision match and electrical limits
maker-joy-it-52321e6c2236,KY-004 Button,Joy-IT,maker,pinout-source,1,0,0,0,False,Independent all-connector completeness review; Revision match and electrical limits
maker-joy-it-3a585fd9e9dc,KY-017 Tilt switch,Joy-IT,maker,pinout-source,1,0,0,0,False,Independent all-connector completeness review; Revision match and electrical limits
maker-joy-it-1baa1dfaa7b5,KY-020 Tilt switch,Joy-IT,maker,pinout-source,1,0,0,0,False,Independent all-connector completeness review; Revision match and electrical limits
maker-joy-it-527879a218d8,KY-023 Joystick (X-Y-Axis),Joy-IT,maker,pinout-source,1,0,0,0,False,Independent all-connector completeness review; Revision match and electrical limits
maker-joy-it-e32b473dd46c,KY-036 Metal-touch sensor,Joy-IT,maker,pinout-source,1,0,0,0,False,Independent all-connector completeness review; Revision match and electrical limits
maker-joy-it-d820c64e1242,KY-040 Rotary encoder,Joy-IT,maker,pinout-source,1,0,0,0,False,Independent all-connector completeness review; Revision match and electrical limits
maker-existing-m5stack-expansion-faces-encoder,Faces Encoder,M5Stack,maker,reference-only,0,0,0,0,False,Physical connector map; Independent all-connector completeness review; Revision match and electrical limits
maker-existing-m5stack-expansion-faces-joystick,Faces Joystick,M5Stack,maker,reference-only,0,0,0,0,False,Physical connector map; Independent all-connector completeness review; Revision match and electrical limits
maker-existing-m5stack-expansion-faces-qwerty,Faces QWERTY,M5Stack,maker,reference-only,0,0,0,0,False,Physical connector map; Independent all-connector completeness review; Revision match and electrical limits
maker-existing-m5stack-expansion-hat-cardkb,Hat CardKB,M5Stack,maker,reference-only,0,0,0,0,False,Physical connector map; Independent all-connector completeness review; Revision match and electrical limits
maker-existing-source-board-6e3dc9690edea8068a,Module 4EncoderMotor,M5Stack,maker,reference-only,0,0,0,0,False,Physical connector map; Independent all-connector completeness review; Revision match and electrical limits
maker-existing-source-board-a56f7ffa7285274433,Module 4EncoderMotor v1.1,M5Stack,maker,reference-only,0,0,0,0,False,Physical connector map; Independent all-connector completeness review; Revision match and electrical limits
maker-existing-source-board-834f40b2126ac18fbc,Unit 8Encoder,M5Stack,maker,reference-only,0,0,0,0,False,Physical connector map; Independent all-connector completeness review; Revision match and electrical limits
maker-existing-source-board-93f8f5b86b82e353c4,Unit Button,M5Stack,maker,reference-only,0,0,0,0,False,Physical connector map; Independent all-connector completeness review; Revision match and electrical limits
maker-existing-source-board-a5c1c864be6e705563,Unit ByteButton,M5Stack,maker,reference-only,0,0,0,0,False,Physical connector map; Independent all-connector completeness review; Revision match and electrical limits
maker-existing-source-board-49a7e629a0418a8886,Unit ByteSwitch,M5Stack,maker,reference-only,0,0,0,0,False,Physical connector map; Independent all-connector completeness review; Revision match and electrical limits
maker-existing-m5stack-expansion-unit-cardkb,Unit CardKB,M5Stack,maker,reference-only,0,0,0,0,False,Physical connector map; Independent all-connector completeness review; Revision match and electrical limits
maker-existing-m5stack-expansion-unit-cardkb-v1-1,Unit CardKB v1.1,M5Stack,maker,reference-only,0,0,0,0,False,Physical connector map; Independent all-connector completeness review; Revision match and electrical limits
maker-existing-source-board-399179cf665cf2d916,Unit CardKB2,M5Stack,maker,reference-only,0,0,0,0,False,Physical connector map; Independent all-connector completeness review; Revision match and electrical limits
maker-existing-source-board-943d0b181f92dbfc8e,Unit Dual Button,M5Stack,maker,reference-only,0,0,0,0,False,Physical connector map; Independent all-connector completeness review; Revision match and electrical limits
maker-existing-source-board-a70dad63858e101475,Unit Encoder,M5Stack,maker,reference-only,0,0,0,0,False,Physical connector map; Independent all-connector completeness review; Revision match and electrical limits
maker-existing-source-board-57db784a8a3386d537,Unit ExtEncoder,M5Stack,maker,reference-only,0,0,0,0,False,Physical connector map; Independent all-connector completeness review; Revision match and electrical limits
maker-existing-source-board-8b464318f392fbaf9c,Unit Joystick v1.1,M5Stack,maker,reference-only,0,0,0,0,False,Physical connector map; Independent all-connector completeness review; Revision match and electrical limits
maker-existing-source-board-637ca1de735dc5e859,Unit Joystick2,M5Stack,maker,reference-only,0,0,0,0,False,Physical connector map; Independent all-connector completeness review; Revision match and electrical limits
maker-existing-source-board-3ed41ac2f7590b1856,Xadow - Q Touch Sensor,Seeed Studio,maker,reference-only,0,0,0,0,False,Physical connector map; Independent all-connector completeness review; Revision match and electrical limits
maker-sparkfun-6f14efd964ef,SparkFun Qwiic Button Hookup Guide,SparkFun,maker,reference-only,0,0,0,0,False,Physical connector map; Independent all-connector completeness review; Revision match and electrical limits
maker-adafruit-9b2288f1d41e,"Adafruit 2.8"" TFT Touch Shield v2 - Capacitive or Resistive",Adafruit,maker,pinout-source,1,0,1,4,False,Independent all-connector completeness review; Revision match and electrical limits
maker-adafruit-cda7bdb9542d,Adafruit 4-Channel ADC Breakouts,Adafruit,maker,pinout-source,2,0,2,40,False,Independent all-connector completeness review; Revision match and electrical limits
maker-adafruit-f3f7192319ed,Adafruit DS3231 Precision RTC Breakout,Adafruit,maker,pinout-source,1,0,1,16,False,Independent all-connector completeness review; Revision match and electrical limits
maker-adafruit-0f530fade5b8,Adafruit MCP23017 I2C GPIO Expander,Adafruit,maker,reference-only,0,0,0,0,False,Physical connector map; Independent all-connector completeness review; Revision match and electrical limits
maker-adafruit-4055f8db746a,Adafruit PCF8523 Real Time Clock,Adafruit,maker,pinout-source,1,0,1,13,False,Independent all-connector completeness review; Revision match and electrical limits
maker-adafruit-f85e5df8527b,Adafruit TCA9548A 1-to-8 I2C Multiplexer Breakout,Adafruit,maker,pinout-source,1,0,1,24,False,Independent all-connector completeness review; Revision match and electrical limits
maker-adafruit-fa8225e29b1c,MCP4725 12-Bit DAC Tutorial,Adafruit,maker,pinout-source,1,0,1,16,False,Independent all-connector completeness review; Revision match and electrical limits
maker-dfrobot-46da4b20f4ef,Gravity: I2C to Dual UART Module / DFR0627,DFRobot,maker,reference-only,0,0,0,0,False,Physical connector map; Independent all-connector completeness review; Revision match and electrical limits
maker-generic-microsd-spi-breakout-variants,MicroSD SPI breakout variants,Generic / manufacturer unconfirmed,maker,missing,0,0,0,0,False,Physical connector map; Independent all-connector completeness review; Revision match and electrical limits
maker-generic-pcf8574-lcd-backpack-variants,PCF8574 LCD backpack variants,Generic / manufacturer unconfirmed,maker,missing,0,0,0,0,False,Physical connector map; Independent all-connector completeness review; Revision match and electrical limits
maker-joy-it-7d34ebf8c5e0,KY-051 Voltage Translator / Level Shifter,Joy-IT,maker,pinout-source,1,0,0,0,False,Independent all-connector completeness review; Revision match and electrical limits
maker-joy-it-1f772d976a4c,KY-053 Analog Digital Converter,Joy-IT,maker,pinout-source,1,0,0,0,False,Independent all-connector completeness review; Revision match and electrical limits
maker-existing-m5stack-expansion-base-bottom,Base Bottom,M5Stack,maker,pinout-source,1,0,0,0,False,Independent all-connector completeness review; Revision match and electrical limits
maker-existing-source-board-6e4b9ee9a0f3979694,Grove Converter,M5Stack,maker,reference-only,0,0,0,0,False,Physical connector map; Independent all-connector completeness review; Revision match and electrical limits
maker-existing-source-board-0cbb8cb1ff28e5754b,Unit ADC,M5Stack,maker,reference-only,0,0,0,0,False,Physical connector map; Independent all-connector completeness review; Revision match and electrical limits
maker-existing-source-board-8ce1cf3d0ee0a51ed1,Unit DAC,M5Stack,maker,reference-only,0,0,0,0,False,Physical connector map; Independent all-connector completeness review; Revision match and electrical limits
maker-existing-source-board-18ed5c1f767cc2e793,Unit DAC2,M5Stack,maker,reference-only,0,0,0,0,False,Physical connector map; Independent all-connector completeness review; Revision match and electrical limits
maker-existing-source-board-ec1ecab334af3f64bb,Unit Hub,M5Stack,maker,reference-only,0,0,0,0,False,Physical connector map; Independent all-connector completeness review; Revision match and electrical limits
maker-existing-source-board-ba9e5f605961dcedee,Unit PaHub,M5Stack,maker,reference-only,0,0,0,0,False,Physical connector map; Independent all-connector completeness review; Revision match and electrical limits
maker-existing-source-board-2d9e671dd6280fac66,Unit PaHub v2.1,M5Stack,maker,reference-only,0,0,0,0,False,Physical connector map; Independent all-connector completeness review; Revision match and electrical limits
maker-existing-m5stack-expansion-unit-pbhub,Unit PbHub,M5Stack,maker,reference-only,0,0,0,0,False,Physical connector map; Independent all-connector completeness review; Revision match and electrical limits
maker-pimoroni-9e49e0c90489,Breakout Garden Mini (I2C),Pimoroni,maker,reference-only,0,0,0,0,False,Physical connector map; Independent all-connector completeness review; Revision match and electrical limits
maker-existing-seeed-studio-expansion-3d-gesture-tracking-shield-for-raspberry-pi-mgc3130,3D Gesture Tracking Shield for Raspberry Pi (MGC3130),Seeed Studio,maker,pinout-source,1,0,0,0,False,Independent all-connector completeness review; Revision match and electrical limits
maker-existing-seeed-studio-expansion-4-channel-16-bit-adc-for-raspberry-pi-ads1115,4-Channel 16-Bit ADC for Raspberry Pi (ADS1115),Seeed Studio,maker,pinout-source,4,0,0,0,False,Independent all-connector completeness review; Revision match and electrical limits
maker-existing-seeed-studio-expansion-can-bus-shield-v1-2,CAN-BUS Shield V1.2,Seeed Studio,maker,pinout-source,2,0,0,0,False,Independent all-connector completeness review; Revision match and electrical limits
maker-existing-seeed-studio-expansion-ds1307-rtc-for-raspberry-pi,DS1307 RTC for Raspberry Pi,Seeed Studio,maker,pinout-source,1,0,0,0,False,Independent all-connector completeness review; Revision match and electrical limits
maker-existing-seeed-studio-expansion-ds3231-high-accuracy-rtc-for-raspberry-pi,DS3231 High Accuracy RTC for Raspberry Pi,Seeed Studio,maker,pinout-source,1,0,0,0,False,Independent all-connector completeness review; Revision match and electrical limits
maker-existing-seeed-studio-expansion-expansion-board-base-for-xiao,Expansion Board Base for XIAO,Seeed Studio,maker,pinout-source,1,0,0,0,False,Independent all-connector completeness review; Revision match and electrical limits
maker-existing-source-board-c219ddbb601c475420,Grove - Base Shield for IOIO-OTG,Seeed Studio,maker,reference-only,0,0,0,0,False,Physical connector map; Independent all-connector completeness review; Revision match and electrical limits
maker-existing-source-board-a4388d63a62bacb53d,Grove - Mega Shield,Seeed Studio,maker,reference-only,0,0,0,0,False,Physical connector map; Independent all-connector completeness review; Revision match and electrical limits
maker-existing-source-board-9c816d9f975c7f0db0,Grove - Protoshield,Seeed Studio,maker,reference-only,0,0,0,0,False,Physical connector map; Independent all-connector completeness review; Revision match and electrical limits
maker-existing-seeed-studio-expansion-grove-base-boosterpack,Grove Base BoosterPack,Seeed Studio,maker,pinout-source,2,0,0,0,False,Independent all-connector completeness review; Revision match and electrical limits
maker-existing-source-board-838efa674dcac12fa7,Grove Base Cape for BeagleBone V2,Seeed Studio,maker,reference-only,0,0,0,0,False,Physical connector map; Independent all-connector completeness review; Revision match and electrical limits
maker-existing-source-board-e3a347ef6612592656,Grove Base HAT,Seeed Studio,maker,reference-only,0,0,0,0,False,Physical connector map; Independent all-connector completeness review; Revision match and electrical limits
maker-existing-seeed-studio-expansion-grove-base-hat-for-raspberry-pi,Grove Base Hat for Raspberry Pi,Seeed Studio,maker,reference-only,0,0,0,0,False,Physical connector map; Independent all-connector completeness review; Revision match and electrical limits
maker-existing-seeed-studio-expansion-grove-base-hat-for-raspberry-pi-zero,Grove Base Hat for Raspberry Pi Zero,Seeed Studio,maker,reference-only,0,0,0,0,False,Physical connector map; Independent all-connector completeness review; Revision match and electrical limits
maker-existing-seeed-studio-expansion-grove-base-kit-for-raspberry-pi,Grove Base Kit for Raspberry Pi,Seeed Studio,maker,reference-only,0,0,0,0,False,Physical connector map; Independent all-connector completeness review; Revision match and electrical limits
maker-existing-source-board-df9b36454f16b53f6e,Grove Base Shield for NodeMCU V1.0,Seeed Studio,maker,reference-only,0,0,0,0,False,Physical connector map; Independent all-connector completeness review; Revision match and electrical limits
maker-existing-source-board-b5a886dc67e44a7a2a,Grove Base Shield for Photon,Seeed Studio,maker,reference-only,0,0,0,0,False,Physical connector map; Independent all-connector completeness review; Revision match and electrical limits
maker-existing-seeed-studio-expansion-grove-shield-for-arduino-nano,Grove Shield for Arduino Nano,Seeed Studio,maker,reference-only,0,0,0,0,False,Physical connector map; Independent all-connector completeness review; Revision match and electrical limits
maker-existing-source-board-39a2114c0a0f24ce52,Grove Shield for Intel Joule,Seeed Studio,maker,reference-only,0,0,0,0,False,Physical connector map; Independent all-connector completeness review; Revision match and electrical limits
maker-existing-seeed-studio-expansion-grove-shield-for-pi-pico-v1-0,Grove Shield for Pi Pico V1.0,Seeed Studio,maker,reference-only,0,0,0,0,False,Physical connector map; Independent all-connector completeness review; Revision match and electrical limits
maker-existing-seeed-studio-expansion-grove-shield-for-wio-lite,Grove Shield for Wio Lite,Seeed Studio,maker,reference-only,0,0,0,0,False,Physical connector map; Independent all-connector completeness review; Revision match and electrical limits
maker-existing-seeed-studio-expansion-grove-shield-for-xiao,Grove Shield for XIAO,Seeed Studio,maker,pinout-source,3,0,0,0,False,Independent all-connector completeness review; Revision match and electrical limits
maker-existing-source-board-9411f7846292008faf,MT3620 Grove Shield,Seeed Studio,maker,reference-only,0,0,0,0,False,Physical connector map; Independent all-connector completeness review; Revision match and electrical limits
maker-existing-seeed-studio-expansion-rs-232-to-ttl-converter-max3232idr,RS-232 To TTL Converter (MAX3232IDR),Seeed Studio,maker,pinout-source,1,0,0,0,False,Independent all-connector completeness review; Revision match and electrical limits
maker-existing-seeed-studio-expansion-rs-485-shield-for-raspberry-pi,RS-485 Shield for Raspberry Pi,Seeed Studio,maker,functions-only,0,0,1,5,False,Physical connector map; Independent all-connector completeness review; Revision match and electrical limits
maker-existing-seeed-studio-expansion-sd-card-shield,SD Card Shield,Seeed Studio,maker,reference-only,0,0,0,0,False,Physical connector map; Independent all-connector completeness review; Revision match and electrical limits
maker-existing-seeed-studio-expansion-uartsb-frame,UartSB Frame,Seeed Studio,maker,pinout-source,1,0,0,0,False,Independent all-connector completeness review; Revision match and electrical limits
maker-existing-seeed-studio-expansion-uartsbee-v3-1,UartSBee V3.1,Seeed Studio,maker,pinout-source,1,0,0,0,False,Independent all-connector completeness review; Revision match and electrical limits
maker-existing-seeed-studio-expansion-uartsbee-v4,UartSBee V4,Seeed Studio,maker,pinout-source,1,0,0,0,False,Independent all-connector completeness review; Revision match and electrical limits
maker-existing-seeed-studio-expansion-wifi-shield-v1-2,Wifi Shield V1.2,Seeed Studio,maker,pinout-source,1,0,0,0,False,Independent all-connector completeness review; Revision match and electrical limits
maker-existing-seeed-studio-expansion-wifi-shield-v2-0,Wifi Shield V2.0,Seeed Studio,maker,pinout-source,1,0,0,0,False,Independent all-connector completeness review; Revision match and electrical limits
maker-existing-seeed-studio-expansion-xbee-shield,XBee Shield,Seeed Studio,maker,reference-only,0,0,0,0,False,Physical connector map; Independent all-connector completeness review; Revision match and electrical limits
maker-existing-lilygo-expansion-t-u2t,T-U2T,LILYGO,maker,pinout-source,2,0,0,0,False,Independent all-connector completeness review; Revision match and electrical limits
maker-existing-m5stack-expansion-atomic-port-abc-base,Atomic Port ABC Base,M5Stack,maker,pinout-source,1,0,0,0,False,Independent all-connector completeness review; Revision match and electrical limits
maker-existing-m5stack-expansion-butterfly-launcher,Butterfly Launcher,M5Stack,maker,reference-only,0,0,0,0,False,Physical connector map; Independent all-connector completeness review; Revision match and electrical limits
maker-existing-m5stack-expansion-faces-calculator,Faces Calculator,M5Stack,maker,reference-only,0,0,0,0,False,Physical connector map; Independent all-connector completeness review; Revision match and electrical limits
maker-existing-m5stack-expansion-faces-gamepad,Faces Gamepad,M5Stack,maker,reference-only,0,0,0,0,False,Physical connector map; Independent all-connector completeness review; Revision match and electrical limits
maker-existing-source-board-da76e277a8985719d4,Grove T,M5Stack,maker,reference-only,0,0,0,0,False,Physical connector map; Independent all-connector completeness review; Revision match and electrical limits
maker-existing-source-board-8b7bc8abf33e9365fe,Grove to 4P,M5Stack,maker,reference-only,0,0,0,0,False,Physical connector map; Independent all-connector completeness review; Revision match and electrical limits
maker-existing-source-board-8cb9bff718fbbf41b6,Grove to Grove,M5Stack,maker,reference-only,0,0,0,0,False,Physical connector map; Independent all-connector completeness review; Revision match and electrical limits
maker-existing-source-board-cc0272832d61950412,Grove to PIN,M5Stack,maker,reference-only,0,0,0,0,False,Physical connector map; Independent all-connector completeness review; Revision match and electrical limits
maker-existing-source-board-1a18c2638cb34d6a64,Grove to USBC,M5Stack,maker,reference-only,0,0,0,0,False,Physical connector map; Independent all-connector completeness review; Revision match and electrical limits
maker-existing-source-board-30d9237b1f6dcddf5c,Module ASR,M5Stack,maker,reference-only,0,0,0,0,False,Physical connector map; Independent all-connector completeness review; Revision match and electrical limits
maker-existing-source-board-3b299715f598234f5a,Module Air Quality,M5Stack,maker,reference-only,0,0,0,0,False,Physical connector map; Independent all-connector completeness review; Revision match and electrical limits
maker-existing-m5stack-expansion-module-audio,Module Audio,M5Stack,maker,pinout-source,1,0,0,0,False,Independent all-connector completeness review; Revision match and electrical limits
maker-existing-source-board-c203ae1acad081e528,Module Battery,M5Stack,maker,reference-only,0,0,0,0,False,Physical connector map; Independent all-connector completeness review; Revision match and electrical limits
maker-existing-source-board-4a5f789a23ee2fe5d5,Module Bus,M5Stack,maker,reference-only,0,0,0,0,False,Physical connector map; Independent all-connector completeness review; Revision match and electrical limits
maker-existing-source-board-27ec83602a0e893308,Module CC1101,M5Stack,maker,reference-only,0,0,0,0,False,Physical connector map; Independent all-connector completeness review; Revision match and electrical limits
maker-existing-source-board-83e8ae5da6a0f34206,Module COMMU,M5Stack,maker,reference-only,0,0,0,0,False,Physical connector map; Independent all-connector completeness review; Revision match and electrical limits
maker-existing-source-board-a3728068228391b3e1,Module COMX Cat1,M5Stack,maker,reference-only,0,0,0,0,False,Physical connector map; Independent all-connector completeness review; Revision match and electrical limits
maker-existing-source-board-c560ffe2964a48351a,Module ExtPort For Core2,M5Stack,maker,reference-only,0,0,0,0,False,Physical connector map; Independent all-connector completeness review; Revision match and electrical limits
maker-existing-source-board-95f3859b605dab0a85,Module Fan v1.1,M5Stack,maker,reference-only,0,0,0,0,False,Physical connector map; Independent all-connector completeness review; Revision match and electrical limits
maker-existing-source-board-c6c79d67f42fa85245,Module Gateway H2,M5Stack,maker,reference-only,0,0,0,0,False,Physical connector map; Independent all-connector completeness review; Revision match and electrical limits
maker-existing-m5stack-expansion-module-goplus,Module GoPlus,M5Stack,maker,reference-only,0,0,0,0,False,Physical connector map; Independent all-connector completeness review; Revision match and electrical limits
maker-existing-source-board-05507662d78ca9da33,Module HMI,M5Stack,maker,reference-only,0,0,0,0,False,Physical connector map; Independent all-connector completeness review; Revision match and electrical limits
maker-existing-m5stack-expansion-module-llm,Module LLM,M5Stack,maker,pinout-source,1,0,0,0,False,Independent all-connector completeness review; Revision match and electrical limits
maker-existing-m5stack-expansion-module-llm-kit,Module LLM Kit,M5Stack,maker,pinout-source,1,0,0,0,False,Independent all-connector completeness review; Revision match and electrical limits
maker-existing-m5stack-expansion-module-plus,Module Plus,M5Stack,maker,reference-only,0,0,0,0,False,Physical connector map; Independent all-connector completeness review; Revision match and electrical limits
maker-existing-source-board-f09cfb45256c52238e,Module Proto,M5Stack,maker,reference-only,0,0,0,0,False,Physical connector map; Independent all-connector completeness review; Revision match and electrical limits
maker-existing-source-board-b481048324688ec6c4,Module Proto Frame,M5Stack,maker,reference-only,0,0,0,0,False,Physical connector map; Independent all-connector completeness review; Revision match and electrical limits
maker-existing-m5stack-expansion-module-usb-v1-2,Module USB v1.2,M5Stack,maker,reference-only,0,0,0,0,False,Physical connector map; Independent all-connector completeness review; Revision match and electrical limits
maker-existing-m5stack-expansion-module13-2-lan,Module13.2 LAN,M5Stack,maker,pinout-source,1,0,0,0,False,Independent all-connector completeness review; Revision match and electrical limits
maker-existing-m5stack-expansion-module13-2-pwrcan,Module13.2 PwrCAN,M5Stack,maker,pinout-source,1,0,0,0,False,Independent all-connector completeness review; Revision match and electrical limits
maker-existing-m5stack-expansion-stamp-addon-c6-for-p4,Stamp-AddOn C6 For P4,M5Stack,maker,pinout-source,1,0,0,0,False,Independent all-connector completeness review; Revision match and electrical limits
maker-existing-m5stack-expansion-stamp-addon-cam0308,Stamp-AddOn Cam0308,M5Stack,maker,pinout-source,1,0,0,0,False,Independent all-connector completeness review; Revision match and electrical limits
maker-existing-m5stack-expansion-stamp-addon-cam3660,Stamp-AddOn Cam3660,M5Stack,maker,pinout-source,1,0,0,0,False,Independent all-connector completeness review; Revision match and electrical limits
maker-existing-source-board-11aeaf594ae1cec034,Unit 3.96,M5Stack,maker,reference-only,0,0,0,0,False,Physical connector map; Independent all-connector completeness review; Revision match and electrical limits
maker-existing-source-board-0711046c6ae397d072,Unit 8Angle,M5Stack,maker,reference-only,0,0,0,0,False,Physical connector map; Independent all-connector completeness review; Revision match and electrical limits
maker-existing-m5stack-expansion-unit-ac-measure,Unit AC Measure,M5Stack,maker,reference-only,0,0,0,0,False,Physical connector map; Independent all-connector completeness review; Revision match and electrical limits
maker-existing-source-board-5ed3e9384fdd5e49f7,Unit ACSSR,M5Stack,maker,reference-only,0,0,0,0,False,Physical connector map; Independent all-connector completeness review; Revision match and electrical limits
maker-existing-source-board-6f842c1018055cc899,Unit AIN4-20mA,M5Stack,maker,reference-only,0,0,0,0,False,Physical connector map; Independent all-connector completeness review; Revision match and electrical limits
maker-existing-source-board-a7f71367218db84e3a,Unit AMeter,M5Stack,maker,reference-only,0,0,0,0,False,Physical connector map; Independent all-connector completeness review; Revision match and electrical limits
maker-existing-source-board-8d4a15e405a597d1dd,Unit ASR,M5Stack,maker,reference-only,0,0,0,0,False,Physical connector map; Independent all-connector completeness review; Revision match and electrical limits
maker-existing-source-board-c9be29dd4aabd2546e,Unit Accel,M5Stack,maker,reference-only,0,0,0,0,False,Physical connector map; Independent all-connector completeness review; Revision match and electrical limits
maker-existing-source-board-17bd07bc39eefffb8d,Unit Angle,M5Stack,maker,reference-only,0,0,0,0,False,Physical connector map; Independent all-connector completeness review; Revision match and electrical limits
maker-existing-source-board-5beb5c4cbdf08dc7a4,Unit AudioPlayer,M5Stack,maker,reference-only,0,0,0,0,False,Physical connector map; Independent all-connector completeness review; Revision match and electrical limits
maker-existing-source-board-a428555279fa49793a,Unit BLDC Driver,M5Stack,maker,reference-only,0,0,0,0,False,Physical connector map; Independent all-connector completeness review; Revision match and electrical limits
maker-existing-source-board-4cbd9ff0b6a21ef607,Unit C6L,M5Stack,maker,reference-only,0,0,0,0,False,Physical connector map; Independent all-connector completeness review; Revision match and electrical limits
maker-existing-source-board-f2b5b135d118cd8838,Unit CO2,M5Stack,maker,reference-only,0,0,0,0,False,Physical connector map; Independent all-connector completeness review; Revision match and electrical limits
maker-existing-source-board-db86e14f80111eba4c,Unit CO2L,M5Stack,maker,reference-only,0,0,0,0,False,Physical connector map; Independent all-connector completeness review; Revision match and electrical limits
maker-existing-source-board-83b053da889c2603e0,Unit CamS3,M5Stack,maker,reference-only,0,0,0,0,False,Physical connector map; Independent all-connector completeness review; Revision match and electrical limits
maker-existing-source-board-833dff9546137267f1,Unit Camera,M5Stack,maker,reference-only,0,0,0,0,False,Physical connector map; Independent all-connector completeness review; Revision match and electrical limits
maker-existing-source-board-d282e51761a64c9876,Unit Cat1-CN,M5Stack,maker,reference-only,0,0,0,0,False,Physical connector map; Independent all-connector completeness review; Revision match and electrical limits
maker-existing-source-board-6383c92a87a114d737,Unit Catch,M5Stack,maker,reference-only,0,0,0,0,False,Physical connector map; Independent all-connector completeness review; Revision match and electrical limits
maker-existing-source-board-676c051d840ed74fac,Unit ChainBus,M5Stack,maker,reference-only,0,0,0,0,False,Physical connector map; Independent all-connector completeness review; Revision match and electrical limits
maker-existing-source-board-9a0f004d0cc6c8536e,Unit Color,M5Stack,maker,reference-only,0,0,0,0,False,Physical connector map; Independent all-connector completeness review; Revision match and electrical limits
maker-existing-source-board-4a314d8882fe8ac2fe,Unit DDS,M5Stack,maker,reference-only,0,0,0,0,False,Physical connector map; Independent all-connector completeness review; Revision match and electrical limits
maker-existing-source-board-d890bd2a0d89c86ad4,Unit DLight,M5Stack,maker,reference-only,0,0,0,0,False,Physical connector map; Independent all-connector completeness review; Revision match and electrical limits
maker-existing-source-board-1c76a6c25ec80de5ed,Unit DMX,M5Stack,maker,reference-only,0,0,0,0,False,Physical connector map; Independent all-connector completeness review; Revision match and electrical limits
maker-existing-source-board-0473b4084149e1e41f,Unit ENV-III,M5Stack,maker,reference-only,0,0,0,0,False,Physical connector map; Independent all-connector completeness review; Revision match and electrical limits
maker-existing-source-board-7d1e4ea106c3456c6e,Unit EXT.IO,M5Stack,maker,reference-only,0,0,0,0,False,Physical connector map; Independent all-connector completeness review; Revision match and electrical limits
maker-existing-source-board-695142eef6e58984e3,Unit Earth,M5Stack,maker,reference-only,0,0,0,0,False,Physical connector map; Independent all-connector completeness review; Revision match and electrical limits
maker-existing-source-board-f9da2d5a1b80c5b285,Unit Fader,M5Stack,maker,reference-only,0,0,0,0,False,Physical connector map; Independent all-connector completeness review; Revision match and electrical limits
maker-existing-source-board-48f3df202a3e5ba049,Unit Fan,M5Stack,maker,reference-only,0,0,0,0,False,Physical connector map; Independent all-connector completeness review; Revision match and electrical limits
maker-existing-source-board-8535ed7db495c46a54,Unit Finger,M5Stack,maker,reference-only,0,0,0,0,False,Physical connector map; Independent all-connector completeness review; Revision match and electrical limits
maker-existing-source-board-6f6f329bfe576d3657,Unit Fingerprint2,M5Stack,maker,reference-only,0,0,0,0,False,Physical connector map; Independent all-connector completeness review; Revision match and electrical limits
maker-existing-source-board-c41af7f5f00e2de084,Unit FlashLight,M5Stack,maker,reference-only,0,0,0,0,False,Physical connector map; Independent all-connector completeness review; Revision match and electrical limits
maker-existing-source-board-19e3832e05505eee62,Unit Gateway H2,M5Stack,maker,reference-only,0,0,0,0,False,Physical connector map; Independent all-connector completeness review; Revision match and electrical limits
maker-existing-source-board-46e754cf4dc301964c,Unit Gesture,M5Stack,maker,reference-only,0,0,0,0,False,Physical connector map; Independent all-connector completeness review; Revision match and electrical limits
maker-existing-source-board-0f797f4fc6408ab69e,Unit Glass,M5Stack,maker,reference-only,0,0,0,0,False,Physical connector map; Independent all-connector completeness review; Revision match and electrical limits
maker-existing-source-board-3cae9c1bced8e16a80,Unit Glass2,M5Stack,maker,reference-only,0,0,0,0,False,Physical connector map; Independent all-connector completeness review; Revision match and electrical limits
maker-existing-source-board-7cb5c281a1564e4e60,Unit Grove to Grove,M5Stack,maker,reference-only,0,0,0,0,False,Physical connector map; Independent all-connector completeness review; Revision match and electrical limits
maker-existing-source-board-6d75103d33b3617063,Unit HEX,M5Stack,maker,reference-only,0,0,0,0,False,Physical connector map; Independent all-connector completeness review; Revision match and electrical limits
maker-existing-source-board-7b051a6f89f7b3a4ec,Unit Heart,M5Stack,maker,reference-only,0,0,0,0,False,Physical connector map; Independent all-connector completeness review; Revision match and electrical limits
maker-existing-source-board-160e2efda6b63a95da,Unit ID,M5Stack,maker,reference-only,0,0,0,0,False,Physical connector map; Independent all-connector completeness review; Revision match and electrical limits
maker-existing-source-board-d82cd9b4c678a7e51d,Unit IR,M5Stack,maker,reference-only,0,0,0,0,False,Physical connector map; Independent all-connector completeness review; Revision match and electrical limits
maker-existing-source-board-37fa4c27be8e1e21b0,Unit KMeter-ISO,M5Stack,maker,reference-only,0,0,0,0,False,Physical connector map; Independent all-connector completeness review; Revision match and electrical limits
maker-existing-source-board-91a88779058500669a,Unit Key,M5Stack,maker,reference-only,0,0,0,0,False,Physical connector map; Independent all-connector completeness review; Revision match and electrical limits
maker-existing-source-board-4a0ca9b6dca33a5d46,Unit Laser RX,M5Stack,maker,reference-only,0,0,0,0,False,Physical connector map; Independent all-connector completeness review; Revision match and electrical limits
maker-existing-source-board-13ce62af46e87a241c,Unit Light,M5Stack,maker,reference-only,0,0,0,0,False,Physical connector map; Independent all-connector completeness review; Revision match and electrical limits
maker-existing-source-board-2527d2ea1ad559d94d,Unit Limit,M5Stack,maker,reference-only,0,0,0,0,False,Physical connector map; Independent all-connector completeness review; Revision match and electrical limits
maker-existing-source-board-6d9ef7d2c385a09d32,Unit MIDI,M5Stack,maker,reference-only,0,0,0,0,False,Physical connector map; Independent all-connector completeness review; Revision match and electrical limits
maker-existing-source-board-30f44e0d1f3cddc27a,Unit MQ,M5Stack,maker,reference-only,0,0,0,0,False,Physical connector map; Independent all-connector completeness review; Revision match and electrical limits
maker-existing-source-board-5b1db598f87b36cea5,Unit MQTT,M5Stack,maker,reference-only,0,0,0,0,False,Physical connector map; Independent all-connector completeness review; Revision match and electrical limits
maker-existing-source-board-470857140b66a94f21,Unit Mini BPS v1.1,M5Stack,maker,reference-only,0,0,0,0,False,Physical connector map; Independent all-connector completeness review; Revision match and electrical limits
maker-existing-source-board-3a474e2b3486b9fc9a,Unit Mini CAN,M5Stack,maker,reference-only,0,0,0,0,False,Physical connector map; Independent all-connector completeness review; Revision match and electrical limits
maker-existing-source-board-018e46d081f1e9de6a,Unit Mini PDM,M5Stack,maker,reference-only,0,0,0,0,False,Physical connector map; Independent all-connector completeness review; Revision match and electrical limits
maker-existing-source-board-d98aa688f305d3abc1,Unit Mini Proto,M5Stack,maker,reference-only,0,0,0,0,False,Physical connector map; Independent all-connector completeness review; Revision match and electrical limits
maker-existing-source-board-ca806d76c33d111205,Unit Mini Scales,M5Stack,maker,reference-only,0,0,0,0,False,Physical connector map; Independent all-connector completeness review; Revision match and electrical limits
maker-existing-source-board-ae1823dbebbc124a83,Unit Mini ToF-90°,M5Stack,maker,reference-only,0,0,0,0,False,Physical connector map; Independent all-connector completeness review; Revision match and electrical limits
maker-existing-source-board-1e341275ea454a4761,Unit NBIoT2,M5Stack,maker,reference-only,0,0,0,0,False,Physical connector map; Independent all-connector completeness review; Revision match and electrical limits
maker-existing-source-board-e91ee02407ca7da244,Unit NCIR,M5Stack,maker,reference-only,0,0,0,0,False,Physical connector map; Independent all-connector completeness review; Revision match and electrical limits
maker-existing-source-board-41bab4646e04facc82,Unit NCIR2,M5Stack,maker,reference-only,0,0,0,0,False,Physical connector map; Independent all-connector completeness review; Revision match and electrical limits
maker-existing-source-board-78a7dee46ac529b42e,Unit NFC,M5Stack,maker,reference-only,0,0,0,0,False,Physical connector map; Independent all-connector completeness review; Revision match and electrical limits
maker-existing-source-board-70d2c75f72335b6063,Unit Neco,M5Stack,maker,reference-only,0,0,0,0,False,Physical connector map; Independent all-connector completeness review; Revision match and electrical limits
maker-existing-source-board-71358175817868c0a7,Unit NeoHEX,M5Stack,maker,reference-only,0,0,0,0,False,Physical connector map; Independent all-connector completeness review; Revision match and electrical limits
maker-existing-source-board-f9ca4d6557f8a63eb1,Unit OP180,M5Stack,maker,reference-only,0,0,0,0,False,Physical connector map; Independent all-connector completeness review; Revision match and electrical limits
maker-existing-source-board-d8ff421aaf3fa9b688,Unit OP90,M5Stack,maker,reference-only,0,0,0,0,False,Physical connector map; Independent all-connector completeness review; Revision match and electrical limits
maker-existing-source-board-ab6064cda4c6d6cbe9,Unit PIR,M5Stack,maker,reference-only,0,0,0,0,False,Physical connector map; Independent all-connector completeness review; Revision match and electrical limits
maker-existing-source-board-f995d7ef19a31f3d9a,Unit PoE CAM-W,M5Stack,maker,reference-only,0,0,0,0,False,Physical connector map; Independent all-connector completeness review; Revision match and electrical limits
maker-existing-source-board-2477653d0c88e3be88,Unit PoE CAM-W v1.1,M5Stack,maker,reference-only,0,0,0,0,False,Physical connector map; Independent all-connector completeness review; Revision match and electrical limits
maker-existing-source-board-7ef12a9cd3c02d0fcf,Unit Proto,M5Stack,maker,reference-only,0,0,0,0,False,Physical connector map; Independent all-connector completeness review; Revision match and electrical limits
maker-existing-source-board-762c4c86bf177e5fd1,Unit Proto Case,M5Stack,maker,reference-only,0,0,0,0,False,Physical connector map; Independent all-connector completeness review; Revision match and electrical limits
maker-existing-source-board-d31271066d46e5fd4b,Unit Puzzle,M5Stack,maker,reference-only,0,0,0,0,False,Physical connector map; Independent all-connector completeness review; Revision match and electrical limits
maker-existing-source-board-1ca67ec53bf2a3ce3a,Unit QRCode,M5Stack,maker,reference-only,0,0,0,0,False,Physical connector map; Independent all-connector completeness review; Revision match and electrical limits
maker-existing-source-board-cfb551b6de8e6c1587,Unit RCA,M5Stack,maker,reference-only,0,0,0,0,False,Physical connector map; Independent all-connector completeness review; Revision match and electrical limits
maker-existing-source-board-f9bf0afb3681ad50aa,Unit RGB,M5Stack,maker,reference-only,0,0,0,0,False,Physical connector map; Independent all-connector completeness review; Revision match and electrical limits
maker-existing-source-board-3d09118d5e48953680,Unit Reflective IR,M5Stack,maker,reference-only,0,0,0,0,False,Physical connector map; Independent all-connector completeness review; Revision match and electrical limits
maker-existing-source-board-2f8863fd57f131c6f0,Unit Roller485,M5Stack,maker,reference-only,0,0,0,0,False,Physical connector map; Independent all-connector completeness review; Revision match and electrical limits
maker-existing-source-board-0deb3cc52909696465,Unit SSR,M5Stack,maker,reference-only,0,0,0,0,False,Physical connector map; Independent all-connector completeness review; Revision match and electrical limits
maker-existing-source-board-5b205f64cb5a1f17ef,Unit Scales,M5Stack,maker,reference-only,0,0,0,0,False,Physical connector map; Independent all-connector completeness review; Revision match and electrical limits
maker-existing-source-board-be68305d414b05d2df,Unit Scroll,M5Stack,maker,reference-only,0,0,0,0,False,Physical connector map; Independent all-connector completeness review; Revision match and electrical limits
maker-existing-source-board-bcfccaf958283fb56a,Unit Step16,M5Stack,maker,reference-only,0,0,0,0,False,Physical connector map; Independent all-connector completeness review; Revision match and electrical limits
maker-existing-source-board-310aca6f9b5384b17b,Unit TMOS PIR,M5Stack,maker,reference-only,0,0,0,0,False,Physical connector map; Independent all-connector completeness review; Revision match and electrical limits
maker-existing-source-board-d3430af2798820c2fa,Unit TimerPWR,M5Stack,maker,reference-only,0,0,0,0,False,Physical connector map; Independent all-connector completeness review; Revision match and electrical limits
maker-existing-source-board-b435576274d054c7ef,Unit ToF,M5Stack,maker,reference-only,0,0,0,0,False,Physical connector map; Independent all-connector completeness review; Revision match and electrical limits
maker-existing-source-board-e19808c11c1b09dfd3,Unit ToF4M,M5Stack,maker,reference-only,0,0,0,0,False,Physical connector map; Independent all-connector completeness review; Revision match and electrical limits
maker-existing-m5stack-expansion-unit-trace,Unit Trace,M5Stack,maker,reference-only,0,0,0,0,False,Physical connector map; Independent all-connector completeness review; Revision match and electrical limits
maker-existing-m5stack-expansion-unit-typec-to-grove,Unit TypeC to Grove,M5Stack,maker,pinout-source,1,0,0,0,False,Independent all-connector completeness review; Revision match and electrical limits
maker-existing-source-board-c360f4f6b8e1f0310a,Unit UHF-RFID,M5Stack,maker,reference-only,0,0,0,0,False,Physical connector map; Independent all-connector completeness review; Revision match and electrical limits
maker-existing-source-board-cc26469cbed814787b,Unit Vibrator,M5Stack,maker,reference-only,0,0,0,0,False,Physical connector map; Independent all-connector completeness review; Revision match and electrical limits
maker-existing-source-board-4828539aa387945544,Unit Watering,M5Stack,maker,reference-only,0,0,0,0,False,Physical connector map; Independent all-connector completeness review; Revision match and electrical limits
maker-existing-source-board-12e23574aab03d88d0,Unit Weight,M5Stack,maker,reference-only,0,0,0,0,False,Physical connector map; Independent all-connector completeness review; Revision match and electrical limits
maker-existing-source-board-3f04e1ad26e264e446,Unit Weight-I2C,M5Stack,maker,reference-only,0,0,0,0,False,Physical connector map; Independent all-connector completeness review; Revision match and electrical limits
maker-existing-rakwireless-expansion-rak19001,RAK19001,RAKwireless,maker,functions-only,0,0,3,104,False,Physical connector map; Independent all-connector completeness review; Revision match and electrical limits
maker-existing-rakwireless-expansion-rak19003,RAK19003,RAKwireless,maker,pinout-source,1,0,3,48,False,Independent all-connector completeness review; Revision match and electrical limits
maker-existing-rakwireless-expansion-rak19007,RAK19007,RAKwireless,maker,functions-only,0,0,4,52,False,Physical connector map; Independent all-connector completeness review; Revision match and electrical limits
maker-existing-rakwireless-expansion-rak5005-o,RAK5005-O,RAKwireless,maker,pinout-source,1,0,4,84,False,Independent all-connector completeness review; Revision match and electrical limits
maker-existing-source-board-5fc752650eb8ceacc3,Grove - Joint V2.0,Seeed Studio,maker,reference-only,0,0,0,0,False,Physical connector map; Independent all-connector completeness review; Revision match and electrical limits
maker-existing-source-board-a17635f8ee434814e3,Grove - Node,Seeed Studio,maker,reference-only,0,0,0,0,False,Physical connector map; Independent all-connector completeness review; Revision match and electrical limits
maker-existing-source-board-4a797fd4d0f753b7e3,Grove - Wio-E5,Seeed Studio,maker,reference-only,0,0,0,0,False,Physical connector map; Independent all-connector completeness review; Revision match and electrical limits
maker-existing-source-board-8b0e3f03922c352347,Grove - XBee Carrier,Seeed Studio,maker,reference-only,0,0,0,0,False,Physical connector map; Independent all-connector completeness review; Revision match and electrical limits
maker-existing-source-board-8669627ca0e540609e,Grove AI HAT for Edge Computing,Seeed Studio,maker,reference-only,0,0,0,0,False,Physical connector map; Independent all-connector completeness review; Revision match and electrical limits
maker-existing-seeed-studio-expansion-grove-basic-kit-for-raspberry-pi-pico,Grove Basic Kit for Raspberry Pi Pico,Seeed Studio,maker,reference-only,0,0,0,0,False,Physical connector map; Independent all-connector completeness review; Revision match and electrical limits
maker-existing-source-board-f3ba78f8e9b88aa08e,Grove Beginner Kit for Arduino,Seeed Studio,maker,reference-only,0,0,0,0,False,Physical connector map; Independent all-connector completeness review; Revision match and electrical limits
maker-existing-source-board-fe6e96ae8e667278de,Grove Breakout for LinkIt Smart 7688 Duo,Seeed Studio,maker,reference-only,0,0,0,0,False,Physical connector map; Independent all-connector completeness review; Revision match and electrical limits
maker-existing-source-board-8f6616a53c6803d732,Grove Cape for BeagleBone Series,Seeed Studio,maker,reference-only,0,0,0,0,False,Physical connector map; Independent all-connector completeness review; Revision match and electrical limits
maker-existing-source-board-16121f72660f3c5746,Grove Starter Kit for Azure Sphere MT3620 Development Kit,Seeed Studio,maker,reference-only,0,0,0,0,False,Physical connector map; Independent all-connector completeness review; Revision match and electrical limits
maker-existing-source-board-2eef993ff78502144a,Grove Vision AI Module,Seeed Studio,maker,reference-only,0,0,0,0,False,Physical connector map; Independent all-connector completeness review; Revision match and electrical limits
maker-existing-source-board-26f61aaf24516ca6f8,Grove Vision AI Module V2,Seeed Studio,maker,reference-only,0,0,0,0,False,Physical connector map; Independent all-connector completeness review; Revision match and electrical limits
maker-existing-seeed-studio-expansion-lte-cat-1-pi-hat,LTE Cat 1 Pi HAT,Seeed Studio,maker,reference-only,0,0,0,0,False,Physical connector map; Independent all-connector completeness review; Revision match and electrical limits
maker-existing-seeed-studio-expansion-mt3620-grove-breakout,MT3620 Grove Breakout,Seeed Studio,maker,pinout-source,2,0,0,0,False,Independent all-connector completeness review; Revision match and electrical limits
maker-existing-seeed-studio-expansion-rs485-expansion-board-for-xiao,RS485 Expansion Board for XIAO,Seeed Studio,maker,pinout-source,1,0,0,0,False,Independent all-connector completeness review; Revision match and electrical limits
maker-existing-seeed-studio-expansion-wm1302-pi-hat,WM1302 Pi HAT,Seeed Studio,maker,pinout-source,1,0,0,0,False,Independent all-connector completeness review; Revision match and electrical limits
maker-existing-seeed-studio-expansion-wio-lr2021,Wio-LR2021,Seeed Studio,maker,pinout-source,4,0,1,22,False,Independent all-connector completeness review; Revision match and electrical limits
maker-existing-seeed-studio-expansion-wio-sx1262,Wio-SX1262,Seeed Studio,maker,pinout-source,1,0,0,0,False,Independent all-connector completeness review; Revision match and electrical limits
maker-existing-seeed-studio-expansion-xiao-debug-mate,XIAO Debug Mate,Seeed Studio,maker,pinout-source,2,0,0,0,False,Independent all-connector completeness review; Revision match and electrical limits
maker-existing-seeed-studio-expansion-xiao-logger-hat,XIAO Logger HAT,Seeed Studio,maker,reference-only,0,0,0,0,False,Physical connector map; Independent all-connector completeness review; Revision match and electrical limits
maker-existing-seeed-studio-expansion-xiao-powerbread,XIAO PowerBread,Seeed Studio,maker,reference-only,0,0,0,0,False,Physical connector map; Independent all-connector completeness review; Revision match and electrical limits
maker-existing-seeed-studio-expansion-respeaker-lite,reSpeaker Lite,Seeed Studio,maker,pinout-source,2,0,0,0,False,Independent all-connector completeness review; Revision match and electrical limits
maker-existing-seeed-studio-expansion-respeaker-xvf3800-usb-4-mic-array,reSpeaker XVF3800 USB 4-Mic Array,Seeed Studio,maker,pinout-source,2,0,0,0,False,Independent all-connector completeness review; Revision match and electrical limits
maker-existing-spotpear-manufacturer-unconfirmed-expansion-laser-450nm-5w-driver,Laser-450nm-5W driver,Spotpear (manufacturer unconfirmed),maker,pinout-source,1,0,0,0,False,Independent all-connector completeness review; Revision match and electrical limits
maker-existing-waveshare-expansion-ddsm210,DDSM210,Waveshare,maker,pinout-source,1,0,0,0,False,Independent all-connector completeness review; Revision match and electrical limits
maker-existing-waveshare-expansion-ddsm315,DDSM315,Waveshare,maker,pinout-source,1,0,0,0,False,Independent all-connector completeness review; Revision match and electrical limits
maker-existing-waveshare-expansion-pcie-to-minipcie-gbe-usb3-2-hat-plus,PCIe TO MiniPCIe GbE USB3.2 HAT Plus,Waveshare,maker,pinout-source,1,0,0,0,False,Independent all-connector completeness review; Revision match and electrical limits
maker-existing-waveshare-expansion-ups-power-module-c,UPS Power Module (C),Waveshare,maker,pinout-source,1,0,0,0,False,Independent all-connector completeness review; Revision match and electrical limits
maker-adafruit-3c05b617f1ed,Adafruit DRV8833 DC/Stepper Motor Driver Breakout Board,Adafruit,maker,reference-only,0,0,0,0,False,Physical connector map; Independent all-connector completeness review; Revision match and electrical limits
maker-adafruit-f728bed24afd,Adafruit PCA9685 16-Channel Servo Driver,Adafruit,maker,reference-only,0,0,0,0,False,Physical connector map; Independent all-connector completeness review; Revision match and electrical limits
maker-adafruit-bbff2124b1be,Adafruit STEMMA Non-Latching Mini Relay,Adafruit,maker,reference-only,0,0,0,0,False,Physical connector map; Independent all-connector completeness review; Revision match and electrical limits
maker-generic-generic-relay-module-variants,Generic relay module variants,Generic / manufacturer unconfirmed,maker,missing,0,0,0,0,False,Physical connector map; Independent all-connector completeness review; Revision match and electrical limits
maker-generic-ws2812-addressable-led-modules,WS2812 addressable LED modules,Generic / manufacturer unconfirmed,maker,missing,0,0,0,0,False,Physical connector map; Independent all-connector completeness review; Revision match and electrical limits
maker-joy-it-f34bdd598ad9,KY-005 Infrared transmitter,Joy-IT,maker,pinout-source,1,0,0,0,False,Independent all-connector completeness review; Revision match and electrical limits
maker-joy-it-d14c8adf215f,KY-006 / Passive Piezo-Buzzer,Joy-IT,maker,pinout-source,1,0,0,0,False,Independent all-connector completeness review; Revision match and electrical limits
maker-joy-it-d9044d01adc7,KY-009 RGB SMD-LED,Joy-IT,maker,pinout-source,1,0,0,0,False,Independent all-connector completeness review; Revision match and electrical limits
maker-joy-it-1d28d19450c9,KY-011 2-Color 5mm LED,Joy-IT,maker,pinout-source,1,0,0,0,False,Independent all-connector completeness review; Revision match and electrical limits
maker-joy-it-307a0c709eb4,KY-012 Active Piezo-Buzzer,Joy-IT,maker,pinout-source,1,0,0,0,False,Independent all-connector completeness review; Revision match and electrical limits
maker-joy-it-ee23277cb4d5,KY-016 RGB 5mm LED,Joy-IT,maker,pinout-source,1,0,0,0,False,Independent all-connector completeness review; Revision match and electrical limits
maker-joy-it-62a590ade7e0,KY-019 5V Relais,Joy-IT,maker,pinout-source,1,0,0,0,False,Independent all-connector completeness review; Revision match and electrical limits
maker-joy-it-9fb34e2b8d0c,KY-029 2-Color 3mm LED,Joy-IT,maker,pinout-source,1,0,0,0,False,Independent all-connector completeness review; Revision match and electrical limits
maker-joy-it-d5b815a83fa0,KY-034 7 Color flash-LED,Joy-IT,maker,pinout-source,1,0,0,0,False,Independent all-connector completeness review; Revision match and electrical limits
maker-existing-source-board-9e85c320e96566c801,Grove to Servo,M5Stack,maker,reference-only,0,0,0,0,False,Physical connector map; Independent all-connector completeness review; Revision match and electrical limits
maker-existing-m5stack-expansion-hat-8servos,Hat 8Servos,M5Stack,maker,pinout-source,1,0,0,0,False,Independent all-connector completeness review; Revision match and electrical limits
maker-existing-m5stack-expansion-module-dcmotor,Module DCMotor,M5Stack,maker,reference-only,0,0,0,0,False,Physical connector map; Independent all-connector completeness review; Revision match and electrical limits
maker-existing-m5stack-expansion-module-servo,Module Servo,M5Stack,maker,reference-only,0,0,0,0,False,Physical connector map; Independent all-connector completeness review; Revision match and electrical limits
maker-existing-m5stack-expansion-module-stepmotor,Module Stepmotor,M5Stack,maker,reference-only,0,0,0,0,False,Physical connector map; Independent all-connector completeness review; Revision match and electrical limits
maker-existing-m5stack-expansion-module13-2-stepmotor-driver-v1-1,Module13.2 Stepmotor Driver v1.1,M5Stack,maker,pinout-source,1,0,0,0,False,Independent all-connector completeness review; Revision match and electrical limits
maker-existing-source-board-65eb2a314dd301abcc,Unit 2Relay,M5Stack,maker,reference-only,0,0,0,0,False,Physical connector map; Independent all-connector completeness review; Revision match and electrical limits
maker-existing-source-board-7a1c360932c2af5e64,Unit 4Relay,M5Stack,maker,reference-only,0,0,0,0,False,Physical connector map; Independent all-connector completeness review; Revision match and electrical limits
maker-existing-source-board-aac83aba13e5a6ef0c,Unit 8Servos,M5Stack,maker,reference-only,0,0,0,0,False,Physical connector map; Independent all-connector completeness review; Revision match and electrical limits
maker-existing-source-board-1236d859c33d2398ca,Unit 8Servos2-Chain,M5Stack,maker,reference-only,0,0,0,0,False,Physical connector map; Independent all-connector completeness review; Revision match and electrical limits
maker-existing-m5stack-expansion-unit-8servos2-i2c,Unit 8Servos2-I2C,M5Stack,maker,reference-only,0,0,0,0,False,Physical connector map; Independent all-connector completeness review; Revision match and electrical limits
maker-existing-source-board-801de8099af0a1c5c4,Unit Buzzer,M5Stack,maker,reference-only,0,0,0,0,False,Physical connector map; Independent all-connector completeness review; Revision match and electrical limits
maker-existing-source-board-d68745531c69f4b7db,Unit Relay,M5Stack,maker,reference-only,0,0,0,0,False,Physical connector map; Independent all-connector completeness review; Revision match and electrical limits
maker-pololu-c9f3c19279b1,A4988 Stepper Motor Driver Carrier,Pololu,maker,pinout-source,1,0,0,0,False,Independent all-connector completeness review; Revision match and electrical limits
maker-pololu-82ffefdddeb5,"DRV8825 Stepper Motor Driver Carrier, High Current",Pololu,maker,pinout-source,1,0,0,0,False,Independent all-connector completeness review; Revision match and electrical limits
maker-existing-seeed-studio-expansion-led-driver-board-for-xiao,LED Driver Board for XIAO,Seeed Studio,maker,reference-only,0,0,0,0,False,Physical connector map; Independent all-connector completeness review; Revision match and electrical limits
maker-adafruit-a80cab59debc,Adafruit AHT20 Temperature & Humidity Sensor,Adafruit,maker,pinout-source,1,0,1,12,False,Independent all-connector completeness review; Revision match and electrical limits
maker-adafruit-4390e7df6964,Adafruit APDS9960 breakout,Adafruit,maker,pinout-source,1,0,1,14,False,Independent all-connector completeness review; Revision match and electrical limits
maker-adafruit-1e2e6f5dc16e,Adafruit BH1750 Ambient Light Sensor,Adafruit,maker,reference-only,0,0,0,0,False,Physical connector map; Independent all-connector completeness review; Revision match and electrical limits
maker-adafruit-bc61583da117,Adafruit BME280 Humidity + Barometric Pressure + Temperature Sensor Breakout,Adafruit,maker,pinout-source,1,0,1,15,False,Independent all-connector completeness review; Revision match and electrical limits
maker-adafruit-cf6c8b88cee4,Adafruit BME680,Adafruit,maker,pinout-source,1,0,1,15,False,Independent all-connector completeness review; Revision match and electrical limits
maker-adafruit-4b0001459b22,Adafruit BMP280 Barometric Pressure + Temperature Sensor Breakout,Adafruit,maker,pinout-source,1,0,1,15,False,Independent all-connector completeness review; Revision match and electrical limits
maker-adafruit-033e26673f5e,Adafruit BNO055 Absolute Orientation Sensor,Adafruit,maker,pinout-source,1,0,1,18,False,Independent all-connector completeness review; Revision match and electrical limits
maker-adafruit-3e9ba2e85414,Adafruit INA219 Current Sensor Breakout,Adafruit,maker,pinout-source,3,0,1,16,False,Independent all-connector completeness review; Revision match and electrical limits
maker-adafruit-d2748c21e7ce,Adafruit INA260 Current + Voltage + Power Sensor Breakout,Adafruit,maker,pinout-source,2,0,1,10,False,Independent all-connector completeness review; Revision match and electrical limits
maker-adafruit-333ef25b6ff3,Adafruit LIS3DH Triple-Axis Accelerometer Breakout,Adafruit,maker,pinout-source,1,0,1,20,False,Independent all-connector completeness review; Revision match and electrical limits
maker-adafruit-357aa2b8b93a,Adafruit SCD-4x - True CO2 Temperature and Humidity Sensors,Adafruit,maker,pinout-source,1,0,1,13,False,Independent all-connector completeness review; Revision match and electrical limits
maker-adafruit-1eb58493be3e,Adafruit SHT31-D Temperature & Humidity Sensor Breakout,Adafruit,maker,pinout-source,1,0,1,15,False,Independent all-connector completeness review; Revision match and electrical limits
maker-adafruit-1a2b4f796497,"Adafruit Sensirion SHT40, SHT41 & SHT45 Temperature & Humidity Sensors",Adafruit,maker,pinout-source,1,0,1,13,False,Independent all-connector completeness review; Revision match and electrical limits
maker-adafruit-b2e586290c14,Adafruit VL53L0X Time of Flight Micro-LIDAR Distance Sensor Breakout,Adafruit,maker,pinout-source,1,0,1,14,False,Independent all-connector completeness review; Revision match and electrical limits
maker-adafruit-ce8520e58dc5,Adafruit VL53L1X Time of Flight Distance Sensor,Adafruit,maker,pinout-source,1,0,1,14,False,Independent all-connector completeness review; Revision match and electrical limits
maker-dfrobot-c392b1494edb,Gravity: Analog Capacitive Corrosion Resistant Soil Moisture Sensor for Arduino / Raspberry Pi / SEN0193,DFRobot,maker,reference-only,0,0,0,0,False,Physical connector map; Independent all-connector completeness review; Revision match and electrical limits
maker-dfrobot-82dbf92bcd45,Gravity: Analog Sound Level Sensor / SEN0232,DFRobot,maker,functions-only,0,0,1,3,False,Physical connector map; Independent all-connector completeness review; Revision match and electrical limits
maker-dfrobot-7d4943403fb8,Gravity: Electrochemical Oxygen / O2 Sensor (0-25%Vol) / SEN0322,DFRobot,maker,functions-only,0,0,1,4,False,Physical connector map; Independent all-connector completeness review; Revision match and electrical limits
maker-dfrobot-9b446f8d2d68,Gravity: Laser PM2.5 Air Quality Sensor / SEN0177,DFRobot,maker,reference-only,0,0,0,0,False,Physical connector map; Independent all-connector completeness review; Revision match and electrical limits
maker-dfrobot-aae9e1e18b81,Gravity: Waterproof Capacitive Soil Moisture Sensor / SEN0308,DFRobot,maker,reference-only,0,0,0,0,False,Physical connector map; Independent all-connector completeness review; Revision match and electrical limits
maker-generic-dht11-and-dht22-breakout-variants,DHT11 and DHT22 breakout variants,Generic / manufacturer unconfirmed,maker,missing,0,0,0,0,False,Physical connector map; Independent all-connector completeness review; Revision match and electrical limits
maker-generic-hc-sr04-ultrasonic-module-variants,HC-SR04 ultrasonic module variants,Generic / manufacturer unconfirmed,maker,missing,0,0,0,0,False,Physical connector map; Independent all-connector completeness review; Revision match and electrical limits
maker-generic-mq-gas-sensor-module-variants,MQ gas sensor module variants,Generic / manufacturer unconfirmed,maker,missing,0,0,0,0,False,Physical connector map; Independent all-connector completeness review; Revision match and electrical limits
maker-joy-it-1f7410cec6e4,KY-001 Temperature sensor (DS18B20),Joy-IT,maker,pinout-source,1,0,0,0,False,Independent all-connector completeness review; Revision match and electrical limits
maker-joy-it-4ad4c121a597,KY-003 Hall magnetic field sensor,Joy-IT,maker,pinout-source,1,0,0,0,False,Independent all-connector completeness review; Revision match and electrical limits
maker-joy-it-a5314cf5e14d,KY-010 / KY-10 Light barrier,Joy-IT,maker,pinout-source,1,0,0,0,False,Independent all-connector completeness review; Revision match and electrical limits
maker-joy-it-93d18fd1f19b,KY-013 Temperature sensor (NTC),Joy-IT,maker,pinout-source,1,0,0,0,False,Independent all-connector completeness review; Revision match and electrical limits
maker-joy-it-5fc07c43b5c4,KY-015 Combi-Sensor (temperature & humidity),Joy-IT,maker,pinout-source,1,0,0,0,False,Independent all-connector completeness review; Revision match and electrical limits
maker-joy-it-50ff19641a64,KY-018 Photoresistor,Joy-IT,maker,pinout-source,1,0,0,0,False,Independent all-connector completeness review; Revision match and electrical limits
maker-joy-it-fdb6a6bacf62,KY-021 Mini reed magnet,Joy-IT,maker,pinout-source,1,0,0,0,False,Independent all-connector completeness review; Revision match and electrical limits
maker-joy-it-561911cf4ed9,KY-022 Infrared receiver,Joy-IT,maker,pinout-source,1,0,0,0,False,Independent all-connector completeness review; Revision match and electrical limits
maker-joy-it-6ea66c3d5782,"KY-024 Linear, magnetic hall sensor",Joy-IT,maker,pinout-source,1,0,0,0,False,Independent all-connector completeness review; Revision match and electrical limits
maker-joy-it-0f1f5ea963b9,"KY-025 Analog, magnetic reed sensor",Joy-IT,maker,pinout-source,1,0,0,0,False,Independent all-connector completeness review; Revision match and electrical limits
maker-joy-it-6caff140fce1,KY-026 Analog flame sensor,Joy-IT,maker,pinout-source,1,0,0,0,False,Independent all-connector completeness review; Revision match and electrical limits
maker-joy-it-69656f036a20,KY-027 Magic light cup,Joy-IT,maker,pinout-source,1,0,0,0,False,Independent all-connector completeness review; Revision match and electrical limits
maker-joy-it-b3ffd9a4f8a2,KY-028 Temperature sensor (thermistor),Joy-IT,maker,pinout-source,1,0,0,0,False,Independent all-connector completeness review; Revision match and electrical limits
maker-joy-it-10d37b4c0e4d,KY-031 Knock sensor,Joy-IT,maker,pinout-source,1,0,0,0,False,Independent all-connector completeness review; Revision match and electrical limits
maker-joy-it-5532b29f2ed5,KY-032 Obstacle detector,Joy-IT,maker,pinout-source,1,0,0,0,False,Independent all-connector completeness review; Revision match and electrical limits
maker-joy-it-f277a68abec1,KY-033 Linetracking sensor,Joy-IT,maker,pinout-source,1,0,0,0,False,Independent all-connector completeness review; Revision match and electrical limits
maker-joy-it-b4df12f011c1,KY-035 Bihor magnetic sensor,Joy-IT,maker,pinout-source,1,0,0,0,False,Independent all-connector completeness review; Revision match and electrical limits
maker-joy-it-4f5c2e209218,KY-037 Microphone sound sensor (high sensitivity),Joy-IT,maker,pinout-source,1,0,0,0,False,Independent all-connector completeness review; Revision match and electrical limits
maker-joy-it-b2a1d441eb72,KY-038 Microphone sound sensor,Joy-IT,maker,pinout-source,1,0,0,0,False,Independent all-connector completeness review; Revision match and electrical limits
maker-joy-it-0bc3011cd3c8,KY-039 Heartbeat sensor,Joy-IT,maker,pinout-source,1,0,0,0,False,Independent all-connector completeness review; Revision match and electrical limits
maker-joy-it-a2559882a10a,KY-050 Ultrasonic distance sensor,Joy-IT,maker,pinout-source,1,0,0,0,False,Independent all-connector completeness review; Revision match and electrical limits
maker-joy-it-000aa80ed2d4,KY-052 Pressure sensor / Temperature sensor (BMP280),Joy-IT,maker,pinout-source,1,0,0,0,False,Independent all-connector completeness review; Revision match and electrical limits
maker-joy-it-92dad4744895,KY-054 Phototransistor,Joy-IT,maker,pinout-source,1,0,0,0,False,Independent all-connector completeness review; Revision match and electrical limits
maker-existing-source-board-58a3464523a4a2c02e,Unit Mini IMU-Pro,M5Stack,maker,reference-only,0,0,0,0,False,Physical connector map; Independent all-connector completeness review; Revision match and electrical limits
maker-existing-source-board-0e3122dd0f2d467be1,Unit Thermal2,M5Stack,maker,reference-only,0,0,0,0,False,Physical connector map; Independent all-connector completeness review; Revision match and electrical limits
maker-existing-source-board-f128bcb679828e9993,Unit Tube Pressure,M5Stack,maker,reference-only,0,0,0,0,False,Physical connector map; Independent all-connector completeness review; Revision match and electrical limits
maker-existing-source-board-a2285d667efa547c38,Unit Ultrasonic,M5Stack,maker,reference-only,0,0,0,0,False,Physical connector map; Independent all-connector completeness review; Revision match and electrical limits
maker-existing-source-board-1944bd7d1e9fc877a6,Unit Ultrasonic-I2C,M5Stack,maker,reference-only,0,0,0,0,False,Physical connector map; Independent all-connector completeness review; Revision match and electrical limits
maker-pololu-eec8e3eed80f,"MinIMU-9 v5 Gyro, Accelerometer, and Compass (LSM6DS33 and LIS3MDL Carrier)",Pololu,maker,pinout-source,1,0,0,0,False,Independent all-connector completeness review; Revision match and electrical limits
maker-existing-source-board-6a46acf091548bef03,MR60BHA2 60GHz mmWave Breathing and Heartbeat Detection Sensor Kit with XIAO ESP32C6,Seeed Studio,maker,reference-only,0,0,0,0,False,Physical connector map; Independent all-connector completeness review; Revision match and electrical limits
maker-existing-source-board-09dd14dad4781f80a9,SenseCAP A1101 (LoRaWAN Vision AI Sensor),Seeed Studio,maker,reference-only,0,0,0,0,False,Physical connector map; Independent all-connector completeness review; Revision match and electrical limits
maker-existing-source-board-86ebac141812f19aab,XIAO Soil Moisture Sensor,Seeed Studio,maker,reference-only,0,0,0,0,False,Physical connector map; Independent all-connector completeness review; Revision match and electrical limits
maker-existing-source-board-b559332bf40915efce,Xadow - Basic Sensors,Seeed Studio,maker,reference-only,0,0,0,0,False,Physical connector map; Independent all-connector completeness review; Revision match and electrical limits
maker-existing-source-board-e3a84d91705df46b1d,Xadow - Multichannel Gas Sensor,Seeed Studio,maker,reference-only,0,0,0,0,False,Physical connector map; Independent all-connector completeness review; Revision match and electrical limits
maker-existing-source-board-e3199ac49cb857fde7,mmWave Human Detection Sensor Kit (MR24HPC1),Seeed Studio,maker,reference-only,0,0,0,0,False,Physical connector map; Independent all-connector completeness review; Revision match and electrical limits
maker-sparkfun-986cce1a498a,Load Cell Amplifier HX711 Breakout Hookup Guide,SparkFun,maker,reference-only,0,0,0,0,False,Physical connector map; Independent all-connector completeness review; Revision match and electrical limits
maker-adafruit-product-326,"Monochrome 0.96"" 128x64 OLED Graphic Display - STEMMA QT / PID 326",Adafruit,maker,pinout-source,1,0,1,16,False,Independent all-connector completeness review; Revision match and electrical limits
maker-adafruit-product-938,"Monochrome 1.3"" 128x64 OLED graphic display - STEMMA QT / Qwiic / PID 938",Adafruit,maker,pinout-source,1,0,1,16,False,Independent all-connector completeness review; Revision match and electrical limits
maker-dfrobot-8e4275476361,TP4056X MicroUSB Lipo Charger Module (DFR0667),DFRobot,maker,pinout-source,1,0,0,0,False,Independent all-connector completeness review; Revision match and electrical limits
maker-dfrobot-66edd1629d47,TP4056X Type-C Lipo Charger Module (DFR0668),DFRobot,maker,pinout-source,1,0,0,0,False,Independent all-connector completeness review; Revision match and electrical limits
maker-dfrobot-1c921925e669,DC-DC Buck Converter Power Module (DFR0831),DFRobot,maker,pinout-source,1,0,1,7,False,Independent all-connector completeness review; Revision match and electrical limits
maker-dfrobot-fc08dfdf432e,DC-DC Buck Converter Module (DFR1025),DFRobot,maker,pinout-source,1,0,0,0,False,Independent all-connector completeness review; Revision match and electrical limits
maker-dfrobot-5ea29ad6e94a,SPV1050 Solar Power Management Module (DFR0579),DFRobot,maker,reference-only,0,0,0,0,False,Physical connector map; Independent all-connector completeness review; Revision match and electrical limits
maker-dfrobot-07cea1af709f,CN3165 Solar Power Management Module (DFR0559),DFRobot,maker,reference-only,0,0,0,0,False,Physical connector map; Independent all-connector completeness review; Revision match and electrical limits
maker-dfrobot-9cec44edde33,LTC3652 Solar Power Management Module (DFR0535),DFRobot,maker,reference-only,0,0,0,0,False,Physical connector map; Independent all-connector completeness review; Revision match and electrical limits
maker-dfrobot-02aaaf3a68b2,SY6982C 7.4V LiPo Battery USB Charging Module (DFR0564),DFRobot,maker,reference-only,0,0,0,0,False,Physical connector map; Independent all-connector completeness review; Revision match and electrical limits
maker-dfrobot-26c9bc388cd7,Gravity: MAX17043 3.7V Lithium Battery Fuel Gauge Module (DFR0563),DFRobot,maker,functions-only,0,0,1,6,False,Physical connector map; Independent all-connector completeness review; Revision match and electrical limits
maker-dfrobot-6b63744042ac,GS2678 DC-DC Converter Module (DFR0205),DFRobot,maker,pinout-source,1,0,0,0,False,Independent all-connector completeness review; Revision match and electrical limits
maker-pololu-e3046d322bfd,"Pololu 5V, 1A Step-Down Voltage Regulator D24V10F5",Pololu,maker,pinout-source,1,0,0,0,False,Independent all-connector completeness review; Revision match and electrical limits
maker-pololu-16b3e62c449a,Pololu 5V Step-Up/Step-Down Voltage Regulator S7V8F5,Pololu,maker,pinout-source,1,0,0,0,False,Independent all-connector completeness review; Revision match and electrical limits
maker-pololu-3b241b83a098,Pololu 5V Step-Up Voltage Regulator U1V11F5,Pololu,maker,pinout-source,1,0,0,0,False,Independent all-connector completeness review; Revision match and electrical limits
maker-adafruit-11fc5d17cd6f,Adafruit Powerboost 1000C,Adafruit,maker,pinout-source,1,0,1,14,False,Independent all-connector completeness review; Revision match and electrical limits
maker-adafruit-44fa7ce955f3,Adafruit PowerBoost 500 + Charger,Adafruit,maker,pinout-source,1,0,1,12,False,Independent all-connector completeness review; Revision match and electrical limits
maker-adafruit-50b7b2b3df89,Adafruit Powerboost 1000 Basic,Adafruit,maker,pinout-source,1,0,1,10,False,Independent all-connector completeness review; Revision match and electrical limits
maker-adafruit-93c799be9ed6,Adafruit Universal USB / DC / Solar Lithium Ion/Polymer charger - BQ24074,Adafruit,maker,reference-only,0,0,0,0,False,Physical connector map; Independent all-connector completeness review; Revision match and electrical limits
maker-waveshare-b66fa68e62af,UPS Module 3S,Waveshare,maker,pinout-source,1,0,0,0,False,Independent all-connector completeness review; Revision match and electrical limits
maker-waveshare-f9cdecc7e49d,UPS Module Mini,Waveshare,maker,functions-only,0,0,1,9,False,Physical connector map; Independent all-connector completeness review; Revision match and electrical limits
maker-waveshare-98e5f4b5a1d7,Solar Power Manager,Waveshare,maker,reference-only,0,0,0,0,False,Physical connector map; Independent all-connector completeness review; Revision match and electrical limits
maker-power-82efdaa39b70,DC-DC buck-boost converter DFR0946,DFRobot,maker,reference-only,0,0,0,0,False,Physical connector map; Independent all-connector completeness review; Revision match and electrical limits
maker-power-dee1c28096b6,Mini boost module DFR0952,DFRobot,maker,reference-only,0,0,0,0,False,Physical connector map; Independent all-connector completeness review; Revision match and electrical limits
maker-power-7d42ca26a549,MT3608 boost module — Sunrom 4576,Sunrom (seller; OEM unconfirmed),maker,reference-only,0,0,0,0,False,Physical connector map; Independent all-connector completeness review; Revision match and electrical limits
maker-power-e343809c3eab,DC5-36-TO-DC3V3-5 buck module,Waveshare,maker,reference-only,0,0,0,0,False,Physical connector map; Independent all-connector completeness review; Revision match and electrical limits
maker-power-e07fb4989949,LM2596 buck module — Sunrom 4314,Sunrom (seller; OEM unconfirmed),maker,reference-only,0,0,0,0,False,Physical connector map; Independent all-connector completeness review; Revision match and electrical limits
maker-power-705667cffe64,XL6009 boost module — Sunrom 4316,Sunrom (seller; OEM unconfirmed),maker,reference-only,0,0,0,0,False,Physical connector map; Independent all-connector completeness review; Revision match and electrical limits
maker-power-926d4b35f8d8,MP1584 buck module — Sunrom 4498,Sunrom (seller; OEM unconfirmed),maker,reference-only,0,0,0,0,False,Physical connector map; Independent all-connector completeness review; Revision match and electrical limits
maker-power-7e8f975e5e40,TP4056 USB-C charger with protection — Sunrom 5949,Sunrom (seller; OEM unconfirmed),maker,reference-only,0,0,0,0,False,Physical connector map; Independent all-connector completeness review; Revision match and electrical limits
maker-power-6c7895c83432,TP4057 charging module — DIY-Thermocam assembly variant,DIY-Thermocam reference / OEM unconfirmed,maker,reference-only,0,0,0,0,False,Physical connector map; Independent all-connector completeness review; Revision match and electrical limits
