id,brand,name,status,specification_urls,source_urls
guition-cyd-esp32-1732s019,Guition,ESP32-1732S019,Source documentation available; dedicated specs not verified,,https://www.guition.com/-download
guition-cyd-esp32-2424s012,Guition,ESP32-2424S012,Source documentation available; dedicated specs not verified,,https://www.guition.com/-download
guition-cyd-esp32-2432s024,Guition,ESP32-2432S024,Source documentation available; dedicated specs not verified,,https://www.guition.com/-download
guition-cyd-esp32-2432s028,Guition,ESP32-2432S028,Source documentation available; dedicated specs not verified,,https://www.guition.com/-download
guition-cyd-esp32-2432s032,Guition,ESP32-2432S032,Source documentation available; dedicated specs not verified,,https://www.guition.com/-download
guition-cyd-esp32-3248s035,Guition,ESP32-3248S035,Source documentation available; dedicated specs not verified,,https://www.guition.com/-download
guition-cyd-esp32-4827s043,Guition,ESP32-4827S043,Source documentation available; dedicated specs not verified,,https://www.guition.com/-download
guition-cyd-esp32-4848s040,Guition,ESP32-4848S040,Source documentation available; dedicated specs not verified,,https://www.guition.com/-download
guition-cyd-esp32-8048s050,Guition,ESP32-8048S050,Source documentation available; dedicated specs not verified,,https://www.guition.com/-download
guition-cyd-esp32-8048s070,Guition,ESP32-8048S070,Source documentation available; dedicated specs not verified,,https://www.guition.com/-download
guition-cyd-esp32-8048s550c,Guition,esp32-8048S550C,Source documentation available; dedicated specs not verified,,https://raw.githubusercontent.com/rzeldent/platformio-espressif32-sunton/0d9a9b1a494bd245744f139d7cc583584fe3bce1/esp32-8048S550C.json
guition-cyd-jc1060p470c-i-w,Guition,JC1060P470C_I_W,Source documentation available; dedicated specs not verified,,https://www.guition.com/-download
guition-cyd-jc1060p470c-i-w-y,Guition,JC1060P470C_I_W_Y,Source documentation available; dedicated specs not verified,,https://www.guition.com/-download
guition-cyd-jc2432w328,Guition,JC2432W328,Source documentation available; dedicated specs not verified,,https://www.guition.com/-download | https://f1atb.fr/esp32-2432s028-esp32-2432s024-jc2432w328/
guition-cyd-jc2432w328c,Guition,JC2432W328C,Source documentation available; dedicated specs not verified,,https://raw.githubusercontent.com/rzeldent/platformio-espressif32-sunton/0d9a9b1a494bd245744f139d7cc583584fe3bce1/JC2432W328C.json
guition-cyd-jc3248w535,Guition,JC3248W535,Source documentation available; dedicated specs not verified,,https://www.guition.com/-download
guition-cyd-jc3248w535n,Guition,JC3248W535N,Source documentation available; dedicated specs not verified,,https://raw.githubusercontent.com/rzeldent/platformio-espressif32-sunton/0d9a9b1a494bd245744f139d7cc583584fe3bce1/JC3248W535N.json
guition-cyd-jc3636k518,Guition,JC3636K518,Source documentation available; dedicated specs not verified,,https://www.guition.com/-download
guition-cyd-jc3636w518,Guition,JC3636W518,Source documentation available; dedicated specs not verified,,https://www.guition.com/-download
guition-cyd-jc4827w543,Guition,JC4827W543,Source documentation available; dedicated specs not verified,,https://www.guition.com/-download
guition-cyd-jc4827w543c,Guition,JC4827W543C,Source documentation available; dedicated specs not verified,,https://raw.githubusercontent.com/rzeldent/platformio-espressif32-sunton/0d9a9b1a494bd245744f139d7cc583584fe3bce1/JC4827W543C.json
guition-cyd-jc4880p443c-i-w,Guition,JC4880P443C_I_W,Source documentation available; dedicated specs not verified,,https://www.guition.com/-download
guition-cyd-jc8012p4a1c-i-w,Guition,JC8012P4A1C_I_W,Source documentation available; dedicated specs not verified,,https://www.guition.com/-download
guition-cyd-jc8048w550,Guition,JC8048W550,Source documentation available; dedicated specs not verified,,https://www.guition.com/-download
guition-cyd-jc8048w550c,Guition,JC8048W550C,Source documentation available; dedicated specs not verified,,https://raw.githubusercontent.com/rzeldent/platformio-espressif32-sunton/0d9a9b1a494bd245744f139d7cc583584fe3bce1/JC8048W550C.json
sunton-cyd-esp32-1732s019c,Sunton,esp32-1732S019C,Source documentation available; dedicated specs not verified,,https://raw.githubusercontent.com/rzeldent/platformio-espressif32-sunton/0d9a9b1a494bd245744f139d7cc583584fe3bce1/esp32-1732S019C.json
sunton-cyd-esp32-1732s019n,Sunton,esp32-1732S019N,Source documentation available; dedicated specs not verified,,https://raw.githubusercontent.com/rzeldent/platformio-espressif32-sunton/0d9a9b1a494bd245744f139d7cc583584fe3bce1/esp32-1732S019N.json
sunton-cyd-esp32-2424s012c,Sunton,esp32-2424S012C,Source documentation available; dedicated specs not verified,,https://raw.githubusercontent.com/rzeldent/platformio-espressif32-sunton/0d9a9b1a494bd245744f139d7cc583584fe3bce1/esp32-2424S012C.json
sunton-cyd-esp32-2424s012n,Sunton,esp32-2424S012N,Source documentation available; dedicated specs not verified,,https://raw.githubusercontent.com/rzeldent/platformio-espressif32-sunton/0d9a9b1a494bd245744f139d7cc583584fe3bce1/esp32-2424S012N.json
sunton-cyd-esp32-2432s022c,Sunton,esp32-2432S022C,Source documentation available; dedicated specs not verified,,https://raw.githubusercontent.com/rzeldent/platformio-espressif32-sunton/0d9a9b1a494bd245744f139d7cc583584fe3bce1/esp32-2432S022C.json
sunton-cyd-esp32-2432s022n,Sunton,esp32-2432S022N,Source documentation available; dedicated specs not verified,,https://raw.githubusercontent.com/rzeldent/platformio-espressif32-sunton/0d9a9b1a494bd245744f139d7cc583584fe3bce1/esp32-2432S022N.json
sunton-cyd-esp32-2432s024,Sunton,ESP32-2432S024,Source documentation available; dedicated specs not verified,,https://f1atb.fr/esp32-2432s028-esp32-2432s024-jc2432w328/
sunton-cyd-esp32-2432s024c,Sunton,esp32-2432S024C,Source documentation available; dedicated specs not verified,,https://raw.githubusercontent.com/rzeldent/platformio-espressif32-sunton/0d9a9b1a494bd245744f139d7cc583584fe3bce1/esp32-2432S024C.json
sunton-cyd-esp32-2432s024n,Sunton,esp32-2432S024N,Source documentation available; dedicated specs not verified,,https://raw.githubusercontent.com/rzeldent/platformio-espressif32-sunton/0d9a9b1a494bd245744f139d7cc583584fe3bce1/esp32-2432S024N.json
sunton-cyd-esp32-2432s024r,Sunton,esp32-2432S024R,Source documentation available; dedicated specs not verified,,https://raw.githubusercontent.com/rzeldent/platformio-espressif32-sunton/0d9a9b1a494bd245744f139d7cc583584fe3bce1/esp32-2432S024R.json
sunton-cyd-esp32-2432s028,Sunton,ESP32-2432S028,Source documentation available; dedicated specs not verified,,https://mischianti.org/esp32-2432s028-cheap-yellow-display-high-resolution-pinout-datasheet-schema-and-specs/
sunton-cyd-esp32-2432s028r,Sunton,ESP32-2432S028R,Source documentation available; dedicated specs not verified,,https://github.com/witnessmenow/ESP32-Cheap-Yellow-Display/blob/0564a140c76de76ef34a8b7115044e7c6c852695/OriginalDocumentation/2-Specification/ESP32-2432S028%20Specifications-EN.pdf | https://f1atb.fr/esp32-2432s028-esp32-2432s024-jc2432w328/ | https://macsbug.wordpress.com/2022/08/17/esp32-2432s028/ | https://raw.githubusercontent.com/rzeldent/platformio-espressif32-sunton/0d9a9b1a494bd245744f139d7cc583584fe3bce1/esp32-2432S028R.json
sunton-cyd-esp32-2432s028rv2,Sunton,esp32-2432S028Rv2,Source documentation available; dedicated specs not verified,,https://raw.githubusercontent.com/rzeldent/platformio-espressif32-sunton/0d9a9b1a494bd245744f139d7cc583584fe3bce1/esp32-2432S028Rv2.json
sunton-cyd-esp32-2432s028rv3,Sunton,esp32-2432S028Rv3,Source documentation available; dedicated specs not verified,,https://raw.githubusercontent.com/rzeldent/platformio-espressif32-sunton/0d9a9b1a494bd245744f139d7cc583584fe3bce1/esp32-2432S028Rv3.json
sunton-cyd-esp32-2432s032c,Sunton,esp32-2432S032C,Source documentation available; dedicated specs not verified,,https://raw.githubusercontent.com/rzeldent/platformio-espressif32-sunton/0d9a9b1a494bd245744f139d7cc583584fe3bce1/esp32-2432S032C.json
sunton-cyd-esp32-2432s032c-i,Sunton,ESP32-2432S032C-I,Source documentation available; dedicated specs not verified,,https://f1atb.fr/esp32-2432s028-esp32-2432s024-jc2432w328/
sunton-cyd-esp32-2432s032n,Sunton,esp32-2432S032N,Source documentation available; dedicated specs not verified,,https://raw.githubusercontent.com/rzeldent/platformio-espressif32-sunton/0d9a9b1a494bd245744f139d7cc583584fe3bce1/esp32-2432S032N.json
sunton-cyd-esp32-2432s032r,Sunton,esp32-2432S032R,Source documentation available; dedicated specs not verified,,https://raw.githubusercontent.com/rzeldent/platformio-espressif32-sunton/0d9a9b1a494bd245744f139d7cc583584fe3bce1/esp32-2432S032R.json
sunton-cyd-esp32-3248s035c,Sunton,ESP32-3248S035C,Source documentation available; dedicated specs not verified,,https://github.com/witnessmenow/ESP32-Cheap-Yellow-Display/blob/0564a140c76de76ef34a8b7115044e7c6c852695/Variants/3248S035C/Examples/1-Draw/doc/Unofficial_ESP32-3248S035C.png | https://raw.githubusercontent.com/rzeldent/platformio-espressif32-sunton/0d9a9b1a494bd245744f139d7cc583584fe3bce1/esp32-3248S035C.json
sunton-cyd-esp32-3248s035r,Sunton,ESP32-3248S035R,Source documentation available; dedicated specs not verified,,https://macsbug.wordpress.com/2022/10/02/esp32-3248s035/ | https://raw.githubusercontent.com/rzeldent/platformio-espressif32-sunton/0d9a9b1a494bd245744f139d7cc583584fe3bce1/esp32-3248S035R.json
sunton-cyd-esp32-4827s043c,Sunton,esp32-4827S043C,Source documentation available; dedicated specs not verified,,https://raw.githubusercontent.com/rzeldent/platformio-espressif32-sunton/0d9a9b1a494bd245744f139d7cc583584fe3bce1/esp32-4827S043C.json
sunton-cyd-esp32-4827s043n,Sunton,esp32-4827S043N,Source documentation available; dedicated specs not verified,,https://raw.githubusercontent.com/rzeldent/platformio-espressif32-sunton/0d9a9b1a494bd245744f139d7cc583584fe3bce1/esp32-4827S043N.json
sunton-cyd-esp32-4827s043r,Sunton,esp32-4827S043R,Source documentation available; dedicated specs not verified,,https://raw.githubusercontent.com/rzeldent/platformio-espressif32-sunton/0d9a9b1a494bd245744f139d7cc583584fe3bce1/esp32-4827S043R.json
sunton-cyd-esp32-4848s040ciy1,Sunton,esp32-4848S040CIY1,Source documentation available; dedicated specs not verified,,https://raw.githubusercontent.com/rzeldent/platformio-espressif32-sunton/0d9a9b1a494bd245744f139d7cc583584fe3bce1/esp32-4848S040CIY1.json
sunton-cyd-esp32-4848s040ciy3,Sunton,esp32-4848S040CIY3,Source documentation available; dedicated specs not verified,,https://raw.githubusercontent.com/rzeldent/platformio-espressif32-sunton/0d9a9b1a494bd245744f139d7cc583584fe3bce1/esp32-4848S040CIY3.json
sunton-cyd-esp32-8048s043c,Sunton,esp32-8048S043C,Source documentation available; dedicated specs not verified,,https://raw.githubusercontent.com/rzeldent/platformio-espressif32-sunton/0d9a9b1a494bd245744f139d7cc583584fe3bce1/esp32-8048S043C.json
sunton-cyd-esp32-8048s043n,Sunton,esp32-8048S043N,Source documentation available; dedicated specs not verified,,https://raw.githubusercontent.com/rzeldent/platformio-espressif32-sunton/0d9a9b1a494bd245744f139d7cc583584fe3bce1/esp32-8048S043N.json
sunton-cyd-esp32-8048s043r,Sunton,esp32-8048S043R,Source documentation available; dedicated specs not verified,,https://raw.githubusercontent.com/rzeldent/platformio-espressif32-sunton/0d9a9b1a494bd245744f139d7cc583584fe3bce1/esp32-8048S043R.json
sunton-cyd-esp32-8048s050c,Sunton,esp32-8048S050C,Source documentation available; dedicated specs not verified,,https://raw.githubusercontent.com/rzeldent/platformio-espressif32-sunton/0d9a9b1a494bd245744f139d7cc583584fe3bce1/esp32-8048S050C.json
sunton-cyd-esp32-8048s050n,Sunton,esp32-8048S050N,Source documentation available; dedicated specs not verified,,https://raw.githubusercontent.com/rzeldent/platformio-espressif32-sunton/0d9a9b1a494bd245744f139d7cc583584fe3bce1/esp32-8048S050N.json
sunton-cyd-esp32-8048s050r,Sunton,esp32-8048S050R,Source documentation available; dedicated specs not verified,,https://raw.githubusercontent.com/rzeldent/platformio-espressif32-sunton/0d9a9b1a494bd245744f139d7cc583584fe3bce1/esp32-8048S050R.json
sunton-cyd-esp32-8048s070c,Sunton,esp32-8048S070C,Source documentation available; dedicated specs not verified,,https://raw.githubusercontent.com/rzeldent/platformio-espressif32-sunton/0d9a9b1a494bd245744f139d7cc583584fe3bce1/esp32-8048S070C.json
sunton-cyd-esp32-8048s070n,Sunton,esp32-8048S070N,Source documentation available; dedicated specs not verified,,https://raw.githubusercontent.com/rzeldent/platformio-espressif32-sunton/0d9a9b1a494bd245744f139d7cc583584fe3bce1/esp32-8048S070N.json
sunton-cyd-esp32-8048s070r,Sunton,esp32-8048S070R,Source documentation available; dedicated specs not verified,,https://raw.githubusercontent.com/rzeldent/platformio-espressif32-sunton/0d9a9b1a494bd245744f139d7cc583584fe3bce1/esp32-8048S070R.json
01space-esp32-esp32-c3-0-42lcd,01space,ESP32-C3-0.42LCD,Source documentation available; dedicated specs not verified,,https://github.com/01Space/ESP32-C3-0.42LCD | https://circuitpython.org/board/01space_lcd042_esp32c3/
adafruit-esp32-feather-huzzah32,Adafruit,Adafruit Feather HUZZAH32,Source documentation available; dedicated specs not verified,,https://learn.adafruit.com/adafruit-huzzah32-esp32-feather/pinouts | https://www.adafruit.com/product/3707 | https://circuitpython.org/board/adafruit_feather_huzzah32/
adafruit-esp32-huzzah32-breakout,Adafruit,Adafruit HUZZAH32 Breakout,Specification link recorded,https://www.adafruit.com/product/4172,https://www.adafruit.com/product/4172 | https://circuitpython.org/board/adafruit_huzzah32_breakout/ | https://github.com/adafruit/Adafruit-ESP32-HUZZAH-Breakout-PCB/tree/2f1dcc9ebf93d4a9c825a3747d51849c088c390d
adafruit-esp32-itsybitsy-esp32,Adafruit,Adafruit ItsyBitsy ESP32,Source documentation available; dedicated specs not verified,,https://learn.adafruit.com/adafruit-itsybitsy-esp32/pinouts | https://www.adafruit.com/product/5889 | https://circuitpython.org/board/adafruit_itsybitsy_esp32/
adafruit-esp32-mini-sparkle-motion,Adafruit,Adafruit Mini Sparkle Motion,Source documentation available; dedicated specs not verified,,https://learn.adafruit.com/adafruit-sparkle-motion-mini/pinouts | https://www.adafruit.com/product/6160 | https://circuitpython.org/board/adafruit_mini_sparkle_motion/
adafruit-esp32-p4-gpio,Adafruit,Adafruit P4 GPIO,Source documentation available; dedicated specs not verified,,https://github.com/adafruit/circuitpython/tree/main/ports/espressif/boards/adafruit_p4gpio | https://circuitpython.org/board/adafruit_p4gpio/
adafruit-esp32-qt-py-esp32-pico,Adafruit,Adafruit QT Py ESP32 Pico,Specification link recorded,https://www.adafruit.com/product/5395,https://www.adafruit.com/product/5395 | https://circuitpython.org/board/adafruit_qtpy_esp32_pico/ | https://github.com/adafruit/Adafruit-QT-Py-ESP32-Pico-PCB/tree/f45b12704ccbb7180d89db28e1af7bd861124133
adafruit-esp32-qt-py-esp32-s2-including-ufl-version,Adafruit,Adafruit QT Py ESP32-S2 (including uFL version),Source documentation available; dedicated specs not verified,,https://learn.adafruit.com/adafruit-qt-py-esp32-s2/pinouts | https://www.adafruit.com/product/5325 | https://www.adafruit.com/product/5348 | https://circuitpython.org/board/adafruit_qtpy_esp32s2/
adafruit-esp32-qt-py-esp32-s3-4mb-flash-2mb-psram,Adafruit,Adafruit QT Py ESP32-S3 4MB Flash/2MB PSRAM,Source documentation available; dedicated specs not verified,,https://www.adafruit.com/product/5700 | https://circuitpython.org/board/adafruit_qtpy_esp32s3_4mbflash_2mbpsram/
adafruit-esp32-qt-py-esp32-s3-8mb-flash-no-psram,Adafruit,Adafruit QT Py ESP32-S3 8MB Flash No PSRAM,Source documentation available; dedicated specs not verified,,https://www.adafruit.com/product/5426 | https://circuitpython.org/board/adafruit_qtpy_esp32s3_nopsram/
adafruit-esp32-sparkle-motion,Adafruit,Adafruit Sparkle Motion,Source documentation available; dedicated specs not verified,,https://learn.adafruit.com/adafruit-sparkle-motion/pinouts | https://www.adafruit.com/product/6100 | https://circuitpython.org/board/adafruit_sparkle_motion/
adafruit-esp32-vindie-s2,Adafruit,Adafruit Vindie S2,Source documentation available; dedicated specs not verified,,https://circuitpython.org/board/adafruit_vindie_s2/
adafruit-esp32-esp32-s2-reverse-tft-feather,Adafruit,ESP32-S2 Reverse TFT Feather,Source documentation available; dedicated specs not verified,,https://learn.adafruit.com/esp32-s2-reverse-tft-feather/pinouts | https://www.adafruit.com/product/5345 | https://circuitpython.org/board/adafruit_feather_esp32s2_reverse_tft/
adafruit-esp32-esp32-s3-reverse-tft-feather,Adafruit,ESP32-S3 Reverse TFT Feather,Specification link recorded,https://www.adafruit.com/product/5691,https://www.adafruit.com/product/5691 | https://learn.adafruit.com/esp32-s3-reverse-tft-feather/pinouts | https://circuitpython.org/board/adafruit_feather_esp32s3_reverse_tft/ | https://github.com/adafruit/Adafruit-ESP32-S3-Reverse-TFT-Feather-PCB/tree/633459d74623227a18f7c4b1594db0840ba5592d
adafruit-esp32-feather-esp32-v2,Adafruit,Feather ESP32 V2,Source documentation available; dedicated specs not verified,,https://learn.adafruit.com/adafruit-esp32-feather-v2/pinouts | https://www.adafruit.com/product/5400 | https://circuitpython.org/board/adafruit_feather_esp32_v2/
adafruit-esp32-feather-esp32-c6-4mb-flash-no-psram,Adafruit,Feather ESP32-C6 4MB Flash No PSRAM,Source documentation available; dedicated specs not verified,,https://learn.adafruit.com/adafruit-esp32-c6-feather/pinouts | https://www.adafruit.com/product/5933 | https://circuitpython.org/board/adafruit_feather_esp32c6_4mbflash_nopsram/
adafruit-esp32-feather-esp32-s2,Adafruit,Feather ESP32-S2,Source documentation available; dedicated specs not verified,,https://learn.adafruit.com/adafruit-esp32-s2-feather/pinouts | https://www.adafruit.com/product/5000 | https://circuitpython.org/board/adafruit_feather_esp32s2/
adafruit-esp32-feather-esp32-s2-with-bme280-sensor,Adafruit,Feather ESP32-S2 with BME280 Sensor,Source documentation available; dedicated specs not verified,,https://www.adafruit.com/product/5303 | https://circuitpython.org/board/adafruit_feather_esp32s2_bme280/
adafruit-esp32-feather-esp32-s2-with-tft,Adafruit,Feather ESP32-S2 with TFT,Source documentation available; dedicated specs not verified,,https://learn.adafruit.com/adafruit-esp32-s2-tft-feather/pinouts | https://www.adafruit.com/product/5300 | https://circuitpython.org/board/adafruit_feather_esp32s2_tft/
adafruit-esp32-feather-esp32-s3,Adafruit,Feather ESP32-S3,Source documentation available; dedicated specs not verified,,https://learn.adafruit.com/adafruit-esp32-s3-feather/pinouts
adafruit-esp32-feather-esp32-s3-4mb-flash-2mb-psram,Adafruit,Feather ESP32-S3 4MB Flash 2MB PSRAM,Source documentation available; dedicated specs not verified,,https://learn.adafruit.com/adafruit-esp32-s3-feather/pinouts | https://www.adafruit.com/product/5477 | https://circuitpython.org/board/adafruit_feather_esp32s3_4mbflash_2mbpsram/
adafruit-esp32-feather-esp32-s3-8mb-flash-no-psram,Adafruit,Feather ESP32-S3 8MB Flash No PSRAM,Source documentation available; dedicated specs not verified,,https://www.adafruit.com/product/5323 | https://circuitpython.org/board/adafruit_feather_esp32s3_nopsram/
adafruit-esp32-feather-esp32-s3-tft-psram,Adafruit,Feather ESP32-S3 TFT PSRAM,Source documentation available; dedicated specs not verified,,https://learn.adafruit.com/adafruit-esp32-s3-tft-feather/pinouts | https://www.adafruit.com/product/5483 | https://circuitpython.org/board/adafruit_feather_esp32s3_tft/
adafruit-esp32-feather-huzzah-esp8266,Adafruit,Feather HUZZAH ESP8266,Source documentation available; dedicated specs not verified,,https://learn.adafruit.com/adafruit-feather-huzzah-esp8266/downloads
adafruit-esp32-funhouse-wifi-home-automation-development-board,Adafruit,FunHouse - WiFi Home Automation Development Board,Source documentation available; dedicated specs not verified,,https://learn.adafruit.com/adafruit-funhouse/pinouts | https://www.adafruit.com/product/4985 | https://www.adafruit.com/product/5069 | https://circuitpython.org/board/adafruit_funhouse/
adafruit-esp32-magtag-2-9-grayscale-e-ink-wifi-display,Adafruit,"MagTag - 2.9\"" Grayscale E-Ink WiFi Display",Source documentation available; dedicated specs not verified,,https://learn.adafruit.com/adafruit-magtag/pinouts | https://www.adafruit.com/product/4800 | https://www.adafruit.com/product/4819 | https://circuitpython.org/board/adafruit_magtag_2.9_grayscale/
adafruit-esp32-matrixportal-s3,Adafruit,MatrixPortal S3,Specification link recorded,https://www.adafruit.com/product/5778,https://www.adafruit.com/product/5778 | https://learn.adafruit.com/adafruit-matrixportal-s3/pinouts | https://circuitpython.org/board/adafruit_matrixportal_s3/ | https://github.com/adafruit/Adafruit-MatrixPortal-S3-PCB/tree/1ff841b511d7dc153ae8d4c0b148d33cb3b2ba85
adafruit-esp32-memento-python-programmable-diy-camera,Adafruit,MEMENTO - Python Programmable DIY Camera,Source documentation available; dedicated specs not verified,,https://www.adafruit.com/product/5420 | https://circuitpython.org/board/adafruit_esp32s3_camera/
adafruit-esp32-metro-esp32-s2,Adafruit,Metro ESP32-S2,Source documentation available; dedicated specs not verified,,https://learn.adafruit.com/adafruit-metro-esp32-s2/pinouts | https://www.adafruit.com/product/4775 | https://circuitpython.org/board/adafruit_metro_esp32s2/
adafruit-esp32-metro-esp32-s3,Adafruit,Metro ESP32-S3,Source documentation available; dedicated specs not verified,,https://learn.adafruit.com/adafruit-metro-esp32-s3/pinouts | https://www.adafruit.com/product/5500 | https://circuitpython.org/board/adafruit_metro_esp32s3/
adafruit-esp32-qt-py-esp32-c3,Adafruit,QT Py ESP32-C3,Source documentation available; dedicated specs not verified,,https://learn.adafruit.com/adafruit-qt-py-esp32-c3-wifi-dev-board/pinouts | https://www.adafruit.com/product/5405 | https://circuitpython.org/board/adafruit_qtpy_esp32c3/
adafruit-esp32-qt-py-esp32-s3,Adafruit,QT Py ESP32-S3,Source documentation available; dedicated specs not verified,,https://learn.adafruit.com/adafruit-qt-py-esp32-s3/pinouts
adafruit-esp32-qualia-esp32-s3-for-ttl-rgb-666-displays,Adafruit,Qualia ESP32-S3 for TTL RGB-666 Displays,Source documentation available; dedicated specs not verified,,https://www.adafruit.com/product/5800 | https://circuitpython.org/board/adafruit_qualia_s3_rgb666/
ai-thinker-esp32-ai-thinker-esp32-cam,Ai-Thinker,Ai Thinker ESP32-CAM,Source documentation available; dedicated specs not verified,,https://docs.ai-thinker.com/en/esp32-cam | https://circuitpython.org/board/ai-thinker-esp32-cam/
ai-thinker-esp32-esp-c3-32s,Ai-Thinker,ESP-C3-32S,Source documentation available; dedicated specs not verified,,https://docs.ai-thinker.com/en/esp32c3 | https://circuitpython.org/board/ai_thinker_esp32-c3s/
ai-thinker-esp32-esp-c3-32s-2m,Ai-Thinker,ESP-C3-32S (2M),Source documentation available; dedicated specs not verified,,https://docs.ai-thinker.com/en/esp32c3 | https://circuitpython.org/board/ai_thinker_esp32-c3s-2m/
ai-thinker-esp32-nodemcu-esp-12k,Ai-Thinker,NodeMCU ESP-12K,Source documentation available; dedicated specs not verified,,https://docs.ai-thinker.com/en/12k_development_board_esp32-s2 | https://circuitpython.org/board/ai_thinker_esp_12k_nodemcu/
arduino-esp32-nano-esp32,Arduino,Nano ESP32,Source documentation available; dedicated specs not verified,,https://docs.arduino.cc/hardware/alvik/ | https://github.com/arduino/docs-content/blob/dab66ecbd6ad52cd742da6c19c5b6330a7f2caae/content/hardware/edu/solution-and-kits/alvik/product.md | https://github.com/arduino/docs-content/blob/dab66ecbd6ad52cd742da6c19c5b6330a7f2caae/content/hardware/edu/solution-and-kits/alvik/tutorials/user-manual/assets/ESP_Pinout_Alvik.png | https://github.com/arduino/docs-content/blob/dab66ecbd6ad52cd742da6c19c5b6330a7f2caae/content/hardware/edu/solution-and-kits/alvik/tutorials/user-manual/assets/esp-pinout.png | https://docs.arduino.cc/hardware/nano-esp32/ | https://github.com/arduino/docs-content/blob/dab66ecbd6ad52cd742da6c19c5b6330a7f2caae/content/hardware/nano/boards/nano-esp32/product.md | https://github.com/arduino/docs-content/blob/dab66ecbd6ad52cd742da6c19c5b6330a7f2caae/content/hardware/nano/boards/nano-esp32/datasheet/assets/pinout.png | https://github.com/arduino/docs-content/blob/dab66ecbd6ad52cd742da6c19c5b6330a7f2caae/content/hardware/nano/boards/nano-esp32/tutorials/cheat-sheet/assets/esp-pinout.png | https://github.com/arduino/docs-content/blob/dab66ecbd6ad52cd742da6c19c5b6330a7f2caae/content/hardware/nano/boards/nano-esp32/tutorials/pin-setup/assets/esp-pinout.png | https://github.com/arduino/docs-content/blob/dab66ecbd6ad52cd742da6c19c5b6330a7f2caae/content/hardware/nano/boards/nano-esp32/downloads/ABX00083-full-pinout.pdf | https://store.arduino.cc/pages/nano-esp32 | https://circuitpython.org/board/arduino_nano_esp32s3/
arduino-esp32-nano-esp32-with-inverted-status-led,Arduino,Nano ESP32 with inverted Status LED,Source documentation available; dedicated specs not verified,,https://store.arduino.cc/pages/nano-esp32 | https://circuitpython.org/board/arduino_nano_esp32s3_inverted_statusled/
atmegazero-esp32-esp32-s2,ATMegaZero,ATMegaZero ESP32-S2,Source documentation available; dedicated specs not verified,,https://www.atmegazero.com | https://circuitpython.org/board/atmegazero_esp32s2/
autosport-labs-esp32-esp32-can-x2,Autosport Labs,Autosport Labs ESP32-CAN-X2,Source documentation available; dedicated specs not verified,,https://www.autosportlabs.com/product/esp32-can-x2-dual-can-bus-automotive-grade-development-board/ | https://wiki.autosportlabs.com/ESP32-CAN-X2 | https://circuitpython.org/board/autosportlabs_esp32_can_x2/
banana-pi-esp32-bpi-bit,Banana Pi,BPI-Bit,Source documentation available; dedicated specs not verified,,https://docs.banana-pi.org/en/BPI-Bit/BananaPi_BPI-Bit
banana-pi-esp32-bpi-bit-s2,Banana Pi,BPI-Bit-S2,Source documentation available; dedicated specs not verified,,https://docs.banana-pi.org/en/BPI-Bit-S2/BananaPi_BPI-Bit-S2 | https://wiki.banana-pi.org/BPI-Bit-S2 | https://circuitpython.org/board/bpi_bit_s2/
banana-pi-esp32-bpi-centi-s3,Banana Pi,BPI-Centi-S3,Source documentation available; dedicated specs not verified,,https://docs.banana-pi.org/en/BPI-Centi-S3/BananaPi_BPI-Centi-S3
banana-pi-esp32-bpi-leaf-s3,Banana Pi,BPI-Leaf-S3,Source documentation available; dedicated specs not verified,,https://docs.banana-pi.org/en/BPI-Leaf-S3/BananaPi_BPI-Leaf-S3 | https://wiki.banana-pi.org/BPI-Leaf-S3 | https://circuitpython.org/board/bpi_leaf_s3/
banana-pi-esp32-bpi-picow-s3,Banana Pi,BPI-PicoW-S3,Source documentation available; dedicated specs not verified,,https://docs.banana-pi.org/en/BPI-PicoW-S3/BananaPi_BPI-PicoW-S3 | https://wiki.banana-pi.org/BPI-PicoW-S3 | https://circuitpython.org/board/bpi_picow_s3/
brainboardz-inc-esp32-brainboardz-neuron,BrainBoardz Inc.,BrainBoardz Neuron,Source documentation available; dedicated specs not verified,,https://www.brainboardz.com | https://circuitpython.org/board/brainboardz_neuron/
cezerio-esp32-dev-esp32c6,cezerio,cezerio dev ESP32C6,Source documentation available; dedicated specs not verified,,https://cezerio.com/cezerio_dev_esp32c6 | https://circuitpython.org/board/cezerio_dev_ESP32C6/
cezerio-esp32-mini-dev-esp32c6,cezerio,cezerio mini dev ESP32C6,Source documentation available; dedicated specs not verified,,https://cezerio.com/cezerio_mini_dev_esp32c6 | https://circuitpython.org/board/cezerio_mini_dev_ESP32C6/
circuitart-esp32-esp32s3-zero,CircuitArt,CircuitArt ESP32S3 Zero,Source documentation available; dedicated specs not verified,,https://github.com/CircuitART/ESP32S3zero | https://circuitpython.org/board/circuitart_zero_s3/
community-esp32-alpstuga-drop-in-esp32-s3,Community,ALPSTUGA Drop-In ESP32-S3,Source documentation available; dedicated specs not verified,,https://github.com/adafruit/circuitpython/tree/main/ports/espressif/boards/ikea_alpstuga_esp32_s3 | https://circuitpython.org/board/ikea_alpstuga_esp32_s3/
crcibernetica-esp32-ideaboard,CRCibernetica,CRCibernetica IdeaBoard,Source documentation available; dedicated specs not verified,,https://www.crcibernetica.com/crcibernetica-ideaboard/ | https://circuitpython.org/board/crcibernetica-ideaboard/
crumpspace-esp32-crumps2,CrumpSpace,CrumpSpace CrumpS2,Source documentation available; dedicated specs not verified,,https://github.com/tylercrumpton/CrumpS2 | https://circuitpython.org/board/crumpspace_crumps2/
cytron-technologies-esp32-maker-feather-aiot-s3,Cytron Technologies,Maker Feather AIoT S3,Source documentation available; dedicated specs not verified,,https://circuitpython.org/board/cytron_maker_feather_aiot_s3/
czech-maker-make-more-esp32-maker-badge,Czech maker & Make More,Maker badge,Source documentation available; dedicated specs not verified,,https://github.com/dronecz/maker_badge | https://circuitpython.org/board/maker_badge/
dfrobot-esp32-beetle-esp32-c3,DFRobot,DFRobot Beetle ESP32-C3,Source documentation available; dedicated specs not verified,,https://wiki.dfrobot.com/SKU_DFR0868_Beetle_ESP32_C3 | https://circuitpython.org/board/beetle-esp32-c3/
dfrobot-esp32-firebeetle-2-esp32-c5-dfr1222,DFRobot,FireBeetle 2 ESP32-C5 DFR1222,Source documentation available; dedicated specs not verified,,https://wiki.dfrobot.com/SKU_DFR1222_Firebeetle_2_ESP32_C5_Development_Board
dfrobot-esp32-firebeetle-2-esp32-s3,DFRobot,FireBeetle 2 ESP32-S3,Source documentation available; dedicated specs not verified,,https://wiki.dfrobot.com/SKU_DFR0975_FireBeetle_2_Board_ESP32_S3 | https://circuitpython.org/board/firebeetle2_esp32s3/
doit-esp32-esp32-development-board,DOIT,DOIT ESP32 Development Board,Source documentation available; dedicated specs not verified,,https://www.aliexpress.us/item/2251832638296842.html | https://circuitpython.org/board/doit_esp32_devkit_v1/
doit-esp32-esp32-devkit-v1,DOIT,ESP32 DEVKIT V1,Source documentation available; dedicated specs not verified,,https://mischianti.org/doit-esp32-dev-kit-v1-high-resolution-pinout-and-specs/
double-take-labs-esp32-columbia-dsl-sensor,Double Take Labs,Columbia DSL Sensor,Source documentation available; dedicated specs not verified,,https://circuitpython.org/board/columbia-dsl-sensor/
dronecz-esp32-es3ink,dronecz,ES3ink,Source documentation available; dedicated specs not verified,,https://github.com/dronecz/es3ink | https://circuitpython.org/board/es3ink/
elecrow-esp32-crowpanel-advance-2-4-hmi-esp32-ai-display,Elecrow,CrowPanel Advance 2.4-HMI ESP32 AI Display,Source documentation available; dedicated specs not verified,,https://www.elecrow.com/wiki/CrowPanel_Advance_2.4-HMI_ESP32_AI_Display.html
elecrow-esp32-crowpanel-advance-2-8-hmi-esp32-ai-display,Elecrow,CrowPanel Advance 2.8-HMI ESP32 AI Display,Source documentation available; dedicated specs not verified,,https://www.elecrow.com/wiki/CrowPanel_Advance_2.8-HMI_ESP32_AI_Display.html
elecrow-esp32-crowpanel-advance-3-5-hmi-esp32-ai-display,Elecrow,CrowPanel Advance 3.5-HMI ESP32 AI Display,Source documentation available; dedicated specs not verified,,https://www.elecrow.com/wiki/CrowPanel_Advance_3.5-HMI_ESP32_AI_Display.html
elecrow-esp32-crowpanel-advance-4-3-hmi-esp32-ai-display,Elecrow,CrowPanel Advance 4.3-HMI ESP32 AI Display,Source documentation available; dedicated specs not verified,,https://www.elecrow.com/wiki/CrowPanel_Advance_4.3-HMI_ESP32_AI_Display.html
elecrow-esp32-crowpanel-advance-5-0-hmi-esp32-ai-display,Elecrow,CrowPanel Advance 5.0-HMI ESP32 AI Display,Source documentation available; dedicated specs not verified,,https://www.elecrow.com/wiki/CrowPanel_Advance_5.0-HMI_ESP32_AI_Display.html
elecrow-esp32-crowpanel-advance-7-0-hmi-esp32-ai-display,Elecrow,CrowPanel Advance 7.0-HMI ESP32 AI Display,Source documentation available; dedicated specs not verified,,https://www.elecrow.com/wiki/ESP32_Display-7.0_inch%28Advance_Series%29wiki.html
elecrow-esp32-crowpanel-advanced-esp32-p4-10-1-inch,Elecrow,CrowPanel Advanced ESP32-P4 10.1-inch,Source documentation available; dedicated specs not verified,,https://www.elecrow.com/wiki/CrowPanel_Advanced_10.1inch_ESP32-P4_HMI_AI_Display_1024x600_IPS.html
elecrow-esp32-crowpanel-advanced-esp32-p4-5-inch,Elecrow,CrowPanel Advanced ESP32-P4 5-inch,Source documentation available; dedicated specs not verified,,https://www.elecrow.com/wiki/CrowPanel_Advanced_5inch_ESP32-P4_HMI_AI_Display_800x480_IPS_Touch_Screen_with_WiFi_6.html
elecrow-esp32-crowpanel-advanced-esp32-p4-7-inch,Elecrow,CrowPanel Advanced ESP32-P4 7-inch,Source documentation available; dedicated specs not verified,,https://www.elecrow.com/wiki/CrowPanel_Advanced_7inch_ESP32-P4_HMI_AI_Display_1024x600_IPS_Touch_Screen_with_WiFi6_Compatible_with_ArduinoLVGL.html
elecrow-esp32-crowpanel-advanced-esp32-p4-9-inch,Elecrow,CrowPanel Advanced ESP32-P4 9-inch,Source documentation available; dedicated specs not verified,,https://www.elecrow.com/wiki/CrowPanel_Advanced_9inch_ESP32-P4_HMI_AI_Display_1024x600_IPS.html
elecrow-esp32-crowpanel-esp32-1-28-inch-round-display,Elecrow,CrowPanel ESP32 1.28-inch Round Display,Source documentation available; dedicated specs not verified,,https://www.elecrow.com/wiki/CrowPanel_ESP32_1.28-inch_Round_Display.html
elecrow-esp32-crowpanel-esp32-e-paper-hmi-5-79-inch-display,Elecrow,CrowPanel ESP32 E-Paper HMI 5.79-inch Display,Source documentation available; dedicated specs not verified,,https://www.elecrow.com/wiki/CrowPanel_ESP32_E-paper_5.79-inch_HMI_Display.html
elecrow-esp32-crowpanel-esp32-hmi-2-4-inch-display,Elecrow,CrowPanel ESP32 HMI 2.4-inch Display,Source documentation available; dedicated specs not verified,,https://www.elecrow.com/wiki/esp32-display-242727-intelligent-touch-screen-wi-fi26ble-240320-hmi-display.html
elecrow-esp32-crowpanel-esp32-hmi-2-8-inch-display,Elecrow,CrowPanel ESP32 HMI 2.8-inch Display,Source documentation available; dedicated specs not verified,,https://www.elecrow.com/wiki/esp32-display-282727-intelligent-touch-screen-wi-fi26ble-240320-hmi-display.html
elecrow-esp32-crowpanel-esp32-hmi-3-5-inch-display,Elecrow,CrowPanel ESP32 HMI 3.5-inch Display,Source documentation available; dedicated specs not verified,,https://www.elecrow.com/wiki/esp32-display-352727-intelligent-touch-screen-wi-fi26ble-320480-hmi-display.html
elecrow-esp32-crowpanel-esp32-hmi-4-3-inch-display,Elecrow,CrowPanel ESP32 HMI 4.3-inch Display,Source documentation available; dedicated specs not verified,,https://www.elecrow.com/wiki/esp32-display-432727-intelligent-touch-screen-wi-fi26ble-480272-hmi-display.html
elecrow-esp32-crowpanel-esp32-hmi-5-0-inch-display,Elecrow,CrowPanel ESP32 HMI 5.0-inch Display,Source documentation available; dedicated specs not verified,,https://www.elecrow.com/wiki/esp32-display-502727-intelligent-touch-screen-wi-fi26ble-800480-hmi-display.html
elecrow-esp32-crowpanel-esp32-hmi-7-0-inch-display,Elecrow,CrowPanel ESP32 HMI 7.0-inch Display,Source documentation available; dedicated specs not verified,,https://www.elecrow.com/wiki/esp32-display-702727-intelligent-touch-screen-wi-fi26ble-800480-hmi-display.html
elecrow-esp32-crowpanel-3-5,Elecrow,Elecrow CrowPanel 3.5,Source documentation available; dedicated specs not verified,,https://www.elecrow.com/esp32-display-3-5-inch-hmi-display-spi-tft-lcd-touch-screen.html | https://circuitpython.org/board/elecrow_crowpanel_3.5/
elecrow-esp32-crowpanel-4-2,Elecrow,Elecrow CrowPanel 4.2,Source documentation available; dedicated specs not verified,,https://www.elecrow.com/crowpanel-esp32-4-2-e-paper-hmi-display-with-400-300-resolution-black-white-color-driven-by-spi-interface.html/ | https://circuitpython.org/board/elecrow_crowpanel_4_2_epaper/
elecrow-esp32-esp32-wi-fi-halow-camera-board,Elecrow,ESP32 Wi-Fi HaLow Camera Board,Source documentation available; dedicated specs not verified,,https://www.elecrow.com/wiki/ESP32_Wi-Fi_HaLow_Module_with_2MP_Camera_32Mbps_High_Speed_Long-distance_transmission-915MHz.html
electronic-cats-esp32-bast-wifi,Electronic Cats,Bast Wifi,Source documentation available; dedicated specs not verified,,https://electroniccats.com/store/bast-wifi/ | https://circuitpython.org/board/electroniccats_bastwifi/
espressif-esp32-esp-eye,Espressif,ESP-EYE,Source documentation available; dedicated specs not verified,,https://www.adafruit.com/product/4095 | https://circuitpython.org/board/espressif_esp32_eye/
espressif-esp32-esp32-c3-devkit-rust-2,Espressif,ESP32-C3-DEVKIT-RUST-2,Source documentation available; dedicated specs not verified,,https://github.com/espressif/esp-dev-kits/blob/ab7aff2e0c171e6918c88555b700798f36caeb67/docs/_static/esp32-c3-devkit-rust-2/esp32-c3-devkit-rust-2-pinlayout.png
espressif-esp32-esp32-c3-devkitc-02,Espressif,ESP32-C3-DEVKITC-02,Source documentation available; dedicated specs not verified,,https://github.com/espressif/esp-dev-kits/blob/ab7aff2e0c171e6918c88555b700798f36caeb67/docs/_static/esp32-c3-devkitc-02/esp32-c3-devkitc-02-v1-pinout.png | https://mischianti.org/esp32-c3-devkitc-02-high-resolution-pinout-and-specs/
espressif-esp32-esp32-c3-devkitm-1,Espressif,ESP32-C3-DEVKITM-1,Source documentation available; dedicated specs not verified,,https://github.com/espressif/esp-dev-kits/blob/ab7aff2e0c171e6918c88555b700798f36caeb67/docs/_static/esp32-c3-devkitm-1/esp32-c3-devkitm-1-v1-pinout.png
espressif-esp32-esp32-c3-devkitm-1-n4,Espressif,ESP32-C3-DevKitM-1-N4,Source documentation available; dedicated specs not verified,,https://docs.espressif.com/projects/esp-idf/en/latest/esp32c3/hw-reference/esp32c3/user-guide-devkitm-1.html | https://circuitpython.org/board/espressif_esp32c3_devkitm_1_n4/
espressif-esp32-esp32-c3-lyra-v2-0,Espressif,ESP32-C3-Lyra V2.0,Source documentation available; dedicated specs not verified,,https://docs.espressif.com/projects/esp-adf/en/latest/design-guide/dev-boards/user-guide-esp32-c3-lyra.html | https://circuitpython.org/board/espressif_esp32c3_lyra_v2/
espressif-esp32-esp32-c5-devkitc-1,Espressif,ESP32-C5-DEVKITC-1,Source documentation available; dedicated specs not verified,,https://github.com/espressif/esp-dev-kits/blob/ab7aff2e0c171e6918c88555b700798f36caeb67/docs/_static/esp32-c5-devkitc-1/esp32-c5-devkitc-1-pin-layout_v1.1.png | https://github.com/espressif/esp-dev-kits/blob/ab7aff2e0c171e6918c88555b700798f36caeb67/docs/_static/esp32-c5-devkitc-1/esp32-c5-devkitc-1-pin-layout_v1.2.png
espressif-esp32-esp32-c5-devkitc-1-v1-1,Espressif,ESP32-C5-DEVKITC-1 v1.1,Source documentation available; dedicated specs not verified,,https://github.com/espressif/esp-dev-kits/blob/ab7aff2e0c171e6918c88555b700798f36caeb67/docs/_static/esp32-c5-devkitc-1/esp32-c5-devkitc-1-pin-layout_v1.1.png
espressif-esp32-esp32-c5-devkitc-1-v1-2,Espressif,ESP32-C5-DEVKITC-1 v1.2,Source documentation available; dedicated specs not verified,,https://github.com/espressif/esp-dev-kits/blob/ab7aff2e0c171e6918c88555b700798f36caeb67/docs/_static/esp32-c5-devkitc-1/esp32-c5-devkitc-1-pin-layout_v1.2.png
espressif-esp32-esp32-c5-devkitc-1-n8r8,Espressif,ESP32-C5-DevKitC-1-N8R8,Source documentation available; dedicated specs not verified,,https://docs.espressif.com/projects/esp-dev-kits/en/latest/esp32c5/esp32-c5-devkitc-1/user_guide.html | https://circuitpython.org/board/espressif_esp32c5_devkitc_1_n8r8/
espressif-esp32-esp32-c6-devkitc-1,Espressif,ESP32-C6-DEVKITC-1,Source documentation available; dedicated specs not verified,,https://github.com/espressif/esp-dev-kits/blob/ab7aff2e0c171e6918c88555b700798f36caeb67/docs/_static/esp32-c6-devkitc-1/esp32-c6-devkitc-1-pin-layout.png | https://mischianti.org/esp32-c6-devkitc-1-high-resolution-pinout-datasheet-schema-and-specs/
espressif-esp32-esp32-c6-devkitc-1-n8,Espressif,ESP32-C6-DevKitC-1-N8,Source documentation available; dedicated specs not verified,,https://www.adafruit.com/product/5672 | https://circuitpython.org/board/espressif_esp32c6_devkitc_1_n8/
espressif-esp32-esp32-c6-devkitm-1,Espressif,ESP32-C6-DEVKITM-1,Source documentation available; dedicated specs not verified,,https://github.com/espressif/esp-dev-kits/blob/ab7aff2e0c171e6918c88555b700798f36caeb67/docs/_static/esp32-c6-devkitm-1/esp32-c6-devkitm-1-pin-layout.png
espressif-esp32-esp32-c6-devkitm-1-n4,Espressif,ESP32-C6-DevKitM-1-N4,Source documentation available; dedicated specs not verified,,https://docs.espressif.com/projects/espressif-esp-dev-kits/en/latest/esp32c6/esp32-c6-devkitm-1/user_guide.html | https://circuitpython.org/board/espressif_esp32c6_devkitm_1_n4/
espressif-esp32-esp32-c61-devkitc-1,Espressif,ESP32-C61-DEVKITC-1,Source documentation available; dedicated specs not verified,,https://github.com/espressif/esp-dev-kits/blob/ab7aff2e0c171e6918c88555b700798f36caeb67/docs/_static/esp32-c61-devkitc-1/esp32-c61-devkitc-1-pin-layout-v2.png | https://github.com/espressif/esp-dev-kits/blob/ab7aff2e0c171e6918c88555b700798f36caeb67/docs/_static/esp32-c61-devkitc-1/esp32-c61-devkitc-1-pin-layout.png
espressif-esp32-esp32-c61-devkitc-1-v1-0,Espressif,ESP32-C61-DEVKITC-1 v1.0,Source documentation available; dedicated specs not verified,,https://github.com/espressif/esp-dev-kits/blob/ab7aff2e0c171e6918c88555b700798f36caeb67/docs/_static/esp32-c61-devkitc-1/esp32-c61-devkitc-1-pin-layout.png
espressif-esp32-esp32-c61-devkitc-1-v2-0,Espressif,ESP32-C61-DEVKITC-1 v2.0,Source documentation available; dedicated specs not verified,,https://github.com/espressif/esp-dev-kits/blob/ab7aff2e0c171e6918c88555b700798f36caeb67/docs/_static/esp32-c61-devkitc-1/esp32-c61-devkitc-1-pin-layout-v2.png
espressif-esp32-esp32-c61-devkitc-1-n8r2,Espressif,ESP32-C61-DevKitC-1-N8R2,Source documentation available; dedicated specs not verified,,https://docs.espressif.com/projects/esp-dev-kits/en/latest/esp32c61/esp32-c61-devkitc-1/user_guide.html | https://circuitpython.org/board/espressif_esp32c61_devkitc_1_n8r2/
espressif-esp32-esp32-devkitc-v4,Espressif,ESP32-DevKitC V4,Source documentation available; dedicated specs not verified,,https://github.com/espressif/esp-dev-kits/blob/ab7aff2e0c171e6918c88555b700798f36caeb67/docs/_static/esp32-devkitc/esp32_devkitC_v4_pinlayout.png | https://mischianti.org/esp32-devkitc-v4-high-resolution-pinout-and-specs/
espressif-esp32-esp32-devkitc-v4-wroom-32e,Espressif,ESP32-DevKitC-V4-WROOM-32E,Source documentation available; dedicated specs not verified,,https://www.adafruit.com/product/3269 | https://docs.espressif.com/projects/esp-idf/en/latest/esp32/hw-reference/esp32/get-started-devkitc.html | https://circuitpython.org/board/espressif_esp32_devkitc_v4_wroom_32e/
espressif-esp32-esp32-devkitc-ve-wrover,Espressif,ESP32-DevKitC-VE-WROVER,Source documentation available; dedicated specs not verified,,https://docs.espressif.com/projects/esp-idf/en/latest/esp32/hw-reference/esp32/get-started-devkitc.html | https://circuitpython.org/board/espressif_esp32_devkitc_v4_wrover/
espressif-esp32-esp32-devkitm-1,Espressif,ESP32-DEVKITM-1,Source documentation available; dedicated specs not verified,,https://github.com/espressif/esp-dev-kits/blob/ab7aff2e0c171e6918c88555b700798f36caeb67/docs/_static/esp32-devkitm-1/ESP32_DevKitM-1_pinlayout.png
espressif-esp32-esp32-h2-devkitm-1,Espressif,ESP32-H2-DEVKITM-1,Source documentation available; dedicated specs not verified,,https://github.com/espressif/esp-dev-kits/blob/ab7aff2e0c171e6918c88555b700798f36caeb67/docs/_static/esp32-h2-devkitm-1/esp32-h2-devkitm-1-v1.2_pinlayout.png
espressif-esp32-esp32-h2-devkitm-1-n4,Espressif,ESP32-H2-DevKitM-1-N4,Source documentation available; dedicated specs not verified,,https://espressif-docs.readthedocs-hosted.com/projects/esp-dev-kits/en/latest/esp32h2/esp32-h2-devkitm-1/user_guide.html | https://www.adafruit.com/product/5715 | https://circuitpython.org/board/espressif_esp32h2_devkitm_1_n4/
espressif-esp32-esp32-lyrat,Espressif,ESP32-LyraT,Source documentation available; dedicated specs not verified,,https://www.espressif.com/en/products/devkits/esp32-lyrat | https://circuitpython.org/board/espressif_esp32_lyrat/
espressif-esp32-esp32-p4-eye,Espressif,ESP32-P4-EYE,Source documentation available; dedicated specs not verified,,https://github.com/espressif/esp-dev-kits/blob/ab7aff2e0c171e6918c88555b700798f36caeb67/docs/_static/esp32-p4-eye/p4_board_empty_pin.png
espressif-esp32-esp32-p4-function-ev-board,Espressif,ESP32-P4-Function-EV-Board v1.5.2,Source documentation available; dedicated specs not verified,,https://docs.espressif.com/projects/esp-dev-kits/en/latest/esp32p4/esp32-p4-function-ev-board/user_guide.html | https://circuitpython.org/board/espressif_esp32p4_function_ev/ | https://dl.espressif.com/dl/schematics/esp32-p4-function-ev-board-schematics_v1.52.pdf | https://docs.espressif.com/projects/esp-dev-kits/en/latest/esp32p4/_images/esp32-p4-function-ev-board-annotated-photo-front_v1.5.2.png
espressif-esp32-esp32-p4x-function-ev,Espressif,ESP32-P4X-Function-EV,Source documentation available; dedicated specs not verified,,https://docs.espressif.com/projects/esp-dev-kits/en/latest/esp32p4/esp32-p4-function-ev-board/user_guide.html | https://circuitpython.org/board/espressif_esp32p4x_function_ev/
espressif-esp32-esp32-pico-devkitm-2,Espressif,ESP32-PICO-DEVKITM-2,Source documentation available; dedicated specs not verified,,https://github.com/espressif/esp-dev-kits/blob/ab7aff2e0c171e6918c88555b700798f36caeb67/docs/_static/esp32-pico-devkitm-2/esp32-pico-devkitm-2-pinout.png
espressif-esp32-esp32-pico-kit,Espressif,ESP32-PICO-KIT,Source documentation available; dedicated specs not verified,,https://github.com/espressif/esp-dev-kits/blob/ab7aff2e0c171e6918c88555b700798f36caeb67/docs/_static/esp32-pico-kit/esp32-pico-kit-v4-pinout.png
espressif-esp32-esp32-pico-kit-1,Espressif,ESP32-PICO-KIT-1,Source documentation available; dedicated specs not verified,,https://github.com/espressif/esp-dev-kits/blob/ab7aff2e0c171e6918c88555b700798f36caeb67/docs/_static/esp32-pico-kit-1/esp32-pico-kit-1-pin-layout.png
espressif-esp32-esp32-s2-human-machine-interface-dev-kit,Espressif,ESP32-S2 Human Machine Interface Dev Kit,Source documentation available; dedicated specs not verified,,https://www.adafruit.com/product/5207 | https://circuitpython.org/board/espressif_hmi_devkit_1/
espressif-esp32-esp32-s2-kaluga-dev-kit-v1-2-featuring-wrover,Espressif,ESP32-S2 Kaluga Dev Kit (v1.2) featuring WROVER,Source documentation available; dedicated specs not verified,,https://www.adafruit.com/product/4729 | https://circuitpython.org/board/espressif_kaluga_1/
espressif-esp32-esp32-s2-kaluga-dev-kit-v1-3-featuring-wrover,Espressif,ESP32-S2 Kaluga Dev Kit (v1.3) featuring WROVER,Source documentation available; dedicated specs not verified,,https://www.adafruit.com/product/4729 | https://circuitpython.org/board/espressif_kaluga_1.3/
espressif-esp32-esp32-s2-devkitc-1,Espressif,ESP32-S2-DEVKITC-1,Source documentation available; dedicated specs not verified,,https://github.com/espressif/esp-dev-kits/blob/ab7aff2e0c171e6918c88555b700798f36caeb67/docs/_static/esp32-s2-devkitc-1/esp32-s2-devkitc-1-v1-pinout.png
espressif-esp32-esp32-s2-devkitc-1-n4,Espressif,ESP32-S2-DevKitC-1-N4,Source documentation available; dedicated specs not verified,,https://docs.espressif.com/projects/esp-idf/en/latest/esp32s2/hw-reference/esp32s2/user-guide-s2-devkitc-1.html | https://circuitpython.org/board/espressif_esp32s2_devkitc_1_n4/
espressif-esp32-esp32-s2-devkitc-1-n8r2,Espressif,ESP32-S2-DevKitC-1-N8R2,Source documentation available; dedicated specs not verified,,https://docs.espressif.com/projects/esp-idf/en/latest/esp32s2/hw-reference/esp32s2/user-guide-s2-devkitc-1.html | https://circuitpython.org/board/espressif_esp32s2_devkitc_1_n8r2/
espressif-esp32-esp32-s2-devkitc-1r-4mb-flash-2mb-psram,Espressif,ESP32-S2-DEVKITC-1R (4MB flash/2MB PSRAM),Source documentation available; dedicated specs not verified,,https://docs.espressif.com/projects/esp-idf/en/latest/esp32s2/hw-reference/esp32s2/user-guide-s2-devkitc-1.html | https://circuitpython.org/board/espressif_esp32s2_devkitc_1_n4r2/
espressif-esp32-esp32-s2-devkitm-1,Espressif,ESP32-S2-DEVKITM-1,Source documentation available; dedicated specs not verified,,https://github.com/espressif/esp-dev-kits/blob/ab7aff2e0c171e6918c88555b700798f36caeb67/docs/_static/esp32-s2-devkitm-1/esp32-s2-devkitm-1-v1-pin-layout.png
espressif-esp32-esp32-s2-saola-1,Espressif,ESP32-S2-SAOLA-1,Source documentation available; dedicated specs not verified,,https://github.com/espressif/esp-dev-kits/blob/ab7aff2e0c171e6918c88555b700798f36caeb67/docs/_static/esp32-s2-saola-1/esp32-s2_saola1-pinout.jpg
espressif-esp32-esp32-s2-saola-1mi,Espressif,ESP32-S2-Saola-1MI,Source documentation available; dedicated specs not verified,,https://mischianti.org/esp32-s2-saola-1mi-1m-high-resolution-pinout-and-specs/
espressif-esp32-esp32-s3-box,Espressif,ESP32-S3 Box,Source documentation available; dedicated specs not verified,,https://www.adafruit.com/product/5290 | https://circuitpython.org/board/espressif_esp32s3_box/
espressif-esp32-esp32-s3-box-3,Espressif,ESP32-S3 Box 3,Source documentation available; dedicated specs not verified,,https://www.adafruit.com/product/5835 | https://circuitpython.org/board/espressif_esp32s3_box_3/
espressif-esp32-esp32-s3-box-lite,Espressif,ESP32-S3 Box Lite,Source documentation available; dedicated specs not verified,,https://www.adafruit.com/product/5511 | https://circuitpython.org/board/espressif_esp32s3_box_lite/
espressif-esp32-esp32-s3-lcd-evaluation-kit,Espressif,ESP32-S3 LCD Evaluation Kit,Source documentation available; dedicated specs not verified,,https://docs.espressif.com/projects/espressif-esp-dev-kits/en/latest/esp32s3/esp32-s3-lcd-ev-board/user_guide.html | https://circuitpython.org/board/espressif_esp32s3_lcd_ev/
espressif-esp32-esp32-s3-lcd-evaluation-kit-v1-5,Espressif,ESP32-S3 LCD Evaluation Kit v1.5,Source documentation available; dedicated specs not verified,,https://docs.espressif.com/projects/esp-dev-kits/en/latest/esp32s3/esp32-s3-lcd-ev-board/user_guide.html | https://circuitpython.org/board/espressif_esp32s3_lcd_ev_v1.5/
espressif-esp32-esp32-s3-devkitc-1,Espressif,ESP32-S3-DEVKITC-1,Source documentation available; dedicated specs not verified,,https://github.com/espressif/esp-dev-kits/blob/ab7aff2e0c171e6918c88555b700798f36caeb67/docs/_static/esp32-s3-devkitc-1/ESP32-S3_DevKitC-1_pinlayout.jpg | https://github.com/espressif/esp-dev-kits/blob/ab7aff2e0c171e6918c88555b700798f36caeb67/docs/_static/esp32-s3-devkitc-1/ESP32-S3_DevKitC-1_pinlayout_v1.1.jpg | https://mischianti.org/esp32-s3-devkitc-1-high-resolution-pinout-and-specs/
espressif-esp32-esp32-s3-devkitc-1-v1-1,Espressif,ESP32-S3-DEVKITC-1 v1.1,Source documentation available; dedicated specs not verified,,https://github.com/espressif/esp-dev-kits/blob/ab7aff2e0c171e6918c88555b700798f36caeb67/docs/_static/esp32-s3-devkitc-1/ESP32-S3_DevKitC-1_pinlayout_v1.1.jpg
espressif-esp32-esp32-s3-devkitc-1-n16,Espressif,ESP32-S3-DevKitC-1-N16,Source documentation available; dedicated specs not verified,,https://www.digikey.com/en/products/detail/espressif-systems/ESP32-S3-DEVKITC-1-N16/22320677 | https://circuitpython.org/board/espressif_esp32s3_devkitc_1_n16/
espressif-esp32-esp32-s3-devkitc-1-n32r16,Espressif,ESP32-S3-DevKitC-1-N32R16,Source documentation available; dedicated specs not verified,,https://www.adafruit.com/product/5364 | https://circuitpython.org/board/espressif_esp32s3_devkitc_1_n32r16/
espressif-esp32-esp32-s3-devkitc-1-n32r8,Espressif,ESP32-S3-DevKitC-1-N32R8,Source documentation available; dedicated specs not verified,,https://circuitpython.org/board/espressif_esp32s3_devkitc_1_n32r8/
espressif-esp32-esp32-s3-devkitc-1-n8,Espressif,ESP32-S3-DevKitC-1-N8,Source documentation available; dedicated specs not verified,,https://www.adafruit.com/product/5312 | https://circuitpython.org/board/espressif_esp32s3_devkitc_1_n8/
espressif-esp32-esp32-s3-devkitc-1-n8r2,Espressif,ESP32-S3-DevKitC-1-N8R2,Source documentation available; dedicated specs not verified,,https://www.adafruit.com/product/5310 | https://circuitpython.org/board/espressif_esp32s3_devkitc_1_n8r2/
espressif-esp32-esp32-s3-devkitc-1-n8r2-microros,Espressif,ESP32-S3-DevKitC-1-N8R2 (MicroROS),Source documentation available; dedicated specs not verified,,https://www.adafruit.com/product/5310 | https://circuitpython.org/board/espressif_esp32s3_devkitc_1_n8r2_ros/
espressif-esp32-esp32-s3-devkitc-1-n8r8,Espressif,ESP32-S3-DevKitC-1-N8R8,Source documentation available; dedicated specs not verified,,https://www.adafruit.com/product/5336 | https://circuitpython.org/board/espressif_esp32s3_devkitc_1_n8r8/
espressif-esp32-esp32-s3-devkitm-1,Espressif,ESP32-S3-DEVKITM-1,Source documentation available; dedicated specs not verified,,https://github.com/espressif/esp-dev-kits/blob/ab7aff2e0c171e6918c88555b700798f36caeb67/docs/_static/esp32-s3-devkitm-1/ESP32-S3_DevKitM-1_pinlayout.jpg
espressif-esp32-esp32-s3-devkitm-1-n8,Espressif,ESP32-S3-DevKitM-1-N8,Source documentation available; dedicated specs not verified,,https://www.adafruit.com/product/5311 | https://circuitpython.org/board/espressif_esp32s3_devkitm_1_n8/
espressif-esp32-esp32-s3-eye,Espressif,ESP32-S3-EYE,Source documentation available; dedicated specs not verified,,https://github.com/espressif/esp-who/blob/master/docs/en/get-started/ESP32-S3-EYE_Getting_Started_Guide.md | https://circuitpython.org/board/espressif_esp32s3_eye/
espressif-esp32-esp32-s3-usb-otg-n8,Espressif,ESP32-S3-USB-OTG-N8,Source documentation available; dedicated specs not verified,,https://docs.espressif.com/projects/espressif-esp-dev-kits/en/latest/esp32s3/esp32-s3-usb-otg/user_guide.html | https://circuitpython.org/board/espressif_esp32s3_usb_otg_n8/
espressif-esp32-esp32-s31-function-coreboard-1,Espressif,ESP32-S31-FUNCTION-COREBOARD-1,Source documentation available; dedicated specs not verified,,https://github.com/espressif/esp-dev-kits/blob/ab7aff2e0c171e6918c88555b700798f36caeb67/docs/_static/esp32-s31-function-coreboard-1/esp32-s31-function-coreboard-1-annotated-photo-back.png | https://github.com/espressif/esp-dev-kits/blob/ab7aff2e0c171e6918c88555b700798f36caeb67/docs/_static/esp32-s31-function-coreboard-1/esp32-s31-function-coreboard-1-annotated-photo-front.png
espressif-esp32-esp32-s31-korvo-1,Espressif,ESP32-S31-KORVO-1,Source documentation available; dedicated specs not verified,,https://github.com/espressif/esp-dev-kits/blob/ab7aff2e0c171e6918c88555b700798f36caeb67/docs/_static/esp32-s31-korvo-1/esp32-s31-korvo-1-callouts.png
espressif-esp32-esp8684-devkitc-02,Espressif,ESP8684-DEVKITC-02,Source documentation available; dedicated specs not verified,,https://github.com/espressif/esp-dev-kits/blob/ab7aff2e0c171e6918c88555b700798f36caeb67/docs/_static/esp8684-devkitc-02/esp8684-devkitc-02-pinout_v1.0.png
espressif-esp32-esp8684-devkitc-02c-n4,Espressif,ESP8684-DevKitC-02C-N4,Source documentation available; dedicated specs not verified,,https://docs.espressif.com/projects/espressif-esp-dev-kits/en/latest/esp8684/esp8684-devkitc-02/user_guide.html | https://circuitpython.org/board/espressif_esp8684_devkitc_02_n4/
espressif-esp32-esp8684-devkitm-1,Espressif,ESP8684-DEVKITM-1,Source documentation available; dedicated specs not verified,,https://github.com/espressif/esp-dev-kits/blob/ab7aff2e0c171e6918c88555b700798f36caeb67/docs/_static/esp8684-devkitm-1/esp8684-devkitm-1-pinout.png | https://github.com/espressif/esp-dev-kits/blob/ab7aff2e0c171e6918c88555b700798f36caeb67/docs/_static/esp8684-devkitm-1/esp8684-devkitm-1-pinout_v1.1.png
espressif-esp32-esp8684-devkitm-1-v1-1,Espressif,ESP8684-DEVKITM-1 v1.1,Source documentation available; dedicated specs not verified,,https://github.com/espressif/esp-dev-kits/blob/ab7aff2e0c171e6918c88555b700798f36caeb67/docs/_static/esp8684-devkitm-1/esp8684-devkitm-1-pinout_v1.1.png
espressif-esp32-saola-1-w-wroom,Espressif,Saola 1 w/WROOM,Source documentation available; dedicated specs not verified,,https://docs.espressif.com/projects/esp-idf/en/latest/esp32s2/hw-reference/esp32s2/user-guide-saola-1-v1.2.html | https://circuitpython.org/board/espressif_saola_1_wroom/
espressif-esp32-saola-1-w-wrover,Espressif,Saola 1 w/WROVER,Source documentation available; dedicated specs not verified,,https://www.adafruit.com/product/4693 | https://circuitpython.org/board/espressif_saola_1_wrover/
fablab-barcelona-esp32-barduino,Fablab Barcelona,Barduino,Source documentation available; dedicated specs not verified,,https://fablabbcn-projects.gitlab.io/electronics/barduino-docs/ | https://circuitpython.org/board/barduino/
flipper-zero-esp32-wifi-dev,Flipper Zero,Flipper Zero WiFi Dev,Source documentation available; dedicated specs not verified,,https://docs.flipper.net/development/hardware/wifi-developer-board | https://circuitpython.org/board/flipperzero_wifi_dev/
franzininho-esp32-wifi-wroom,Franzininho,Franzininho WiFi Wroom,Source documentation available; dedicated specs not verified,,https://github.com/Franzininho/Franzininho-WIFI | https://circuitpython.org/board/franzininho_wifi_wroom/
franzininho-esp32-wifi-wrover,Franzininho,Franzininho WiFi Wrover,Source documentation available; dedicated specs not verified,,https://github.com/Franzininho/Franzininho-WIFI | https://circuitpython.org/board/franzininho_wifi_wrover/
freenove-esp32-esp32-wroom-board,Freenove,ESP32 WROOM Board,Source documentation available; dedicated specs not verified,,https://github.com/Freenove/Freenove_ESP32_WROOM_Board/blob/3f274abe62d418c7fd73c645eb5697a4e4801c0f/Freenove_ESP32_WROOM_Board_Pinout.png | https://github.com/Freenove/Freenove_ESP32_WROOM_Board/blob/3f274abe62d418c7fd73c645eb5697a4e4801c0f/Datasheet/Freenove_ESP32_WROOM_Board_Pinout.pdf
freenove-esp32-esp32-wrover-board-v1-6,Freenove,ESP32 WROVER Board v1.6,Source documentation available; dedicated specs not verified,,https://github.com/Freenove/Freenove_ESP32_WROVER_Board/blob/89e7ad4ca067a991f185e06a7b2a63c2e96a7cb7/ESP32_Pinout_1.6.png | https://github.com/Freenove/Freenove_ESP32_WROVER_Board/blob/89e7ad4ca067a991f185e06a7b2a63c2e96a7cb7/Datasheet/ESP32-Pinout_V1.6.pdf
freenove-esp32-esp32-wrover-board-v3-0,Freenove,ESP32 WROVER Board v3.0,Source documentation available; dedicated specs not verified,,https://github.com/Freenove/Freenove_ESP32_WROVER_Board/blob/89e7ad4ca067a991f185e06a7b2a63c2e96a7cb7/ESP32_Pinout_V3.0.png | https://github.com/Freenove/Freenove_ESP32_WROVER_Board/blob/89e7ad4ca067a991f185e06a7b2a63c2e96a7cb7/Datasheet/ESP32-Pinout_V3.0.pdf
freenove-esp32-esp32-s3-wroom-board,Freenove,ESP32-S3 WROOM Board,Source documentation available; dedicated specs not verified,,https://github.com/Freenove/Freenove_Development_Kit_for_ESP32_S3/blob/ef2a296917f542bb81d5b65a31f43ed7ad5835f6/ESP32S3_Pinout.png | https://github.com/Freenove/Freenove_ESP32_S3_WROOM_Board/blob/3563960643987e327a9213c90566fca1e8c5ab67/ESP32S3_Pinout.png | https://github.com/Freenove/Freenove_Development_Kit_for_ESP32_S3/blob/ef2a296917f542bb81d5b65a31f43ed7ad5835f6/Datasheet/ESP32-S3%20Pinout.pdf | https://github.com/Freenove/Freenove_ESP32_S3_WROOM_Board/blob/3563960643987e327a9213c90566fca1e8c5ab67/Datasheet/ESP32-S3%20Pinout.pdf
freenove-esp32-esp32-s3-wroom-board-media-kit-red-pcb,Freenove,ESP32-S3 WROOM Board (Media Kit red PCB),Source documentation available; dedicated specs not verified,,https://github.com/Freenove/Freenove_Media_Kit_for_ESP32-S3/blob/fce6e8009f6289ce4956e2516fd7dfa863fb9db4/ESP32S3_Pinout.png | https://github.com/Freenove/Freenove_Media_Kit_for_ESP32-S3/blob/fce6e8009f6289ce4956e2516fd7dfa863fb9db4/Datasheet/ESP32-S3%20Pinout.pdf
freenove-esp32-esp32-s3-wroom-board-lite,Freenove,ESP32-S3 WROOM Board Lite,Source documentation available; dedicated specs not verified,,https://github.com/Freenove/Freenove_ESP32_S3_WROOM_Board_Lite/blob/6f1f33bf0fc1e37f2c4edfa73291d92037d89ca5/ESP32S3_Lite_Pinout.png | https://github.com/Freenove/Freenove_ESP32_S3_WROOM_Board_Lite/blob/6f1f33bf0fc1e37f2c4edfa73291d92037d89ca5/Datasheet/ESP32S3_Lite_Pinout.pdf
freenove-esp32-esp32-wrover-cam-dev-board,Freenove,ESP32-WRover Cam Dev Board,Source documentation available; dedicated specs not verified,,https://circuitpython.org/board/esp32-wrover-dev-cam/
futurekeys-esp32-hexky-s2,FutureKeys,HexKy S2,Source documentation available; dedicated specs not verified,,https://circuitpython.org/board/hexky_s2/
generic-esp32-red-s2-wroom-board,Generic,Red S2 WROOM Board,Source documentation available; dedicated specs not verified,,https://www.aliexpress.us/item/3256806120950874.html | https://circuitpython.org/board/red-s2-wroom/
generic-manufacturer-unconfirmed-esp32-esp32-c3-plus-mini-1-esp32-c3-mini-v1,Generic - manufacturer unconfirmed,ESP32-C3 Plus Mini 1 (ESP32-C3_MINI_V1),Source documentation available; dedicated specs not verified,,https://mischianti.org/esp32-c3-plus-mini-1-esp32-c3_mini_v1-high-resolution-pinout-datasheet-schema-and-specs/
generic-manufacturer-unconfirmed-esp32-esp32-c3-supermini,Generic - manufacturer unconfirmed,ESP32-C3 SuperMini,Source documentation available; dedicated specs not verified,,https://mischianti.org/esp32-c3-super-mini-high-resolution-pinout-datasheet-and-specs/
generic-manufacturer-unconfirmed-esp32-esp32-c3-supermini-plus-v2,Generic - manufacturer unconfirmed,ESP32-C3 SuperMini Plus (v2),Source documentation available; dedicated specs not verified,,https://mischianti.org/esp32-c3-supermini-plus-v2-high-resolution-pinout-datasheet-and-specs/
generic-manufacturer-unconfirmed-esp32-esp32-cam,Generic - manufacturer unconfirmed,ESP32-CAM,Source documentation available; dedicated specs not verified,,https://mischianti.org/esp32-cam-high-resolution-pinout-and-specs/
generic-manufacturer-unconfirmed-esp32-esp32c3-mini-dk,Generic - manufacturer unconfirmed,ESP32C3-MINI-DK,Source documentation available; dedicated specs not verified,,https://mischianti.org/esp32c3-mini-dk-high-resolution-pinout-and-specs/
generic-manufacturer-unconfirmed-esp32-nodemcu-32s,Generic - manufacturer unconfirmed,NodeMCU-32S,Source documentation available; dedicated specs not verified,,https://mischianti.org/esp32-nodemcu-32s-esp-32s-kit-high-resolution-pinout-datasheet-and-specs/
gravitech-esp32-cucumber-m,Gravitech,Cucumber M,Source documentation available; dedicated specs not verified,,https://www.gravitech.us/cumesdebo.html | https://circuitpython.org/board/gravitech_cucumber_m/
gravitech-esp32-cucumber-ms,Gravitech,Cucumber MS,Source documentation available; dedicated specs not verified,,https://www.gravitech.us/cumsdebowise.html | https://circuitpython.org/board/gravitech_cucumber_ms/
gravitech-esp32-cucumber-r,Gravitech,Cucumber R,Source documentation available; dedicated specs not verified,,https://www.gravitech.us/curesdebo.html | https://circuitpython.org/board/gravitech_cucumber_r/
gravitech-esp32-cucumber-rs,Gravitech,Cucumber RS,Source documentation available; dedicated specs not verified,,https://www.gravitech.us/cursdebowise.html | https://circuitpython.org/board/gravitech_cucumber_rs/
guition-esp32-jc-esp32p4-m3-c6,Guition,JC-ESP32P4-M3-C6,Source documentation available; dedicated specs not verified,,https://www.guition.com/-download
guition-esp32-jc-esp32p4-m3-dev,Guition,JC-ESP32P4-M3-DEV,Source documentation available; dedicated specs not verified,,https://www.guition.com/-download
hangzhou-leban-esp32-hiibot-iots2,Hangzhou LeBan,HiiBot IoTs2,Source documentation available; dedicated specs not verified,,https://www.tindie.com/products/bradchan/hiibot-iots2/ | https://circuitpython.org/board/hiibot_iots2/
hardkernel-esp32-odroid-go,HardKernel,ODROID Go,Source documentation available; dedicated specs not verified,,https://www.hardkernel.com/shop/odroid-go/ | https://circuitpython.org/board/hardkernel_odroid_go/
heltec-esp32-esp32-c3-devboard,Heltec,ESP32-C3 DevBoard,Source documentation available; dedicated specs not verified,,https://resource.heltec.cn/download/ESP32-C3_DevBoard
heltec-esp32-wireless-paper,Heltec,Heltec Wireless Paper,Source documentation available; dedicated specs not verified,,https://heltec.org/project/wireless-paper/ | https://circuitpython.org/board/heltec_wireless_paper/
heltec-esp32-ht-dev-esp-v2,Heltec,HT-DEV-ESP V2,Source documentation available; dedicated specs not verified,,https://resource.heltec.cn/download/HT-DEV-ESP
heltec-esp32-ht-vme213,Heltec,HT-VME213,Source documentation available; dedicated specs not verified,,https://resource.heltec.cn/download/HT-VME213
heltec-esp32-ht-vme290,Heltec,HT-VME290,Source documentation available; dedicated specs not verified,,https://resource.heltec.cn/download/HT-VME290
heltec-esp32-ht-vmt190,Heltec,HT-VMT190,Source documentation available; dedicated specs not verified,,https://resource.heltec.cn/download/HT-VMT190
heltec-esp32-vision-master-e290,Heltec,Vision Master E290,Source documentation available; dedicated specs not verified,,https://heltec.org/project/vision-master-e290/ | https://circuitpython.org/board/heltec_vision_master_e290/
heltec-esp32-wifi-kit-32-v1,Heltec,WiFi Kit 32 V1,Source documentation available; dedicated specs not verified,,https://resource.heltec.cn/download/WiFi_Kit_32
heltec-esp32-wifi-kit-32-v2,Heltec,WiFi Kit 32 V2,Source documentation available; dedicated specs not verified,,https://resource.heltec.cn/download/WiFi_Kit_32
heltec-esp32-wifi-kit-32-v2-1,Heltec,WiFi Kit 32 V2.1,Source documentation available; dedicated specs not verified,,https://resource.heltec.cn/download/WiFi_Kit_32
heltec-esp32-wifi-kit-32-v3,Heltec,WiFi Kit 32 V3,Source documentation available; dedicated specs not verified,,https://resource.heltec.cn/download/WiFi_Kit_32_V3
heltec-esp32-wifi-kit-8,Heltec,WiFi Kit 8,Source documentation available; dedicated specs not verified,,https://resource.heltec.cn/download/WiFi_Kit_8
heltec-esp32-wifi-lora-32,Heltec,WiFi LoRa 32,Source documentation available; dedicated specs not verified,,https://resource.heltec.cn/download/WiFi_LoRa_32/V2
heltec-esp32-wifi-lora-32-expansion-kit,Heltec,WiFi LoRa 32 Expansion Kit,Source documentation available; dedicated specs not verified,,https://resource.heltec.cn/download/WiFi_LoRa_32_Expansion_Kit
heltec-esp32-wifi-lora-32-v1,Heltec,WiFi LoRa 32 V1,Source documentation available; dedicated specs not verified,,https://resource.heltec.cn/download/WiFi_LoRa_32
heltec-esp32-wifi-lora-32-v2,Heltec,WiFi LoRa 32 V2,Source documentation available; dedicated specs not verified,,https://resource.heltec.cn/download/WiFi_LoRa_32
heltec-esp32-wifi-lora-32-v2-1,Heltec,WiFi LoRa 32 V2.1,Source documentation available; dedicated specs not verified,,https://resource.heltec.cn/download/WiFi_LoRa_32
heltec-esp32-wifi-lora-32-v3,Heltec,WiFi LoRa 32 V3,Source documentation available; dedicated specs not verified,,https://resource.heltec.cn/download/WiFi_LoRa_32_V3 | https://heltec.org/project/wifi-lora-32-v3/ | https://circuitpython.org/board/heltec_esp32s3_wifi_lora_v3/
heltec-esp32-wifi-lora-32-v3-2,Heltec,WiFi LoRa 32 V3.2,Source documentation available; dedicated specs not verified,,https://resource.heltec.cn/download/WiFi_LoRa_32_V3
heltec-esp32-wifi-lora-32-v4,Heltec,WiFi LoRa 32 V4,Source documentation available; dedicated specs not verified,,https://resource.heltec.cn/download/WiFi_LoRa_32_V4/Pinmap
heltec-esp32-wifi-lora-32-v4-r8,Heltec,WiFi LoRa 32 V4-R8,Source documentation available; dedicated specs not verified,,https://resource.heltec.cn/download/WiFi_LoRa_32_V4-R8/pinmap
heltec-esp32-wireless-shell-v3,Heltec,Wireless Shell V3,Source documentation available; dedicated specs not verified,,https://resource.heltec.cn/download/Wireless_Shell_V3
heltec-esp32-wireless-stick-lite-v3,Heltec,Wireless Stick Lite V3,Source documentation available; dedicated specs not verified,,https://resource.heltec.cn/download/Wireless_Stick_Lite_V3
heltec-esp32-wireless-stick-v3,Heltec,Wireless Stick V3,Source documentation available; dedicated specs not verified,,https://resource.heltec.cn/download/Wireless_Stick_V3
heltec-esp32-wireless-tracker,Heltec,Wireless Tracker,Source documentation available; dedicated specs not verified,,https://resource.heltec.cn/download/Wireless_Tracker
heltec-esp32-wireless-tracker-v2-3,Heltec,Wireless Tracker V2.3,Source documentation available; dedicated specs not verified,,https://resource.heltec.cn/download/Wireless_Tracker_V2/Pin_Map
kevin-matocha-esp32-esp32-s3-hacktablet,Kevin Matocha,ESP32-S3 HackTablet,Source documentation available; dedicated specs not verified,,https://hackaday.io/project/185831-hacktablet-crestron-tss-752-teardown-rebuild | https://circuitpython.org/board/espressif_esp32s3_devkitc_1_n8r8_hacktablet/
lilygo-esp32-lora32-v1-0,LILYGO,LoRa32 V1.0,Source documentation available; dedicated specs not verified,,https://github.com/Xinyuan-LilyGO/LilyGo-LoRa-Series/blob/5e2da3f519a25e91b9b14c3071e36a568bbd949d/assets/image/lora32_v1.0_pinmap.jpg
lilygo-esp32-lora32-v1-3,LILYGO,LoRa32 V1.3,Source documentation available; dedicated specs not verified,,https://github.com/Xinyuan-LilyGO/LilyGo-LoRa-Series/blob/5e2da3f519a25e91b9b14c3071e36a568bbd949d/assets/image/lora32_v1.3_pinmap.jpg
lilygo-esp32-lora32-v2-0,LILYGO,LoRa32 V2.0,Source documentation available; dedicated specs not verified,,https://github.com/Xinyuan-LilyGO/LilyGo-LoRa-Series/blob/5e2da3f519a25e91b9b14c3071e36a568bbd949d/assets/image/lora32_v2.0_pinmap.jpg
lilygo-esp32-lora32-v2-1-6-t3-v1-6-1,LILYGO,LoRa32 V2.1.6 (T3 V1.6.1),Source documentation available; dedicated specs not verified,,https://wiki.lilygo.cc/products/t3-series/t3-lora32/ | https://github.com/Xinyuan-LilyGO/LilyGo-LoRa-Series/blob/5e2da3f519a25e91b9b14c3071e36a568bbd949d/assets/image/lora32_v1.6.1_pinmap.jpg
lilygo-esp32-mini-e-paper-1-02-core,LILYGO,Mini E-Paper 1.02 Core,Source documentation available; dedicated specs not verified,,https://github.com/Xinyuan-LilyGO/LilyGO-Mini-Epaper/blob/73441be24a207b9789e49c5781b137550eef1f56/images/MINI1.02CORE.jpg
lilygo-esp32-t-01c3,LILYGO,T-01C3,Source documentation available; dedicated specs not verified,,https://github.com/Xinyuan-LilyGO/T-01C3/blob/e4e6dda5ef07e33936ded354b3abea463857b67d/image/T-01C3pin.jpg | https://github.com/Xinyuan-LilyGO/T-01C3/blob/e4e6dda5ef07e33936ded354b3abea463857b67d/image/T-01C3pin_cn.jpg
lilygo-esp32-t-2can,LILYGO,T-2Can,Source documentation available; dedicated specs not verified,,https://wiki.lilygo.cc/products/industrial-series/t-2can/
lilygo-esp32-t-2can-fd,LILYGO,T-2Can-FD,Source documentation available; dedicated specs not verified,,https://wiki.lilygo.cc/products/industrial-series/t-2can-fd/
lilygo-esp32-t-a7670e-r2,LILYGO,T-A7670E R2,Source documentation available; dedicated specs not verified,,https://wiki.lilygo.cc/products/t-sim-series/t-a7670/
lilygo-esp32-t-a7670g-r2,LILYGO,T-A7670G R2,Source documentation available; dedicated specs not verified,,https://wiki.lilygo.cc/products/t-sim-series/t-a7670/
lilygo-esp32-t-a7670sa-r2,LILYGO,T-A7670SA R2,Source documentation available; dedicated specs not verified,,https://wiki.lilygo.cc/products/t-sim-series/t-a7670/
lilygo-esp32-t-bao,LILYGO,T-Bao,Source documentation available; dedicated specs not verified,,https://wiki.lilygo.cc/products/other/t-bao/
lilygo-esp32-t-beam,LILYGO,T-Beam,Source documentation available; dedicated specs not verified,,https://wiki.lilygo.cc/products/t-beam-series/t-beam/
lilygo-esp32-t-beam-1w,LILYGO,T-Beam 1W,Source documentation available; dedicated specs not verified,,https://wiki.lilygo.cc/products/t-beam-series/t-beam-1w/
lilygo-esp32-t-beam-s3-core,LILYGO,T-Beam S3 Core,Source documentation available; dedicated specs not verified,,https://github.com/Xinyuan-LilyGO/LilyGo-LoRa-Series/blob/5e2da3f519a25e91b9b14c3071e36a568bbd949d/assets/image/T-BEAM-S3Core.jpg
lilygo-esp32-t-beam-supreme,LILYGO,T-Beam Supreme,Source documentation available; dedicated specs not verified,,https://wiki.lilygo.cc/products/t-beam-series/t-beam-supreme/ | https://github.com/Xinyuan-LilyGO/LilyGo-LoRa-Series/blob/5e2da3f519a25e91b9b14c3071e36a568bbd949d/assets/image/T-BEAM-S3-Supreme.jpg
lilygo-esp32-t-beam-v1-1,LILYGO,T-Beam V1.1,Source documentation available; dedicated specs not verified,,https://github.com/Xinyuan-LilyGO/LilyGo-LoRa-Series/blob/5e2da3f519a25e91b9b14c3071e36a568bbd949d/assets/image/t-beam_v1.1_pinmap.jpg
lilygo-esp32-t-beam-bpf,LILYGO,T-Beam-BPF,Source documentation available; dedicated specs not verified,,https://wiki.lilygo.cc/products/t-beam-series/t-beam-bpf/
lilygo-esp32-t-call-sim800c,LILYGO,T-Call SIM800C,Source documentation available; dedicated specs not verified,,https://github.com/Xinyuan-LilyGO/LilyGo-T-Call-SIM800/blob/11db8bf5bc38f52a6122fdfdb6b6a821f26808b8/image/SIM800C.png
lilygo-esp32-t-call-sim800l-axp192,LILYGO,T-Call SIM800L AXP192,Source documentation available; dedicated specs not verified,,https://github.com/Xinyuan-LilyGO/LilyGo-T-Call-SIM800/blob/11db8bf5bc38f52a6122fdfdb6b6a821f26808b8/image/SIM800L_AXP192.jpg
lilygo-esp32-t-call-sim800l-v1-3,LILYGO,T-Call SIM800L V1.3,Source documentation available; dedicated specs not verified,,https://github.com/Xinyuan-LilyGO/LilyGo-T-Call-SIM800/blob/11db8bf5bc38f52a6122fdfdb6b6a821f26808b8/image/T-Call.jpg | https://github.com/Xinyuan-LilyGO/LilyGo-T-Call-SIM800/blob/11db8bf5bc38f52a6122fdfdb6b6a821f26808b8/image/SIM800L_IP5306.jpg
lilygo-esp32-t-camera-plus-s3,LILYGO,T-Camera Plus S3,Source documentation available; dedicated specs not verified,,https://wiki.lilygo.cc/products/t-camera-series/t-camera-plus-s3/
lilygo-esp32-t-camera-s3,LILYGO,T-Camera-S3,Source documentation available; dedicated specs not verified,,https://wiki.lilygo.cc/products/t-camera-series/t-camera-s3/
lilygo-esp32-t-can485-ch340k,LILYGO,T-CAN485 (CH340K),Source documentation available; dedicated specs not verified,,https://github.com/Xinyuan-LilyGO/T-CAN485/blob/e6f92dab557b938226741d989124acebbe4fbf94/image/T-CAN485-PINMAP-CN.jpg | https://github.com/Xinyuan-LilyGO/T-CAN485/blob/e6f92dab557b938226741d989124acebbe4fbf94/image/T-CAN485-PINMAP-EN.jpg
lilygo-esp32-t-can485-ch9102,LILYGO,T-CAN485 (CH9102),Source documentation available; dedicated specs not verified,,https://github.com/Xinyuan-LilyGO/T-CAN485/blob/e6f92dab557b938226741d989124acebbe4fbf94/image/T-CAN485-PINMAP1-EN.jpg
lilygo-esp32-t-circle,LILYGO,T-Circle,Source documentation available; dedicated specs not verified,,https://wiki.lilygo.cc/products/other/t-circle/
lilygo-esp32-t-circle-s3,LILYGO,T-Circle S3,Source documentation available; dedicated specs not verified,,https://wiki.lilygo.cc/products/other/t-circle-s3/
lilygo-esp32-t-connect,LILYGO,T-Connect,Source documentation available; dedicated specs not verified,,https://wiki.lilygo.cc/products/t-connect-series/t-connect/
lilygo-esp32-t-connect-pro,LILYGO,T-Connect Pro,Source documentation available; dedicated specs not verified,,https://wiki.lilygo.cc/products/t-connect-series/t-connect-pro/
lilygo-esp32-t-deck-plus,LILYGO,T-Deck (Plus),Source documentation available; dedicated specs not verified,,https://www.lilygo.cc/products/t-deck | https://circuitpython.org/board/lilygo_tdeck/
lilygo-esp32-t-display,LILYGO,T-Display,Source documentation available; dedicated specs not verified,,https://wiki.lilygo.cc/products/t-display-series/t-display/
lilygo-esp32-t-display-bar,LILYGO,T-Display Bar,Source documentation available; dedicated specs not verified,,https://wiki.lilygo.cc/products/t-display-series/t-display-bar/
lilygo-esp32-t-display-c5,LILYGO,T-Display C5,Source documentation available; dedicated specs not verified,,https://wiki.lilygo.cc/products/t-display-series/t-display-c5/
lilygo-esp32-t-display-p4-amoled,LILYGO,T-Display P4 AMOLED,Source documentation available; dedicated specs not verified,,https://wiki.lilygo.cc/products/t-display-series/t-display-p4/
lilygo-esp32-t-display-p4-tft,LILYGO,T-Display P4 TFT,Source documentation available; dedicated specs not verified,,https://wiki.lilygo.cc/products/t-display-series/t-display-p4/
lilygo-esp32-t-display-s3-amoled-1-43,LILYGO,T-Display S3 AMOLED 1.43,Source documentation available; dedicated specs not verified,,https://wiki.lilygo.cc/products/t-display-series/t-display-s3-amoled-1.43/
lilygo-esp32-t-display-s3-amoled-1-64,LILYGO,T-Display S3 AMOLED 1.64,Source documentation available; dedicated specs not verified,,https://wiki.lilygo.cc/products/t-display-series/t-display-s3-amoled-1.64/
lilygo-esp32-t-display-s3-amoled-1-75,LILYGO,T-Display S3 AMOLED 1.75,Source documentation available; dedicated specs not verified,,https://wiki.lilygo.cc/products/t-display-series/t-display-s3-amoled-1.75/
lilygo-esp32-t-display-s3-amoled-plus,LILYGO,T-Display S3 AMOLED Plus,Source documentation available; dedicated specs not verified,,https://wiki.lilygo.cc/products/t-display-series/t-display-s3-amoled-plus/
lilygo-esp32-t-display-s3-long,LILYGO,T-Display S3 Long,Source documentation available; dedicated specs not verified,,https://wiki.lilygo.cc/products/t-display-series/t-display-s3-long/
lilygo-esp32-t-display-s3-pro,LILYGO,T-Display S3 Pro,Source documentation available; dedicated specs not verified,,https://wiki.lilygo.cc/products/t-display-series/t-display-s3-pro/ | https://www.lilygo.cc/products/t-display-s3-pro | https://circuitpython.org/board/lilygo_tdisplay_s3_pro/
lilygo-esp32-t-display-s3-pro-lr1121,LILYGO,T-Display S3 Pro LR1121,Source documentation available; dedicated specs not verified,,https://wiki.lilygo.cc/products/t-display-series/t-display-s3-pro-lr1121/
lilygo-esp32-t-display-s3,LILYGO,T-Display-S3,Source documentation available; dedicated specs not verified,,https://wiki.lilygo.cc/products/t-display-series/t-display-s3/ | https://www.lilygo.cc/products/t-display-s3 | https://circuitpython.org/board/lilygo_tdisplay_s3/
lilygo-esp32-t-display-s3-amoled,LILYGO,T-Display-S3-AMOLED,Source documentation available; dedicated specs not verified,,https://wiki.lilygo.cc/products/t-display-series/t-display-s3-amoled/
lilygo-esp32-t-dongle,LILYGO,T-Dongle,Source documentation available; dedicated specs not verified,,https://wiki.lilygo.cc/products/t-dongle-series/t-dongle/
lilygo-esp32-t-dongle-c5,LILYGO,T-Dongle-C5,Source documentation available; dedicated specs not verified,,https://wiki.lilygo.cc/products/t-dongle-series/t-dongle-c5/
lilygo-esp32-t-dongle-s3,LILYGO,T-Dongle-S3,Source documentation available; dedicated specs not verified,,https://wiki.lilygo.cc/products/t-dongle-series/t-dongle-s3/ | https://lilygo.cc/products/t-dongle-s3 | https://circuitpython.org/board/lilygo_tdongle_s3/
lilygo-esp32-t-embed,LILYGO,T-Embed,Source documentation available; dedicated specs not verified,,https://wiki.lilygo.cc/products/t-embed-series/t-embed/ | https://www.lilygo.cc/products/t-embed | https://circuitpython.org/board/lilygo_tembed_esp32s3/
lilygo-esp32-t-embed-cc1101,LILYGO,T-Embed CC1101,Source documentation available; dedicated specs not verified,,https://wiki.lilygo.cc/products/t-embed-series/t-embed-cc1101/
lilygo-esp32-t-embed-si4732,LILYGO,T-Embed SI4732,Source documentation available; dedicated specs not verified,,https://wiki.lilygo.cc/products/t-embed-series/t-embed-si4732/
lilygo-esp32-t-encoder,LILYGO,T-Encoder,Source documentation available; dedicated specs not verified,,https://wiki.lilygo.cc/products/t-encoder-series/t-encoder/
lilygo-esp32-t-encoder-pro,LILYGO,T-Encoder Pro,Source documentation available; dedicated specs not verified,,https://wiki.lilygo.cc/products/t-encoder-series/t-encoder-pro/
lilygo-esp32-t-eth-elite,LILYGO,T-ETH Elite,Source documentation available; dedicated specs not verified,,https://wiki.lilygo.cc/products/t-eth-series/t-eth-elite/
lilygo-esp32-t-eth-lite,LILYGO,T-ETH Lite,Source documentation available; dedicated specs not verified,,https://wiki.lilygo.cc/products/t-eth-series/t-eth-lite/
lilygo-esp32-t-eth-lite-s3,LILYGO,T-ETH Lite S3,Source documentation available; dedicated specs not verified,,https://wiki.lilygo.cc/products/t-eth-series/t-eth-lite-s3/
lilygo-esp32-t-halow,LILYGO,T-Halow,Source documentation available; dedicated specs not verified,,https://wiki.lilygo.cc/products/t-halow-series/t-halow/
lilygo-esp32-t-halow-p4,LILYGO,T-Halow P4,Source documentation available; dedicated specs not verified,,https://wiki.lilygo.cc/products/t-halow-series/t-halow-p4/
lilygo-esp32-t-higrow-v1-1-bme280,LILYGO,T-HiGrow V1.1 BME280,Source documentation available; dedicated specs not verified,,https://github.com/Xinyuan-LilyGO/LilyGo-HiGrow/blob/f5732ce6012e6ece349c9d1788bad4cf392c9aca/image/img1.jpg
lilygo-esp32-t-higrow-v1-1-dht11,LILYGO,T-HiGrow V1.1 DHT11,Source documentation available; dedicated specs not verified,,https://github.com/Xinyuan-LilyGO/LilyGo-HiGrow/blob/f5732ce6012e6ece349c9d1788bad4cf392c9aca/image/img2.jpg
lilygo-esp32-t-internet-com,LILYGO,T-Internet-COM,Source documentation available; dedicated specs not verified,,https://github.com/Xinyuan-LilyGO/T-Internet-COM/blob/f53f1c54aac202e83bf326d8a497495d75889412/img/T-Internet-COM.jpg
lilygo-esp32-t-knob,LILYGO,T-Knob,Source documentation available; dedicated specs not verified,,https://wiki.lilygo.cc/products/other/t-knob/
lilygo-esp32-t-lora-c6,LILYGO,T-LoRa C6,Source documentation available; dedicated specs not verified,,https://wiki.lilygo.cc/products/t-lora-series/t-lora-c6/
lilygo-esp32-t-lora-dual,LILYGO,T-LoRa Dual,Source documentation available; dedicated specs not verified,,https://wiki.lilygo.cc/products/t-lora-series/t-lora-dual/
lilygo-esp32-t-mini-e-paper-s3,LILYGO,T-Mini E-Paper S3,Source documentation available; dedicated specs not verified,,https://wiki.lilygo.cc/products/other/t-mini-e-paper-s3/
lilygo-esp32-t-motor,LILYGO,T-Motor,Source documentation available; dedicated specs not verified,,https://github.com/Xinyuan-LilyGO/T-Motor/blob/a867ce9fb0b56c491e3272ae722d607ec00b9259/image/image1.jpg
lilygo-esp32-t-oi-plus-v1-3,LILYGO,T-OI-Plus V1.3,Source documentation available; dedicated specs not verified,,https://github.com/Xinyuan-LilyGO/LilyGo-T-OI-PLUS/blob/2c15f73f635d3629ae70c66e3dfcbd47a2815caa/image/new_TOI_Plus.png
lilygo-esp32-t-panel-s3,LILYGO,T-Panel S3,Source documentation available; dedicated specs not verified,,https://wiki.lilygo.cc/products/t-panel-series/t-panel-s3/
lilygo-esp32-t-panel-s3-lite,LILYGO,T-Panel S3 Lite,Source documentation available; dedicated specs not verified,,https://wiki.lilygo.cc/products/t-panel-series/t-panel-s3-lite/
lilygo-esp32-t-qt-c6,LILYGO,T-QT C6,Source documentation available; dedicated specs not verified,,https://wiki.lilygo.cc/products/other/t-qt-c6/
lilygo-esp32-t-qt-pro-n4r2,LILYGO,T-QT Pro (N4R2),Source documentation available; dedicated specs not verified,,https://github.com/Xinyuan-LilyGO/T-QT/blob/230f0c0ea7677fdde29ca7a49a419dbf597e6b3e/image/pinmap_en.jpg
lilygo-esp32-t-relay-8,LILYGO,T-Relay-8,Source documentation available; dedicated specs not verified,,https://wiki.lilygo.cc/products/t-relay-series/t-relay/
lilygo-esp32-t-relay-s3,LILYGO,T-Relay-S3,Source documentation available; dedicated specs not verified,,https://wiki.lilygo.cc/products/t-relay-series/t-relay-s3/
lilygo-esp32-t-sim7000g-s3-standard,LILYGO,T-SIM7000G-S3 Standard,Source documentation available; dedicated specs not verified,,https://wiki.lilygo.cc/products/t-sim-series/t-sim7000/
lilygo-esp32-t-sim7080x-s3,LILYGO,T-SIM7080X-S3,Source documentation available; dedicated specs not verified,,https://wiki.lilygo.cc/products/t-sim-series/t-sim7080x-s3/
lilygo-esp32-t-spe,LILYGO,T-Spe,Source documentation available; dedicated specs not verified,,https://wiki.lilygo.cc/products/industrial-series/t-spe/
lilygo-esp32-t-twr,LILYGO,T-TWR,Source documentation available; dedicated specs not verified,,https://wiki.lilygo.cc/products/t-twr-series/t-twr/
lilygo-esp32-t-twr-plus,LILYGO,T-TWR-Plus,Source documentation available; dedicated specs not verified,,https://wiki.lilygo.cc/products/t-twr-series/t-twr-plus/
lilygo-esp32-t-watch-2020-v3,LILYGO,T-Watch 2020 V3,Source documentation available; dedicated specs not verified,,https://www.lilygo.cc/products/t-watch-2020-v3 | https://circuitpython.org/board/lilygo_twatch_2020_v3/
lilygo-esp32-t-watch-s3,LILYGO,T-Watch S3,Source documentation available; dedicated specs not verified,,https://www.lilygo.cc/products/t-watch-s3 | https://circuitpython.org/board/lilygo_twatch_s3/
lilygo-esp32-t-weigh,LILYGO,T-Weigh,Source documentation available; dedicated specs not verified,,https://github.com/Xinyuan-LilyGO/T-Weigh/blob/8a1ab405a79c1031d4dddb4bc6db7e8eacda8849/image/image1.jpg
lilygo-esp32-t3-v1-8-sx1280-2-4ghz,LILYGO,T3 V1.8 SX1280 2.4GHz,Source documentation available; dedicated specs not verified,,https://github.com/Xinyuan-LilyGO/LilyGo-LoRa-Series/blob/5e2da3f519a25e91b9b14c3071e36a568bbd949d/assets/image/lora32_v1.8_pinmap.jpg
lilygo-esp32-t3-s3-e-paper,LILYGO,T3-S3 E-Paper,Source documentation available; dedicated specs not verified,,https://wiki.lilygo.cc/products/t3-series/t3-s3-e-paper/
lilygo-esp32-t3-s3-lr1121,LILYGO,T3-S3 LR1121,Source documentation available; dedicated specs not verified,,https://wiki.lilygo.cc/products/t3-series/t3-s3-lr1121/
lilygo-esp32-t3-s3-mvsr-board,LILYGO,T3-S3 MVSR Board,Source documentation available; dedicated specs not verified,,https://wiki.lilygo.cc/products/t3-series/t3-s3-mvsr/
lilygo-esp32-t3-s3-v1-2,LILYGO,T3-S3 V1.2,Source documentation available; dedicated specs not verified,,https://wiki.lilygo.cc/products/t3-series/t3-s3/
lilygo-esp32-t3-s3-v1-3,LILYGO,T3-S3 V1.3,Source documentation available; dedicated specs not verified,,https://wiki.lilygo.cc/products/t3-series/t3-s3-v1.3/
lilygo-esp32-t3-tcxo,LILYGO,T3-TCXO,Source documentation available; dedicated specs not verified,,https://wiki.lilygo.cc/products/t3-series/t3-txco/
lilygo-esp32-t4-s3-2-41,LILYGO,T4-S3-2.41,Source documentation available; dedicated specs not verified,,https://wiki.lilygo.cc/products/t4-series/t4-s3/
lilygo-esp32-t5-4-7-e-paper-s3-pro,LILYGO,T5-4.7 E-Paper S3 Pro,Source documentation available; dedicated specs not verified,,https://wiki.lilygo.cc/products/t5-series/t5-e-paper-s3-pro/
lilygo-esp32-t5-4-7-s3-capacitive-touch,LILYGO,T5-4.7-S3 Capacitive Touch,Source documentation available; dedicated specs not verified,,https://wiki.lilygo.cc/products/t5-series/t5-e-paper/
lilygo-esp32-t5-4-7-s3-e-paper-pro-lite,LILYGO,T5-4.7-S3 E-Paper Pro Lite,Source documentation available; dedicated specs not verified,,https://wiki.lilygo.cc/products/t5-series/t5-e-paper-s3-lite/
lilygo-esp32-t7-c5,LILYGO,T7-C5,Source documentation available; dedicated specs not verified,,https://wiki.lilygo.cc/products/t7-series/t7-c5/
lilygo-esp32-t7-c6,LILYGO,T7-C6,Source documentation available; dedicated specs not verified,,https://wiki.lilygo.cc/products/t7-series/t7-c6/
lilygo-esp32-t7-s3,LILYGO,T7-S3,Source documentation available; dedicated specs not verified,,https://wiki.lilygo.cc/products/t7-series/t7-s3/ | https://github.com/Xinyuan-LilyGO/T7-S3/blob/6da73f50a73dcb9cc86283cce1bf64d1c0d03620/assets/image/t7-s3_v1.1_pinmap.jpg
lilygo-esp32-t8,LILYGO,T8,Source documentation available; dedicated specs not verified,,https://wiki.lilygo.cc/products/t8-series/t8/
lilygo-esp32-t8-c3,LILYGO,T8-C3,Source documentation available; dedicated specs not verified,,https://github.com/Xinyuan-LilyGO/T8-C3/blob/9673426fc2862fc330c71421077035d0d496a124/image/T8-C3.jpg
lilygo-esp32-t8-s3,LILYGO,T8-S3,Source documentation available; dedicated specs not verified,,https://wiki.lilygo.cc/zh/products/t8-series/t8/
lilygo-esp32-tq-t-pro-no-psram,LILYGO,TQ-T Pro (No PSRAM),Source documentation available; dedicated specs not verified,,https://lilygo.cc/products/t-qt-pro?variant=43214296285365 | https://circuitpython.org/board/lilygo_tqt_pro_nopsram/
lilygo-esp32-tq-t-pro-with-psram,LILYGO,TQ-T Pro (with PSRAM),Source documentation available; dedicated specs not verified,,https://lilygo.cc/products/t-qt-pro?variant=42383267823797 | https://circuitpython.org/board/lilygo_tqt_pro_psram/
lilygo-esp32-ttgo-t-01c3-esp32-c3,LILYGO,TTGO T-01C3 ESP32-C3,Source documentation available; dedicated specs not verified,,https://www.aliexpress.com/item/1005003538055090.html | https://circuitpython.org/board/lilygo_ttgo_t-01c3/
lilygo-esp32-ttgo-t-display-esp32-16m,LILYGO,TTGO T-Display ESP32 16M,Source documentation available; dedicated specs not verified,,https://www.lilygo.cc/products/lilygo%C2%AE-ttgo-t-display-1-14-inch-lcd-esp32-control-board?variant=42159376466101 | https://circuitpython.org/board/lilygo_ttgo_tdisplay_esp32_16m/
lilygo-esp32-ttgo-t-display-esp32-4m,LILYGO,TTGO T-Display ESP32 4M,Source documentation available; dedicated specs not verified,,https://www.lilygo.cc/products/lilygo%C2%AE-ttgo-t-display-1-14-inch-lcd-esp32-control-board?variant=42159376433333 | https://circuitpython.org/board/lilygo_ttgo_tdisplay_esp32_4m/
lilygo-esp32-ttgo-t-oi-plus,LILYGO,TTGO T-OI Plus,Source documentation available; dedicated specs not verified,,https://www.tindie.com/products/lilygo/lilygo-ttgo-t-oi-plus-risc-v-esp32-c3/ | https://circuitpython.org/board/lilygo_ttgo_t-oi-plus/
lilygo-esp32-ttgo-t8-esp32-s2,LILYGO,TTGO T8 ESP32-S2,Source documentation available; dedicated specs not verified,,http://www.lilygo.cn/prod_view.aspx?TypeId=50033&Id=1321 | https://circuitpython.org/board/lilygo_ttgo_t8_s2/
lilygo-esp32-ttgo-t8-esp32-s2-st7789,LILYGO,TTGO T8 ESP32-S2 ST7789,Source documentation available; dedicated specs not verified,,http://www.lilygo.cn/prod_view.aspx?TypeId=50033&Id=1321 | https://circuitpython.org/board/lilygo_ttgo_t8_s2_st7789/
lilygo-esp32-ttgo-t8-esp32-s2-wroom,LILYGO,TTGO T8 ESP32-S2-WROOM,Source documentation available; dedicated specs not verified,,http://www.lilygo.cn/prod_view.aspx?TypeId=50063&Id=1320&FId=t3:50063:3 | https://circuitpython.org/board/lilygo_ttgo_t8_esp32_s2_wroom/
lilygo-esp32-ttgo-t8-v1-7-esp32,LILYGO,TTGO T8 V1.7 ESP32,Source documentation available; dedicated specs not verified,,https://www.tindie.com/products/lilygo/lilygo-ttgo-t8-v17-esp32-module/ | https://circuitpython.org/board/ttgo_t8_v1_7/
lolin-esp32-d1-mini,LOLIN,D1 MINI,Source documentation available; dedicated specs not verified,,https://mischianti.org/wemos-d1-mini-high-resolution-pinout-and-specs/ | https://docs.wemos.cc/en/latest/d1/d1_mini.html
lolin-esp32-d1-mini-lite,LOLIN,D1 MINI LITE,Source documentation available; dedicated specs not verified,,https://docs.wemos.cc/en/latest/d1/d1_mini_lite.html
lolin-esp32-d1-mini-pro,LOLIN,D1 MINI PRO,Source documentation available; dedicated specs not verified,,https://docs.wemos.cc/en/latest/d1/d1_mini_pro.html
luatos-esp32-core-esp32c3,Luatos,Luatos Core ESP32C3,Source documentation available; dedicated specs not verified,,https://mischianti.org/luatos-core-esp32-c3-high-resolution-pinout-and-specs/ | https://wiki.luatos.com/chips/esp32c3/index.html | https://circuitpython.org/board/luatos_core_esp32c3/
luatos-esp32-esp32-c3-core-board-ch343-usb-uart,Luatos,Luatos ESP32-C3 Core Board – CH343 USB UART,Source documentation available; dedicated specs not verified,,https://universal-solder.ca/product/luatos-esp32-c3-core-board-ch343-4mb/ | https://circuitpython.org/board/luatos_core_esp32c3_ch343/
m5stack-esp32-atom-echo-smart-speaker,M5Stack,ATOM Echo Smart Speaker,Source documentation available; dedicated specs not verified,,https://docs.m5stack.com/en/atom/atomecho | https://circuitpython.org/board/m5stack_atom_echo/
m5stack-esp32-atom-lite-esp32-iot,M5Stack,ATOM Lite ESP32 IoT,Source documentation available; dedicated specs not verified,,https://docs.m5stack.com/en/core/ATOM%20Lite | https://circuitpython.org/board/m5stack_atom_lite/
m5stack-esp32-atom-matrix-esp32,M5Stack,ATOM Matrix ESP32,Source documentation available; dedicated specs not verified,,https://www.adafruit.com/product/4497 | https://docs.m5stack.com/en/core/atom_matrix | https://circuitpython.org/board/m5stack_atom_matrix/
m5stack-esp32-atoms3-dev-kit-w-0-85-inch-screen,M5Stack,AtomS3 Dev Kit w/ 0.85-inch Screen,Source documentation available; dedicated specs not verified,,https://docs.m5stack.com/en/core/AtomS3 | https://circuitpython.org/board/m5stack_atoms3/
m5stack-esp32-atoms3-lite-esp32s3-dev-kit,M5Stack,AtomS3 Lite ESP32S3 Dev Kit,Source documentation available; dedicated specs not verified,,https://docs.m5stack.com/en/core/AtomS3%20Lite | https://circuitpython.org/board/m5stack_atoms3_lite/
m5stack-esp32-atoms3r,M5Stack,AtomS3R,Source documentation available; dedicated specs not verified,,https://docs.m5stack.com/en/core/AtomS3R
m5stack-esp32-atoms3u-esp32s3-dev-kit,M5Stack,AtomS3U ESP32S3 Dev Kit,Source documentation available; dedicated specs not verified,,https://shop.m5stack.com/products/atoms3u | https://circuitpython.org/board/m5stack_atoms3u/
m5stack-esp32-atomu-esp32,M5Stack,AtomU ESP32,Source documentation available; dedicated specs not verified,,https://docs.m5stack.com/en/core/atom_u | https://circuitpython.org/board/m5stack_atom_u/
m5stack-esp32-core2-esp32-iot,M5Stack,Core2 ESP32 IoT,Source documentation available; dedicated specs not verified,,https://docs.m5stack.com/en/core/core2 | https://circuitpython.org/board/m5stack_core2/
m5stack-esp32-cores3,M5Stack,CoreS3,Source documentation available; dedicated specs not verified,,https://docs.m5stack.com/en/core/CoreS3
m5stack-esp32-cores3-esp32-iot,M5Stack,CoreS3 ESP32 IoT,Source documentation available; dedicated specs not verified,,https://docs.m5stack.com/en/core/cores3 | https://circuitpython.org/board/m5stack_cores3/
m5stack-esp32-cores3-se-esp32s3-iot,M5Stack,CoreS3 SE ESP32S3 IoT,Source documentation available; dedicated specs not verified,,https://docs.m5stack.com/en/core/CoreS3%20SE | https://circuitpython.org/board/m5stack_cores3_se/
m5stack-esp32-dial-smart-rotary-knob-with-touch-screen,M5Stack,Dial - Smart Rotary Knob with Touch Screen,Source documentation available; dedicated specs not verified,,https://www.adafruit.com/product/5966 | https://docs.m5stack.com/en/core/M5Dial | https://circuitpython.org/board/m5stack_dial/
m5stack-esp32-esp32-basic-core-iot,M5Stack,ESP32 Basic Core IoT,Source documentation available; dedicated specs not verified,,https://docs.m5stack.com/en/core/basic_v2.6 | https://www.adafruit.com/product/4178 | https://circuitpython.org/board/m5stack_core_basic/
m5stack-esp32-m5paper-esp32-dev-kit,M5Stack,M5Paper ESP32 Dev Kit,Source documentation available; dedicated specs not verified,,https://docs.m5stack.com/en/core/m5paper | https://circuitpython.org/board/m5stack_m5paper/
m5stack-esp32-cardputer-m5stamps3-powered-mini-computer,M5Stack,M5Stack CardPuter - M5StampS3 powered mini computer,Source documentation available; dedicated specs not verified,,https://docs.m5stack.com/en/core/Cardputer | https://circuitpython.org/board/m5stack_cardputer/
m5stack-esp32-cardputer-m5stamps3-powered-mini-computer-microros,M5Stack,M5Stack CardPuter - M5StampS3 powered mini computer (MicroROS),Source documentation available; dedicated specs not verified,,https://docs.m5stack.com/en/core/Cardputer | https://circuitpython.org/board/m5stack_cardputer_ros/
m5stack-esp32-din-meter-w-m5stamps3,M5Stack,M5Stack Din Meter w/ M5StampS3,Source documentation available; dedicated specs not verified,,https://docs.m5stack.com/en/core/M5DinMeter | https://circuitpython.org/board/m5stack_dinmeter/
m5stack-esp32-fire-iot,M5Stack,M5Stack FIRE IoT,Source documentation available; dedicated specs not verified,,https://docs.m5stack.com/en/core/fire_v2.6 | https://circuitpython.org/board/m5stack_core_fire/
m5stack-esp32-tab5-iot-development-kit,M5Stack,M5Stack Tab5 IoT Development Kit,Source documentation available; dedicated specs not verified,,https://docs.m5stack.com/en/core/Tab5 | https://circuitpython.org/board/m5stack_tab5/
m5stack-esp32-timer-camera-x,M5Stack,M5Stack Timer Camera X,Source documentation available; dedicated specs not verified,,https://docs.m5stack.com/en/unit/timercam_x | https://www.adafruit.com/product/4959 | https://circuitpython.org/board/m5stack_timer_camera_x/
m5stack-esp32-m5stamp-c3,M5Stack,M5Stamp C3,Source documentation available; dedicated specs not verified,,https://docs.m5stack.com/en/core/stamp_c3 | https://circuitpython.org/board/m5stack_stamp_c3/
m5stack-esp32-m5stamp-s3,M5Stack,M5Stamp S3,Source documentation available; dedicated specs not verified,,https://shop.m5stack.com/products/m5stamp-esp32s3-module | https://docs.m5stack.com/en/core/StampS3 | https://circuitpython.org/board/m5stack_stamp_s3/
m5stack-esp32-m5stickc-esp32-pico-mini-iot,M5Stack,M5StickC ESP32-PICO Mini IoT,Source documentation available; dedicated specs not verified,,https://docs.m5stack.com/en/core/m5stickc | https://circuitpython.org/board/m5stack_stick_c/
m5stack-esp32-m5stickc-plus-esp32-pico-mini-iot,M5Stack,M5StickC PLUS ESP32-PICO Mini IoT,Source documentation available; dedicated specs not verified,,https://docs.m5stack.com/en/core/m5stickc_plus | https://www.adafruit.com/product/4289 | https://www.adafruit.com/product/4290 | https://circuitpython.org/board/m5stack_stick_c_plus/ | https://docs.m5stack.com/en/core/M5StickC%20PLUS2 | https://circuitpython.org/board/m5stack_stick_c_plus2/
m5stack-esp32-stamp-c6lora,M5Stack,Stamp C6LoRa,Source documentation available; dedicated specs not verified,,https://docs.m5stack.com/en/core/Stamp_C6LoRa
m5stack-esp32-stamp-c3-mate,M5Stack,Stamp-C3 Mate,Source documentation available; dedicated specs not verified,,https://docs.m5stack.com/en/core/stamp_c3_mate
m5stack-esp32-stamp-c3u,M5Stack,Stamp-C3U,Source documentation available; dedicated specs not verified,,https://docs.m5stack.com/en/core/stamp_c3u
m5stack-esp32-stamp-c3u-mate,M5Stack,Stamp-C3U Mate,Source documentation available; dedicated specs not verified,,https://docs.m5stack.com/en/core/stamp_c3u_mate
m5stack-esp32-stamp-c5,M5Stack,Stamp-C5,Source documentation available; dedicated specs not verified,,https://docs.m5stack.com/en/core/Stamp-C5
m5stack-esp32-stamp-c5-dip,M5Stack,Stamp-C5 DIP,Source documentation available; dedicated specs not verified,,https://docs.m5stack.com/en/core/Stamp-C5_DIP
m5stack-esp32-stamp-p4,M5Stack,Stamp-P4,Source documentation available; dedicated specs not verified,,https://docs.m5stack.com/en/core/Stamp-P4
m5stack-esp32-stamp-pico,M5Stack,Stamp-Pico,Source documentation available; dedicated specs not verified,,https://docs.m5stack.com/en/core/stamp_pico
m5stack-esp32-stamp-pico-diy-kit,M5Stack,Stamp-Pico DIY Kit,Source documentation available; dedicated specs not verified,,https://docs.m5stack.com/en/core/stamp_pico_diy_kit
m5stack-esp32-stamp-pico-mate,M5Stack,Stamp-Pico Mate,Source documentation available; dedicated specs not verified,,https://docs.m5stack.com/en/core/stamp_pico_mate
m5stack-esp32-stamp-s3,M5Stack,Stamp-S3,Source documentation available; dedicated specs not verified,,https://docs.m5stack.com/en/core/StampS3
m5stack-esp32-stamp-s3-pin1-27,M5Stack,Stamp-S3 PIN1.27,Source documentation available; dedicated specs not verified,,https://docs.m5stack.com/en/core/M5StampS3%20PIN1.27
m5stack-esp32-stamp-s3-pin2-54,M5Stack,Stamp-S3 PIN2.54,Source documentation available; dedicated specs not verified,,https://docs.m5stack.com/en/core/M5StampS3%20PIN2.54
m5stack-esp32-stamp-s3a,M5Stack,Stamp-S3A,Source documentation available; dedicated specs not verified,,https://docs.m5stack.com/en/core/Stamp-S3A
m5stack-esp32-stamp-s3bat,M5Stack,Stamp-S3Bat,Source documentation available; dedicated specs not verified,,https://docs.m5stack.com/en/core/Stamp-S3Bat
m5stack-esp32-stamp-s3bat-dip,M5Stack,Stamp-S3Bat DIP,Source documentation available; dedicated specs not verified,,https://docs.m5stack.com/en/core/Stamp-S3Bat_DIP
maker-go-esp32-esp32c3-supermini,Maker Go,Maker Go ESP32C3 Supermini,Source documentation available; dedicated specs not verified,,https://www.aliexpress.com/item/1005006484193347.html | https://circuitpython.org/board/makergo_esp32c3_supermini/
maker-go-esp32-esp32c6-supermini,Maker Go,Maker Go ESP32C6 Supermini,Source documentation available; dedicated specs not verified,,https://mischianti.org/esp32-c6-supermini-high-resolution-pinout-datasheet-schema-and-specs/ | https://www.aliexpress.com/i/3256806673540231.html | https://circuitpython.org/board/makergo_esp32c6_supermini/
makerfabs-esp32-matouch-esp32-s3-parallel-tft-with-touch-7,Makerfabs,MaTouch ESP32-S3 Parallel TFT with Touch 7“,Source documentation available; dedicated specs not verified,,https://www.makerfabs.com/esp32-s3-parallel-tft-with-touch-7-inch.html | https://circuitpython.org/board/makerfabs_tft7/
makerm0-esp32-magiclick-s3,MakerM0,MagiClick S3,Source documentation available; dedicated specs not verified,,https://github.com/MakerM0/MagiClick-esp32s3 | https://circuitpython.org/board/magiclick_s3_n4r2/
microdev-esp32-microc3,MicroDev,MicroDev microC3,Source documentation available; dedicated specs not verified,,https://microdev.systems/ | https://circuitpython.org/board/microdev_micro_c3/
microdev-esp32-micros2,MicroDev,MicroDev microS2,Source documentation available; dedicated specs not verified,,https://microdev.systems/ | https://circuitpython.org/board/microdev_micro_s2/
mixly-esp32-mixgo-ce-serial,Mixly,MixGo CE Serial,Source documentation available; dedicated specs not verified,,https://mixly.org/ | https://circuitpython.org/board/mixgo_ce_serial/
mixly-esp32-mixgo-ce-udisk,Mixly,MixGo CE UDisk,Source documentation available; dedicated specs not verified,,https://mixly.org/ | https://circuitpython.org/board/mixgo_ce_udisk/
morpheans-esp32-morphesp-240,Morpheans,MorphESP 240,Source documentation available; dedicated specs not verified,,https://github.com/ccadic/ESP32-S2-DevBoardTFT | https://circuitpython.org/board/morpheans_morphesp-240/
muselab-esp32-nanoesp32-s2-w-wroom,Muselab,NanoESP32 S2 w/WROOM,Source documentation available; dedicated specs not verified,,https://www.muselab-tech.com/nanoesp32-s2kai-fa-ban/ | https://circuitpython.org/board/muselab_nanoesp32_s2_wroom/
muselab-esp32-nanoesp32-s2-w-wrover,Muselab,NanoESP32 S2 w/WROVER,Source documentation available; dedicated specs not verified,,https://www.muselab-tech.com/nanoesp32-s2kai-fa-ban/ | https://circuitpython.org/board/muselab_nanoesp32_s2_wrover/
nhb-systems-esp32-jl401-s3-4mb-flash-2mb-psram,NHB Systems,NHB Systems JL401-S3 4MB Flash 2MB PSRAM,Source documentation available; dedicated specs not verified,,https://www.tindie.com/stores/nhbsystems/ | https://github.com/NHBSystems | https://circuitpython.org/board/nhbsystems_jl401_4mbflash_2mbpsram/
nodemcu-esp32-devkit-0-9,NodeMCU,NodeMCU DevKit 0.9,Source documentation available; dedicated specs not verified,,https://github.com/nodemcu/nodemcu-devkit/blob/b0f19d6d1c49b6db4aef56ddba789a7f92f6ecce/Documents/NODEMCU-DEVKIT-INSTRUCTION-EN_BIG.png
nodemcu-esp32-devkit-1-0,NodeMCU,NodeMCU DevKit 1.0,Source documentation available; dedicated specs not verified,,https://github.com/nodemcu/nodemcu-devkit-v1.0/blob/7cb0a330a25fad85e701c768ef46064c17d54446/Documents/NODEMCU_DEVKIT_V1.0_PINMAP.png
nodemcu-esp32-esp32-c2,NodeMCU,NodeMCU ESP32-C2,Source documentation available; dedicated specs not verified,,https://www.aliexpress.com/i/3256805857447692.html | https://circuitpython.org/board/nodemcu_esp32c2/
nologo-esp32-esp32-do,Nologo,ESP32 Do,Source documentation available; dedicated specs not verified,,https://www.nologo.tech/product/esp32/esp32/esp32Do/
nologo-esp32-esp32-c3-1-28tft,Nologo,ESP32-C3 1.28TFT,Source documentation available; dedicated specs not verified,,https://www.nologo.tech/product/esp32/esp32c3/esp32c31.28tft/
nologo-esp32-esp32-c3-supermini,Nologo,ESP32-C3 SuperMini,Source documentation available; dedicated specs not verified,,https://www.nologo.tech/product/esp32/esp32c3/esp32c3supermini/esp32C3SuperMiniFoot.html | https://www.nologo.tech/product/esp32/esp32c3/esp32c3supermini/
nologo-esp32-esp32-c6-hxb,Nologo,ESP32-C6 HXB,Source documentation available; dedicated specs not verified,,https://www.nologo.tech/product/esp32/esp32c6/esp32c6hxb/
nologo-esp32-esp32-c6-supermini,Nologo,ESP32-C6 SuperMini,Source documentation available; dedicated specs not verified,,https://www.nologo.tech/product/esp32/esp32c6/esp32c6supermini/
nologo-esp32-esp32-h2-supermini,Nologo,ESP32-H2 SuperMini,Source documentation available; dedicated specs not verified,,https://www.nologo.tech/product/esp32/esp32h2/esp32h2supermini/
nologo-esp32-esp32-h2hxb,Nologo,ESP32-H2HXB,Source documentation available; dedicated specs not verified,,https://www.nologo.tech/product/esp32/esp32h2/esp32h2hxb/
nologo-esp32-esp32-s2-pico,Nologo,ESP32-S2 Pico,Source documentation available; dedicated specs not verified,,https://www.nologo.tech/product/esp32/esp32s2/esp32s2pico/esp32S2Pico.html | https://www.nologo.tech/product/esp32/esp32s2/esp32s2pico/
nologo-esp32-esp32-s3-0-85-ai,Nologo,ESP32-S3 0.85小智AI,Source documentation available; dedicated specs not verified,,https://www.nologo.tech/product/esp32/esp32s3/esp32s3xiazohi_0.85/
nologo-esp32-esp32-s3-1-14-inch-tft,Nologo,ESP32-S3 1.14-inch TFT,Source documentation available; dedicated specs not verified,,https://www.nologo.tech/product/esp32/esp32s3/esp32S31.14TFT/esp32S31.14TFT.html | https://www.nologo.tech/product/esp32/esp32s3/esp32S31.14TFT/
nologo-esp32-esp32-s3-1-28-touch-lcd,Nologo,ESP32-S3 1.28寸 Touch LCD,Source documentation available; dedicated specs not verified,,https://www.nologo.tech/product/esp32/esp32s3/esp32S31.28TouchLCD/
nologo-esp32-esp32-s3-1-91-inch-tft,Nologo,ESP32-S3 1.91-inch TFT,Source documentation available; dedicated specs not verified,,https://www.nologo.tech/product/esp32/esp32s3/esp32s31.91TFT/
nologo-esp32-esp32-s3-hxb,Nologo,ESP32-S3 HXB,Source documentation available; dedicated specs not verified,,https://www.nologo.tech/product/esp32/esp32s3/esp32s3hxb/
nologo-esp32-esp32-s3-matrixbitv3-0,Nologo,ESP32-S3 Matrixbitv3.0,Source documentation available; dedicated specs not verified,,https://www.nologo.tech/product/esp32/esp32s3/esp32s3matrixbitv3.0/
nologo-esp32-esp32-s3-pico,Nologo,ESP32-S3 Pico,Source documentation available; dedicated specs not verified,,https://www.nologo.tech/product/esp32/esp32s3/esp32s3Pico/esp32s3pico_arduino/esp32s3pico_arduino_7.html | https://www.nologo.tech/product/esp32/esp32s3/esp32s3Pico/
nologo-esp32-esp32-s3-supermini,Nologo,ESP32-S3 SuperMini,Source documentation available; dedicated specs not verified,,https://www.nologo.tech/product/esp32/esp32s3/esp32s3supermini/esp32S3SuperMini.html | https://www.nologo.tech/product/esp32/esp32s3/esp32s3supermini/
nologo-esp32-esp32-s3-uno,Nologo,ESP32-S3 UNO,Source documentation available; dedicated specs not verified,,https://www.nologo.tech/product/esp32/esp32s3/esp32s3uno/
nologo-esp32-esp32-s3-xingzhi-ai,Nologo,ESP32-S3 Xingzhi AI,Source documentation available; dedicated specs not verified,,https://www.nologo.tech/product/esp32/esp32s3/esp32s3ai/esp32s3ai.html | https://www.nologo.tech/product/esp32/esp32s3/esp32s3ai/
nologo-esp32-esp32-s3-cube-2-0,Nologo,ESP32-S3 星智CUBE 2.0,Source documentation available; dedicated specs not verified,,https://www.nologo.tech/product/esp32/esp32s3/esp32s3xingzhicube2.0/
oak-development-technologies-esp32-pixelwing-esp32-s2-rgb-matrix,Oak Development Technologies,PixelWing ESP32-S2 RGB Matrix,Source documentation available; dedicated specs not verified,,https://www.tindie.com/products/oakdevtech/pixelwing-esp32-s2-rgb-matrix/ | https://circuitpython.org/board/odt_pixelwing_esp32_s2/
olimex-esp32-esp32-c5-devkit-lipo,Olimex,ESP32-C5-DevKit-Lipo,Source documentation available; dedicated specs not verified,,https://www.olimex.com/Products/IoT/ESP32-C5/ESP32-C5-DevKit-Lipo/open-source-hardware
olimex-esp32-esp32-c5-evb,Olimex,ESP32-C5-EVB,Source documentation available; dedicated specs not verified,,https://www.olimex.com/Products/IoT/ESP32-C5/ESP32-C5-EVB/open-source-hardware
olimex-esp32-mod-esp32-c5,Olimex,MOD-ESP32-C5,Source documentation available; dedicated specs not verified,,https://www.olimex.com/Products/IoT/ESP32-C5/MOD-ESP32-C5/open-source-hardware
oxocard-esp32-artwork-card,Oxocard,Oxocard Artwork Card,Source documentation available; dedicated specs not verified,,https://oxocard.ch/en/artwork/ | https://circuitpython.org/board/oxocard_artwork/
oxocard-esp32-connect-card,Oxocard,Oxocard Connect Card,Source documentation available; dedicated specs not verified,,https://oxocard.ch/en/connect/ | https://circuitpython.org/board/oxocard_connect/
oxocard-esp32-galaxy-card,Oxocard,Oxocard Galaxy Card,Source documentation available; dedicated specs not verified,,https://oxocard.ch/en/galaxy/ | https://circuitpython.org/board/oxocard_galaxy/
oxocard-esp32-science-card,Oxocard,Oxocard Science Card,Source documentation available; dedicated specs not verified,,https://oxocard.ch/en/science/ | https://circuitpython.org/board/oxocard_science/
pandabyte-esp32-xc5,PandaByte,xC5,Source documentation available; dedicated specs not verified,,https://www.pandabyte.in/product-page/pandabyte-xc5-esp32c5-microcontroller-board-arduino-compatible
pcbcupid-esp32-glyph-c5,PCBCupid,GLYPH C5,Source documentation available; dedicated specs not verified,,https://github.com/espressif/arduino-esp32/blob/master/boards.txt
pcbcupid-esp32-glyph-c3,Pcbcupid,Pcbcupid GLYPH C3,Source documentation available; dedicated specs not verified,,https://shop.pcbcupid.com/product/gd001 | https://circuitpython.org/board/pcbcupid_glyph_c3/
pcbcupid-esp32-glyph-c6,Pcbcupid,Pcbcupid GLYPH C6,Source documentation available; dedicated specs not verified,,https://shop.pcbcupid.com/product/gd002 | https://circuitpython.org/board/pcbcupid_glyph_c6/
pcbcupid-esp32-glyph-h2,Pcbcupid,Pcbcupid GLYPH H2,Source documentation available; dedicated specs not verified,,https://shop.pcbcupid.com/product/gd003 | https://circuitpython.org/board/pcbcupid_glyph_h2/
pcbcupid-esp32-glyph-s3,Pcbcupid,Pcbcupid GLYPH S3,Source documentation available; dedicated specs not verified,,https://shop.pcbcupid.com/product/gd004 | https://circuitpython.org/board/pcbcupid_glyph_s3/
prokyber-esp32-ai-on-the-edge-cam,Prokyber,AI-On-The-Edge-Cam,Source documentation available; dedicated specs not verified,,https://circuitpython.org/board/prokyber_ai_on_the_edge_cam/
radomir-dopieralski-esp32-game-s3,Radomir Dopieralski,µGame S3,Source documentation available; dedicated specs not verified,,https://deshipu.art/projects/project-178061/ | https://circuitpython.org/board/deshipu_ugame_s3/
rakwireless-esp32-rak11200,RAKwireless,RAK11200,Source documentation available; dedicated specs not verified,,https://docs.rakwireless.com/product-categories/wisblock/rak11200/datasheet/
seeed-studio-esp32-esp32-breakout-kit,Seeed Studio,ESP32 Breakout Kit,Source documentation available; dedicated specs not verified,,https://wiki.seeedstudio.com/ESP32_Breakout_Kit/
seeed-studio-esp32-xiao-esp32-s3-trmnl-diy-kit,Seeed Studio,Seeed Studio XIAO ESP32-S3 TRMNL DIY Kit,Source documentation available; dedicated specs not verified,,https://www.seeedstudio.com/TRMNL-7-5-Inch-OG-DIY-Kit-p-6481.html | https://circuitpython.org/board/seeed_xiao_esp32_s3_trmnl_diy_kit/
seeed-studio-esp32-xiao-esp32c3,Seeed Studio,XIAO ESP32C3,Source documentation available; dedicated specs not verified,,https://wiki.seeedstudio.com/XIAO_ESP32C3_Getting_Started/ | https://wiki.seeedstudio.com/xiao_esp32c3_with_circuitpython/ | https://www.seeedstudio.com/Seeed-XIAO-ESP32C3-p-5431.html | https://circuitpython.org/board/seeed_xiao_esp32c3/
seeed-studio-esp32-xiao-esp32c5,Seeed Studio,XIAO ESP32C5,Source documentation available; dedicated specs not verified,,https://wiki.seeedstudio.com/xiao_esp32c5_getting_started/
seeed-studio-esp32-xiao-esp32c6,Seeed Studio,XIAO ESP32C6,Source documentation available; dedicated specs not verified,,https://wiki.seeedstudio.com/xiao_esp32c6_getting_started/ | https://www.seeedstudio.com/Seeed-Studio-XIAO-ESP32C6-p-5884.html | https://circuitpython.org/board/seeed_xiao_esp32c6/
seeed-studio-esp32-xiao-esp32s3,Seeed Studio,XIAO ESP32S3,Source documentation available; dedicated specs not verified,,https://wiki.seeedstudio.com/xiao_esp32s3_getting_started/ | https://www.seeedstudio.com/XIAO-ESP32S3-p-5627.html | https://circuitpython.org/board/seeed_xiao_esp32s3/
seeed-studio-esp32-xiao-esp32s3-wio-sx1262-kit,Seeed Studio,XIAO ESP32S3 & Wio-SX1262 Kit,Source documentation available; dedicated specs not verified,,https://wiki.seeedstudio.com/wio_sx1262_with_xiao_esp32s3_kit/
seeed-studio-esp32-xiao-esp32s3-wio-sx1262-kit-with-3d-printed-enclosure,Seeed Studio,XIAO ESP32S3 & Wio-SX1262 Kit with 3D Printed Enclosure,Source documentation available; dedicated specs not verified,,https://wiki.seeedstudio.com/wio_sx1262_and_xiao_esp32s3_kit_with_3dprinted_enclosure_introduction_and_assembly_guide/
seeed-studio-esp32-xiao-esp32s3-plus,Seeed Studio,XIAO ESP32S3 Plus,Source documentation available; dedicated specs not verified,,https://wiki.seeedstudio.com/xiao_esp32s3_getting_started/
seeed-studio-esp32-xiao-esp32s3-sense,Seeed Studio,XIAO ESP32S3 Sense,Source documentation available; dedicated specs not verified,,https://wiki.seeedstudio.com/xiao_esp32s3_getting_started/ | https://wiki.seeedstudio.com/xiao-esp32s3-freertos/ | https://www.seeedstudio.com/XIAO-ESP32S3-Sense-p-5639.html | https://circuitpython.org/board/seeed_xiao_esp32_s3_sense/
sensebox-esp32-mcu-eye,senseBox,senseBox MCU Eye,Source documentation available; dedicated specs not verified,,https://sensebox.de/en/products-eye | https://circuitpython.org/board/sensebox_mcu_eye_esp32s3/
sensebox-esp32-mcu-s2,senseBox,senseBox MCU-S2,Source documentation available; dedicated specs not verified,,https://sensebox.de/de/products-boards | https://circuitpython.org/board/sensebox_mcu_esp32s2/
sensebox-esp32-sensebox-eye-with-esp32s3,senseBox,senseBox-eye with ESP32S3,Source documentation available; dedicated specs not verified,,https://sensebox.de/ | https://circuitpython.org/board/sensebox_eye_esp32s3/
smart-bee-designs-esp32-bee-data-logger,Smart Bee Designs,Bee Data Logger,Source documentation available; dedicated specs not verified,,https://github.com/strid3r21/Bee-Data-Logger | https://circuitpython.org/board/smartbeedesigns_bee_data_logger/
smart-bee-designs-esp32-bee-motion-s3,Smart Bee Designs,Bee Motion S3,Source documentation available; dedicated specs not verified,,http://github.com/strid3r21/BeeMotionS3/ | https://circuitpython.org/board/smartbeedesigns_bee_motion_s3/
smart-bee-designs-esp32-bee-s3,Smart Bee Designs,Bee S3,Source documentation available; dedicated specs not verified,,http://github.com/strid3r21/BeeS3/ | https://circuitpython.org/board/smartbeedesigns_bee_s3/
solder-party-esp32-esp32-p4-stamp-xl,Solder Party,ESP32-P4 Stamp XL,Source documentation available; dedicated specs not verified,,https://circuitpython.org/board/solderparty_esp32p4_stamp_xl/
soldered-esp32-nula-dual-esp32-c5,Soldered,NULA Dual ESP32-C5,Source documentation available; dedicated specs not verified,,https://github.com/espressif/arduino-esp32/pull/12602
sparkfun-esp32-esp8266-thing,SparkFun,ESP8266 Thing,Source documentation available; dedicated specs not verified,,https://www.sparkfun.com/products/13231
sparkfun-esp32-esp8266-thing-dev,SparkFun,ESP8266 Thing Dev,Source documentation available; dedicated specs not verified,,https://www.sparkfun.com/products/13711
sparkfun-esp32-thing-plus-esp32-c5,SparkFun,Thing Plus ESP32-C5,Source documentation available; dedicated specs not verified,https://docs.sparkfun.com/SparkFun_Thing_Plus_ESP32-C5/hardware/hardware_overview,https://docs.sparkfun.com/SparkFun_Thing_Plus_ESP32-C5/hardware/hardware_overview | https://github.com/sparkfun/SparkFun_Thing_Plus_ESP32-C5/tree/54d6828b4ddf66997be65d3cfeeec9deda37174d
spotpear-esp32-esp32c3-lcd-1-44,Spotpear,Spotpear ESP32C3 LCD 1.44,Source documentation available; dedicated specs not verified,,https://circuitpython.org/board/spotpear_esp32c3_lcd_1_44/
spotpear-esp32-esp32c3-lcd-1-69-touchscreen,Spotpear,Spotpear ESP32C3 LCD 1.69 Touchscreen,Source documentation available; dedicated specs not verified,,https://circuitpython.org/board/spotpear_esp32c3_lcd_1_69/
squarofumi-esp32-watchy,Squarofumi,Watchy,Source documentation available; dedicated specs not verified,,https://watchy.sqfmi.com/ | https://circuitpython.org/board/sqfmi_watchy/
sunton-esp32-esp32-2424s012,Sunton,Sunton ESP32-2424S012,Source documentation available; dedicated specs not verified,,https://circuitpython.org/board/sunton_esp32_2424S012/
sunton-esp32-esp32-2432s024c,Sunton,Sunton ESP32-2432S024C,Source documentation available; dedicated specs not verified,,https://circuitpython.org/board/sunton_esp32_2432S024C/
sunton-esp32-esp32-2432s028,Sunton,Sunton ESP32-2432S028,Source documentation available; dedicated specs not verified,,https://circuitpython.org/board/sunton_esp32_2432S028/
sunton-esp32-esp32-2432s032c,Sunton,Sunton ESP32-2432S032C,Source documentation available; dedicated specs not verified,,https://circuitpython.org/board/sunton_esp32_2432S032C/
sunton-esp32-esp32-8048s050,Sunton,Sunton ESP32-8048S050,Source documentation available; dedicated specs not verified,,https://circuitpython.org/board/sunton_esp32_8048S050/
sunton-esp32-esp32-8048s070,Sunton,Sunton ESP32-8048S070,Source documentation available; dedicated specs not verified,,https://circuitpython.org/board/sunton_esp32_8048S070/
targett-esp32-esp32-s2-module-clip-wroom,Targett,Targett ESP32-S2 Module Clip (WROOM),Source documentation available; dedicated specs not verified,,https://www.targettpcb.co.uk/s2-mcb-1 | https://circuitpython.org/board/targett_module_clip_wroom/
targett-esp32-esp32-s2-module-clip-wrover,Targett,Targett ESP32-S2 Module Clip (WROVER),Source documentation available; dedicated specs not verified,,https://www.targettpcb.co.uk/s2-mcb-1 | https://circuitpython.org/board/targett_module_clip_wrover/
thingpulse-esp32-pendrive-s3,ThingPulse,ThingPulse Pendrive S3,Source documentation available; dedicated specs not verified,,https://circuitpython.org/board/thingpulse_pendrive_s3/
turkish-technology-team-foundation-esp32-deneyap-kart,Turkish Technology Team Foundation,Deneyap Kart,Source documentation available; dedicated specs not verified,,https://docs.deneyapkart.org/tr/content/contentDetail/deneyap-kart | https://circuitpython.org/board/deneyap_kart/
turkish-technology-team-foundation-esp32-deneyap-kart-1a,Turkish Technology Team Foundation,Deneyap Kart 1A,Source documentation available; dedicated specs not verified,,https://docs.deneyapkart.org/tr/content/contentDetail/deneyap-kart-1a | https://circuitpython.org/board/deneyap_kart_1a/
turkish-technology-team-foundation-esp32-deneyap-kart-1a-v2,Turkish Technology Team Foundation,Deneyap Kart 1A v2,Source documentation available; dedicated specs not verified,,https://docs.deneyapkart.org/tr/content/contentDetail/deneyap-kart-1a-v2 | https://circuitpython.org/board/deneyap_kart_1a_v2/
turkish-technology-team-foundation-esp32-deneyap-kart-g,Turkish Technology Team Foundation,Deneyap Kart G,Source documentation available; dedicated specs not verified,,https://docs.deneyapkart.org/tr/content/contentDetail/deneyap-kart-g | https://circuitpython.org/board/deneyap_kart_g/
turkish-technology-team-foundation-esp32-deneyap-mini,Turkish Technology Team Foundation,Deneyap Mini,Source documentation available; dedicated specs not verified,,https://docs.deneyapkart.org/tr/content/contentDetail/deneyap-mini | https://circuitpython.org/board/deneyap_mini/
turkish-technology-team-foundation-esp32-deneyap-mini-v2,Turkish Technology Team Foundation,Deneyap Mini v2,Source documentation available; dedicated specs not verified,,https://docs.deneyapkart.org/tr/content/contentDetail/deneyap-mini-v2 | https://circuitpython.org/board/deneyap_mini_v2/
unexpected-maker-esp32-edges3d,Unexpected Maker,EdgeS3D,Source documentation available; dedicated specs not verified,,https://github.com/UnexpectedMaker/esp32s3/blob/aa22c4a3a56539befe914a3b05787dc608d17b3a/series_d/pinout_cards/edges3d_pinout.jpg
unexpected-maker-esp32-feathers3,Unexpected Maker,FeatherS3,Source documentation available; dedicated specs not verified,,https://github.com/UnexpectedMaker/esp32s3/blob/aa22c4a3a56539befe914a3b05787dc608d17b3a/Pinout%20Cards/FeatherS3_Pin_Reference.png | https://unexpectedmaker.com/shop/feathers3 | https://www.adafruit.com/product/5399 | https://www.adafruit.com/product/5748 | https://circuitpython.org/board/unexpectedmaker_feathers3/
unexpected-maker-esp32-feathers3-ufl,Unexpected Maker,FeatherS3 uFL,Source documentation available; dedicated specs not verified,,https://github.com/UnexpectedMaker/esp32s3/blob/aa22c4a3a56539befe914a3b05787dc608d17b3a/Pinout%20Cards/FeatherS3_uFL_Pin_Reference.png
unexpected-maker-esp32-feathers3d,Unexpected Maker,FeatherS3D,Source documentation available; dedicated specs not verified,,https://github.com/UnexpectedMaker/esp32s3/blob/aa22c4a3a56539befe914a3b05787dc608d17b3a/series_d/pinout_cards/feathers3d_pinout.jpg
unexpected-maker-esp32-feathers3neo,Unexpected Maker,FeatherS3Neo,Source documentation available; dedicated specs not verified,,https://github.com/UnexpectedMaker/esp32s3/blob/aa22c4a3a56539befe914a3b05787dc608d17b3a/Pinout%20Cards/FeatherS3Neo_Pin_Reference.png
unexpected-maker-esp32-nanos3,Unexpected Maker,NanoS3,Source documentation available; dedicated specs not verified,,https://github.com/UnexpectedMaker/esp32s3/blob/aa22c4a3a56539befe914a3b05787dc608d17b3a/Pinout%20Cards/NanoS3_Pin_Reference.png | https://unexpectedmaker.com/shop/nanos3 | https://circuitpython.org/board/unexpectedmaker_nanos3/
unexpected-maker-esp32-omgs3,Unexpected Maker,OMGS3,Source documentation available; dedicated specs not verified,,https://github.com/UnexpectedMaker/esp32s3/blob/aa22c4a3a56539befe914a3b05787dc608d17b3a/Pinout%20Cards/OMGS3_Pin_Reference.png | https://unexpectedmaker.com/shop.html#!/OMGS3/p/687192227 | https://circuitpython.org/board/unexpectedmaker_omgs3/
unexpected-maker-esp32-pros3,Unexpected Maker,ProS3,Source documentation available; dedicated specs not verified,,https://github.com/UnexpectedMaker/esp32s3/blob/aa22c4a3a56539befe914a3b05787dc608d17b3a/Pinout%20Cards/ProS3_Pin_Reference.png | https://unexpectedmaker.com/shop/pros3 | https://www.adafruit.com/product/5401 | https://www.adafruit.com/product/5749 | https://circuitpython.org/board/unexpectedmaker_pros3/
unexpected-maker-esp32-pros3-ufl,Unexpected Maker,ProS3 uFL,Source documentation available; dedicated specs not verified,,https://github.com/UnexpectedMaker/esp32s3/blob/aa22c4a3a56539befe914a3b05787dc608d17b3a/Pinout%20Cards/ProS3_uFL_Pin_Reference.png
unexpected-maker-esp32-pros3d,Unexpected Maker,ProS3D,Source documentation available; dedicated specs not verified,,https://github.com/UnexpectedMaker/esp32s3/blob/aa22c4a3a56539befe914a3b05787dc608d17b3a/series_d/pinout_cards/pros3d_pinout.jpg
unexpected-maker-esp32-tinys3,Unexpected Maker,TinyS3,Source documentation available; dedicated specs not verified,,https://github.com/UnexpectedMaker/esp32s3/blob/aa22c4a3a56539befe914a3b05787dc608d17b3a/Pinout%20Cards/TinyS3_Pin_Reference.png | https://unexpectedmaker.com/shop/tinys3 | https://www.adafruit.com/product/5398 | https://www.adafruit.com/product/5747 | https://circuitpython.org/board/unexpectedmaker_tinys3/
unexpected-maker-esp32-tinys3-ufl,Unexpected Maker,TinyS3 uFL,Source documentation available; dedicated specs not verified,,https://github.com/UnexpectedMaker/esp32s3/blob/aa22c4a3a56539befe914a3b05787dc608d17b3a/Pinout%20Cards/TinyS3_uFL_Pin_Reference.png
unexpected-maker-esp32-tinys3d,Unexpected Maker,TinyS3D,Source documentation available; dedicated specs not verified,,https://github.com/UnexpectedMaker/esp32s3/blob/aa22c4a3a56539befe914a3b05787dc608d17b3a/series_d/pinout_cards/tinys3d_pinout.jpg
unexpected-maker-esp32-bling,Unexpected Maker,Unexpected Maker Bling,Source documentation available; dedicated specs not verified,,https://unexpectedmaker.com/shop/bling | https://circuitpython.org/board/unexpectedmaker_bling/
unexpected-maker-esp32-blizzard-s3,Unexpected Maker,Unexpected Maker Blizzard S3,Source documentation available; dedicated specs not verified,,https://unexpectedmaker.com/shop.html | https://circuitpython.org/board/unexpectedmaker_blizzard_s3/
unexpected-maker-esp32-edges3-d,Unexpected Maker,Unexpected Maker EdgeS3[D],Source documentation available; dedicated specs not verified,,https://unexpectedmaker.com/shop.html#!/EdgeS3-D | https://circuitpython.org/board/unexpectedmaker_edges3d/
unexpected-maker-esp32-feathers2,Unexpected Maker,Unexpected Maker FeatherS2,Source documentation available; dedicated specs not verified,,https://unexpectedmaker.com/shop/feathers2 | https://www.adafruit.com/product/4769 | https://circuitpython.org/board/unexpectedmaker_feathers2/
unexpected-maker-esp32-feathers2-neo,Unexpected Maker,Unexpected Maker FeatherS2 Neo,Source documentation available; dedicated specs not verified,,https://www.adafruit.com/product/5629 | https://unexpectedmaker.com/shop/feathers2neo | https://circuitpython.org/board/unexpectedmaker_feathers2_neo/
unexpected-maker-esp32-feathers2-prerelease,Unexpected Maker,Unexpected Maker FeatherS2 Prerelease,Source documentation available; dedicated specs not verified,,https://unexpectedmaker.com/shop/feathers2-esp32-s2 | https://www.adafruit.com/product/4769 | https://circuitpython.org/board/unexpectedmaker_feathers2_prerelease/
unexpected-maker-esp32-feathers3-neo,Unexpected Maker,Unexpected Maker FeatherS3 Neo,Source documentation available; dedicated specs not verified,,https://unexpectedmaker.com/shop/feathers3neo | https://circuitpython.org/board/unexpectedmaker_feathers3_neo/
unexpected-maker-esp32-rgbtouch-mini,Unexpected Maker,Unexpected Maker RGBTouch Mini,Source documentation available; dedicated specs not verified,,https://unexpectedmaker.com/shop.html#!/RGB-Touch-Mini/p/686203649 | https://circuitpython.org/board/unexpectedmaker_rgbtouch_mini/
unexpected-maker-esp32-tinyc6,Unexpected Maker,Unexpected Maker TinyC6,Source documentation available; dedicated specs not verified,,https://unexpectedmaker.com/shop/tinyc6 | https://circuitpython.org/board/unexpectedmaker_tinyc6/
unexpected-maker-esp32-tinypico,Unexpected Maker,Unexpected Maker TinyPICO,Source documentation available; dedicated specs not verified,,https://www.adafruit.com/product/5028 | https://unexpectedmaker.com/shop/tinypico-usbc | https://www.adafruit.com/product/5750 | https://circuitpython.org/board/unexpectedmaker_tinypico/
unexpected-maker-esp32-tinypico-nano,Unexpected Maker,Unexpected Maker TinyPICO NANO,Source documentation available; dedicated specs not verified,,https://unexpectedmaker.com/shop/tinypiconano | https://circuitpython.org/board/unexpectedmaker_tinypico_nano/
unexpected-maker-esp32-tinys2,Unexpected Maker,Unexpected Maker TinyS2,Source documentation available; dedicated specs not verified,,https://unexpectedmaker.com/shop/tinys2 | https://www.adafruit.com/product/5029 | https://circuitpython.org/board/unexpectedmaker_tinys2/
unexpected-maker-esp32-tinywatch-s3,Unexpected Maker,Unexpected Maker TinyWATCH S3,Source documentation available; dedicated specs not verified,,https://unexpectedmaker.com/shop/tinywatchs3 | https://circuitpython.org/board/unexpectedmaker_tinywatch_s3/
unknown-esp32-artisense-reference-design-rd00,Unknown,Artisense Reference Design RD00,Source documentation available; dedicated specs not verified,,https://circuitpython.org/board/artisense_rd00/
vcc-gnd-studio-esp32-yd-esp32-s3,VCC-GND Studio,YD-ESP32-S3,Source documentation available; dedicated specs not verified,,https://mischianti.org/vcc-gnd-studio-yd-esp32-s3-devkitc-1-clone-high-resolution-pinout-and-specs/ | https://github.com/vcc-gnd/YD-ESP32-S3/blob/b4ac4d60d1845a554bbbc7c97806ccb97cf08941/5-public-YD-ESP32-S3-Hardware%20info/S3-V1.2%20%2814%29.PNG
vcc-gnd-studio-esp32-yd-esp32-s3-n16r8,VCC-GND Studio,YD-ESP32-S3 N16R8,Source documentation available; dedicated specs not verified,,https://www.aliexpress.com/item/3256803838808294.html?skuId=12000028793982306 | https://circuitpython.org/board/yd_esp32_s3_n16r8/
vcc-gnd-studio-esp32-yd-esp32-s3-n8r8,VCC-GND Studio,YD-ESP32-S3 N8R8,Source documentation available; dedicated specs not verified,,https://www.aliexpress.com/item/3256803838808294.html?skuId=12000028793982305 | https://circuitpython.org/board/yd_esp32_s3_n8r8/
vidi-esp32-x-v1-1,VIDI,VIDI X V1.1,Source documentation available; dedicated specs not verified,,https://vidi-x.org/ | https://circuitpython.org/board/vidi_x/
waveshare-esp32-e-paper-esp32-driver-board,Waveshare,E-Paper ESP32 Driver Board,Source documentation available; dedicated specs not verified,,https://www.waveshare.com/wiki/E-Paper_ESP32_Driver_Board
waveshare-esp32-e-paper-esp8266-driver-board,Waveshare,E-Paper ESP8266 Driver Board,Source documentation available; dedicated specs not verified,,https://www.waveshare.com/wiki/E-Paper_ESP8266_Driver_Board
waveshare-esp32-esp32-one,Waveshare,ESP32 One,Source documentation available; dedicated specs not verified,,https://www.waveshare.com/wiki/ESP32_One | https://www.waveshare.com/esp32-one.htm
waveshare-esp32-esp32-c3-lcd-0-71,Waveshare,ESP32-C3-LCD-0.71,Source documentation available; dedicated specs not verified,,https://www.waveshare.com/esp32-c3-lcd-0.71.htm | https://www.waveshare.com/wiki/ESP32-C3-LCD-0.71 | https://docs.waveshare.com/ESP32-C3-LCD-0.71
waveshare-esp32-esp32-c3-lcd-1-47,Waveshare,ESP32-C3-LCD-1.47,Source documentation available; dedicated specs not verified,,https://www.waveshare.com/esp32-c3-lcd-1.47.htm | https://docs.waveshare.com/ESP32-C3-LCD-1.47
waveshare-esp32-esp32-c3-zero,Waveshare,ESP32-C3-Zero,Source documentation available; dedicated specs not verified,,https://www.waveshare.com/esp32-c3-zero.htm | https://docs.waveshare.com/ESP32-C3-Zero | https://docs.waveshare.com/ESP32-C3-Zero  | https://mischianti.org/waveshare-esp32-c3-zero-high-resolution-pinout-datasheet-and-specs/ | https://www.waveshare.com/wiki/ESP32-C3-Zero
waveshare-esp32-esp32-c5-lcd-1-47,Waveshare,ESP32-C5-LCD-1.47,Source documentation available; dedicated specs not verified,,https://www.waveshare.com/esp32-c5-lcd-1.47.htm | https://docs.waveshare.com/ESP32-C5-LCD-1.47
waveshare-esp32-esp32-c5-lcd-2-73,Waveshare,ESP32-C5-LCD-2.73,Source documentation available; dedicated specs not verified,,https://docs.waveshare.com/ESP32-C5-LCD-2.73 | https://www.waveshare.com/esp32-c5-lcd-2.73.htm
waveshare-esp32-esp32-c5-mini-kit,Waveshare,ESP32-C5-MINI-KIT,Source documentation available; dedicated specs not verified,,https://www.waveshare.com/esp32-c5-mini-kit.htm | https://docs.waveshare.com/ESP32-C5-MINI-KIT
waveshare-esp32-esp32-c5-pico,Waveshare,ESP32-C5-Pico,Source documentation available; dedicated specs not verified,,https://www.waveshare.com/esp32-c5-pico.htm | https://docs.waveshare.com/ESP32-C5-Pico
waveshare-esp32-esp32-c5-touch-lcd-1-69,Waveshare,ESP32-C5-Touch-LCD-1.69,Source documentation available; dedicated specs not verified,,https://www.waveshare.com/esp32-c5-touch-lcd-1.69.htm | https://docs.waveshare.com/ESP32-C5-Touch-LCD-1.69
waveshare-esp32-esp32-c5-touch-lcd-2-8,Waveshare,ESP32-C5-Touch-LCD-2.8,Source documentation available; dedicated specs not verified,,https://www.waveshare.com/esp32-c5-touch-lcd-2.8.htm | https://docs.waveshare.com/ESP32-C5-Touch-LCD-2.8
waveshare-esp32-esp32-c5-touch-lcd-3-5,Waveshare,ESP32-C5-Touch-LCD-3.5,Source documentation available; dedicated specs not verified,,https://docs.waveshare.com/ESP32-C5-Touch-LCD-3.5 | https://www.waveshare.com/esp32-c5-touch-lcd-3.5.htm
waveshare-esp32-esp32-c5-wifi6-kit,Waveshare,ESP32-C5-WIFI6-KIT,Source documentation available; dedicated specs not verified,,https://www.waveshare.com/esp32-c5-wifi6-kit-n16r4.htm | https://docs.waveshare.com/ESP32-C5-WIFI6-KIT | https://www.waveshare.com/wiki/ESP32-C5-WIFI6-KIT-N16R4 | https://www.waveshare.com/wiki/ESP32-C5-WIFI6-KIT-NXRX
waveshare-esp32-esp32-c5-zero,Waveshare,ESP32-C5-Zero,Source documentation available; dedicated specs not verified,,https://www.waveshare.com/esp32-c5-zero.htm | https://docs.waveshare.com/ESP32-C5-Zero
waveshare-esp32-esp32-c6-1-47inch-display-development-board,Waveshare,ESP32-C6 1.47inch Display Development Board,Source documentation available; dedicated specs not verified,,https://www.waveshare.com/product/arduino/boards-kits/esp32/esp32-c6-lcd-1.47.htm | https://circuitpython.org/board/waveshare_esp32_c6_lcd_1_47/
waveshare-esp32-esp32-c6-dev-kit-n8,Waveshare,ESP32-C6-DEV-KIT-N8,Source documentation available; dedicated specs not verified,,https://www.waveshare.com/esp32-c6-dev-kit-n8.htm | https://docs.waveshare.com/ESP32-C6-DEV-KIT-N8 | https://www.waveshare.com/wiki/ESP32-C6-DEV-KIT-N8
waveshare-esp32-esp32-c6-epaper-1-54,Waveshare,ESP32-C6-ePaper-1.54,Source documentation available; dedicated specs not verified,,https://docs.waveshare.com/ESP32-C6-ePaper-1.54 | https://www.waveshare.com/esp32-c6-epaper-1.54.htm
waveshare-esp32-esp32-c6-geek,Waveshare,ESP32-C6-GEEK,Source documentation available; dedicated specs not verified,,https://docs.waveshare.com/ESP32-C6-GEEK | https://www.waveshare.com/esp32-c6-geek.htm
waveshare-esp32-esp32-c6-lcd-0-85,Waveshare,ESP32-C6-LCD-0.85,Source documentation available; dedicated specs not verified,,https://docs.waveshare.com/ESP32-C6-LCD-0.85 | https://www.waveshare.com/esp32-c6-lcd-0.85.htm
waveshare-esp32-esp32-c6-lcd-1-28,Waveshare,ESP32-C6-LCD-1.28,Source documentation available; dedicated specs not verified,,https://www.waveshare.com/esp32-c6-lcd-1.28.htm | https://docs.waveshare.com/ESP32-C6-LCD-1.28
waveshare-esp32-esp32-c6-lcd-1-3,Waveshare,ESP32-C6-LCD-1.3,Source documentation available; dedicated specs not verified,,https://www.waveshare.com/esp32-c6-lcd-1.3.htm | https://docs.waveshare.com/ESP32-C6-LCD-1.3
waveshare-esp32-esp32-c6-lcd-1-47,Waveshare,ESP32-C6-LCD-1.47,Source documentation available; dedicated specs not verified,,https://www.waveshare.com/esp32-c6-lcd-1.47.htm | https://www.waveshare.com/wiki/ESP32-C6-LCD-1.47 | https://docs.waveshare.com/ESP32-C6-LCD-1.47
waveshare-esp32-esp32-c6-lcd-1-69,Waveshare,ESP32-C6-LCD-1.69,Source documentation available; dedicated specs not verified,,https://www.waveshare.com/esp32-c6-lcd-1.69.htm | https://www.waveshare.com/wiki/ESP32-C6-LCD-1.69 | https://docs.waveshare.com/ESP32-C6-LCD-1.69
waveshare-esp32-esp32-c6-lcd-1-9,Waveshare,ESP32-C6-LCD-1.9,Source documentation available; dedicated specs not verified,,https://www.waveshare.com/esp32-c6-lcd-1.9.htm | https://www.waveshare.com/wiki/ESP32-C6-LCD-1.9 | https://docs.waveshare.com/ESP32-C6-LCD-1.9
waveshare-esp32-esp32-c6-lcd-2-73,Waveshare,ESP32-C6-LCD-2.73,Source documentation available; dedicated specs not verified,,https://docs.waveshare.com/ESP32-C6-LCD-2.73 | https://www.waveshare.com/esp32-c6-lcd-2.73.htm
waveshare-esp32-esp32-c6-pico,Waveshare,ESP32-C6-Pico,Source documentation available; dedicated specs not verified,,https://docs.waveshare.com/ESP32-C6-Pico | https://www.waveshare.com/wiki/ESP32-C6-Pico | https://www.waveshare.com/esp32-c6-pico.htm
waveshare-esp32-esp32-c6-touch-amoled-1-32,Waveshare,ESP32-C6-Touch-AMOLED-1.32,Source documentation available; dedicated specs not verified,,https://www.waveshare.com/esp32-c6-touch-amoled-1.32.htm | https://www.waveshare.com/wiki/ESP32-C6-Touch-AMOLED-1.32 | https://docs.waveshare.com/ESP32-C6-Touch-AMOLED-1.32
waveshare-esp32-esp32-c6-touch-amoled-1-43,Waveshare,ESP32-C6-Touch-AMOLED-1.43,Source documentation available; dedicated specs not verified,,https://www.waveshare.com/wiki/ESP32-C6-Touch-AMOLED-1.43 | https://docs.waveshare.com/ESP32-C6-Touch-AMOLED-1.43 | https://www.waveshare.com/esp32-c6-touch-amoled-1.43.htm
waveshare-esp32-esp32-c6-touch-amoled-1-64,Waveshare,ESP32-C6-Touch-AMOLED-1.64,Source documentation available; dedicated specs not verified,,https://www.waveshare.com/esp32-c6-touch-amoled-1.64.htm | https://docs.waveshare.com/ESP32-C6-Touch-AMOLED-1.64
waveshare-esp32-esp32-c6-touch-amoled-1-8,Waveshare,ESP32-C6-Touch-AMOLED-1.8,Source documentation available; dedicated specs not verified,,https://www.waveshare.com/esp32-c6-touch-amoled-1.8.htm | https://docs.waveshare.com/ESP32-C6-Touch-AMOLED-1.8 | https://www.waveshare.com/wiki/ESP32-C6-Touch-AMOLED-1.8
waveshare-esp32-esp32-c6-touch-amoled-2-06,Waveshare,ESP32-C6-Touch-AMOLED-2.06,Source documentation available; dedicated specs not verified,,https://docs.waveshare.com/ESP32-C6-Touch-AMOLED-2.06 | https://www.waveshare.com/wiki/ESP32-C6-Touch-AMOLED-2.06 | https://www.waveshare.com/esp32-c6-touch-amoled-2.06.htm
waveshare-esp32-esp32-c6-touch-amoled-2-16,Waveshare,ESP32-C6-Touch-AMOLED-2.16,Source documentation available; dedicated specs not verified,,https://docs.waveshare.com/ESP32-C6-Touch-AMOLED-2.16 | https://www.waveshare.com/esp32-c6-touch-amoled-2.16.htm
waveshare-esp32-esp32-c6-touch-lcd-1-28,Waveshare,ESP32-C6-Touch-LCD-1.28,Source documentation available; dedicated specs not verified,,https://www.waveshare.com/esp32-c6-touch-lcd-1.28.htm | https://docs.waveshare.com/ESP32-C6-Touch-LCD-1.28
waveshare-esp32-esp32-c6-touch-lcd-1-47,Waveshare,ESP32-C6-Touch-LCD-1.47,Source documentation available; dedicated specs not verified,,https://www.waveshare.com/esp32-c6-touch-lcd-1.47.htm | https://docs.waveshare.com/ESP32-C6-Touch-LCD-1.47 | https://www.waveshare.com/wiki/ESP32-C6-Touch-LCD-1.47
waveshare-esp32-esp32-c6-touch-lcd-1-54,Waveshare,ESP32-C6-Touch-LCD-1.54,Source documentation available; dedicated specs not verified,,https://docs.waveshare.com/ESP32-C6-Touch-LCD-1.54 | https://www.waveshare.com/esp32-c6-lcd-1.54.htm
waveshare-esp32-esp32-c6-touch-lcd-1-69,Waveshare,ESP32-C6-Touch-LCD-1.69,Source documentation available; dedicated specs not verified,,https://www.waveshare.com/esp32-c6-touch-lcd-1.69.htm | https://www.waveshare.com/wiki/ESP32-C6-Touch-LCD-1.69 | https://docs.waveshare.com/ESP32-C6-Touch-LCD-1.69
waveshare-esp32-esp32-c6-touch-lcd-1-83,Waveshare,ESP32-C6-Touch-LCD-1.83,Source documentation available; dedicated specs not verified,,https://docs.waveshare.com/ESP32-C6-Touch-LCD-1.83 | https://www.waveshare.com/wiki/ESP32-C6-Touch-LCD-1.83 | https://www.waveshare.com/esp32-c6-touch-lcd-1.83.htm
waveshare-esp32-esp32-c6-touch-lcd-2-8,Waveshare,ESP32-C6-Touch-LCD-2.8,Source documentation available; dedicated specs not verified,,https://www.waveshare.com/esp32-c6-touch-lcd-2.8.htm | https://docs.waveshare.com/ESP32-C6-Touch-LCD-2.8
waveshare-esp32-esp32-c6-zero,Waveshare,ESP32-C6-Zero,Source documentation available; dedicated specs not verified,,https://www.waveshare.com/esp32-c6-zero.htm | https://docs.waveshare.com/ESP32-C6-Zero | https://www.waveshare.com/wiki/ESP32-C6-Zero
waveshare-esp32-esp32-c6-zero-b,Waveshare,ESP32-C6-Zero-B,Source documentation available; dedicated specs not verified,,https://www.waveshare.com/esp32-c6-zero-b.htm | https://docs.waveshare.com/ESP32-C6-Zero-B
waveshare-esp32-esp32-cam,Waveshare,ESP32-CAM,Source documentation available; dedicated specs not verified,,https://www.waveshare.com/esp32-cam.htm | https://www.waveshare.com/wiki/ESP32-CAM
waveshare-esp32-esp32-dev-kit-xx,Waveshare,ESP32-DEV-KIT-XX,Source documentation available; dedicated specs not verified,,https://www.waveshare.com/esp32-dev-kit-wroxx.htm | https://docs.waveshare.com/ESP32-DEV-KIT-XX
waveshare-esp32-esp32-h2-dev-kit-n4,Waveshare,ESP32-H2-DEV-KIT-N4,Source documentation available; dedicated specs not verified,,https://www.waveshare.com/esp32-h2-dev-kit-n4.htm | https://docs.waveshare.com/ESP32-H2-DEV-KIT-N4 | https://www.waveshare.com/wiki/ESP32-H2-DEV-KIT-N4
waveshare-esp32-esp32-h2-zero,Waveshare,ESP32-H2-Zero,Source documentation available; dedicated specs not verified,,https://www.waveshare.com/esp32-h2-zero.htm | https://docs.waveshare.com/ESP32-H2-Zero | https://www.waveshare.com/wiki/ESP32-H2-Zero
waveshare-esp32-esp32-p4-86-panel-eth-2ro,Waveshare,ESP32-P4-86-Panel-ETH-2RO,Source documentation available; dedicated specs not verified,,https://www.waveshare.com/wiki/ESP32-P4-86-Panel-ETH-2RO | https://www.waveshare.com/esp32-p4-wifi6-touch-lcd-4b.htm
waveshare-esp32-esp32-p4-core-dev-kit,Waveshare,ESP32-P4-Core-DEV-KIT,Source documentation available; dedicated specs not verified,,https://www.waveshare.com/esp32-p4-core-dev-kit.htm | https://docs.waveshare.com/ESP32-P4-Core-DEV-KIT
waveshare-esp32-esp32-p4-eth,Waveshare,ESP32-P4-ETH,Source documentation available; dedicated specs not verified,,https://www.waveshare.com/esp32-p4-eth.htm | https://docs.waveshare.com/ESP32-P4-ETH | https://www.waveshare.com/wiki/ESP32-P4-ETH
waveshare-esp32-esp32-p4-module,Waveshare,ESP32-P4-Module,Source documentation available; dedicated specs not verified,,https://www.waveshare.com/esp32-p4-module.htm | https://www.waveshare.com/wiki/ESP32-P4-Module
waveshare-esp32-esp32-p4-module-dev-kit,Waveshare,ESP32-P4-Module-DEV-KIT,Source documentation available; dedicated specs not verified,,https://www.waveshare.com/esp32-p4-module-dev-kit.htm | https://docs.waveshare.com/ESP32-P4-Module-DEV-KIT | https://www.waveshare.com/wiki/ESP32-P4-Module-DEV-KIT
waveshare-esp32-esp32-p4-nano,Waveshare,ESP32-P4-NANO,Source documentation available; dedicated specs not verified,,https://www.waveshare.com/esp32-p4-nano.htm | https://docs.waveshare.com/ESP32-P4-NANO | https://www.waveshare.com/wiki/ESP32-P4-NANO
waveshare-esp32-esp32-p4-nano-wifi6-db,Waveshare,ESP32-P4-NANO-WIFI6-DB,Source documentation available; dedicated specs not verified,,https://www.waveshare.com/esp32-p4-nano-wifi6-db.htm | https://docs.waveshare.com/ESP32-P4-NANO-WIFI6-DB
waveshare-esp32-esp32-p4-pico,Waveshare,ESP32-P4-Pico,Source documentation available; dedicated specs not verified,,https://docs.waveshare.com/ESP32-P4-Pico | https://www.waveshare.com/wiki/ESP32-P4-Pico | https://www.waveshare.com/esp32-p4-pico.htm
waveshare-esp32-esp32-p4-wifi6,Waveshare,ESP32-P4-WIFI6,Source documentation available; dedicated specs not verified,,https://docs.waveshare.com/ESP32-P4-WIFI6 | https://www.waveshare.com/wiki/ESP32-P4-WIFI6 | https://www.waveshare.com/esp32-p4-wifi6.htm
waveshare-esp32-esp32-p4-wifi6-db,Waveshare,ESP32-P4-WIFI6-DB,Source documentation available; dedicated specs not verified,,https://www.waveshare.com/esp32-p4-wifi6-db.htm | https://docs.waveshare.com/ESP32-P4-WIFI6-DB
waveshare-esp32-esp32-p4-wifi6-dev-kit,Waveshare,ESP32-P4-WIFI6-DEV-KIT,Source documentation available; dedicated specs not verified,,https://www.waveshare.com/esp32-p4-wifi6-dev-kit.htm | https://docs.waveshare.com/ESP32-P4-WIFI6-DEV-KIT | https://www.waveshare.com/wiki/ESP32-P4-WIFI6-DEV-KIT
waveshare-esp32-esp32-p4-wifi6-poe-eth,Waveshare,ESP32-P4-WIFI6-POE-ETH,Source documentation available; dedicated specs not verified,,https://docs.waveshare.com/ESP32-P4-WIFI6-POE-ETH | https://www.waveshare.com/esp32-p4-wifi6-poe-eth.htm | https://www.waveshare.com/wiki/ESP32-P4-WIFI6-POE-ETH
waveshare-esp32-esp32-p4-wifi6-touch-lcd-shared-7-8-10-1-reference,Waveshare,ESP32-P4-WIFI6-Touch-LCD (shared 7-8-10.1 reference),Source documentation available; dedicated specs not verified,,https://spotpear.com/shop/ESP32-P4-7-inch-LCD-Display-TouchScreen-WIFI6/ESP32-P4-WIFI6-Touch-LCD-10.1.html | https://spotpear.com/shop/ESP32-P4-7-inch-LCD-Display-TouchScreen-WIFI6/ESP32-P4-WIFI6-Touch-LCD-7-EN.html | https://spotpear.com/shop/ESP32-P4-7-inch-LCD-Display-TouchScreen-WIFI6/ESP32-P4-WIFI6-Touch-LCD-10.1-EN.html | https://spotpear.com/shop/ESP32-P4-7-inch-LCD-Display-TouchScreen-WIFI6/ESP32-P4-WIFI6-Touch-LCD-8.html | https://spotpear.com/shop/ESP32-P4-7-inch-LCD-Display-TouchScreen-WIFI6/ESP32-P4-WIFI6-Touch-LCD-8-EN.html | https://spotpear.com/shop/ESP32-P4-7-inch-LCD-Display-TouchScreen-WIFI6/ESP32-P4-WIFI6-Touch-LCD-7.html
waveshare-esp32-esp32-p4-wifi6-touch-lcd-3-4c,Waveshare,ESP32-P4-WIFI6-Touch-LCD-3.4C,Source documentation available; dedicated specs not verified,,https://www.waveshare.com/wiki/ESP32-P4-WIFI6-Touch-LCD-3.4C | https://www.waveshare.com/esp32-p4-wifi6-touch-lcd-3.4c.htm
waveshare-esp32-esp32-p4-wifi6-touch-lcd-3-5,Waveshare,ESP32-P4-WIFI6-Touch-LCD-3.5,Source documentation available; dedicated specs not verified,,https://docs.waveshare.com/ESP32-P4-WIFI6-Touch-LCD-3.5 | https://www.waveshare.com/esp32-p4-wifi6-touch-lcd-3.5.htm
waveshare-esp32-esp32-p4-wifi6-touch-lcd-4-3,Waveshare,ESP32-P4-WIFI6-Touch-LCD-4.3,Source documentation available; dedicated specs not verified,,https://docs.waveshare.com/ESP32-P4-WIFI6-Touch-LCD-4.3 | https://www.waveshare.com/esp32-p4-wifi6-touch-lcd-4.3.htm
waveshare-esp32-esp32-p4-wifi6-touch-lcd-4b,Waveshare,ESP32-P4-WIFI6-Touch-LCD-4B,Source documentation available; dedicated specs not verified,,https://www.waveshare.com/wiki/ESP32-P4-WIFI6-Touch-LCD-4B | https://docs.waveshare.com/ESP32-P4-WIFI6-Touch-LCD-4B | https://www.waveshare.com/esp32-p4-wifi6-touch-lcd-4b.htm
waveshare-esp32-esp32-p4-wifi6-touch-lcd-4c,Waveshare,ESP32-P4-WIFI6-Touch-LCD-4C,Source documentation available; dedicated specs not verified,,https://www.waveshare.com/wiki/ESP32-P4-WIFI6-Touch-LCD-4C | https://www.waveshare.com/esp32-p4-wifi6-touch-lcd-3.4c.htm
waveshare-esp32-esp32-p4-wifi6-touch-lcd-5,Waveshare,ESP32-P4-WIFI6-Touch-LCD-5,Source documentation available; dedicated specs not verified,,https://docs.waveshare.com/ESP32-P4-WIFI6-Touch-LCD-5 | https://www.waveshare.com/esp32-p4-wifi6-touch-lcd-5.htm
waveshare-esp32-esp32-p4-wifi6-touch-lcd-7b,Waveshare,ESP32-P4-WIFI6-Touch-LCD-7B,Source documentation available; dedicated specs not verified,,https://www.waveshare.com/wiki/ESP32-P4-WIFI6-Touch-LCD-7B | https://docs.waveshare.com/ESP32-P4-WIFI6-Touch-LCD-7B | https://www.waveshare.com/esp32-p4-wifi6-touch-lcd-7b.htm
waveshare-esp32-esp32-p4-wifi6-touch-lcd-x,Waveshare,ESP32-P4-WIFI6-Touch-LCD-X,Source documentation available; dedicated specs not verified,,https://www.waveshare.com/esp32-p4-wifi6-touch-lcd-7-8-10.1.htm | https://docs.waveshare.com/ESP32-P4-WIFI6-Touch-LCD-X
waveshare-esp32-esp32-p4-wifi6-touch-lcd-xc,Waveshare,ESP32-P4-WIFI6-Touch-LCD-XC,Source documentation available; dedicated specs not verified,,https://docs.waveshare.com/ESP32-P4-WIFI6-Touch-LCD-XC
waveshare-esp32-esp32-s2-lcd-0-96,Waveshare,ESP32-S2-LCD-0.96,Source documentation available; dedicated specs not verified,,https://www.waveshare.com/esp32-s2.htm | https://www.waveshare.com/wiki/ESP32-S2-LCD-0.96 | https://www.waveshare.com/wiki/ESP32-S2-Pico
waveshare-esp32-esp32-s2-pico,Waveshare,ESP32-S2-Pico,Source documentation available; dedicated specs not verified,,https://www.waveshare.com/esp32-s2.htm | https://www.waveshare.com/wiki/ESP32-S2-LCD-0.96 | https://www.waveshare.com/wiki/ESP32-S2-Pico | https://circuitpython.org/board/waveshare_esp32s2_pico/
waveshare-esp32-esp32-s2-pico-with-lcd,Waveshare,ESP32-S2-Pico with LCD,Source documentation available; dedicated specs not verified,,https://www.waveshare.com/wiki/ESP32-S2-Pico | https://circuitpython.org/board/waveshare_esp32_s2_pico_lcd/
waveshare-esp32-esp32-s3-1-47inch-display-development-board,Waveshare,ESP32-S3 1.47inch Display Development Board,Source documentation available; dedicated specs not verified,,https://www.waveshare.com/esp32-s3-lcd-1.47.htm | https://circuitpython.org/board/waveshare_esp32_s3_lcd_1_47/
waveshare-esp32-esp32-s3-eth-development-board,Waveshare,ESP32-S3 ETH Development Board,Source documentation available; dedicated specs not verified,,https://www.waveshare.com/product/arduino/boards-kits/esp32/esp32-s3-eth.htm | https://circuitpython.org/board/waveshare_esp32_s3_eth/
waveshare-esp32-esp32-s3-a7670e-4g,Waveshare,ESP32-S3-A7670E-4G,Source documentation available; dedicated specs not verified,,https://www.waveshare.com/esp32-s3-a7670e-4g.htm | https://www.waveshare.com/wiki/ESP32-S3-A7670E-4G | https://docs.waveshare.com/ESP32-S3-A7670E-4G
waveshare-esp32-esp32-s3-amoled-1-91,Waveshare,ESP32-S3-AMOLED-1.91,Source documentation available; dedicated specs not verified,,https://www.waveshare.com/esp32-s3-amoled-1.91.htm | https://docs.waveshare.com/ESP32-S3-AMOLED-1.91 | https://www.waveshare.com/wiki/ESP32-S3-AMOLED-1.91
waveshare-esp32-esp32-s3-audio-board,Waveshare,ESP32-S3-AUDIO-Board,Source documentation available; dedicated specs not verified,,https://www.waveshare.com/esp32-s3-audio-board.htm | https://docs.waveshare.com/ESP32-S3-AUDIO-Board | https://www.waveshare.com/wiki/ESP32-S3-AUDIO-Board
waveshare-esp32-esp32-s3-cam-ovxxxx,Waveshare,ESP32-S3-CAM-OVxxxx,Source documentation available; dedicated specs not verified,,https://www.waveshare.com/esp32-s3-cam-ov5640.htm | https://docs.waveshare.com/ESP32-S3-CAM-OVxxxx
waveshare-esp32-esp32-s3-can-2ch,Waveshare,ESP32-S3-CAN-2CH,Source documentation available; dedicated specs not verified,,https://www.waveshare.com/esp32-s3-can-2ch.htm | https://docs.waveshare.com/ESP32-S3-CAN-2CH
waveshare-esp32-esp32-s3-dev-kit-n8r8,Waveshare,ESP32-S3-DEV-KIT-N8R8,Source documentation available; dedicated specs not verified,,https://www.waveshare.com/esp32-s3-dev-kit-n8r8.htm | https://www.waveshare.com/wiki/ESP32-S3-DEV-KIT-N8R8 | https://docs.waveshare.com/ESP32-S3-DEV-KIT-N8R8
waveshare-esp32-esp32-s3-dualeye-lcd-1-28,Waveshare,ESP32-S3-DualEye-LCD-1.28,Source documentation available; dedicated specs not verified,,https://www.waveshare.com/wiki/ESP32-S3-DualEye-LCD-1.28 | https://docs.waveshare.com/ESP32-S3-DualEye-LCD-1.28 | https://www.waveshare.com/esp32-s3-dualeye-touch-lcd-1.28.htm
waveshare-esp32-esp32-s3-dualeye-touch-lcd-1-28,Waveshare,ESP32-S3-DualEye-Touch-LCD-1.28,Source documentation available; dedicated specs not verified,,https://www.waveshare.com/wiki/ESP32-S3-DualEye-Touch-LCD-1.28 | https://docs.waveshare.com/ESP32-S3-DualEye-Touch-LCD-1.28 | https://www.waveshare.com/esp32-s3-dualeye-touch-lcd-1.28.htm
waveshare-esp32-esp32-s3-epaper-1-54,Waveshare,ESP32-S3-ePaper-1.54,Source documentation available; dedicated specs not verified,,https://www.waveshare.com/wiki/ESP32-S3-ePaper-1.54 | https://docs.waveshare.com/ESP32-S3-ePaper-1.54 | https://www.waveshare.com/esp32-s3-epaper-1.54.htm
waveshare-esp32-esp32-s3-epaper-1-54g,Waveshare,ESP32-S3-ePaper-1.54G,Source documentation available; dedicated specs not verified,,https://docs.waveshare.com/ESP32-S3-ePaper-1.54G | https://www.waveshare.com/esp32-s3-epaper-1.54g.htm
waveshare-esp32-esp32-s3-epaper-13-3e6,Waveshare,ESP32-S3-ePaper-13.3E6,Source documentation available; dedicated specs not verified,,https://docs.waveshare.com/ESP32-S3-ePaper-13.3E6 | https://www.waveshare.com/esp32-s3-epaper-13.3e6.htm
waveshare-esp32-esp32-s3-epaper-13-3e67,Waveshare,ESP32-S3-ePaper-13.3E67,Source documentation available; dedicated specs not verified,,https://docs.waveshare.com/ESP32-S3-ePaper-13.3E67
waveshare-esp32-esp32-s3-epaper-3-97,Waveshare,ESP32-S3-ePaper-3.97,Source documentation available; dedicated specs not verified,,https://docs.waveshare.com/ESP32-S3-ePaper-3.97 | https://www.waveshare.com/esp32-s3-epaper-3.97.htm
waveshare-esp32-esp32-s3-eth,Waveshare,ESP32-S3-ETH,Source documentation available; dedicated specs not verified,,https://www.waveshare.com/esp32-s3-eth.htm | https://docs.waveshare.com/ESP32-S3-ETH | https://www.waveshare.com/wiki/ESP32-S3-ETH
waveshare-esp32-esp32-s3-eth-8di-8ro,Waveshare,ESP32-S3-ETH-8DI-8RO,Source documentation available; dedicated specs not verified,,https://www.waveshare.com/wiki/ESP32-S3-ETH-8DI-8RO | https://www.waveshare.com/esp32-s3-eth-8di-8ro.htm
waveshare-esp32-esp32-s3-eth-8di-8ro-c,Waveshare,ESP32-S3-ETH-8DI-8RO-C,Source documentation available; dedicated specs not verified,,https://www.waveshare.com/wiki/ESP32-S3-ETH-8DI-8RO-C | https://www.waveshare.com/esp32-s3-eth-8di-8ro-c.htm
waveshare-esp32-esp32-s3-geek,Waveshare,ESP32-S3-GEEK,Source documentation available; dedicated specs not verified,,https://www.waveshare.com/wiki/ESP32-S3-GEEK | https://docs.waveshare.com/ESP32-S3-GEEK | https://www.waveshare.com/esp32-s3-geek.htm | https://circuitpython.org/board/waveshare_esp32_s3_geek/
waveshare-esp32-esp32-s3-knob-touch-lcd-1-8,Waveshare,ESP32-S3-Knob-Touch-LCD-1.8,Source documentation available; dedicated specs not verified,,https://www.waveshare.com/wiki/ESP32-S3-Knob-Touch-LCD-1.8 | https://www.waveshare.com/esp32-s3-knob-touch-lcd-1.8.htm
waveshare-esp32-esp32-s3-lcd-0-85,Waveshare,ESP32-S3-LCD-0.85,Source documentation available; dedicated specs not verified,,https://docs.waveshare.com/ESP32-S3-LCD-0.85 | https://www.waveshare.com/esp32-s3-lcd-0.85.htm
waveshare-esp32-esp32-s3-lcd-1-28,Waveshare,ESP32-S3-LCD-1.28,Source documentation available; dedicated specs not verified,,https://www.waveshare.com/esp32-s3-lcd-1.28.htm | https://www.waveshare.com/esp32-s3-lcd-1.28-b.htm | https://www.waveshare.com/wiki/ESP32-S3-LCD-1.28 | https://docs.waveshare.com/ESP32-S3-LCD-1.28
waveshare-esp32-esp32-s3-lcd-1-3,Waveshare,ESP32-S3-LCD-1.3,Source documentation available; dedicated specs not verified,,https://www.waveshare.com/esp32-s3-lcd-1.3.htm | https://www.waveshare.com/wiki/ESP32-S3-LCD-1.3
waveshare-esp32-esp32-s3-lcd-1-47,Waveshare,ESP32-S3-LCD-1.47,Source documentation available; dedicated specs not verified,,https://www.waveshare.com/esp32-s3-lcd-1.47.htm | https://www.waveshare.com/wiki/ESP32-S3-LCD-1.47
waveshare-esp32-esp32-s3-lcd-1-47b,Waveshare,ESP32-S3-LCD-1.47B,Source documentation available; dedicated specs not verified,,https://www.waveshare.com/wiki/ESP32-S3-LCD-1.47B | https://www.waveshare.com/esp32-s3-lcd-1.47b.htm
waveshare-esp32-esp32-s3-lcd-1-69,Waveshare,ESP32-S3-LCD-1.69,Source documentation available; dedicated specs not verified,,https://www.waveshare.com/esp32-s3-lcd-1.69.htm | https://www.waveshare.com/wiki/ESP32-S3-LCD-1.69
waveshare-esp32-esp32-s3-lcd-1-85,Waveshare,ESP32-S3-LCD-1.85,Source documentation available; dedicated specs not verified,,https://www.waveshare.com/wiki/ESP32-S3-LCD-1.85 | https://www.waveshare.com/wiki/ESP32-S3-Touch-LCD-1.85 | https://www.waveshare.com/esp32-s3-touch-lcd-1.85.htm
waveshare-esp32-esp32-s3-lcd-1-9,Waveshare,ESP32-S3-LCD-1.9,Source documentation available; dedicated specs not verified,,https://www.waveshare.com/esp32-s3-lcd-1.9.htm | https://www.waveshare.com/wiki/ESP32-S3-LCD-1.9 | https://docs.waveshare.com/ESP32-S3-LCD-1.9
waveshare-esp32-esp32-s3-lcd-2,Waveshare,ESP32-S3-LCD-2,Source documentation available; dedicated specs not verified,,https://www.waveshare.com/esp32-s3-lcd-2.htm | https://docs.waveshare.com/ESP32-S3-LCD-2 | https://www.waveshare.com/wiki/ESP32-S3-LCD-2
waveshare-esp32-esp32-s3-lcd-2-8,Waveshare,ESP32-S3-LCD-2.8,Source documentation available; dedicated specs not verified,,https://www.waveshare.com/esp32-s3-touch-lcd-2.8.htm | https://www.waveshare.com/wiki/ESP32-S3-LCD-2.8 | https://www.waveshare.com/wiki/ESP32-S3-Touch-LCD-2.8 | https://docs.waveshare.com/ESP32-S3-LCD-2.8
waveshare-esp32-esp32-s3-lcd-2-8b,Waveshare,ESP32-S3-LCD-2.8B,Source documentation available; dedicated specs not verified,,https://www.waveshare.com/wiki/ESP32-S3-LCD-2.8B | https://docs.waveshare.com/ESP32-S3-LCD-2.8B | https://www.waveshare.com/esp32-s3-touch-lcd-2.8b.htm
waveshare-esp32-esp32-s3-lcd-2-8c,Waveshare,ESP32-S3-LCD-2.8C,Source documentation available; dedicated specs not verified,,https://www.waveshare.com/wiki/ESP32-S3-LCD-2.8C | https://www.waveshare.com/wiki/ESP32-S3-Touch-LCD-2.8C | https://docs.waveshare.com/ESP32-S3-LCD-2.8C | https://www.waveshare.com/esp32-s3-touch-lcd-2.8c.htm
waveshare-esp32-esp32-s3-lcd-3-16,Waveshare,ESP32-S3-LCD-3.16,Source documentation available; dedicated specs not verified,,https://www.waveshare.com/wiki/ESP32-S3-LCD-3.16 | https://www.waveshare.com/esp32-s3-lcd-3.16.htm
waveshare-esp32-esp32-s3-lcd-driver-board,Waveshare,ESP32-S3-LCD-Driver-Board,Source documentation available; dedicated specs not verified,,https://www.waveshare.com/wiki/ESP32-S3-LCD-Driver-Board | https://docs.waveshare.com/ESP32-S3-LCD-Driver-Board | https://www.waveshare.com/esp32-s3-lcd-driver-board.htm
waveshare-esp32-esp32-s3-lr1121-xf,Waveshare,ESP32-S3-LR1121-XF,Source documentation available; dedicated specs not verified,,https://www.waveshare.com/esp32-s3-lr1121.htm | https://docs.waveshare.com/ESP32-S3-LR1121-XF
waveshare-esp32-esp32-s3-matrix,Waveshare,ESP32-S3-Matrix,Source documentation available; dedicated specs not verified,,https://www.waveshare.com/esp32-s3-matrix.htm | https://docs.waveshare.com/ESP32-S3-Matrix | https://www.waveshare.com/wiki/ESP32-S3-Matrix
waveshare-esp32-esp32-s3-matrix-development-board,Waveshare,ESP32-S3-Matrix Development Board,Source documentation available; dedicated specs not verified,,https://www.waveshare.com/product/arduino/boards-kits/esp32/esp32-s3-matrix.htm | https://circuitpython.org/board/waveshare_esp32_s3_matrix/
waveshare-esp32-esp32-s3-nano,Waveshare,ESP32-S3-Nano,Source documentation available; dedicated specs not verified,,https://docs.waveshare.com/ESP32-S3-Nano | https://www.waveshare.com/wiki/ESP32-S3-Nano | https://www.waveshare.com/esp32-s3-nano.htm
waveshare-esp32-esp32-s3-photopainter,Waveshare,ESP32-S3-PhotoPainter,Source documentation available; dedicated specs not verified,,https://www.waveshare.com/wiki/ESP32-S3-PhotoPainter | https://www.waveshare.com/esp32-s3-photopainter.htm
waveshare-esp32-esp32-s3-pico,Waveshare,ESP32-S3-Pico,Source documentation available; dedicated specs not verified,,https://docs.waveshare.com/ESP32-S3-Pico | https://www.waveshare.com/wiki/ESP32-S3-Pico | https://www.waveshare.com/esp32-s3-pico.htm | https://www.waveshare.com/esp32-s3.htm | https://circuitpython.org/board/waveshare_esp32_s3_pico/
waveshare-esp32-esp32-s3-poe-eth-8di-8do,Waveshare,ESP32-S3-POE-ETH-8DI-8DO,Source documentation available; dedicated specs not verified,,https://www.waveshare.com/wiki/ESP32-S3-POE-ETH-8DI-8DO | https://www.waveshare.com/esp32-s3-poe-eth-8di-8do.htm
waveshare-esp32-esp32-s3-relay-1ch,Waveshare,ESP32-S3-Relay-1CH,Source documentation available; dedicated specs not verified,,https://www.waveshare.com/esp32-s3-relay-1ch.htm | https://www.waveshare.com/wiki/ESP32-S3-Relay-1CH
waveshare-esp32-esp32-s3-relay-6ch,Waveshare,ESP32-S3-Relay-6CH,Source documentation available; dedicated specs not verified,,https://docs.waveshare.com/ESP32-S3-Relay-6CH | https://www.waveshare.com/wiki/ESP32-S3-Relay-6CH | https://www.waveshare.com/esp32-s3-relay-6ch.htm
waveshare-esp32-esp32-s3-rgb-matrix,Waveshare,ESP32-S3-RGB-Matrix,Source documentation available; dedicated specs not verified,,https://docs.waveshare.com/ESP32-S3-RGB-Matrix | https://www.waveshare.com/esp32-s3-rgb-matrix.htm
waveshare-esp32-esp32-s3-rlcd-4-2,Waveshare,ESP32-S3-RLCD-4.2,Source documentation available; dedicated specs not verified,,https://www.waveshare.com/esp32-s3-rlcd-4.2.htm | https://docs.waveshare.com/ESP32-S3-RLCD-4.2
waveshare-esp32-esp32-s3-rs485-can,Waveshare,ESP32-S3-RS485-CAN,Source documentation available; dedicated specs not verified,,https://www.waveshare.com/esp32-s3-rs485-can.htm | https://www.waveshare.com/wiki/ESP32-S3-RS485-CAN
waveshare-esp32-esp32-s3-sim7670g-4g,Waveshare,ESP32-S3-SIM7670G-4G,Source documentation available; dedicated specs not verified,,https://www.waveshare.com/esp32-s3-sim7670g-4g.htm | https://www.waveshare.com/wiki/ESP32-S3-SIM7670G-4G | https://docs.waveshare.com/ESP32-S3-SIM7670G-4G
waveshare-esp32-esp32-s3-tiny,Waveshare,ESP32-S3-Tiny,Source documentation available; dedicated specs not verified,,https://www.waveshare.com/esp32-s3-tiny.htm | https://www.waveshare.com/wiki/ESP32-S3-Tiny | https://docs.waveshare.com/ESP32-S3-Tiny | https://circuitpython.org/board/waveshare_esp32_s3_tiny/
waveshare-esp32-esp32-s3-touch-amoled-1-32,Waveshare,ESP32-S3-Touch-AMOLED-1.32,Source documentation available; dedicated specs not verified,,https://www.waveshare.com/esp32-s3-touch-amoled-1.32.htm | https://www.waveshare.com/wiki/ESP32-S3-Touch-AMOLED-1.32 | https://docs.waveshare.com/ESP32-S3-Touch-AMOLED-1.32
waveshare-esp32-esp32-s3-touch-amoled-1-43,Waveshare,ESP32-S3-Touch-AMOLED-1.43,Source documentation available; dedicated specs not verified,,https://www.waveshare.com/esp32-s3-touch-amoled-1.43.htm | https://www.waveshare.com/wiki/ESP32-S3-Touch-AMOLED-1.43 | https://docs.waveshare.com/ESP32-S3-Touch-AMOLED-1.43
waveshare-esp32-esp32-s3-touch-amoled-1-43c,Waveshare,ESP32-S3-Touch-AMOLED-1.43C,Source documentation available; dedicated specs not verified,,https://docs.waveshare.com/ESP32-S3-Touch-AMOLED-1.43C | https://www.waveshare.com/esp32-s3-touch-amoled-1.43c.htm
waveshare-esp32-esp32-s3-touch-amoled-1-64,Waveshare,ESP32-S3-Touch-AMOLED-1.64,Source documentation available; dedicated specs not verified,,https://www.waveshare.com/esp32-s3-touch-amoled-1.64.htm | https://www.waveshare.com/wiki/ESP32-S3-Touch-AMOLED-1.64 | https://docs.waveshare.com/ESP32-S3-Touch-AMOLED-1.64
waveshare-esp32-esp32-s3-touch-amoled-1-75,Waveshare,ESP32-S3-Touch-AMOLED-1.75,Source documentation available; dedicated specs not verified,,https://www.waveshare.com/wiki/ESP32-S3-Touch-AMOLED-1.75 | https://docs.waveshare.com/ESP32-S3-Touch-AMOLED-1.75 | https://www.waveshare.com/esp32-s3-touch-amoled-1.75.htm
waveshare-esp32-esp32-s3-touch-amoled-1-75c,Waveshare,ESP32-S3-Touch-AMOLED-1.75C,Source documentation available; dedicated specs not verified,,https://docs.waveshare.com/ESP32-S3-Touch-AMOLED-1.75C | https://www.waveshare.com/esp32-s3-touch-amoled-1.75c.htm
waveshare-esp32-esp32-s3-touch-amoled-1-8,Waveshare,ESP32-S3-Touch-AMOLED-1.8,Source documentation available; dedicated specs not verified,,https://www.waveshare.com/esp32-s3-touch-amoled-1.8.htm | https://docs.waveshare.com/ESP32-S3-Touch-AMOLED-1.8 | https://www.waveshare.com/wiki/ESP32-S3-Touch-AMOLED-1.8
waveshare-esp32-esp32-s3-touch-amoled-2-06,Waveshare,ESP32-S3-Touch-AMOLED-2.06,Source documentation available; dedicated specs not verified,,https://docs.waveshare.com/ESP32-S3-Touch-AMOLED-2.06 | https://www.waveshare.com/wiki/ESP32-S3-Touch-AMOLED-2.06 | https://www.waveshare.com/esp32-s3-touch-amoled-2.06.htm
waveshare-esp32-esp32-s3-touch-amoled-2-16,Waveshare,ESP32-S3-Touch-AMOLED-2.16,Source documentation available; dedicated specs not verified,,https://docs.waveshare.com/ESP32-S3-Touch-AMOLED-2.16 | https://www.waveshare.com/esp32-s3-touch-amoled-2.16.htm
waveshare-esp32-esp32-s3-touch-amoled-2-41,Waveshare,ESP32-S3-Touch-AMOLED-2.41,Source documentation available; dedicated specs not verified,,https://www.waveshare.com/esp32-s3-touch-amoled-2.41.htm | https://www.waveshare.com/wiki/ESP32-S3-Touch-AMOLED-2.41 | https://docs.waveshare.com/ESP32-S3-Touch-AMOLED-2.41 | https://circuitpython.org/board/waveshare_esp32_s3_amoled_241/
waveshare-esp32-esp32-s3-touch-lcd-1-28,Waveshare,ESP32-S3-Touch-LCD-1.28,Source documentation available; dedicated specs not verified,,https://www.waveshare.com/esp32-s3-touch-lcd-1.28.htm | https://www.waveshare.com/esp32-s3-touch-lcd-1.28-b.htm | https://docs.waveshare.com/ESP32-S3-Touch-LCD-1.28 | https://www.waveshare.com/wiki/ESP32-S3-Touch-LCD-1.28
waveshare-esp32-esp32-s3-touch-lcd-1-46,Waveshare,ESP32-S3-Touch-LCD-1.46,Source documentation available; dedicated specs not verified,,https://docs.waveshare.com/ESP32-S3-Touch-LCD-1.46
waveshare-esp32-esp32-s3-touch-lcd-1-46b,Waveshare,ESP32-S3-Touch-LCD-1.46B,Source documentation available; dedicated specs not verified,,https://www.waveshare.com/esp32-s3-touch-lcd-1.46b.htm | https://www.waveshare.com/wiki/ESP32-S3-Touch-LCD-1.46B
waveshare-esp32-esp32-s3-touch-lcd-1-47,Waveshare,ESP32-S3-Touch-LCD-1.47,Source documentation available; dedicated specs not verified,,https://www.waveshare.com/esp32-s3-touch-lcd-1.47.htm | https://docs.waveshare.com/ESP32-S3-Touch-LCD-1.47 | https://www.waveshare.com/wiki/ESP32-S3-Touch-LCD-1.47 | https://circuitpython.org/board/waveshare_esp32_s3_touch_lcd_1_47/
waveshare-esp32-esp32-s3-touch-lcd-1-54,Waveshare,ESP32-S3-Touch-LCD-1.54,Source documentation available; dedicated specs not verified,,https://docs.waveshare.com/ESP32-S3-Touch-LCD-1.54 | https://www.waveshare.com/esp32-s3-lcd-1.54.htm
waveshare-esp32-esp32-s3-touch-lcd-1-69,Waveshare,ESP32-S3-Touch-LCD-1.69,Source documentation available; dedicated specs not verified,,https://www.waveshare.com/esp32-s3-touch-lcd-1.69.htm | https://docs.waveshare.com/ESP32-S3-Touch-LCD-1.69 | https://www.waveshare.com/wiki/ESP32-S3-Touch-LCD-1.69
waveshare-esp32-esp32-s3-touch-lcd-1-83,Waveshare,ESP32-S3-Touch-LCD-1.83,Source documentation available; dedicated specs not verified,,https://www.waveshare.com/wiki/ESP32-S3-Touch-LCD-1.83 | https://docs.waveshare.com/ESP32-S3-Touch-LCD-1.83 | https://www.waveshare.com/esp32-s3-touch-lcd-1.83.htm
waveshare-esp32-esp32-s3-touch-lcd-1-85,Waveshare,ESP32-S3-Touch-LCD-1.85,Source documentation available; dedicated specs not verified,,https://www.waveshare.com/esp32-s3-touch-lcd-1.85.htm | https://docs.waveshare.com/ESP32-S3-Touch-LCD-1.85 | https://docs.waveshare.com/ESP32-S3-Touch-LCD-1.85C | https://www.waveshare.com/wiki/ESP32-S3-Touch-LCD-1.85
waveshare-esp32-esp32-s3-touch-lcd-1-85b,Waveshare,ESP32-S3-Touch-LCD-1.85B,Source documentation available; dedicated specs not verified,,https://docs.waveshare.com/ESP32-S3-Touch-LCD-1.85B | https://www.waveshare.com/esp32-s3-touch-lcd-1.85b.htm
waveshare-esp32-esp32-s3-touch-lcd-1-85c,Waveshare,ESP32-S3-Touch-LCD-1.85C,Source documentation available; dedicated specs not verified,,https://www.waveshare.com/esp32-s3-touch-lcd-1.85c.htm | https://www.waveshare.com/wiki/ESP32-S3-Touch-LCD-1.85C | https://docs.waveshare.com/ESP32-S3-Touch-LCD-1.85C
waveshare-esp32-esp32-s3-touch-lcd-2,Waveshare,ESP32-S3-Touch-LCD-2,Source documentation available; dedicated specs not verified,,https://www.waveshare.com/esp32-s3-touch-lcd-2.htm | https://docs.waveshare.com/ESP32-S3-Touch-LCD-2 | https://www.waveshare.com/wiki/ESP32-S3-Touch-LCD-2
waveshare-esp32-esp32-s3-touch-lcd-2-1,Waveshare,ESP32-S3-Touch-LCD-2.1,Source documentation available; dedicated specs not verified,,https://www.waveshare.com/esp32-s3-touch-lcd-2.1.htm | https://docs.waveshare.com/ESP32-S3-Touch-LCD-2.1 | https://www.waveshare.com/wiki/ESP32-S3-Touch-LCD-2.1
waveshare-esp32-esp32-s3-touch-lcd-2-8,Waveshare,ESP32-S3-Touch-LCD-2.8,Source documentation available; dedicated specs not verified,,https://www.waveshare.com/wiki/ESP32-S3-Touch-LCD-2.8 | https://docs.waveshare.com/ESP32-S3-Touch-LCD-2.8 | https://www.waveshare.com/esp32-s3-touch-lcd-2.8.htm
waveshare-esp32-esp32-s3-touch-lcd-2-8b,Waveshare,ESP32-S3-Touch-LCD-2.8B,Source documentation available; dedicated specs not verified,,https://www.waveshare.com/esp32-s3-touch-lcd-2.8b.htm | https://www.waveshare.com/wiki/ESP32-S3-Touch-LCD-2.8B | https://docs.waveshare.com/ESP32-S3-Touch-LCD-2.8B
waveshare-esp32-esp32-s3-touch-lcd-2-8c,Waveshare,ESP32-S3-Touch-LCD-2.8C,Source documentation available; dedicated specs not verified,,https://www.waveshare.com/esp32-s3-touch-lcd-2.8c.htm | https://www.waveshare.com/wiki/ESP32-S3-Touch-LCD-2.8C | https://docs.waveshare.com/ESP32-S3-Touch-LCD-2.8C
waveshare-esp32-esp32-s3-touch-lcd-3-49,Waveshare,ESP32-S3-Touch-LCD-3.49,Source documentation available; dedicated specs not verified,,https://www.waveshare.com/wiki/ESP32-S3-Touch-LCD-3.49 | https://docs.waveshare.com/ESP32-S3-Touch-LCD-3.49 | https://www.waveshare.com/esp32-s3-touch-lcd-3.49.htm
waveshare-esp32-esp32-s3-touch-lcd-3-5,Waveshare,ESP32-S3-Touch-LCD-3.5,Source documentation available; dedicated specs not verified,,https://www.waveshare.com/esp32-s3-touch-lcd-3.5.htm | https://www.waveshare.com/wiki/ESP32-S3-Touch-LCD-3.5 | https://docs.waveshare.com/ESP32-S3-Touch-LCD-3.5
waveshare-esp32-esp32-s3-touch-lcd-3-5b,Waveshare,ESP32-S3-Touch-LCD-3.5B,Source documentation available; dedicated specs not verified,,https://www.waveshare.com/esp32-s3-touch-lcd-3.5b.htm | https://docs.waveshare.com/ESP32-S3-Touch-LCD-3.5B | https://www.waveshare.com/wiki/ESP32-S3-Touch-LCD-3.5B
waveshare-esp32-esp32-s3-touch-lcd-3-5b1,Waveshare,ESP32-S3-Touch-LCD-3.5B1,Source documentation available; dedicated specs not verified,,https://docs.waveshare.com/ESP32-S3-Touch-LCD-3.5B1
waveshare-esp32-esp32-s3-touch-lcd-4,Waveshare,ESP32-S3-Touch-LCD-4,Source documentation available; dedicated specs not verified,,https://www.waveshare.com/wiki/ESP32-S3-Touch-LCD-4 | https://www.waveshare.com/esp32-s3-touch-lcd-4.htm
waveshare-esp32-esp32-s3-touch-lcd-4-3,Waveshare,ESP32-S3-Touch-LCD-4.3,Source documentation available; dedicated specs not verified,,https://www.waveshare.com/wiki/ESP32-S3-Touch-LCD-4.3 | https://docs.waveshare.com/ESP32-S3-Touch-LCD-4.3 | https://www.waveshare.com/esp32-s3-touch-lcd-4.3.htm
waveshare-esp32-esp32-s3-touch-lcd-4-3b,Waveshare,ESP32-S3-Touch-LCD-4.3B,Source documentation available; dedicated specs not verified,,https://www.waveshare.com/esp32-s3-touch-lcd-4.3b.htm | https://docs.waveshare.com/ESP32-S3-Touch-LCD-4.3B | https://www.waveshare.com/wiki/ESP32-S3-Touch-LCD-4.3B
waveshare-esp32-esp32-s3-touch-lcd-4-3c,Waveshare,ESP32-S3-Touch-LCD-4.3C,Source documentation available; dedicated specs not verified,,https://www.waveshare.com/esp32-s3-touch-lcd-4.3c.htm | https://docs.waveshare.com/ESP32-S3-Touch-LCD-4.3C
waveshare-esp32-esp32-s3-touch-lcd-4b,Waveshare,ESP32-S3-Touch-LCD-4B,Source documentation available; dedicated specs not verified,,https://www.waveshare.com/wiki/ESP32-S3-Touch-LCD-4B | https://www.waveshare.com/esp32-s3-touch-lcd-4b.htm
waveshare-esp32-esp32-s3-touch-lcd-5,Waveshare,ESP32-S3-Touch-LCD-5,Source documentation available; dedicated specs not verified,,https://www.waveshare.com/esp32-s3-touch-lcd-5.htm | https://www.waveshare.com/wiki/ESP32-S3-Touch-LCD-5 | https://docs.waveshare.com/ESP32-S3-Touch-LCD-5
waveshare-esp32-esp32-s3-touch-lcd-7,Waveshare,ESP32-S3-Touch-LCD-7,Source documentation available; dedicated specs not verified,,https://www.waveshare.com/wiki/ESP32-S3-Touch-LCD-7 | https://docs.waveshare.com/ESP32-S3-Touch-LCD-7 | https://www.waveshare.com/esp32-s3-touch-lcd-7.htm
waveshare-esp32-esp32-s3-touch-lcd-7b,Waveshare,ESP32-S3-Touch-LCD-7B,Source documentation available; dedicated specs not verified,,https://www.waveshare.com/wiki/ESP32-S3-Touch-LCD-7B | https://docs.waveshare.com/ESP32-S3-Touch-LCD-7B | https://www.waveshare.com/esp32-s3-lcd-7b.htm
waveshare-esp32-esp32-s3-touch-lcd-7c-box,Waveshare,ESP32-S3-Touch-LCD-7C-BOX,Source documentation available; dedicated specs not verified,,https://docs.waveshare.com/ESP32-S3-Touch-LCD-7C-BOX | https://www.waveshare.com/esp32-s3-touch-lcd-7c-box.htm
waveshare-esp32-esp32-s3-zero,Waveshare,ESP32-S3-Zero,Source documentation available; dedicated specs not verified,,https://www.waveshare.com/esp32-s3-zero.htm | https://docs.waveshare.com/ESP32-S3-Zero | https://www.waveshare.com/wiki/ESP32-S3-Zero | https://mischianti.org/waveshare-esp32-s3-zero-high-resolution-datasheet-pinout-and-specs/ | https://circuitpython.org/board/waveshare_esp32_s3_zero/
waveshare-esp32-esp32-touch-lcd-3-5,Waveshare,ESP32-Touch-LCD-3.5,Source documentation available; dedicated specs not verified,,https://www.waveshare.com/esp32-touch-lcd-3.5.htm | https://docs.waveshare.com/ESP32-Touch-LCD-3.5 | https://www.waveshare.com/wiki/ESP32-Touch-LCD-3.5
waveshare-esp32-esp32s3-lcd-1-28,Waveshare,ESP32S3-LCD-1.28,Source documentation available; dedicated specs not verified,,https://www.waveshare.com/esp32-s3-lcd-1.28.htm | https://circuitpython.org/board/waveshare_esp32_s3_lcd_1_28/
waveshare-esp32-esp32s3-touch-lcd-2,Waveshare,ESP32S3-TOUCH-LCD-2,Source documentation available; dedicated specs not verified,,https://www.waveshare.com/esp32-s3-touch-lcd-2.htm | https://circuitpython.org/board/waveshare_esp32_s3_touch_lcd_2/
waveshare-esp32-esp32s3-touch-lcd-2-8,Waveshare,ESP32S3-TOUCH-LCD-2.8,Source documentation available; dedicated specs not verified,,https://www.waveshare.com/esp32-s3-touch-lcd-2.8.htm | https://circuitpython.org/board/waveshare_esp32_s3_touch_lcd_2_8/
waveshare-esp32-servo-driver-with-esp32,Waveshare,Servo Driver with ESP32,Source documentation available; dedicated specs not verified,,https://www.waveshare.com/wiki/Servo_Driver_with_ESP32 | https://docs.waveshare.com/Servo_Driver_with_ESP32
waveshare-esp32-esp32-s3-tiny-n8r8,Waveshare,Waveshare ESP32-S3-Tiny-N8R8,Source documentation available; dedicated specs not verified,,https://www.waveshare.com/esp32-s3-tiny.htm?sku=33914 | https://circuitpython.org/board/waveshare_esp32_s3_tiny_n8r8/
weact-studio-esp32-can485devboardv1-esp32,WeAct Studio,CAN485DevBoardV1 ESP32,Source documentation available; dedicated specs not verified,,https://github.com/WeActStudio/WeActStudio.CAN485DevBoardV1_ESP32/blob/0865d397b931602d10bc740aa135b3a2c782340a/Images/1.png | https://github.com/WeActStudio/WeActStudio.CAN485DevBoardV1_ESP32/blob/0865d397b931602d10bc740aa135b3a2c782340a/Images/1_new.png | https://github.com/WeActStudio/WeActStudio.CAN485DevBoardV1_ESP32
weact-studio-esp32-esp32-core-board,WeAct Studio,ESP32 Core Board,Source documentation available; dedicated specs not verified,,https://github.com/WeActStudio/WeActStudio.ESP32CoreBoard/blob/a54db68d20f82cfb2c5e300be60e723732bcaf1f/Images/1.png | https://github.com/WeActStudio/WeActStudio.ESP32CoreBoard
weact-studio-esp32-esp32-c5-a,WeAct Studio,ESP32-C5-A,Source documentation available; dedicated specs not verified,,https://github.com/WeActStudio/WeActStudio.ESP32-C5-A
weact-studio-esp32-esp32-c6-a,WeAct Studio,ESP32-C6-A,Source documentation available; dedicated specs not verified,,https://github.com/WeActStudio/WeActStudio.ESP32-C6-A
weact-studio-esp32-esp32c3-core-board,WeAct Studio,ESP32C3 Core Board,Source documentation available; dedicated specs not verified,,https://mischianti.org/weact-studio-esp32-c3-core-high-resolution-pinout-and-specs/ | https://github.com/WeActStudio/WeActStudio.ESP32C3CoreBoard/blob/6edcf587bf7ffb3103974c91ef2b4a6c64516c76/Images/1.png | https://github.com/WeActStudio/WeActStudio.ESP32C3CoreBoard
weact-studio-esp32-esp32c6-mini,WeAct Studio,ESP32C6-MINI,Source documentation available; dedicated specs not verified,,https://github.com/WeActStudio/WeActStudio.ESP32C6-MINI
weact-studio-esp32-esp32h2-a,WeAct Studio,ESP32H2-A,Source documentation available; dedicated specs not verified,,https://github.com/WeActStudio/WeActStudio.ESP32H2-A
weact-studio-esp32-esp32s3-a,WeAct Studio,ESP32S3-A,Source documentation available; dedicated specs not verified,,https://mischianti.org/weact-esp32-s3-a-devkitc-1-high-resolution-pinout-datasheet-and-specs/ | https://github.com/WeActStudio/WeActStudio.ESP32S3-AorB
weact-studio-esp32-esp32s3-b,WeAct Studio,ESP32S3-B,Source documentation available; dedicated specs not verified,,https://github.com/WeActStudio/WeActStudio.ESP32S3-AorB
weact-studio-esp32-esp32s3-mini,WeAct Studio,ESP32S3-MINI,Source documentation available; dedicated specs not verified,,https://github.com/WeActStudio/WeActStudio.ESP32S3-MINI
weact-studio-esp32-esp32-c6-n4,WeAct Studio,WeAct Studio ESP32-C6 N4,Source documentation available; dedicated specs not verified,,https://www.aliexpress.us/item/3256805383205472.html | https://circuitpython.org/board/weact_esp32c6_n4/
weact-studio-esp32-esp32-c6-n8,WeAct Studio,WeAct Studio ESP32-C6 N8,Source documentation available; dedicated specs not verified,,https://www.aliexpress.us/item/3256805383205472.html?skuId=12000034319347394 | https://circuitpython.org/board/weact_esp32c6_n8/
wemos-esp32-lolin-c3-mini,Wemos,LOLIN C3 Mini,Source documentation available; dedicated specs not verified,,https://www.wemos.cc/en/latest/c3/c3_mini.html | https://circuitpython.org/board/lolin_c3_mini/
wemos-esp32-lolin-c3-mini-v1-0,Wemos,LOLIN C3 Mini v1.0,Source documentation available; dedicated specs not verified,,https://mischianti.org/wemos-lolin-esp32-c3-mini-v1-0-high-resolution-pinout-and-specs/
wemos-esp32-lolin-c3-mini-v2-1,Wemos,LOLIN C3 Mini v2.1,Source documentation available; dedicated specs not verified,,https://mischianti.org/wemos-lolin-esp32-c3-mini-v2-1-high-resolution-pinout-and-specs/
wemos-esp32-lolin-c3-pico,Wemos,LOLIN C3 Pico,Source documentation available; dedicated specs not verified,,https://mischianti.org/wemos-lolin-esp32-c3-pico-high-resolution-pinout-and-specs/ | https://www.wemos.cc/en/latest/c3/c3_pico.html | https://circuitpython.org/board/lolin_c3_pico/
wemos-esp32-lolin-d32,Wemos,LOLIN D32,Source documentation available; dedicated specs not verified,,https://mischianti.org/esp32-wemos-lolin-d32-high-resolution-pinout-and-specs/
wemos-esp32-lolin-s2-mini,Wemos,LOLIN S2 Mini,Source documentation available; dedicated specs not verified,,https://www.wemos.cc/en/latest/s2/s2_mini.html | https://circuitpython.org/board/lolin_s2_mini/
wemos-esp32-lolin-s2-pico,Wemos,LOLIN S2 Pico,Source documentation available; dedicated specs not verified,,https://www.wemos.cc/en/latest/s2/s2_pico.html | https://circuitpython.org/board/lolin_s2_pico/
wemos-esp32-lolin-s3,Wemos,LOLIN S3,Source documentation available; dedicated specs not verified,,https://mischianti.org/wemos-lolin-s3-esp32-s3-high-resolution-pinout-datasheet-and-specs/ | https://www.wemos.cc/en/latest/s3/s3.html | https://circuitpython.org/board/lolin_s3/
wemos-esp32-lolin-s3-mini,Wemos,LOLIN S3 MINI,Source documentation available; dedicated specs not verified,,https://www.wemos.cc/en/latest/s3/s3_mini.html | https://circuitpython.org/board/lolin_s3_mini/
wemos-esp32-lolin-s3-mini-pro,Wemos,LOLIN S3 MINI PRO,Source documentation available; dedicated specs not verified,,https://www.wemos.cc/en/latest/s3/s3_mini_pro.html | https://circuitpython.org/board/lolin_s3_mini_pro/
wemos-esp32-lolin-s3-pro,Wemos,LOLIN S3 Pro,Source documentation available; dedicated specs not verified,,https://mischianti.org/wemos-lolin-s3-pro-esp32-s3-high-resolution-pinout-datasheet-and-specs/ | https://www.wemos.cc/en/latest/s3/s3.html | https://circuitpython.org/board/lolin_s3_pro/
wemos-esp32-lolin32,Wemos,LOLIN32,Source documentation available; dedicated specs not verified,,https://mischianti.org/esp32-wemos-lolin32-high-resolution-pinout-and-specs/ | https://circuitpython.org/board/wemos_lolin32_lite/
wemos-esp32-lolin32-lite,Wemos,LOLIN32 Lite,Source documentation available; dedicated specs not verified,,https://mischianti.org/esp32-wemos-lolin32-lite-high-resolution-pinout-and-specs/
wireless-tag-esp32-wt9932c5-tiny,Wireless-Tag,WT9932C5-TINY,Source documentation available; dedicated specs not verified,,https://wiki.wireless-tag.com/docs/en/WT9932C5-TINY/board_resources.html
xteink-esp32-x4,Xteink,Xteink X4,Source documentation available; dedicated specs not verified,,https://xteink.com | https://circuitpython.org/board/xteink_x4/
yoto-limited-esp32-yoto-mini-2024-edition,Yoto Limited,Yoto Mini (2024 Edition),Source documentation available; dedicated specs not verified,,https://us.yotoplay.com/yoto-mini | https://circuitpython.org/board/yoto_mini_2024/
yoto-limited-esp32-yoto-player-v3,Yoto Limited,Yoto Player V3,Source documentation available; dedicated specs not verified,,https://us.yotoplay.com/yoto-player | https://circuitpython.org/board/yoto_player_v3/
lilygo-expansion-t-u2t,LILYGO,T-U2T,Source documentation available; dedicated specs not verified,,https://github.com/Xinyuan-LilyGO/T-Watch-2021/blob/d18ff632c817f4f95f42eb7f2f631a8c28b75294/image/image4.jpg | https://github.com/Xinyuan-LilyGO/T-Watch-2021/blob/d18ff632c817f4f95f42eb7f2f631a8c28b75294/image/image5.jpg
m5stack-expansion-addon-display-in-for-poe-p4,M5Stack,AddOn Display In For PoE-P4,Source documentation available; dedicated specs not verified,,https://docs.m5stack.com/en/addon/AddOn_Display_In_For_PoE-P4
m5stack-expansion-addon-display-out-for-poe-p4,M5Stack,AddOn Display Out For PoE-P4,Source documentation available; dedicated specs not verified,,https://docs.m5stack.com/en/addon/AddOn_Display_Out_For_PoE-P4
m5stack-expansion-atomic-port-abc-base,M5Stack,Atomic Port ABC Base,Source documentation available; dedicated specs not verified,,https://docs.m5stack.com/en/atom/AtomPortABC
m5stack-expansion-base-bottom,M5Stack,Base Bottom,Source documentation available; dedicated specs not verified,,https://docs.m5stack.com/en/base/core_bottom
m5stack-expansion-butterfly-launcher,M5Stack,Butterfly Launcher,Source documentation available; dedicated specs not verified,,https://docs.m5stack.com/en/unit/butterfly
m5stack-expansion-display-1-14-for-sticks3,M5Stack,Display 1.14 For StickS3,Source documentation available; dedicated specs not verified,,https://docs.m5stack.com/en/accessory/display/Display_1.14_For_StickS3
m5stack-expansion-faces-calculator,M5Stack,Faces Calculator,Source documentation available; dedicated specs not verified,,https://docs.m5stack.com/en/module/faces_calculator
m5stack-expansion-faces-encoder,M5Stack,Faces Encoder,Source documentation available; dedicated specs not verified,,https://docs.m5stack.com/en/module/encoder
m5stack-expansion-faces-gamepad,M5Stack,Faces Gamepad,Source documentation available; dedicated specs not verified,,https://docs.m5stack.com/en/module/faces_gameboy
m5stack-expansion-faces-joystick,M5Stack,Faces Joystick,Source documentation available; dedicated specs not verified,,https://docs.m5stack.com/en/module/joystick
m5stack-expansion-faces-qwerty,M5Stack,Faces QWERTY,Source documentation available; dedicated specs not verified,,https://docs.m5stack.com/en/module/faces_keyboard
m5stack-expansion-hat-8servos,M5Stack,Hat 8Servos,Source documentation available; dedicated specs not verified,,https://docs.m5stack.com/en/hat/hat-8servos
m5stack-expansion-hat-cardkb,M5Stack,Hat CardKB,Source documentation available; dedicated specs not verified,,https://docs.m5stack.com/en/hat/hat-cardkb
m5stack-expansion-module-audio,M5Stack,Module Audio,Source documentation available; dedicated specs not verified,,https://docs.m5stack.com/en/module/Module-Audio
m5stack-expansion-module-dcmotor,M5Stack,Module DCMotor,Source documentation available; dedicated specs not verified,,https://docs.m5stack.com/en/module/lego_plus
m5stack-expansion-module-goplus,M5Stack,Module GoPlus,Source documentation available; dedicated specs not verified,,https://docs.m5stack.com/en/module/goplus
m5stack-expansion-module-gps-v2-0,M5Stack,Module GPS v2.0,Source documentation available; dedicated specs not verified,,https://docs.m5stack.com/en/module/Module%20GPS%20v2.0
m5stack-expansion-module-llm,M5Stack,Module LLM,Source documentation available; dedicated specs not verified,,https://docs.m5stack.com/en/module/Module-LLM
m5stack-expansion-module-llm-kit,M5Stack,Module LLM Kit,Source documentation available; dedicated specs not verified,,https://docs.m5stack.com/en/module/Module%20LLM%20Kit
m5stack-expansion-module-plus,M5Stack,Module Plus,Source documentation available; dedicated specs not verified,,https://docs.m5stack.com/en/module/plus
m5stack-expansion-module-servo,M5Stack,Module Servo,Source documentation available; dedicated specs not verified,,https://docs.m5stack.com/en/module/servo
m5stack-expansion-module-stepmotor,M5Stack,Module Stepmotor,Source documentation available; dedicated specs not verified,,https://docs.m5stack.com/en/module/stepmotor
m5stack-expansion-module-usb-v1-2,M5Stack,Module USB v1.2,Source documentation available; dedicated specs not verified,,https://docs.m5stack.com/en/module/USB%20v1.2%20Module
m5stack-expansion-module13-2-lan,M5Stack,Module13.2 LAN,Source documentation available; dedicated specs not verified,,https://docs.m5stack.com/en/module/LAN%20Module%2013.2
m5stack-expansion-module13-2-lora-1262,M5Stack,Module13.2 LoRa-1262,Source documentation available; dedicated specs not verified,,https://docs.m5stack.com/en/module/Module13.2_LoRa-1262
m5stack-expansion-module13-2-pwrcan,M5Stack,Module13.2 PwrCAN,Source documentation available; dedicated specs not verified,,https://docs.m5stack.com/en/module/Module13.2-PwrCAN
m5stack-expansion-module13-2-stepmotor-driver-v1-1,M5Stack,Module13.2 Stepmotor Driver v1.1,Source documentation available; dedicated specs not verified,,https://docs.m5stack.com/en/module/Stepmotor%20Driver%20Module13.2%20v1.1
m5stack-expansion-stamp-lora-1262,M5Stack,Stamp LoRa-1262,Source documentation available; dedicated specs not verified,,https://docs.m5stack.com/en/stamp/Stamp_LoRa-1262
m5stack-expansion-stamp-lora-1262-i,M5Stack,Stamp LoRa-1262 I,Source documentation available; dedicated specs not verified,,https://docs.m5stack.com/en/stamp/Stamp_LoRa-1262
m5stack-expansion-stamp-lora-1262-if,M5Stack,Stamp LoRa-1262 IF,Source documentation available; dedicated specs not verified,,https://docs.m5stack.com/en/stamp/Stamp_LoRa-1262
m5stack-expansion-stamp-uwb,M5Stack,Stamp UWB,Source documentation available; dedicated specs not verified,,https://docs.m5stack.com/en/stamp/Stamp_UWB
m5stack-expansion-stamp-uwb-f,M5Stack,Stamp UWB F,Source documentation available; dedicated specs not verified,,https://docs.m5stack.com/en/stamp/Stamp_UWB_F
m5stack-expansion-stamp-addon-c6-for-p4,M5Stack,Stamp-AddOn C6 For P4,Source documentation available; dedicated specs not verified,,https://docs.m5stack.com/en/stamp/Stamp-AddOn_C6_For_P4
m5stack-expansion-stamp-addon-cam0308,M5Stack,Stamp-AddOn Cam0308,Source documentation available; dedicated specs not verified,,https://docs.m5stack.com/en/stamp/Stamp-AddOn_Cam0308
m5stack-expansion-stamp-addon-cam3660,M5Stack,Stamp-AddOn Cam3660,Source documentation available; dedicated specs not verified,,https://docs.m5stack.com/en/stamp/Stamp-AddOn_Cam3660
m5stack-expansion-unit-8servos2-i2c,M5Stack,Unit 8Servos2-I2C,Source documentation available; dedicated specs not verified,,https://docs.m5stack.com/en/unit/Unit_8Servos2-I2C
m5stack-expansion-unit-ac-measure,M5Stack,Unit AC Measure,Source documentation available; dedicated specs not verified,,https://docs.m5stack.com/en/unit/AC%20Measure%20Unit
m5stack-expansion-unit-cardkb,M5Stack,Unit CardKB,Source documentation available; dedicated specs not verified,,https://docs.m5stack.com/en/unit/cardkb
m5stack-expansion-unit-cardkb-v1-1,M5Stack,Unit CardKB v1.1,Source documentation available; dedicated specs not verified,,https://docs.m5stack.com/en/unit/cardkb_1.1
m5stack-expansion-unit-pbhub,M5Stack,Unit PbHub,Source documentation available; dedicated specs not verified,,https://docs.m5stack.com/en/unit/pbhub
m5stack-expansion-unit-trace,M5Stack,Unit Trace,Source documentation available; dedicated specs not verified,,https://docs.m5stack.com/en/unit/trace
m5stack-expansion-unit-typec-to-grove,M5Stack,Unit TypeC to Grove,Source documentation available; dedicated specs not verified,,https://docs.m5stack.com/en/unit/typec2grove
rakwireless-expansion-rak19001,RAKwireless,RAK19001,Source documentation available; dedicated specs not verified,,https://docs.rakwireless.com/product-categories/wisblock/rak19001/datasheet/
rakwireless-expansion-rak19003,RAKwireless,RAK19003,Source documentation available; dedicated specs not verified,,https://docs.rakwireless.com/product-categories/wisblock/rak19003/datasheet/
rakwireless-expansion-rak19007,RAKwireless,RAK19007,Source documentation available; dedicated specs not verified,,https://docs.rakwireless.com/product-categories/wisblock/rak19007/datasheet/
rakwireless-expansion-rak5005-o,RAKwireless,RAK5005-O,Source documentation available; dedicated specs not verified,,https://docs.rakwireless.com/product-categories/wisblock/rak5005-o/datasheet/
seeed-studio-expansion-1-47-inch-lcd-spi-display,Seeed Studio,1.47 inch LCD SPI Display,Source documentation available; dedicated specs not verified,,https://wiki.seeedstudio.com/1-47inch_lcd_spi_display/
seeed-studio-expansion-1-69-inch-lcd-spi-display,Seeed Studio,1.69 inch LCD SPI Display,Source documentation available; dedicated specs not verified,,https://wiki.seeedstudio.com/1-69inch_lcd_spi_display/
seeed-studio-expansion-3d-gesture-tracking-shield-for-raspberry-pi-mgc3130,Seeed Studio,3D Gesture Tracking Shield for Raspberry Pi (MGC3130),Source documentation available; dedicated specs not verified,,https://wiki.seeedstudio.com/3D-Gesture-Tracking-Shield-for-Raspberry-Pi-MGC3130/
seeed-studio-expansion-4-channel-16-bit-adc-for-raspberry-pi-ads1115,Seeed Studio,4-Channel 16-Bit ADC for Raspberry Pi (ADS1115),Source documentation available; dedicated specs not verified,,https://wiki.seeedstudio.com/4-Channel_16-Bit_ADC_for_Raspberry_Pi-ADS1115/
seeed-studio-expansion-bluetooth-bee,Seeed Studio,Bluetooth Bee,Source documentation available; dedicated specs not verified,,https://wiki.seeedstudio.com/Bluetooth_Bee/
seeed-studio-expansion-can-bus-shield-v1-2,Seeed Studio,CAN-BUS Shield V1.2,Source documentation available; dedicated specs not verified,,https://wiki.seeedstudio.com/CAN-BUS_Shield_V1.2/
seeed-studio-expansion-ds1307-rtc-for-raspberry-pi,Seeed Studio,DS1307 RTC for Raspberry Pi,Source documentation available; dedicated specs not verified,,https://wiki.seeedstudio.com/Pi_RTC-DS1307/
seeed-studio-expansion-ds3231-high-accuracy-rtc-for-raspberry-pi,Seeed Studio,DS3231 High Accuracy RTC for Raspberry Pi,Source documentation available; dedicated specs not verified,,https://wiki.seeedstudio.com/High_Accuracy_Pi_RTC-DS3231/
seeed-studio-expansion-dual-gigabit-ethernet-carrier-board-for-raspberry-pi-cm4,Seeed Studio,Dual Gigabit Ethernet Carrier Board for Raspberry Pi CM4,Source documentation available; dedicated specs not verified,, | https://wiki.seeedstudio.com/Dual-Gigabit-Ethernet-Carrier-Board-for-Raspberry-Pi-CM4/
seeed-studio-expansion-expansion-board-base-for-xiao,Seeed Studio,Expansion Board Base for XIAO,Source documentation available; dedicated specs not verified,,https://wiki.seeedstudio.com/Seeeduino-XIAO-Expansion-Board/
seeed-studio-expansion-gps-bee-kit,Seeed Studio,GPS Bee Kit,Source documentation available; dedicated specs not verified,,https://wiki.seeedstudio.com/GPS_Bee_kit/
seeed-studio-expansion-grove-base-boosterpack,Seeed Studio,Grove Base BoosterPack,Source documentation available; dedicated specs not verified,,https://wiki.seeedstudio.com/Grove_Base_BoosterPack/
seeed-studio-expansion-grove-base-hat-for-raspberry-pi,Seeed Studio,Grove Base Hat for Raspberry Pi,Source documentation available; dedicated specs not verified,,https://wiki.seeedstudio.com/Grove_Base_Hat_for_Raspberry_Pi/
seeed-studio-expansion-grove-base-hat-for-raspberry-pi-zero,Seeed Studio,Grove Base Hat for Raspberry Pi Zero,Source documentation available; dedicated specs not verified,,https://wiki.seeedstudio.com/Grove_Base_Hat_for_Raspberry_Pi_Zero/
seeed-studio-expansion-grove-base-kit-for-raspberry-pi,Seeed Studio,Grove Base Kit for Raspberry Pi,Source documentation available; dedicated specs not verified,,https://wiki.seeedstudio.com/Grove_Base_Hat_for_Raspberry_Pi/
seeed-studio-expansion-grove-basic-kit-for-raspberry-pi-pico,Seeed Studio,Grove Basic Kit for Raspberry Pi Pico,Source documentation available; dedicated specs not verified,,https://wiki.seeedstudio.com/Grove-Starter-Kit-for-Raspberry-Pi-Pico/
seeed-studio-expansion-grove-shield-for-arduino-nano,Seeed Studio,Grove Shield for Arduino Nano,Source documentation available; dedicated specs not verified,,https://wiki.seeedstudio.com/Grove_Shield_for_Arduino_Nano/
seeed-studio-expansion-grove-shield-for-pi-pico-v1-0,Seeed Studio,Grove Shield for Pi Pico V1.0,Source documentation available; dedicated specs not verified,,https://wiki.seeedstudio.com/Grove-Starter-Kit-for-Raspberry-Pi-Pico/
seeed-studio-expansion-grove-shield-for-wio-lite,Seeed Studio,Grove Shield for Wio Lite,Source documentation available; dedicated specs not verified,,https://wiki.seeedstudio.com/Grove-Shield-for-Wio-Lite/
seeed-studio-expansion-grove-shield-for-xiao,Seeed Studio,Grove Shield for XIAO,Source documentation available; dedicated specs not verified,,https://wiki.seeedstudio.com/Connect-Grove-to-Home-Assistant-ESPHome/ | https://wiki.seeedstudio.com/Grove-Shield-for-Seeeduino-XIAO-embedded-battery-management-chip/
seeed-studio-expansion-l76-l-gnss-module-for-xiao,Seeed Studio,L76-L GNSS Module for XIAO,Source documentation available; dedicated specs not verified,,https://wiki.seeedstudio.com/gnss_for_xiao/
seeed-studio-expansion-l76k-gnss-module-for-xiao,Seeed Studio,L76K GNSS Module for XIAO,Source documentation available; dedicated specs not verified,,https://wiki.seeedstudio.com/get_start_l76k_gnss/
seeed-studio-expansion-led-driver-board-for-xiao,Seeed Studio,LED Driver Board for XIAO,Source documentation available; dedicated specs not verified,,https://wiki.seeedstudio.com/led_driver_board/
seeed-studio-expansion-lte-cat-1-pi-hat,Seeed Studio,LTE Cat 1 Pi HAT,Source documentation available; dedicated specs not verified,,https://wiki.seeedstudio.com/LTE_Cat_1_Pi_HAT/
seeed-studio-expansion-mt3620-grove-breakout,Seeed Studio,MT3620 Grove Breakout,Source documentation available; dedicated specs not verified,,https://wiki.seeedstudio.com/MT3620_Grove_Breakout/
seeed-studio-expansion-respeaker-lite,Seeed Studio,reSpeaker Lite,Source documentation available; dedicated specs not verified,,https://wiki.seeedstudio.com/reSpeaker_usb_v3/
seeed-studio-expansion-respeaker-xvf3800-usb-4-mic-array,Seeed Studio,reSpeaker XVF3800 USB 4-Mic Array,Source documentation available; dedicated specs not verified,,https://wiki.seeedstudio.com/respeaker_xvf3800_introduction/
seeed-studio-expansion-rs-232-to-ttl-converter-max3232idr,Seeed Studio,RS-232 To TTL Converter (MAX3232IDR),Source documentation available; dedicated specs not verified,,https://wiki.seeedstudio.com/RS-232_To_TTL_Conveter-MAX3232IDR/
seeed-studio-expansion-rs-485-shield-for-raspberry-pi,Seeed Studio,RS-485 Shield for Raspberry Pi,Source documentation available; dedicated specs not verified,,https://wiki.seeedstudio.com/RS-485_Shield_for_Raspberry_Pi/
seeed-studio-expansion-rs485-expansion-board-for-xiao,Seeed Studio,RS485 Expansion Board for XIAO,Source documentation available; dedicated specs not verified,,https://wiki.seeedstudio.com/XIAO-RS485-Expansion-Board/
seeed-studio-expansion-sd-card-shield,Seeed Studio,SD Card Shield,Source documentation available; dedicated specs not verified,,https://wiki.seeedstudio.com/SD_Card_Shield/
seeed-studio-expansion-serial-port-bluetooth-module-master-slave,Seeed Studio,Serial Port Bluetooth Module (Master-Slave),Source documentation available; dedicated specs not verified,,https://wiki.seeedstudio.com/Serial_port_bluetooth_module_Master-Slave/
seeed-studio-expansion-uartsb-frame,Seeed Studio,UartSB Frame,Source documentation available; dedicated specs not verified,,https://wiki.seeedstudio.com/UartSB_Frame/
seeed-studio-expansion-uartsbee-v3-1,Seeed Studio,UartSBee V3.1,Source documentation available; dedicated specs not verified,,https://wiki.seeedstudio.com/UartSBee_V3.1/
seeed-studio-expansion-uartsbee-v4,Seeed Studio,UartSBee V4,Source documentation available; dedicated specs not verified,,https://wiki.seeedstudio.com/UartSBee_V3.1/
seeed-studio-expansion-wi-fi-halow-module-for-xiao,Seeed Studio,Wi-Fi HaLow Module for XIAO,Source documentation available; dedicated specs not verified,,https://wiki.seeedstudio.com/getting_started_with_wifi_halow_module_for_xiao/
seeed-studio-expansion-wifi-shield-v1-2,Seeed Studio,Wifi Shield V1.2,Source documentation available; dedicated specs not verified,,https://wiki.seeedstudio.com/Wifi_Shield_V1.2/
seeed-studio-expansion-wifi-shield-v2-0,Seeed Studio,Wifi Shield V2.0,Source documentation available; dedicated specs not verified,,https://wiki.seeedstudio.com/Wifi_Shield_V2.0/
seeed-studio-expansion-wio-lr2021,Seeed Studio,Wio-LR2021,Source documentation available; dedicated specs not verified,,https://wiki.seeedstudio.com/wio_lr2021_introduction/
seeed-studio-expansion-wio-sx1262,Seeed Studio,Wio-SX1262,Source documentation available; dedicated specs not verified,,https://wiki.seeedstudio.com/wio_sx1262/
seeed-studio-expansion-wm1302-lorawan-gateway-module,Seeed Studio,WM1302 LoRaWAN Gateway Module,Source documentation available; dedicated specs not verified,,https://wiki.seeedstudio.com/WM1302_module/
seeed-studio-expansion-wm1302-pi-hat,Seeed Studio,WM1302 Pi HAT,Source documentation available; dedicated specs not verified,,https://wiki.seeedstudio.com/WM1302_Pi_HAT/
seeed-studio-expansion-xbee-shield,Seeed Studio,XBee Shield,Source documentation available; dedicated specs not verified,,https://wiki.seeedstudio.com/XBee_Shield/
seeed-studio-expansion-xiao-debug-mate,Seeed Studio,XIAO Debug Mate,Source documentation available; dedicated specs not verified,,https://wiki.seeedstudio.com/getting_started_with_xiao_debug_mate/
seeed-studio-expansion-xiao-logger-hat,Seeed Studio,XIAO Logger HAT,Source documentation available; dedicated specs not verified,,"https://github.com/potblitd/XIAO-log (linked from the Seeed product page's ""Wiki & Learn"" tab as the co-create documentation repo)"
seeed-studio-expansion-xiao-powerbread,Seeed Studio,XIAO PowerBread,Source documentation available; dedicated specs not verified,,"https://github.com/nicho810/XIAO-PowerBread (linked from the Seeed product page's ""Wiki & Learn"" tab / official designer repo)"
spotpear-manufacturer-unconfirmed-expansion-laser-450nm-5w-driver,Spotpear (manufacturer unconfirmed),Laser-450nm-5W driver,Source documentation available; dedicated specs not verified,,https://spotpear.com/shop/Laser-450nm-5W-high-precision-module-For-Laser-carving-3D-printing/Laser-450nm-5W.html
waveshare-expansion-8-8-dsi-touch-a,Waveshare,8.8-DSI-TOUCH-A,Source documentation available; dedicated specs not verified,,https://spotpear.com/shop/Raspberry-Pi-DSI-8.8-inch-LCD-Captive-TouchScreen-Display-480x1920-Luckfox-Lyra-RK3506-Luckfox-Omni3576-ESP32-P4/8.8-DSI-TOUCH-A.html
waveshare-expansion-ddsm210,Waveshare,DDSM210,Source documentation available; dedicated specs not verified,,https://spotpear.com/shop/DDSM210-Direct-Drive-Servo-Hub-Motor-All-In-One-Serial-UART.html
waveshare-expansion-ddsm315,Waveshare,DDSM315,Source documentation available; dedicated specs not verified,,https://spotpear.com/shop/DDSM315-Direct-Drive-Servo-Hub-Motor-All-In-One-RS485/DDSM315.html
waveshare-expansion-imx415-8mp-usb-camera-b,Waveshare,IMX415 8MP USB Camera (B),Source documentation available; dedicated specs not verified,,https://spotpear.com/shop/USB-Camera-IMX415-8MP-B-Dual-Microphone-Raspberry-Pi-Jeston-RDK.html
waveshare-expansion-os05a20-5mp-usb-camera-b,Waveshare,OS05A20 5MP USB Camera (B),Source documentation available; dedicated specs not verified,,https://spotpear.com/shop/USB-Camera-OS05A20-5MP-USB2.0-wide-angle.html
waveshare-expansion-os05a20-5mp-usb-camera-c,Waveshare,OS05A20 5MP USB Camera (C),Source documentation available; dedicated specs not verified,,https://spotpear.com/shop/USB-Camera-OS05A20-5MP-USB2.0.html
waveshare-expansion-pcie-to-minipcie-gbe-usb3-2-hat-plus,Waveshare,PCIe TO MiniPCIe GbE USB3.2 HAT Plus,Source documentation available; dedicated specs not verified,,https://spotpear.com/shop/Rasberry-Pi-5-PCIe-MiniPCIe-4G-USB-HUB-Gigabit-Ethernet-RJ45-SIM7600G-EG25.html
waveshare-expansion-ups-power-module-c,Waveshare,UPS Power Module (C),Source documentation available; dedicated specs not verified,,https://spotpear.com/shop/Jetson-Orin-Uninterruptible-Power-C-Simultaneously-Charging-Discharging/UPS-Power-Module-C.html
arduino-gpio-device-alvik,Arduino,Alvik,Source documentation available; dedicated specs not verified,,https://docs.arduino.cc/hardware/alvik/ | https://github.com/arduino/docs-content/blob/dab66ecbd6ad52cd742da6c19c5b6330a7f2caae/content/hardware/edu/solution-and-kits/alvik/product.md | https://github.com/arduino/docs-content/blob/dab66ecbd6ad52cd742da6c19c5b6330a7f2caae/content/hardware/edu/solution-and-kits/alvik/tutorials/user-manual/assets/Alvik_Docs_Pinout_Callout.jpg
arduino-gpio-device-nesso-n1,Arduino,Nesso N1,Source documentation available; dedicated specs not verified,,https://docs.m5stack.com/en/core/Arduino_Nesso_N1 | https://docs.arduino.cc/hardware/nesso-n1/ | https://github.com/arduino/docs-content/blob/dab66ecbd6ad52cd742da6c19c5b6330a7f2caae/content/hardware/kits/maker/nesso-n1/product.md | https://github.com/arduino/docs-content/blob/dab66ecbd6ad52cd742da6c19c5b6330a7f2caae/content/hardware/kits/maker/nesso-n1/datasheet/assets/TPX00227-pinout.png | https://github.com/arduino/docs-content/blob/dab66ecbd6ad52cd742da6c19c5b6330a7f2caae/content/hardware/kits/maker/nesso-n1/tutorials/user-manual/assets/simple-pinout.png | https://github.com/arduino/docs-content/blob/dab66ecbd6ad52cd742da6c19c5b6330a7f2caae/content/hardware/kits/maker/nesso-n1/downloads/TPX00227-full-pinout.pdf
arduino-gpio-device-stella,Arduino,Stella,Source documentation available; dedicated specs not verified,,https://docs.arduino.cc/hardware/stella/ | https://github.com/arduino/docs-content/blob/dab66ecbd6ad52cd742da6c19c5b6330a7f2caae/content/hardware/pro-solutions/solutions-and-kits/stella/product.md | https://github.com/arduino/docs-content/blob/dab66ecbd6ad52cd742da6c19c5b6330a7f2caae/content/hardware/pro-solutions/solutions-and-kits/stella/datasheet/assets/stella-pinout-v3.png | https://github.com/arduino/docs-content/blob/dab66ecbd6ad52cd742da6c19c5b6330a7f2caae/content/hardware/pro-solutions/solutions-and-kits/stella/downloads/ABX00131-full-pinout.pdf
dangerous-prototypes-gpio-device-bus-pirate-v3,Dangerous Prototypes,Bus Pirate v3,Source documentation available; dedicated specs not verified,,https://dangerousprototypes.com/blog/2010/02/06/bus-pirate-v3-reference-card/
flipper-devices-gpio-device-flipper-zero,Flipper Devices,Flipper Zero,Source documentation available; dedicated specs not verified,,https://flipper.net/
high-code-gpio-device-high-boy-production-version,High Code,High Boy production version,Source documentation available; dedicated specs not verified,,https://www.high-code.com/about-us | https://github.com/HighCodeh/Highboy_PCB
high-code-gpio-device-high-boy-rev-2-2-mvp,High Code,High Boy REV 2.2 MVP,Source documentation available; dedicated specs not verified,,https://github.com/HighCodeh/Highboy_PCB
lilygo-gpio-device-t-circle-s3,LILYGO,T-Circle-S3,Source documentation available; dedicated specs not verified,,https://github.com/Xinyuan-LilyGO/T-Circle-S3/blob/0a1d29bf6f8a8143a81e07fa36ffda678239ec02/image/12.jpg | https://github.com/Xinyuan-LilyGO/T-Circle-S3/blob/0a1d29bf6f8a8143a81e07fa36ffda678239ec02/image/14.jpg
lilygo-gpio-device-t-deck,LILYGO,T-Deck,Source documentation available; dedicated specs not verified,,https://wiki.lilygo.cc/products/t-deck-series/t-deck/
lilygo-gpio-device-t-deck-max,LILYGO,T-Deck MAX,Source documentation available; dedicated specs not verified,,https://wiki.lilygo.cc/products/t-deck-series/t-deck-max/
lilygo-gpio-device-t-deck-plus,LILYGO,T-Deck Plus,Source documentation available; dedicated specs not verified,,https://wiki.lilygo.cc/products/t-deck-series/t-deck-plus/
lilygo-gpio-device-t-deck-pro,LILYGO,T-Deck Pro,Source documentation available; dedicated specs not verified,,https://wiki.lilygo.cc/products/t-deck-series/t-deck-pro/
lilygo-gpio-device-t-echo,LILYGO,T-Echo,Source documentation available; dedicated specs not verified,,https://github.com/Xinyuan-LilyGO/T-Echo/blob/9de74b0dd86bb2793b5dfd26c35341f8ffaaa0b1/image/T-ECHO.jpg | https://github.com/Xinyuan-LilyGO/T-Echo/blob/9de74b0dd86bb2793b5dfd26c35341f8ffaaa0b1/image/T-ECHO_Mesh.jpg
lilygo-gpio-device-t-glass,LILYGO,T-Glass,Source documentation available; dedicated specs not verified,,https://wiki.lilygo.cc/products/other/t-glass/
lilygo-gpio-device-t-impulse,LILYGO,T-Impulse,Source documentation available; dedicated specs not verified,,https://github.com/Xinyuan-LilyGO/T-Impulse/blob/1b28bfad6832b81fee09b274181968f69d25f6ae/image/PinOut.jpg
lilygo-gpio-device-t-keyboard-s3-pro,LILYGO,T-Keyboard S3 Pro,Source documentation available; dedicated specs not verified,,https://wiki.lilygo.cc/products/other/t-keyboard-s3-pro/
lilygo-gpio-device-t-watch-2021-v1-0,LILYGO,T-Watch 2021 V1.0,Source documentation available; dedicated specs not verified,,https://github.com/Xinyuan-LilyGO/T-Watch-2021/blob/d18ff632c817f4f95f42eb7f2f631a8c28b75294/image/T-WATCH2021-V1.0-en.jpg
lilygo-gpio-device-t-watch-2021-v1-1,LILYGO,T-Watch 2021 V1.1,Source documentation available; dedicated specs not verified,,https://github.com/Xinyuan-LilyGO/T-Watch-2021/blob/d18ff632c817f4f95f42eb7f2f631a8c28b75294/image/T-WATCH2021-V1.1-en.jpg | https://github.com/Xinyuan-LilyGO/T-Watch-2021/blob/d18ff632c817f4f95f42eb7f2f631a8c28b75294/image/T-WATCH2021-V1.1-zh.jpg
lilygo-gpio-device-t-watch-block,LILYGO,T-Watch Block,Source documentation available; dedicated specs not verified,,https://github.com/Xinyuan-LilyGO/T-Block/blob/511c8e206a6bde98a52f0455368ea7dadf9d011f/img/TBlock.jpg
lilygo-gpio-device-t-watch-block-air,LILYGO,T-Watch Block Air,Source documentation available; dedicated specs not verified,,https://github.com/Xinyuan-LilyGO/T-Block/blob/511c8e206a6bde98a52f0455368ea7dadf9d011f/img/TBlockAir.jpg
lilygo-gpio-device-t-watch-block-led,LILYGO,T-Watch Block LED,Source documentation available; dedicated specs not verified,,https://github.com/Xinyuan-LilyGO/T-Block/blob/511c8e206a6bde98a52f0455368ea7dadf9d011f/img/TBlock_LED.jpg
lilygo-gpio-device-t-watch-block-touch,LILYGO,T-Watch Block Touch,Source documentation available; dedicated specs not verified,,https://github.com/Xinyuan-LilyGO/T-Block/blob/511c8e206a6bde98a52f0455368ea7dadf9d011f/img/TBlock_Touch.jpg
lilygo-gpio-device-t-watch-block-ultrasonic,LILYGO,T-Watch Block Ultrasonic,Source documentation available; dedicated specs not verified,,https://github.com/Xinyuan-LilyGO/T-Block/blob/511c8e206a6bde98a52f0455368ea7dadf9d011f/img/TBlock_Chao.jpg
lilygo-gpio-device-t-watch-s3,LILYGO,T-Watch S3,Source documentation available; dedicated specs not verified,,https://wiki.lilygo.cc/products/t-watch-series/t-watch-s3/
lilygo-gpio-device-t-watch-s3-plus,LILYGO,T-Watch S3 Plus,Source documentation available; dedicated specs not verified,,https://wiki.lilygo.cc/products/t-watch-series/t-watch-s3-plus/
lilygo-gpio-device-t-watch-ultra,LILYGO,T-Watch Ultra,Source documentation available; dedicated specs not verified,,https://wiki.lilygo.cc/products/t-watch-series/t-watch-ultra/
m5stack-gpio-device-atom-printer,M5Stack,Atom Printer,Source documentation available; dedicated specs not verified,,https://docs.m5stack.com/en/atom/atom_printer
m5stack-gpio-device-atom-matrix-v1-1,M5Stack,Atom-Matrix v1.1,Source documentation available; dedicated specs not verified,,https://docs.m5stack.com/en/core/Atom-Matrix_v1.1
m5stack-gpio-device-atoms3r-cam,M5Stack,AtomS3R-CAM,Source documentation available; dedicated specs not verified,,https://docs.m5stack.com/en/core/AtomS3R%20Cam
m5stack-gpio-device-atoms3r-cam-ai-chatbot,M5Stack,AtomS3R-CAM AI Chatbot,Source documentation available; dedicated specs not verified,,https://docs.m5stack.com/en/core/AtomS3R-CAM%20AI%20Chatbot
m5stack-gpio-device-atoms3r-ext,M5Stack,AtomS3R-Ext,Source documentation available; dedicated specs not verified,,https://docs.m5stack.com/en/core/AtomS3R%20Ext
m5stack-gpio-device-atoms3r-m12,M5Stack,AtomS3R-M12,Source documentation available; dedicated specs not verified,,https://docs.m5stack.com/en/core/AtomS3R-M12
m5stack-gpio-device-atoms3r-m12-volcengine-kit,M5Stack,AtomS3R-M12 Volcengine Kit,Source documentation available; dedicated specs not verified,,https://docs.m5stack.com/en/core/AtomS3R-M12%20Volcengine%20Kit
m5stack-gpio-device-atoms3u,M5Stack,AtomS3U,Source documentation available; dedicated specs not verified,,https://docs.m5stack.com/en/core/AtomS3U
m5stack-gpio-device-atomu,M5Stack,AtomU,Source documentation available; dedicated specs not verified,,https://docs.m5stack.com/en/core/ATOM%20U
m5stack-gpio-device-bala,M5Stack,Bala,Source documentation available; dedicated specs not verified,,https://docs.m5stack.com/en/app/bala
m5stack-gpio-device-capsule,M5Stack,Capsule,Source documentation available; dedicated specs not verified,,https://docs.m5stack.com/en/core/M5Capsule
m5stack-gpio-device-capsule-v1-1,M5Stack,Capsule v1.1,Source documentation available; dedicated specs not verified,,https://docs.m5stack.com/en/core/Capsule_v1.1
m5stack-gpio-device-cardputer-adv,M5Stack,Cardputer-Adv,Source documentation available; dedicated specs not verified,,https://docs.m5stack.com/en/core/Cardputer-Adv
m5stack-gpio-device-cardputerzero,M5Stack,CardputerZero,Source documentation available; dedicated specs not verified,,https://docs.m5stack.com/en/CardputerZero
m5stack-gpio-device-core2,M5Stack,Core2,Source documentation available; dedicated specs not verified,,https://docs.m5stack.com/en/core/core2
m5stack-gpio-device-core2-v1-1,M5Stack,Core2 v1.1,Source documentation available; dedicated specs not verified,,https://docs.m5stack.com/en/core/Core2%20v1.1
m5stack-gpio-device-cores3-lite,M5Stack,CoreS3-Lite,Source documentation available; dedicated specs not verified,,https://docs.m5stack.com/en/core/CoreS3-Lite
m5stack-gpio-device-cores3-se,M5Stack,CoreS3-SE,Source documentation available; dedicated specs not verified,,https://docs.m5stack.com/en/core/M5CoreS3%20SE
m5stack-gpio-device-faces-kit,M5Stack,Faces Kit,Source documentation available; dedicated specs not verified,,https://docs.m5stack.com/en/core/face_kit
m5stack-gpio-device-m5camera,M5Stack,M5Camera,Source documentation available; dedicated specs not verified,,https://docs.m5stack.com/en/unit/m5camera
m5stack-gpio-device-m5go-lite,M5Stack,M5GO-Lite,Source documentation available; dedicated specs not verified,,https://docs.m5stack.com/en/core/m5go_lite
m5stack-gpio-device-station-485,M5Stack,Station-485,Source documentation available; dedicated specs not verified,,https://docs.m5stack.com/en/core/station_485
m5stack-gpio-device-station-bat,M5Stack,Station-Bat,Source documentation available; dedicated specs not verified,,https://docs.m5stack.com/en/core/station_bat
m5stack-gpio-device-stickc-plus,M5Stack,StickC-Plus,Source documentation available; dedicated specs not verified,,https://docs.m5stack.com/en/core/m5stickc_plus
m5stack-gpio-device-unit-poe-p4,M5Stack,Unit PoE-P4,Source documentation available; dedicated specs not verified,,https://docs.m5stack.com/en/unit/Unit_PoE-P4
m5stack-gpio-device-unitv-ov2640,M5Stack,UnitV-OV2640,Source documentation available; dedicated specs not verified,,https://docs.m5stack.com/en/unit/unitv
m5stack-gpio-device-unitv-ov7740,M5Stack,UnitV-OV7740,Source documentation available; dedicated specs not verified,,https://docs.m5stack.com/en/unit/unitv_ov7740
m5stack-gpio-device-xiaozhi-card-kit,M5Stack,Xiaozhi Card Kit,Source documentation available; dedicated specs not verified,,https://docs.m5stack.com/en/core/Xiaozhi_Card_Kit
seeed-studio-gpio-device-recamera-hq-poe,Seeed Studio,reCamera HQ PoE,Source documentation available; dedicated specs not verified,,https://wiki.seeedstudio.com/reCamera_hq_poe_hardware_and_specs/
seeed-studio-gpio-device-respeaker-flex-with-xiao-esp32s3,Seeed Studio,reSpeaker Flex with XIAO ESP32S3,Source documentation available; dedicated specs not verified,,https://wiki.seeedstudio.com/respeaker_flex_introduction/
seeed-studio-gpio-device-respeaker-lite-voice-assistant-kit,Seeed Studio,reSpeaker Lite Voice Assistant Kit,Source documentation available; dedicated specs not verified,,https://wiki.seeedstudio.com/reSpeaker_usb_v3/
seeed-studio-gpio-device-respeaker-xvf3800-usb-4-mic-array-with-xiao-esp32s3,Seeed Studio,reSpeaker XVF3800 USB 4-Mic Array with XIAO ESP32S3,Source documentation available; dedicated specs not verified,,https://wiki.seeedstudio.com/respeaker_xvf3800_introduction/
seeed-studio-gpio-device-reterminal,Seeed Studio,reTerminal,Source documentation available; dedicated specs not verified,,https://wiki.seeedstudio.com/reTerminal-hardware-interfaces-usage/
seeed-studio-gpio-device-reterminal-e1004,Seeed Studio,reTerminal E1004,Source documentation available; dedicated specs not verified,,https://wiki.seeedstudio.com/getting_started_with_reterminal_e1004/
seeed-studio-gpio-device-rs485-vision-ai-camera,Seeed Studio,RS485 Vision AI Camera,Source documentation available; dedicated specs not verified,,https://wiki.seeedstudio.com/getting_started_with_rs485_vision_ai_cam/
seeed-studio-gpio-device-sensecap-indicator,Seeed Studio,SenseCAP Indicator,Source documentation available; dedicated specs not verified,,https://wiki.seeedstudio.com/SenseCAP_Indicator_RP2040_Grove_IIC/
seeed-studio-gpio-device-sensecap-indicator-d1,Seeed Studio,SenseCAP Indicator D1,Source documentation available; dedicated specs not verified,,https://wiki.seeedstudio.com/Sensor/SenseCAP/SenseCAP_Indicator/Get_started_with_SenseCAP_Indicator/
seeed-studio-gpio-device-sensecap-indicator-d1l,Seeed Studio,SenseCAP Indicator D1L,Source documentation available; dedicated specs not verified,,https://wiki.seeedstudio.com/Sensor/SenseCAP/SenseCAP_Indicator/Get_started_with_SenseCAP_Indicator/
seeed-studio-gpio-device-sensecap-indicator-d1pro,Seeed Studio,SenseCAP Indicator D1Pro,Source documentation available; dedicated specs not verified,,https://wiki.seeedstudio.com/Sensor/SenseCAP/SenseCAP_Indicator/Get_started_with_SenseCAP_Indicator/
seeed-studio-gpio-device-sensecap-indicator-d1s,Seeed Studio,SenseCAP Indicator D1S,Source documentation available; dedicated specs not verified,,https://wiki.seeedstudio.com/Sensor/SenseCAP/SenseCAP_Indicator/Get_started_with_SenseCAP_Indicator/
seeed-studio-gpio-device-sensecap-watcher-for-xiaozhi,Seeed Studio,SenseCAP Watcher for XiaoZhi,Source documentation available; dedicated specs not verified,,https://wiki.seeedstudio.com/extending_grove_with_mcp/
seeed-studio-gpio-device-wio-terminal,Seeed Studio,Wio Terminal,Source documentation available; dedicated specs not verified,,https://wiki.seeedstudio.com/Wio-Terminal-IO-Overview/
techoverflow-gpio-device-canipulator-v1,TechOverflow,CANipulator V1,Source documentation available; dedicated specs not verified,,https://github.com/TechOverflow/CANipulator-docs
techoverflow-gpio-device-canipulator-v2,TechOverflow,CANipulator V2,Source documentation available; dedicated specs not verified,,https://github.com/TechOverflow/CANipulator-docs
arduino-other-101,Arduino,101,Source documentation available; dedicated specs not verified,,https://docs.arduino.cc/hardware/101/ | https://github.com/arduino/docs-content/blob/dab66ecbd6ad52cd742da6c19c5b6330a7f2caae/content/hardware/_unlisted/boards/101/product.md | https://docs.arduino.cc/retired/boards/arduino-101-619/ | https://github.com/arduino/docs-content/blob/dab66ecbd6ad52cd742da6c19c5b6330a7f2caae/content/retired/01.boards/arduino-101-619/content.md
arduino-other-uno-q,Arduino,Arduino UNO Q,Source documentation available; dedicated specs not verified,,https://docs.arduino.cc/resources/pinouts/ABX00162-full-pinout.pdf | https://docs.waveshare.com/Arduino-UNO-Q-02016 | https://docs.arduino.cc/hardware/uno-q/ | https://github.com/arduino/docs-content/blob/dab66ecbd6ad52cd742da6c19c5b6330a7f2caae/content/hardware/uno/boards/uno-q/product.md | https://github.com/arduino/docs-content/blob/dab66ecbd6ad52cd742da6c19c5b6330a7f2caae/content/hardware/uno/boards/uno-q/datasheet/assets/ABX00162-ABX00173_pinout.png | https://github.com/arduino/docs-content/blob/dab66ecbd6ad52cd742da6c19c5b6330a7f2caae/content/hardware/uno/boards/uno-q/tutorials/01.user-manual/assets/Simple-pinout-ABX00162.png | https://github.com/arduino/docs-content/blob/dab66ecbd6ad52cd742da6c19c5b6330a7f2caae/content/hardware/uno/boards/uno-q/downloads/ABX00162-full-pinout.pdf | https://www.waveshare.com/arduino-uno-q.htm
arduino-other-uno-r3,Arduino,Arduino UNO R3,Source documentation available; dedicated specs not verified,,https://content.arduino.cc/assets/A000066-full-pinout.pdf | https://docs.arduino.cc/hardware/uno-rev3/ | https://github.com/arduino/docs-content/blob/dab66ecbd6ad52cd742da6c19c5b6330a7f2caae/content/hardware/uno/boards/uno-rev3/product.md | https://github.com/arduino/docs-content/blob/dab66ecbd6ad52cd742da6c19c5b6330a7f2caae/content/hardware/uno/boards/uno-rev3/datasheet/assets/pinout.png | https://github.com/arduino/docs-content/blob/dab66ecbd6ad52cd742da6c19c5b6330a7f2caae/content/hardware/uno/boards/uno-rev3/downloads/A000066-full-pinout.pdf | https://www.waveshare.com/wiki/Arduino_UNO_R3
arduino-other-board-serial,Arduino,Board Serial,Source documentation available; dedicated specs not verified,,https://docs.arduino.cc/retired/boards/arduino-serial/ | https://github.com/arduino/docs-content/blob/dab66ecbd6ad52cd742da6c19c5b6330a7f2caae/content/retired/01.boards/arduino-serial/content.md
arduino-other-board-serial-single-sided,Arduino,Board Serial Single Sided,Source documentation available; dedicated specs not verified,,https://docs.arduino.cc/retired/boards/arduino-serial-single-sided/ | https://github.com/arduino/docs-content/blob/dab66ecbd6ad52cd742da6c19c5b6330a7f2caae/content/retired/01.boards/arduino-serial-single-sided/content.md
arduino-other-board-serial-single-sided-v3,Arduino,Board Serial Single Sided v3,Source documentation available; dedicated specs not verified,,https://docs.arduino.cc/retired/boards/arduino-serial-single-sided-3/ | https://github.com/arduino/docs-content/blob/dab66ecbd6ad52cd742da6c19c5b6330a7f2caae/content/retired/01.boards/arduino-serial-single-sided-3/content.md
arduino-other-bt-bluetooth,Arduino,BT (Bluetooth),Source documentation available; dedicated specs not verified,,https://docs.arduino.cc/retired/boards/arduino-BT/ | https://github.com/arduino/docs-content/blob/dab66ecbd6ad52cd742da6c19c5b6330a7f2caae/content/retired/01.boards/arduino-BT/content.md
arduino-other-bt-v1,Arduino,BT v1,Source documentation available; dedicated specs not verified,,https://docs.arduino.cc/retired/boards/arduino-BT-v1/ | https://github.com/arduino/docs-content/blob/dab66ecbd6ad52cd742da6c19c5b6330a7f2caae/content/retired/01.boards/arduino-BT-v1/content.md
arduino-other-diecimila,Arduino,Diecimila,Source documentation available; dedicated specs not verified,,https://docs.arduino.cc/retired/boards/arduino-diecimila/ | https://github.com/arduino/docs-content/blob/dab66ecbd6ad52cd742da6c19c5b6330a7f2caae/content/retired/01.boards/arduino-diecimila/content.md
arduino-other-due,Arduino,Due,Source documentation available; dedicated specs not verified,,https://docs.arduino.cc/hardware/due/ | https://github.com/arduino/docs-content/blob/dab66ecbd6ad52cd742da6c19c5b6330a7f2caae/content/hardware/mega/boards/due/product.md | https://github.com/arduino/docs-content/blob/dab66ecbd6ad52cd742da6c19c5b6330a7f2caae/content/hardware/mega/boards/due/datasheet/assets/ad-pinout.png | https://github.com/arduino/docs-content/blob/dab66ecbd6ad52cd742da6c19c5b6330a7f2caae/content/hardware/mega/boards/due/downloads/A000056-full-pinout.pdf
arduino-other-duemilanove,Arduino,Duemilanove,Source documentation available; dedicated specs not verified,,https://docs.arduino.cc/retired/boards/arduino-duemilanove/ | https://github.com/arduino/docs-content/blob/dab66ecbd6ad52cd742da6c19c5b6330a7f2caae/content/retired/01.boards/arduino-duemilanove/content.md
arduino-other-edge-control,Arduino,Edge Control,Source documentation available; dedicated specs not verified,,https://docs.arduino.cc/hardware/edge-control/ | https://github.com/arduino/docs-content/blob/dab66ecbd6ad52cd742da6c19c5b6330a7f2caae/content/hardware/pro-solutions/solutions-and-kits/edge-control/product.md | https://github.com/arduino/docs-content/blob/dab66ecbd6ad52cd742da6c19c5b6330a7f2caae/content/hardware/pro-solutions/solutions-and-kits/edge-control/tutorials/01.user-manual/assets/simple-pinout.png | https://github.com/arduino/docs-content/blob/dab66ecbd6ad52cd742da6c19c5b6330a7f2caae/content/hardware/pro-solutions/solutions-and-kits/edge-control/downloads/AKX00034-full-pinout.pdf
arduino-other-esplora,Arduino,Esplora,Source documentation available; dedicated specs not verified,,https://21stdigitalhome.blogspot.com/2012/12/esplora-expansion-header-pinouts.html | https://21stdigitalhome.blogspot.com/2013/01/arduino-esplora-tinkerkit-outputs.html | https://docs.arduino.cc/retired/boards/arduino-esplora/ | https://github.com/arduino/docs-content/blob/dab66ecbd6ad52cd742da6c19c5b6330a7f2caae/content/retired/01.boards/arduino-esplora/content.md
arduino-other-ethernet-rev3-with-poe,Arduino,Ethernet Rev3 with PoE,Source documentation available; dedicated specs not verified,,https://docs.arduino.cc/retired/boards/arduino-ethernet-rev3-with-poe/ | https://github.com/arduino/docs-content/blob/dab66ecbd6ad52cd742da6c19c5b6330a7f2caae/content/retired/01.boards/arduino-ethernet-rev3-with-poe/content.md
arduino-other-ethernet-rev3-without-poe,Arduino,Ethernet Rev3 without PoE,Source documentation available; dedicated specs not verified,,https://docs.arduino.cc/retired/boards/arduino-ethernet-rev3-without-poe/ | https://github.com/arduino/docs-content/blob/dab66ecbd6ad52cd742da6c19c5b6330a7f2caae/content/retired/01.boards/arduino-ethernet-rev3-without-poe/content.md
arduino-other-fio,Arduino,Fio,Source documentation available; dedicated specs not verified,,https://docs.arduino.cc/retired/boards/arduino-fio/ | https://github.com/arduino/docs-content/blob/dab66ecbd6ad52cd742da6c19c5b6330a7f2caae/content/retired/01.boards/arduino-fio/content.md
arduino-other-gemma,Arduino,Gemma,Source documentation available; dedicated specs not verified,,https://docs.arduino.cc/retired/boards/arduino-gemma/ | https://github.com/arduino/docs-content/blob/dab66ecbd6ad52cd742da6c19c5b6330a7f2caae/content/retired/01.boards/arduino-gemma/content.md
arduino-other-giga-r1-wifi,Arduino,GIGA R1 WiFi,Source documentation available; dedicated specs not verified,,https://docs.arduino.cc/hardware/giga-r1-wifi/ | https://github.com/arduino/docs-content/blob/dab66ecbd6ad52cd742da6c19c5b6330a7f2caae/content/hardware/mega/boards/giga-r1-wifi/product.md | https://github.com/arduino/docs-content/blob/dab66ecbd6ad52cd742da6c19c5b6330a7f2caae/content/hardware/mega/boards/giga-r1-wifi/downloads/ABX00063-full-pinout.pdf
arduino-other-industrial-101,Arduino,Industrial 101,Source documentation available; dedicated specs not verified,,https://docs.arduino.cc/retired/boards/arduino-industrial-101/ | https://github.com/arduino/docs-content/blob/dab66ecbd6ad52cd742da6c19c5b6330a7f2caae/content/retired/01.boards/arduino-industrial-101/content.md | https://github.com/arduino/docs-content/blob/dab66ecbd6ad52cd742da6c19c5b6330a7f2caae/content/retired/01.boards/arduino-industrial-101/assets/1-pinout_industrial101_.jpg | https://github.com/arduino/docs-content/blob/dab66ecbd6ad52cd742da6c19c5b6330a7f2caae/content/retired/01.boards/arduino-industrial-101/assets/2-pinout_industrial101_.jpg
arduino-other-leonardo,Arduino,Leonardo,Source documentation available; dedicated specs not verified,,https://docs.arduino.cc/hardware/leonardo/ | https://github.com/arduino/docs-content/blob/dab66ecbd6ad52cd742da6c19c5b6330a7f2caae/content/hardware/hero/boards/leonardo/product.md | https://github.com/arduino/docs-content/blob/dab66ecbd6ad52cd742da6c19c5b6330a7f2caae/content/hardware/hero/boards/leonardo/downloads/A000057-full-pinout.pdf
arduino-other-leonardo-eth,Arduino,Leonardo ETH,Source documentation available; dedicated specs not verified,,https://docs.arduino.cc/retired/boards/arduino-leonardo-eth/ | https://github.com/arduino/docs-content/blob/dab66ecbd6ad52cd742da6c19c5b6330a7f2caae/content/retired/01.boards/arduino-leonardo-eth/content.md
arduino-other-leonardo-eth-2-with-poe,Arduino,Leonardo ETH 2 with PoE,Source documentation available; dedicated specs not verified,,https://docs.arduino.cc/retired/boards/arduino-leonardo-eth-2-with-poe/ | https://github.com/arduino/docs-content/blob/dab66ecbd6ad52cd742da6c19c5b6330a7f2caae/content/retired/01.boards/arduino-leonardo-eth-2-with-poe/content.md
arduino-other-lilypad-arduino-main-board,Arduino,LilyPad Arduino Main Board,Source documentation available; dedicated specs not verified,,https://docs.arduino.cc/retired/boards/lilypad-arduino-main-board/ | https://github.com/arduino/docs-content/blob/dab66ecbd6ad52cd742da6c19c5b6330a7f2caae/content/retired/01.boards/lilypad-arduino-main-board/content.md
arduino-other-lilypad-arduino-simple,Arduino,LilyPad Arduino Simple,Source documentation available; dedicated specs not verified,,https://docs.arduino.cc/retired/boards/lilypad-arduino-simple/ | https://github.com/arduino/docs-content/blob/dab66ecbd6ad52cd742da6c19c5b6330a7f2caae/content/retired/01.boards/lilypad-arduino-simple/content.md
arduino-other-lilypad-arduino-simplesnap,Arduino,LilyPad Arduino SimpleSnap,Source documentation available; dedicated specs not verified,,https://docs.arduino.cc/retired/boards/lilypad-arduino-simplesnap/ | https://github.com/arduino/docs-content/blob/dab66ecbd6ad52cd742da6c19c5b6330a7f2caae/content/retired/01.boards/lilypad-arduino-simplesnap/content.md
arduino-other-lilypad-arduino-usb,Arduino,LilyPad Arduino USB,Source documentation available; dedicated specs not verified,,https://docs.arduino.cc/retired/boards/lilypad-arduino-usb/ | https://github.com/arduino/docs-content/blob/dab66ecbd6ad52cd742da6c19c5b6330a7f2caae/content/retired/01.boards/lilypad-arduino-usb/content.md
arduino-other-m0,Arduino,M0,Source documentation available; dedicated specs not verified,,https://docs.arduino.cc/retired/boards/arduino-m0/ | https://github.com/arduino/docs-content/blob/dab66ecbd6ad52cd742da6c19c5b6330a7f2caae/content/retired/01.boards/arduino-m0/content.md
arduino-other-m0-pro,Arduino,M0 Pro,Source documentation available; dedicated specs not verified,,https://docs.arduino.cc/retired/boards/arduino-m0-pro/ | https://github.com/arduino/docs-content/blob/dab66ecbd6ad52cd742da6c19c5b6330a7f2caae/content/retired/01.boards/arduino-m0-pro/content.md
arduino-other-make-your-uno-kit,Arduino,Make Your UNO Kit,Source documentation available; dedicated specs not verified,,https://docs.arduino.cc/hardware/make-your-uno-kit/ | https://github.com/arduino/docs-content/blob/dab66ecbd6ad52cd742da6c19c5b6330a7f2caae/content/hardware/kits/maker/make-your-uno-kit/product.md | https://github.com/arduino/docs-content/blob/dab66ecbd6ad52cd742da6c19c5b6330a7f2caae/content/hardware/kits/maker/make-your-uno-kit/datasheet/assets/pinout.png | https://github.com/arduino/docs-content/blob/dab66ecbd6ad52cd742da6c19c5b6330a7f2caae/content/hardware/kits/maker/make-your-uno-kit/downloads/ASX00037-full-pinout.pdf
arduino-other-mega-2560-rev3,Arduino,Mega 2560 Rev3,Source documentation available; dedicated specs not verified,,https://docs.arduino.cc/hardware/mega-2560/ | https://github.com/arduino/docs-content/blob/dab66ecbd6ad52cd742da6c19c5b6330a7f2caae/content/hardware/mega/boards/mega-2560/product.md | https://github.com/arduino/docs-content/blob/dab66ecbd6ad52cd742da6c19c5b6330a7f2caae/content/hardware/mega/boards/mega-2560/datasheet/assets/ArduinoMEGAPinOut.png | https://github.com/arduino/docs-content/blob/dab66ecbd6ad52cd742da6c19c5b6330a7f2caae/content/hardware/mega/boards/mega-2560/datasheet/assets/ArduinoMEGAPinOut2.png | https://github.com/arduino/docs-content/blob/dab66ecbd6ad52cd742da6c19c5b6330a7f2caae/content/hardware/mega/boards/mega-2560/downloads/A000067-full-pinout.pdf
arduino-other-mega-adk-rev3,Arduino,Mega ADK Rev3,Source documentation available; dedicated specs not verified,,https://docs.arduino.cc/retired/boards/arduino-mega-adk-rev3/ | https://github.com/arduino/docs-content/blob/dab66ecbd6ad52cd742da6c19c5b6330a7f2caae/content/retired/01.boards/arduino-mega-adk-rev3/content.md
arduino-other-micro,Arduino,Micro,Source documentation available; dedicated specs not verified,,https://docs.arduino.cc/hardware/micro/ | https://github.com/arduino/docs-content/blob/dab66ecbd6ad52cd742da6c19c5b6330a7f2caae/content/hardware/hero/boards/micro/product.md | https://github.com/arduino/docs-content/blob/dab66ecbd6ad52cd742da6c19c5b6330a7f2caae/content/hardware/hero/boards/micro/downloads/A000053-full-pinout.pdf
arduino-other-mini-03,Arduino,Mini 03,Source documentation available; dedicated specs not verified,,https://docs.arduino.cc/retired/boards/arduino-mini-05/ | https://github.com/arduino/docs-content/blob/dab66ecbd6ad52cd742da6c19c5b6330a7f2caae/content/retired/01.boards/arduino-mini-05/content.md | https://github.com/arduino/docs-content/blob/dab66ecbd6ad52cd742da6c19c5b6330a7f2caae/content/retired/01.boards/arduino-mini-05/assets/arduino_mini_pinout.png
arduino-other-mini-04-and-05-shared-reference,Arduino,Mini 04 and 05 shared reference,Source documentation available; dedicated specs not verified,,https://docs.arduino.cc/retired/boards/arduino-mini-05/ | https://github.com/arduino/docs-content/blob/dab66ecbd6ad52cd742da6c19c5b6330a7f2caae/content/retired/01.boards/arduino-mini-05/content.md | https://github.com/arduino/docs-content/blob/dab66ecbd6ad52cd742da6c19c5b6330a7f2caae/content/retired/01.boards/arduino-mini-05/assets/arduino_mini04_pinout.png
arduino-other-mini-05,Arduino,Mini 05,Source documentation available; dedicated specs not verified,,https://docs.arduino.cc/retired/boards/arduino-mini-05/ | https://github.com/arduino/docs-content/blob/dab66ecbd6ad52cd742da6c19c5b6330a7f2caae/content/retired/01.boards/arduino-mini-05/content.md
arduino-other-mini-05-without-header,Arduino,Mini 05 without header,Source documentation available; dedicated specs not verified,,https://docs.arduino.cc/retired/boards/arduino-mini-05-without-header/ | https://github.com/arduino/docs-content/blob/dab66ecbd6ad52cd742da6c19c5b6330a7f2caae/content/retired/01.boards/arduino-mini-05-without-header/content.md
arduino-other-mkr-1000-wifi,Arduino,MKR 1000 WiFi,Source documentation available; dedicated specs not verified,,https://docs.arduino.cc/hardware/mkr-1000-wifi/ | https://github.com/arduino/docs-content/blob/dab66ecbd6ad52cd742da6c19c5b6330a7f2caae/content/hardware/mkr/01.boards/mkr-1000-wifi/product.md | https://github.com/arduino/docs-content/blob/dab66ecbd6ad52cd742da6c19c5b6330a7f2caae/content/hardware/mkr/01.boards/mkr-1000-wifi/downloads/ABX00004-full-pinout.pdf
arduino-other-mkr-fox-1200,Arduino,MKR FOX 1200,Source documentation available; dedicated specs not verified,,https://docs.arduino.cc/hardware/mkr-fox-1200/ | https://github.com/arduino/docs-content/blob/dab66ecbd6ad52cd742da6c19c5b6330a7f2caae/content/hardware/mkr/01.boards/mkr-fox-1200/product.md | https://github.com/arduino/docs-content/blob/dab66ecbd6ad52cd742da6c19c5b6330a7f2caae/content/hardware/mkr/01.boards/mkr-fox-1200/pinout.png | https://github.com/arduino/docs-content/blob/dab66ecbd6ad52cd742da6c19c5b6330a7f2caae/content/hardware/mkr/01.boards/mkr-fox-1200/downloads/ABX00014-full-pinout.pdf
arduino-other-mkr-gsm-1400,Arduino,MKR GSM 1400,Source documentation available; dedicated specs not verified,,https://docs.arduino.cc/hardware/mkr-gsm-1400/ | https://github.com/arduino/docs-content/blob/dab66ecbd6ad52cd742da6c19c5b6330a7f2caae/content/hardware/mkr/01.boards/mkr-gsm-1400/product.md | https://github.com/arduino/docs-content/blob/dab66ecbd6ad52cd742da6c19c5b6330a7f2caae/content/hardware/mkr/01.boards/mkr-gsm-1400/downloads/ABX00018-full-pinout.pdf
arduino-other-mkr-nb-1500,Arduino,MKR NB 1500,Source documentation available; dedicated specs not verified,,https://docs.arduino.cc/hardware/mkr-nb-1500/ | https://github.com/arduino/docs-content/blob/dab66ecbd6ad52cd742da6c19c5b6330a7f2caae/content/hardware/mkr/01.boards/mkr-nb-1500/product.md | https://github.com/arduino/docs-content/blob/dab66ecbd6ad52cd742da6c19c5b6330a7f2caae/content/hardware/mkr/01.boards/mkr-nb-1500/downloads/ABX00019-full-pinout.pdf
arduino-other-mkr-vidor-4000,Arduino,MKR Vidor 4000,Source documentation available; dedicated specs not verified,,https://docs.arduino.cc/hardware/mkr-vidor-4000/ | https://github.com/arduino/docs-content/blob/dab66ecbd6ad52cd742da6c19c5b6330a7f2caae/content/hardware/mkr/01.boards/mkr-vidor-4000/product.md | https://github.com/arduino/docs-content/blob/dab66ecbd6ad52cd742da6c19c5b6330a7f2caae/content/hardware/mkr/01.boards/mkr-vidor-4000/datasheets/assets/MKR_Vidor_Pinout.png | https://github.com/arduino/docs-content/blob/dab66ecbd6ad52cd742da6c19c5b6330a7f2caae/content/hardware/mkr/01.boards/mkr-vidor-4000/datasheets/assets/MKR_Vidor_Pinout_fpga.png | https://github.com/arduino/docs-content/blob/dab66ecbd6ad52cd742da6c19c5b6330a7f2caae/content/hardware/mkr/01.boards/mkr-vidor-4000/downloads/ABX00022-full-pinout.pdf
arduino-other-mkr-wan-1300,Arduino,MKR WAN 1300,Source documentation available; dedicated specs not verified,,https://docs.arduino.cc/hardware/mkr-wan-1300/ | https://github.com/arduino/docs-content/blob/dab66ecbd6ad52cd742da6c19c5b6330a7f2caae/content/hardware/mkr/01.boards/mkr-wan-1300/product.md | https://github.com/arduino/docs-content/blob/dab66ecbd6ad52cd742da6c19c5b6330a7f2caae/content/hardware/mkr/01.boards/mkr-wan-1300/downloads/ABX00017-full-pinout.pdf
arduino-other-mkr-wan-1310,Arduino,MKR WAN 1310,Source documentation available; dedicated specs not verified,,https://docs.arduino.cc/hardware/mkr-wan-1310/ | https://github.com/arduino/docs-content/blob/dab66ecbd6ad52cd742da6c19c5b6330a7f2caae/content/hardware/mkr/01.boards/mkr-wan-1310/product.md | https://github.com/arduino/docs-content/blob/dab66ecbd6ad52cd742da6c19c5b6330a7f2caae/content/hardware/mkr/01.boards/mkr-wan-1310/downloads/ABX00029-full-pinout.pdf
arduino-other-mkr-wifi-1010,Arduino,MKR WiFi 1010,Source documentation available; dedicated specs not verified,,https://docs.arduino.cc/hardware/mkr-wifi-1010/ | https://github.com/arduino/docs-content/blob/dab66ecbd6ad52cd742da6c19c5b6330a7f2caae/content/hardware/mkr/01.boards/mkr-wifi-1010/product.md | https://github.com/arduino/docs-content/blob/dab66ecbd6ad52cd742da6c19c5b6330a7f2caae/content/hardware/mkr/01.boards/mkr-wifi-1010/downloads/ABX00023-full-pinout.pdf
arduino-other-mkr-zero,Arduino,MKR Zero,Source documentation available; dedicated specs not verified,,https://docs.arduino.cc/hardware/mkr-zero/ | https://github.com/arduino/docs-content/blob/dab66ecbd6ad52cd742da6c19c5b6330a7f2caae/content/hardware/mkr/01.boards/mkr-zero/product.md | https://github.com/arduino/docs-content/blob/dab66ecbd6ad52cd742da6c19c5b6330a7f2caae/content/hardware/mkr/01.boards/mkr-zero/downloads/ABX00012-full-pinout.pdf
arduino-other-nano,Arduino,Nano,Source documentation available; dedicated specs not verified,,https://docs.arduino.cc/hardware/nano/ | https://github.com/arduino/docs-content/blob/dab66ecbd6ad52cd742da6c19c5b6330a7f2caae/content/hardware/nano/boards/nano/product.md | https://github.com/arduino/docs-content/blob/dab66ecbd6ad52cd742da6c19c5b6330a7f2caae/content/hardware/nano/boards/nano/datasheet/assets/nano_connector_pinout.png | https://github.com/arduino/docs-content/blob/dab66ecbd6ad52cd742da6c19c5b6330a7f2caae/content/hardware/nano/boards/nano/downloads/A000005-full-pinout.pdf
arduino-other-nano-2-2,Arduino,Nano 2.2,Source documentation available; dedicated specs not verified,,https://docs.arduino.cc/hardware/nano/
arduino-other-nano-33-ble,Arduino,Nano 33 BLE,Source documentation available; dedicated specs not verified,,https://docs.arduino.cc/hardware/nano-33-ble/ | https://github.com/arduino/docs-content/blob/dab66ecbd6ad52cd742da6c19c5b6330a7f2caae/content/hardware/nano/boards/nano-33-ble/product.md | https://github.com/arduino/docs-content/blob/dab66ecbd6ad52cd742da6c19c5b6330a7f2caae/content/hardware/nano/boards/nano-33-ble/datasheet/assets/pinout.png | https://github.com/arduino/docs-content/blob/dab66ecbd6ad52cd742da6c19c5b6330a7f2caae/content/hardware/nano/boards/nano-33-ble/downloads/ABX00030-full-pinout.pdf
arduino-other-nano-33-ble-rev2,Arduino,Nano 33 BLE Rev2,Source documentation available; dedicated specs not verified,,https://docs.arduino.cc/hardware/nano-33-ble-rev2/ | https://github.com/arduino/docs-content/blob/dab66ecbd6ad52cd742da6c19c5b6330a7f2caae/content/hardware/nano/boards/nano-33-ble-rev2/product.md | https://github.com/arduino/docs-content/blob/dab66ecbd6ad52cd742da6c19c5b6330a7f2caae/content/hardware/nano/boards/nano-33-ble-rev2/datasheet/assets/pinout.png | https://github.com/arduino/docs-content/blob/dab66ecbd6ad52cd742da6c19c5b6330a7f2caae/content/hardware/nano/boards/nano-33-ble-rev2/tutorials/cheat-sheet/assets/pinout.png | https://github.com/arduino/docs-content/blob/dab66ecbd6ad52cd742da6c19c5b6330a7f2caae/content/hardware/nano/boards/nano-33-ble-rev2/downloads/ABX00071-full-pinout.pdf
arduino-other-nano-33-ble-sense,Arduino,Nano 33 BLE Sense,Source documentation available; dedicated specs not verified,,https://docs.arduino.cc/hardware/nano-33-ble-sense/ | https://github.com/arduino/docs-content/blob/dab66ecbd6ad52cd742da6c19c5b6330a7f2caae/content/hardware/nano/boards/nano-33-ble-sense/product.md | https://github.com/arduino/docs-content/blob/dab66ecbd6ad52cd742da6c19c5b6330a7f2caae/content/hardware/nano/boards/nano-33-ble-sense/datasheet/assets/pinout.png | https://github.com/arduino/docs-content/blob/dab66ecbd6ad52cd742da6c19c5b6330a7f2caae/content/hardware/nano/boards/nano-33-ble-sense/tutorials/cheat-sheet/assets/pinout.png | https://github.com/arduino/docs-content/blob/dab66ecbd6ad52cd742da6c19c5b6330a7f2caae/content/hardware/nano/boards/nano-33-ble-sense/downloads/ABX00031-full-pinout.pdf
arduino-other-nano-33-ble-sense-rev2,Arduino,Nano 33 BLE Sense Rev2,Source documentation available; dedicated specs not verified,,https://docs.arduino.cc/hardware/nano-33-ble-sense-rev2/ | https://github.com/arduino/docs-content/blob/dab66ecbd6ad52cd742da6c19c5b6330a7f2caae/content/hardware/nano/boards/nano-33-ble-sense-rev2/product.md | https://github.com/arduino/docs-content/blob/dab66ecbd6ad52cd742da6c19c5b6330a7f2caae/content/hardware/nano/boards/nano-33-ble-sense-rev2/datasheet/assets/pinout.png | https://github.com/arduino/docs-content/blob/dab66ecbd6ad52cd742da6c19c5b6330a7f2caae/content/hardware/nano/boards/nano-33-ble-sense-rev2/tutorials/cheat-sheet/assets/pinout.png | https://github.com/arduino/docs-content/blob/dab66ecbd6ad52cd742da6c19c5b6330a7f2caae/content/hardware/nano/boards/nano-33-ble-sense-rev2/downloads/ABX00069-full-pinout.pdf
arduino-other-nano-33-iot,Arduino,Nano 33 IoT,Source documentation available; dedicated specs not verified,,https://docs.arduino.cc/hardware/nano-33-iot/ | https://github.com/arduino/docs-content/blob/dab66ecbd6ad52cd742da6c19c5b6330a7f2caae/content/hardware/nano/boards/nano-33-iot/product.md | https://github.com/arduino/docs-content/blob/dab66ecbd6ad52cd742da6c19c5b6330a7f2caae/content/hardware/nano/boards/nano-33-iot/datasheet/assets/pinout.png | https://github.com/arduino/docs-content/blob/dab66ecbd6ad52cd742da6c19c5b6330a7f2caae/content/hardware/nano/boards/nano-33-iot/downloads/ABX00027-full-pinout.pdf
arduino-other-nano-every,Arduino,Nano Every,Source documentation available; dedicated specs not verified,,https://docs.arduino.cc/hardware/nano-every/ | https://github.com/arduino/docs-content/blob/dab66ecbd6ad52cd742da6c19c5b6330a7f2caae/content/hardware/nano/boards/nano-every/product.md | https://github.com/arduino/docs-content/blob/dab66ecbd6ad52cd742da6c19c5b6330a7f2caae/content/hardware/nano/boards/nano-every/datasheet/assets/pinout.png | https://github.com/arduino/docs-content/blob/dab66ecbd6ad52cd742da6c19c5b6330a7f2caae/content/hardware/nano/boards/nano-every/downloads/ABX00028-full-pinout.pdf
arduino-other-nano-matter,Arduino,Nano Matter,Source documentation available; dedicated specs not verified,,https://docs.arduino.cc/hardware/nano-matter/ | https://github.com/arduino/docs-content/blob/dab66ecbd6ad52cd742da6c19c5b6330a7f2caae/content/hardware/nano/boards/nano-matter/product.md | https://github.com/arduino/docs-content/blob/dab66ecbd6ad52cd742da6c19c5b6330a7f2caae/content/hardware/nano/boards/nano-matter/datasheet/assets/Nano_Matter_Pinout.png | https://github.com/arduino/docs-content/blob/dab66ecbd6ad52cd742da6c19c5b6330a7f2caae/content/hardware/nano/boards/nano-matter/tutorials/01.user-manual/assets/simple-pinout-2.png | https://github.com/arduino/docs-content/blob/dab66ecbd6ad52cd742da6c19c5b6330a7f2caae/content/hardware/nano/boards/nano-matter/downloads/ABX00112-full-pinout.pdf
arduino-other-nano-r4,Arduino,Nano R4,Source documentation available; dedicated specs not verified,,https://docs.arduino.cc/hardware/nano-r4/ | https://github.com/arduino/docs-content/blob/dab66ecbd6ad52cd742da6c19c5b6330a7f2caae/content/hardware/nano/boards/nano-r4/product.md | https://github.com/arduino/docs-content/blob/dab66ecbd6ad52cd742da6c19c5b6330a7f2caae/content/hardware/nano/boards/nano-r4/datasheet/assets/ABX00142-pinout.png | https://github.com/arduino/docs-content/blob/dab66ecbd6ad52cd742da6c19c5b6330a7f2caae/content/hardware/nano/boards/nano-r4/tutorials/01.user-manual/assets/simple-pinout.png | https://github.com/arduino/docs-content/blob/dab66ecbd6ad52cd742da6c19c5b6330a7f2caae/content/hardware/nano/boards/nano-r4/downloads/ABX00142-full-pinout.pdf
arduino-other-ng,Arduino,NG,Source documentation available; dedicated specs not verified,,https://docs.arduino.cc/retired/boards/arduino-ng/ | https://github.com/arduino/docs-content/blob/dab66ecbd6ad52cd742da6c19c5b6330a7f2caae/content/retired/01.boards/arduino-ng/content.md
arduino-other-nicla-sense-env,Arduino,Nicla Sense Env,Source documentation available; dedicated specs not verified,,https://docs.arduino.cc/hardware/nicla-sense-env/ | https://github.com/arduino/docs-content/blob/dab66ecbd6ad52cd742da6c19c5b6330a7f2caae/content/hardware/nicla/boards/nicla-sense-env/product.md | https://github.com/arduino/docs-content/blob/dab66ecbd6ad52cd742da6c19c5b6330a7f2caae/content/hardware/nicla/boards/nicla-sense-env/datasheet/assets/Nicla_Sense_Env_Pinout.png | https://github.com/arduino/docs-content/blob/dab66ecbd6ad52cd742da6c19c5b6330a7f2caae/content/hardware/nicla/boards/nicla-sense-env/downloads/ABX00089-full-pinout.pdf
arduino-other-nicla-sense-me,Arduino,Nicla Sense ME,Source documentation available; dedicated specs not verified,,https://docs.arduino.cc/hardware/nicla-sense-me/ | https://github.com/arduino/docs-content/blob/dab66ecbd6ad52cd742da6c19c5b6330a7f2caae/content/hardware/nicla/boards/nicla-sense-me/product.md | https://github.com/arduino/docs-content/blob/dab66ecbd6ad52cd742da6c19c5b6330a7f2caae/content/hardware/nicla/boards/nicla-sense-me/tutorials/cheat-sheet/assets/AKX00050-pinout.png | https://github.com/arduino/docs-content/blob/dab66ecbd6ad52cd742da6c19c5b6330a7f2caae/content/hardware/nicla/boards/nicla-sense-me/tutorials/user-manual/assets/simple-pinout.png | https://github.com/arduino/docs-content/blob/dab66ecbd6ad52cd742da6c19c5b6330a7f2caae/content/hardware/nicla/boards/nicla-sense-me/downloads/ABX00050-full-pinout.pdf
arduino-other-nicla-vision,Arduino,Nicla Vision,Source documentation available; dedicated specs not verified,,https://docs.arduino.cc/hardware/nicla-vision/ | https://github.com/arduino/docs-content/blob/dab66ecbd6ad52cd742da6c19c5b6330a7f2caae/content/hardware/nicla/boards/nicla-vision/product.md | https://github.com/arduino/docs-content/blob/dab66ecbd6ad52cd742da6c19c5b6330a7f2caae/content/hardware/nicla/boards/nicla-vision/tutorials/user-manual/assets/ABX00051-pinout.png | https://github.com/arduino/docs-content/blob/dab66ecbd6ad52cd742da6c19c5b6330a7f2caae/content/hardware/nicla/boards/nicla-vision/downloads/ABX00051-full-pinout.pdf
arduino-other-nicla-voice,Arduino,Nicla Voice,Source documentation available; dedicated specs not verified,,https://docs.arduino.cc/hardware/nicla-voice/ | https://github.com/arduino/docs-content/blob/dab66ecbd6ad52cd742da6c19c5b6330a7f2caae/content/hardware/nicla/boards/nicla-voice/product.md | https://github.com/arduino/docs-content/blob/dab66ecbd6ad52cd742da6c19c5b6330a7f2caae/content/hardware/nicla/boards/nicla-voice/tutorials/user-manual/assets/nicla-voice-pinout.png | https://github.com/arduino/docs-content/blob/dab66ecbd6ad52cd742da6c19c5b6330a7f2caae/content/hardware/nicla/boards/nicla-voice/downloads/ABX00061-full-pinout.pdf
arduino-other-opta,Arduino,Opta,Source documentation available; dedicated specs not verified,,https://docs.arduino.cc/hardware/opta/ | https://github.com/arduino/docs-content/blob/dab66ecbd6ad52cd742da6c19c5b6330a7f2caae/content/hardware/opta/opta-family/opta/product.md | https://github.com/arduino/docs-content/blob/dab66ecbd6ad52cd742da6c19c5b6330a7f2caae/content/hardware/opta/opta-family/opta/downloads/AFX00001-AFX00002-AFX00003-full-pinout.pdf
arduino-other-portenta-c33,Arduino,Portenta C33,Source documentation available; dedicated specs not verified,,https://docs.arduino.cc/hardware/portenta-c33/ | https://github.com/arduino/docs-content/blob/dab66ecbd6ad52cd742da6c19c5b6330a7f2caae/content/hardware/pro/boards/portenta-c33/product.md | https://github.com/arduino/docs-content/blob/dab66ecbd6ad52cd742da6c19c5b6330a7f2caae/content/hardware/pro/boards/portenta-c33/datasheet/assets/Portenta_C33_Pinout_HDC.png | https://github.com/arduino/docs-content/blob/dab66ecbd6ad52cd742da6c19c5b6330a7f2caae/content/hardware/pro/boards/portenta-c33/datasheet/assets/Portenta_C33_Pinout_MKR.png | https://github.com/arduino/docs-content/blob/dab66ecbd6ad52cd742da6c19c5b6330a7f2caae/content/hardware/pro/boards/portenta-c33/tutorials/user-manual/assets/ABX00074-pinout-HDC.png | https://github.com/arduino/docs-content/blob/dab66ecbd6ad52cd742da6c19c5b6330a7f2caae/content/hardware/pro/boards/portenta-c33/tutorials/user-manual/assets/ABX00074-pinout-MKR.png | https://github.com/arduino/docs-content/blob/dab66ecbd6ad52cd742da6c19c5b6330a7f2caae/content/hardware/pro/boards/portenta-c33/downloads/ABX00074-full-pinout.pdf
arduino-other-portenta-h7,Arduino,Portenta H7,Source documentation available; dedicated specs not verified,,https://docs.arduino.cc/hardware/portenta-h7/ | https://github.com/arduino/docs-content/blob/dab66ecbd6ad52cd742da6c19c5b6330a7f2caae/content/hardware/pro/boards/portenta-h7/product.md | https://github.com/arduino/docs-content/blob/dab66ecbd6ad52cd742da6c19c5b6330a7f2caae/content/hardware/pro/boards/portenta-h7/datasheet/assets/portentaH7_PinoutUSB-C.png | https://github.com/arduino/docs-content/blob/dab66ecbd6ad52cd742da6c19c5b6330a7f2caae/content/hardware/pro/boards/portenta-h7/datasheet/assets/portentaH7_higDensity_pinOut.png | https://github.com/arduino/docs-content/blob/dab66ecbd6ad52cd742da6c19c5b6330a7f2caae/content/hardware/pro/boards/portenta-h7/datasheet/assets/portentaH7_mkr_pinouts.png | https://github.com/arduino/docs-content/blob/dab66ecbd6ad52cd742da6c19c5b6330a7f2caae/content/hardware/pro/boards/portenta-h7/tutorials/openmv-cheat-sheet/assets/ABX00042-pinout.png | https://github.com/arduino/docs-content/blob/dab66ecbd6ad52cd742da6c19c5b6330a7f2caae/content/hardware/pro/boards/portenta-h7/downloads/ABX00042-full-pinout.pdf
arduino-other-portenta-h7-lite,Arduino,Portenta H7 Lite,Source documentation available; dedicated specs not verified,,https://docs.arduino.cc/hardware/portenta-h7-lite/ | https://github.com/arduino/docs-content/blob/dab66ecbd6ad52cd742da6c19c5b6330a7f2caae/content/hardware/pro/boards/portenta-h7-lite/product.md | https://github.com/arduino/docs-content/blob/dab66ecbd6ad52cd742da6c19c5b6330a7f2caae/content/hardware/pro/boards/portenta-h7-lite/interactive/ABX00042-pinout.png
arduino-other-portenta-h7-lite-connected,Arduino,Portenta H7 Lite Connected,Source documentation available; dedicated specs not verified,,https://docs.arduino.cc/hardware/portenta-h7-lite-connected/ | https://github.com/arduino/docs-content/blob/dab66ecbd6ad52cd742da6c19c5b6330a7f2caae/content/hardware/pro/boards/portenta-h7-lite-connected/product.md | https://github.com/arduino/docs-content/blob/dab66ecbd6ad52cd742da6c19c5b6330a7f2caae/content/hardware/pro/boards/portenta-h7-lite-connected/interactive/ABX00042-pinout.png
arduino-other-portenta-machine-control,Arduino,Portenta Machine Control,Source documentation available; dedicated specs not verified,,https://docs.arduino.cc/hardware/portenta-machine-control/ | https://github.com/arduino/docs-content/blob/dab66ecbd6ad52cd742da6c19c5b6330a7f2caae/content/hardware/pro-solutions/solutions-and-kits/portenta-machine-control/product.md | https://github.com/arduino/docs-content/blob/dab66ecbd6ad52cd742da6c19c5b6330a7f2caae/content/hardware/pro-solutions/solutions-and-kits/portenta-machine-control/downloads/AKX00032-full-pinout.pdf
arduino-other-portenta-x8,Arduino,Portenta X8,Source documentation available; dedicated specs not verified,,https://docs.arduino.cc/hardware/portenta-x8/ | https://github.com/arduino/docs-content/blob/dab66ecbd6ad52cd742da6c19c5b6330a7f2caae/content/hardware/pro/boards/portenta-x8/product.md | https://github.com/arduino/docs-content/blob/dab66ecbd6ad52cd742da6c19c5b6330a7f2caae/content/hardware/pro/boards/portenta-x8/datasheet/assets/usbCPinout.png | https://github.com/arduino/docs-content/blob/dab66ecbd6ad52cd742da6c19c5b6330a7f2caae/content/hardware/pro/boards/portenta-x8/datasheet/assets/x8HDCPinout.png | https://github.com/arduino/docs-content/blob/dab66ecbd6ad52cd742da6c19c5b6330a7f2caae/content/hardware/pro/boards/portenta-x8/tutorials/01.user-manual/assets/ABX00049-pinout.jpg | https://github.com/arduino/docs-content/blob/dab66ecbd6ad52cd742da6c19c5b6330a7f2caae/content/hardware/pro/boards/portenta-x8/downloads/ABX00049-full-pinout.pdf
arduino-other-primo,Arduino,Primo,Source documentation available; dedicated specs not verified,,https://docs.arduino.cc/retired/boards/arduino-primo/ | https://github.com/arduino/docs-content/blob/dab66ecbd6ad52cd742da6c19c5b6330a7f2caae/content/retired/01.boards/arduino-primo/content.md
arduino-other-primo-core,Arduino,Primo Core,Source documentation available; dedicated specs not verified,,https://docs.arduino.cc/retired/boards/arduino-primo-core/ | https://github.com/arduino/docs-content/blob/dab66ecbd6ad52cd742da6c19c5b6330a7f2caae/content/retired/01.boards/arduino-primo-core/content.md
arduino-other-pro,Arduino,Pro,Source documentation available; dedicated specs not verified,,https://docs.arduino.cc/retired/boards/arduino-pro/ | https://github.com/arduino/docs-content/blob/dab66ecbd6ad52cd742da6c19c5b6330a7f2caae/content/retired/01.boards/arduino-pro/content.md
arduino-other-pro-mini,Arduino,Pro Mini,Source documentation available; dedicated specs not verified,,https://docs.arduino.cc/retired/boards/arduino-pro-mini/ | https://github.com/arduino/docs-content/blob/dab66ecbd6ad52cd742da6c19c5b6330a7f2caae/content/retired/01.boards/arduino-pro-mini/content.md
arduino-other-tian,Arduino,Tian,Source documentation available; dedicated specs not verified,,https://docs.arduino.cc/retired/boards/arduino-tian/ | https://github.com/arduino/docs-content/blob/dab66ecbd6ad52cd742da6c19c5b6330a7f2caae/content/retired/01.boards/arduino-tian/content.md
arduino-other-tre,Arduino,Tre,Source documentation available; dedicated specs not verified,,https://docs.arduino.cc/retired/boards/arduino-tre/ | https://github.com/arduino/docs-content/blob/dab66ecbd6ad52cd742da6c19c5b6330a7f2caae/content/retired/01.boards/arduino-tre/content.md
arduino-other-uno-mini-limited-edition,Arduino,UNO Mini Limited Edition,Source documentation available; dedicated specs not verified,,https://docs.arduino.cc/hardware/uno-mini-limited-edition/ | https://github.com/arduino/docs-content/blob/dab66ecbd6ad52cd742da6c19c5b6330a7f2caae/content/hardware/uno/boards/uno-mini-limited-edition/product.md | https://github.com/arduino/docs-content/blob/dab66ecbd6ad52cd742da6c19c5b6330a7f2caae/content/hardware/uno/boards/uno-mini-limited-edition/datasheet/assets/Pinout_UNOMiniLE_80.png | https://github.com/arduino/docs-content/blob/dab66ecbd6ad52cd742da6c19c5b6330a7f2caae/content/hardware/uno/boards/uno-mini-limited-edition/tutorials/uno-mini-le-guide/assets/ABX00062-pinout.png | https://github.com/arduino/docs-content/blob/dab66ecbd6ad52cd742da6c19c5b6330a7f2caae/content/hardware/uno/boards/uno-mini-limited-edition/downloads/ABX00062-full-pinout.pdf
arduino-other-uno-r3-smd,Arduino,UNO R3 SMD,Source documentation available; dedicated specs not verified,,https://docs.arduino.cc/hardware/uno-rev3-smd/ | https://github.com/arduino/docs-content/blob/dab66ecbd6ad52cd742da6c19c5b6330a7f2caae/content/hardware/uno/boards/uno-rev3-smd/product.md | https://github.com/arduino/docs-content/blob/dab66ecbd6ad52cd742da6c19c5b6330a7f2caae/content/hardware/uno/boards/uno-rev3-smd/downloads/A000073-full-pinout.pdf
arduino-other-uno-r4-minima,Arduino,UNO R4 Minima,Source documentation available; dedicated specs not verified,,https://docs.arduino.cc/hardware/uno-r4-minima/ | https://github.com/arduino/docs-content/blob/dab66ecbd6ad52cd742da6c19c5b6330a7f2caae/content/hardware/uno/boards/uno-r4-minima/product.md | https://github.com/arduino/docs-content/blob/dab66ecbd6ad52cd742da6c19c5b6330a7f2caae/content/hardware/uno/boards/uno-r4-minima/datasheet/assets/ABX00080-pinout.png | https://github.com/arduino/docs-content/blob/dab66ecbd6ad52cd742da6c19c5b6330a7f2caae/content/hardware/uno/boards/uno-r4-minima/tutorials/shield-guide/assets/ABX00080-pinout.png | https://github.com/arduino/docs-content/blob/dab66ecbd6ad52cd742da6c19c5b6330a7f2caae/content/hardware/uno/boards/uno-r4-minima/downloads/ABX00080-full-pinout.pdf
arduino-other-uno-r4-wifi,Arduino,UNO R4 WiFi,Source documentation available; dedicated specs not verified,,https://docs.arduino.cc/hardware/uno-r4-wifi/ | https://github.com/arduino/docs-content/blob/dab66ecbd6ad52cd742da6c19c5b6330a7f2caae/content/hardware/uno/boards/uno-r4-wifi/product.md | https://github.com/arduino/docs-content/blob/dab66ecbd6ad52cd742da6c19c5b6330a7f2caae/content/hardware/uno/boards/uno-r4-wifi/datasheet/assets/ABX00087-pinout.png | https://github.com/arduino/docs-content/blob/dab66ecbd6ad52cd742da6c19c5b6330a7f2caae/content/hardware/uno/boards/uno-r4-wifi/downloads/ABX00087-full-pinout.pdf
arduino-other-uno-rev3-with-long-pins,Arduino,UNO Rev3 with Long Pins,Source documentation available; dedicated specs not verified,,https://docs.arduino.cc/retired/boards/arduino-uno-rev3-with-long-pins/ | https://github.com/arduino/docs-content/blob/dab66ecbd6ad52cd742da6c19c5b6330a7f2caae/content/retired/01.boards/arduino-uno-rev3-with-long-pins/content.md | https://github.com/arduino/docs-content/blob/dab66ecbd6ad52cd742da6c19c5b6330a7f2caae/content/retired/01.boards/arduino-uno-rev3-with-long-pins/assets/Pinout-UNOrev3_latest.png
arduino-other-uno-wifi,Arduino,Uno WiFi,Source documentation available; dedicated specs not verified,,https://docs.arduino.cc/retired/boards/arduino-uno-wifi/ | https://github.com/arduino/docs-content/blob/dab66ecbd6ad52cd742da6c19c5b6330a7f2caae/content/retired/01.boards/arduino-uno-wifi/content.md
arduino-other-uno-wifi-rev2,Arduino,UNO WiFi Rev2,Source documentation available; dedicated specs not verified,,https://docs.arduino.cc/hardware/uno-wifi-rev2/ | https://github.com/arduino/docs-content/blob/dab66ecbd6ad52cd742da6c19c5b6330a7f2caae/content/hardware/uno/boards/uno-wifi-rev2/product.md | https://github.com/arduino/docs-content/blob/dab66ecbd6ad52cd742da6c19c5b6330a7f2caae/content/hardware/uno/boards/uno-wifi-rev2/downloads/ABX00021-full-pinout.pdf
arduino-other-usb,Arduino,USB,Source documentation available; dedicated specs not verified,,https://docs.arduino.cc/retired/boards/arduino-usb/ | https://github.com/arduino/docs-content/blob/dab66ecbd6ad52cd742da6c19c5b6330a7f2caae/content/retired/01.boards/arduino-usb/content.md
arduino-other-ventuno-q,Arduino,VENTUNO Q,Source documentation available; dedicated specs not verified,,https://docs.arduino.cc/hardware/ventuno-q/ | https://github.com/arduino/docs-content/blob/dab66ecbd6ad52cd742da6c19c5b6330a7f2caae/content/hardware/ventuno/boards/ventuno-q/product.md | https://github.com/arduino/docs-content/blob/dab66ecbd6ad52cd742da6c19c5b6330a7f2caae/content/hardware/ventuno/boards/ventuno-q/datasheet/assets/ABX00181_pinout.png | https://github.com/arduino/docs-content/blob/dab66ecbd6ad52cd742da6c19c5b6330a7f2caae/content/hardware/ventuno/boards/ventuno-q/tutorials/first-steps/user-manual/assets/ABX00181_pinout.png | https://github.com/arduino/docs-content/blob/dab66ecbd6ad52cd742da6c19c5b6330a7f2caae/content/hardware/ventuno/boards/ventuno-q/downloads/ABX00181-full-pinout.pdf
arduino-other-y-n,Arduino,Yún,Source documentation available; dedicated specs not verified,,https://docs.arduino.cc/retired/boards/arduino-yun/ | https://github.com/arduino/docs-content/blob/dab66ecbd6ad52cd742da6c19c5b6330a7f2caae/content/retired/01.boards/arduino-yun/content.md
arduino-other-y-n-mini,Arduino,Yún Mini,Source documentation available; dedicated specs not verified,,https://docs.arduino.cc/retired/boards/arduino-yun-mini/ | https://github.com/arduino/docs-content/blob/dab66ecbd6ad52cd742da6c19c5b6330a7f2caae/content/retired/01.boards/arduino-yun-mini/content.md
arduino-other-y-n-rev2,Arduino,Yún Rev2,Source documentation available; dedicated specs not verified,,https://docs.arduino.cc/hardware/yun-rev2/ | https://github.com/arduino/docs-content/blob/dab66ecbd6ad52cd742da6c19c5b6330a7f2caae/content/hardware/hero/boards/yun-rev2/product.md | https://github.com/arduino/docs-content/blob/dab66ecbd6ad52cd742da6c19c5b6330a7f2caae/content/hardware/hero/boards/yun-rev2/downloads/ABX00020-full-pinout.pdf
arduino-other-y-n-with-poe,Arduino,Yún with PoE,Source documentation available; dedicated specs not verified,,https://docs.arduino.cc/retired/boards/arduino-yun-with-poe/ | https://github.com/arduino/docs-content/blob/dab66ecbd6ad52cd742da6c19c5b6330a7f2caae/content/retired/01.boards/arduino-yun-with-poe/content.md
arduino-other-zero,Arduino,Zero,Source documentation available; dedicated specs not verified,,https://docs.arduino.cc/hardware/zero/ | https://github.com/arduino/docs-content/blob/dab66ecbd6ad52cd742da6c19c5b6330a7f2caae/content/hardware/hero/boards/zero/product.md | https://github.com/arduino/docs-content/blob/dab66ecbd6ad52cd742da6c19c5b6330a7f2caae/content/hardware/hero/boards/zero/downloads/ABX00003-full-pinout.pdf
beagleboard-org-other-beagleconnect-freedom,BeagleBoard.org,BeagleConnect Freedom,Source documentation available; dedicated specs not verified,,https://github.com/beagleboard/docs.beagleboard.io/blob/16fe321218239da46f68cc6688347deddd044181/boards/beagleconnect/freedom/demos-and-tutorials/images/BeagleConnectFreedom-Back-Annotated-Arduino-Pinout.png | https://github.com/beagleboard/docs.beagleboard.io/blob/16fe321218239da46f68cc6688347deddd044181/boards/beagleconnect/freedom/demos-and-tutorials/images/BeagleConnectFreedom-Front-Annotated-Arduino-Pinout.png
generic-manufacturer-unconfirmed-other-stm32f103c6t6-blue-pill,Generic - manufacturer unconfirmed,STM32F103C6T6 Blue Pill,Source documentation available; dedicated specs not verified,,https://mischianti.org/stm32f103c6t6-high-resolution-pinout-and-specs/
generic-manufacturer-unconfirmed-other-stm32f103c8t6-blue-pill,Generic - manufacturer unconfirmed,STM32F103C8T6 Blue Pill,Source documentation available; dedicated specs not verified,,https://mischianti.org/stm32f103c8t6-blue-pill-high-resolution-pinout-and-specs/
heltec-other-cubecell-capsule,Heltec,CubeCell Capsule,Source documentation available; dedicated specs not verified,,https://resource.heltec.cn/download/CubeCell/Capsule
heltec-other-cubecell-htcc-ab01,Heltec,CubeCell HTCC-AB01,Source documentation available; dedicated specs not verified,,https://resource.heltec.cn/download/CubeCell/HTCC-AB01
heltec-other-cubecell-htcc-ab01-v2,Heltec,CubeCell HTCC-AB01 V2,Source documentation available; dedicated specs not verified,,https://resource.heltec.cn/download/CubeCell/HTCC-AB01_V2
heltec-other-cubecell-htcc-ab02,Heltec,CubeCell HTCC-AB02,Source documentation available; dedicated specs not verified,,https://resource.heltec.cn/download/CubeCell/HTCC-AB02
heltec-other-cubecell-htcc-ab02a,Heltec,CubeCell HTCC-AB02A,Source documentation available; dedicated specs not verified,,https://resource.heltec.cn/download/CubeCell/HTCC-AB02A
heltec-other-cubecell-htcc-ab02s,Heltec,CubeCell HTCC-AB02S,Source documentation available; dedicated specs not verified,,https://resource.heltec.cn/download/CubeCell/HTCC-AB02S
heltec-other-cubecell-htcc-am01-module-board,Heltec,CubeCell HTCC-AM01 Module Board,Source documentation available; dedicated specs not verified,,https://resource.heltec.cn/download/CubeCell/HTCC-AM01_Module
heltec-other-cubecell-htcc-am01-v2,Heltec,CubeCell HTCC-AM01 V2,Source documentation available; dedicated specs not verified,,https://resource.heltec.cn/download/CubeCell/HTCC-AM01_V2
heltec-other-cubecell-htcc-am02-module-board,Heltec,CubeCell HTCC-AM02 Module Board,Source documentation available; dedicated specs not verified,,https://resource.heltec.cn/download/CubeCell/HTCC-AM02_Module
heltec-other-lora-kit-151,Heltec,LoRa Kit 151,Source documentation available; dedicated specs not verified,,https://resource.heltec.cn/download/LoRa_Kit_151
heltec-other-lora-node-151,Heltec,LoRa Node 151,Source documentation available; dedicated specs not verified,,https://resource.heltec.cn/download/LoRa_Node_151
heltec-other-mesh-node-t114,Heltec,Mesh Node T114,Source documentation available; dedicated specs not verified,,https://resource.heltec.cn/download/Mesh_Node_T114
heltec-other-meshsolar,Heltec,MeshSolar,Source documentation available; dedicated specs not verified,,https://resource.heltec.cn/download/MeshSolar/Pin_map
lilygo-other-t-bhi260ap,LILYGO,T-BHI260AP,Source documentation available; dedicated specs not verified,,https://wiki.lilygo.cc/products/other/t-bhi260ap/
lilygo-other-t-display-k230,LILYGO,T-Display K230,Source documentation available; dedicated specs not verified,,https://wiki.lilygo.cc/products/t-display-series/t-display-k230/
lilygo-other-t-display-k230-cased-version,LILYGO,T-Display K230 Cased Version,Source documentation available; dedicated specs not verified,,https://wiki.lilygo.cc/products/t-display-series/t-display-k230/cased-version.html
lilygo-other-t-display-sf32,LILYGO,T-Display SF32,Source documentation available; dedicated specs not verified,,https://wiki.lilygo.cc/products/t-display-series/t-display-sf32/
lilygo-other-t-echo-card,LILYGO,T-Echo Card,Source documentation available; dedicated specs not verified,,https://wiki.lilygo.cc/products/t-echo-series/t-echo-card/
lilygo-other-t-echo-lite-kit,LILYGO,T-Echo Lite Kit,Source documentation available; dedicated specs not verified,,https://wiki.lilygo.cc/products/t-echo-series/t-echo-lite-kit/
lilygo-other-t-echo-plus,LILYGO,T-Echo-Plus,Source documentation available; dedicated specs not verified,,https://wiki.lilygo.cc/products/t-echo-series/t-echo-plus/
lilygo-other-t-halow-rj45,LILYGO,T-Halow RJ45,Source documentation available; dedicated specs not verified,,https://wiki.lilygo.cc/products/t-halow-series/t-halow-rj45/
lilygo-other-t-impulse-plus,LILYGO,T-Impulse Plus,Source documentation available; dedicated specs not verified,,https://wiki.lilygo.cc/products/t-impulse-series/t-impulse-plus/
lilygo-other-t-motion-v1-0,LILYGO,T-Motion V1.0,Source documentation available; dedicated specs not verified,,https://github.com/Xinyuan-LilyGO/LilyGo-LoRa-Series/blob/5e2da3f519a25e91b9b14c3071e36a568bbd949d/assets/image/t-motion_v1.0_pinmap.jpg | https://github.com/Xinyuan-LilyGO/LilyGO-T-Motion/blob/df43b537b453441e3d68071aebcd4928436562dd/Image/1.jpg
lilygo-other-t-pcie-sim7600e,LILYGO,T-PCIE SIM7600E,Source documentation available; dedicated specs not verified,,https://wiki.lilygo.cc/products/t-sim-series/sim7600e/
lilygo-other-t-radar,LILYGO,T-Radar,Source documentation available; dedicated specs not verified,,https://wiki.lilygo.cc/products/other/t-radar/
lilygo-other-t3-stm32,LILYGO,T3-STM32,Source documentation available; dedicated specs not verified,,https://wiki.lilygo.cc/products/t3-series/t3-stm32/
luckfox-other-aura,Luckfox,Luckfox Aura,Source documentation available; dedicated specs not verified,,https://www.waveshare.com/luckfox-aura.htm
luckfox-other-lume,Luckfox,Luckfox Lume,Source documentation available; dedicated specs not verified,,https://www.waveshare.com/luckfox-lume.htm
luckfox-other-lyra,Luckfox,Luckfox Lyra,Source documentation available; dedicated specs not verified,,https://www.waveshare.com/luckfox-lyra.htm
luckfox-other-lyra-pi,Luckfox,Luckfox Lyra Pi,Source documentation available; dedicated specs not verified,,https://www.waveshare.com/luckfox-lyra-pi.htm
luckfox-other-lyra-plus,Luckfox,Luckfox Lyra Plus,Source documentation available; dedicated specs not verified,,https://www.waveshare.com/luckfox-lyra-plus.htm
luckfox-other-lyra-ultra,Luckfox,Luckfox Lyra Ultra,Source documentation available; dedicated specs not verified,,https://www.waveshare.com/luckfox-lyra-ultra.htm
luckfox-other-lyra-zero-w,Luckfox,Luckfox Lyra Zero W,Source documentation available; dedicated specs not verified,,https://www.waveshare.com/luckfox-lyra-zero-w.htm
luckfox-other-nova,Luckfox,Luckfox Nova,Source documentation available; dedicated specs not verified,,https://www.waveshare.com/luckfox-nova.htm
luckfox-other-omni3576,Luckfox,Luckfox Omni3576,Source documentation available; dedicated specs not verified,,https://www.waveshare.com/luckfox-omni3576.htm
luckfox-other-pico,Luckfox,Luckfox Pico,Source documentation available; dedicated specs not verified,,https://www.waveshare.com/luckfox-pico.htm
luckfox-other-pico-86-panel,Luckfox,Luckfox Pico 86 Panel,Source documentation available; dedicated specs not verified,,https://www.waveshare.com/luckfox-pico-86-panel.htm
luckfox-other-pico-mini,Luckfox,Luckfox Pico Mini,Source documentation available; dedicated specs not verified,,https://www.waveshare.com/luckfox-pico-min.htm
luckfox-other-pico-pi,Luckfox,Luckfox Pico Pi,Source documentation available; dedicated specs not verified,,https://www.waveshare.com/luckfox-pico-pi.htm
luckfox-other-pico-plus,Luckfox,Luckfox Pico Plus,Source documentation available; dedicated specs not verified,,https://www.waveshare.com/luckfox-pico-plus.htm
luckfox-other-pico-pro,Luckfox,Luckfox Pico Pro,Source documentation available; dedicated specs not verified,,https://www.waveshare.com/luckfox-pico-pro.htm
luckfox-other-pico-ultra,Luckfox,Luckfox Pico Ultra,Source documentation available; dedicated specs not verified,,https://www.waveshare.com/luckfox-pico-ultra.htm
luckfox-other-pico-zero,Luckfox,Luckfox Pico Zero,Source documentation available; dedicated specs not verified,,https://www.waveshare.com/luckfox-pico-zero.htm
luckfox-other-webbee,Luckfox,Luckfox WebBee,Source documentation available; dedicated specs not verified,,https://www.waveshare.com/luckfox-webbee.htm
micro-bit-educational-foundation-other-micro-bit,micro-bit Educational Foundation,Micro:bit,Source documentation available; dedicated specs not verified,,https://www.waveshare.com/micro-bit.htm | https://www.waveshare.com/wiki/Micro:bit
micro-bit-educational-foundation-other-micro-bit-v2,micro-bit Educational Foundation,Micro:bit V2,Source documentation available; dedicated specs not verified,,https://tech.microbit.org/hardware/edgeconnector/ | https://www.waveshare.com/wiki/Micro:bit_V2 | https://www.waveshare.com/micro-bit-v2.htm
nologo-other-arduino-nano,Nologo,Arduino Nano,Source documentation available; dedicated specs not verified,,https://www.nologo.tech/product/arduino/arduinoNano.html
nologo-other-arduino-nano33ble,Nologo,Arduino Nano33BLE,Source documentation available; dedicated specs not verified,,https://www.nologo.tech/product/arduino/arduinoNano33Ble.html
nologo-other-arduino-promicro,Nologo,Arduino ProMicro,Source documentation available; dedicated specs not verified,,https://www.nologo.tech/product/arduino/arduinoPromicro.html
nologo-other-arduino-promini,Nologo,Arduino ProMini,Source documentation available; dedicated specs not verified,,https://www.nologo.tech/product/arduino/arduinoProMini.html
nologo-other-arduino-uno,Nologo,Arduino Uno,Source documentation available; dedicated specs not verified,,https://www.nologo.tech/product/arduino/arduinoUno.html
nologo-other-arduino-uno-r4-minima,Nologo,Arduino Uno R4 MINIMA,Source documentation available; dedicated specs not verified,,https://www.nologo.tech/product/arduino/arduinoUnoR4MINIMA.html
nologo-other-arduino-uno-r4-wifi,Nologo,Arduino Uno R4 WIFI,Source documentation available; dedicated specs not verified,,https://www.nologo.tech/product/arduino/ArduinoUnoR4WIFI.html
nologo-other-arduino-unopro2m,Nologo,Arduino UnoPro2M,Source documentation available; dedicated specs not verified,,https://www.nologo.tech/product/arduino/arduinoUnoPro2M.html
nologo-other-arduino-unopro4m,Nologo,Arduino UnoPro4M,Source documentation available; dedicated specs not verified,,https://www.nologo.tech/product/arduino/arduinoUnoPro4M.html
nologo-other-ch32v003,Nologo,CH32V003,Source documentation available; dedicated specs not verified,,https://www.nologo.tech/product/otherboard/CH32V003.html
nologo-other-ch552t,Nologo,CH552T,Source documentation available; dedicated specs not verified,,https://www.nologo.tech/product/otherboard/CH552T.html
nologo-other-ch571f,Nologo,CH571F,Source documentation available; dedicated specs not verified,,https://www.nologo.tech/product/otherboard/CH571F.html
nologo-other-ch573f,Nologo,CH573F,Source documentation available; dedicated specs not verified,,https://www.nologo.tech/product/otherboard/CH573F.html
nologo-other-ch582f,Nologo,CH582F,Source documentation available; dedicated specs not verified,,https://www.nologo.tech/product/otherboard/CH582F.html
nologo-other-promicro-nrf52840-formerly-supermini,Nologo,ProMicro NRF52840 (formerly SuperMini),Source documentation available; dedicated specs not verified,,https://www.nologo.tech/product/otherboard/NRF52840.html
nologo-other-stm32f103c6t6,Nologo,STM32F103C6T6,Source documentation available; dedicated specs not verified,,https://www.nologo.tech/product/stm32/stm32f103c6t6.html
nologo-other-stm32f103c8t6,Nologo,STM32F103C8T6,Source documentation available; dedicated specs not verified,,https://www.nologo.tech/product/stm32/stm32f103c8t6.html
nologo-other-stm32f103c8t6-c6t60-96tft,Nologo,STM32F103C8T6-C6T60.96TFT,Source documentation available; dedicated specs not verified,,https://www.nologo.tech/product/stm32/STM32F103C8T6-C6T60.96TFT/
nologo-other-stm32f411ceu6,Nologo,STM32F411CEU6,Source documentation available; dedicated specs not verified,,https://www.nologo.tech/product/stm32/stm32f411ceu6.html
nologo-other-super-nrf52840,Nologo,Super nRF52840,Source documentation available; dedicated specs not verified,,https://www.nologo.tech/product/keyboard/keyboard_controll/super52840/super528401.html | https://www.nologo.tech/product/keyboard/keyboard_controll/super52840/
nologo-other-supermini-nano328p,Nologo,SuperMini Nano328P,Source documentation available; dedicated specs not verified,,https://www.nologo.tech/product/arduino/superminiNano328P.html
nvidia-other-jetson-agx-orin-developer-kit,NVIDIA,Jetson AGX Orin Developer Kit,Source documentation available; dedicated specs not verified,,https://www.waveshare.com/wiki/Jetson_AGX_Orin_Developer_Kit
nvidia-other-jetson-agx-thor-developer-kit,NVIDIA,Jetson AGX Thor Developer Kit,Source documentation available; dedicated specs not verified,,https://www.waveshare.com/wiki/Jetson_AGX_Thor_Developer_Kit
nvidia-other-jetson-agx-xavier-developer-kit,NVIDIA,Jetson AGX Xavier Developer Kit,Source documentation available; dedicated specs not verified,,https://www.waveshare.com/wiki/Jetson_AGX_Xavier_Developer_Kit
nvidia-other-jetson-nano-2gb-developer-kit,NVIDIA,Jetson Nano 2GB Developer Kit,Source documentation available; dedicated specs not verified,,https://www.waveshare.com/wiki/Jetson_Nano_2GB_Developer_Kit
nvidia-other-jetson-nano-developer-kit,NVIDIA,Jetson Nano Developer Kit,Source documentation available; dedicated specs not verified,,https://www.waveshare.com/wiki/Jetson_Nano_Developer_Kit
nvidia-other-jetson-orin-nano-developer-kit,NVIDIA,Jetson Orin Nano Developer Kit,Source documentation available; dedicated specs not verified,,https://www.waveshare.com/wiki/Jetson_Orin_Nano_Developer_Kit
nvidia-other-jetson-xavier-nx-developer-kit,NVIDIA,Jetson Xavier NX Developer Kit,Source documentation available; dedicated specs not verified,,https://www.waveshare.com/wiki/Jetson_Xavier_NX_Developer_Kit
rakwireless-other-bastwan,RAKwireless,BastWAN,Source documentation available; dedicated specs not verified,,https://docs.rakwireless.com/product-categories/wisduo/bastwan/datasheet/
rakwireless-other-rak11720-module,RAKwireless,RAK11720-Module,Source documentation available; dedicated specs not verified,,https://docs.rakwireless.com/product-categories/wisduo/rak11720-module/datasheet/
rakwireless-other-rak11721-breakout-board,RAKwireless,RAK11721-Breakout-Board,Source documentation available; dedicated specs not verified,,https://docs.rakwireless.com/product-categories/wisduo/rak11721-breakout-board/datasheet/
rakwireless-other-rak11722,RAKwireless,RAK11722,Source documentation available; dedicated specs not verified,,https://docs.rakwireless.com/product-categories/wisblock/rak11722/datasheet/
rakwireless-other-rak3172-evaluation-board,RAKwireless,RAK3172-Evaluation-Board,Source documentation available; dedicated specs not verified,,https://docs.rakwireless.com/product-categories/wisduo/rak3172-evaluation-board/datasheet/
rakwireless-other-rak3172-module,RAKwireless,RAK3172-Module,Source documentation available; dedicated specs not verified,,https://docs.rakwireless.com/product-categories/wisduo/rak3172-module/datasheet/
rakwireless-other-rak3272-sip-breakout-board,RAKwireless,RAK3272-SiP-Breakout-Board,Source documentation available; dedicated specs not verified,,https://docs.rakwireless.com/product-categories/wisduo/rak3272-sip-breakout-board/datasheet/
rakwireless-other-rak3272s-breakout-board,RAKwireless,RAK3272S-Breakout-Board,Source documentation available; dedicated specs not verified,,https://docs.rakwireless.com/product-categories/wisduo/rak3272s-breakout-board/datasheet/
rakwireless-other-rak3372,RAKwireless,RAK3372,Source documentation available; dedicated specs not verified,,https://docs.rakwireless.com/product-categories/wisblock/rak3372/datasheet/
rakwireless-other-rak4200-breakout-board,RAKwireless,RAK4200-Breakout-Board,Source documentation available; dedicated specs not verified,,https://docs.rakwireless.com/product-categories/wisduo/rak4200-breakout-board/datasheet/
rakwireless-other-rak4200-evaluation-board,RAKwireless,RAK4200-Evaluation-Board,Source documentation available; dedicated specs not verified,,https://docs.rakwireless.com/product-categories/wisduo/rak4200-evaluation-board/datasheet/
rakwireless-other-rak4200-module,RAKwireless,RAK4200-Module,Source documentation available; dedicated specs not verified,,https://docs.rakwireless.com/product-categories/wisduo/rak4200-module/datasheet/
rakwireless-other-rak4260-breakout-board,RAKwireless,RAK4260-Breakout-Board,Source documentation available; dedicated specs not verified,,https://docs.rakwireless.com/product-categories/wisduo/rak4260-breakout-board/datasheet/
rakwireless-other-rak4260-evaluation-board,RAKwireless,RAK4260-Evaluation-Board,Source documentation available; dedicated specs not verified,,https://docs.rakwireless.com/product-categories/wisduo/rak4260-evaluation-board/datasheet/
rakwireless-other-rak4260-module,RAKwireless,RAK4260-Module,Source documentation available; dedicated specs not verified,,https://docs.rakwireless.com/product-categories/wisduo/rak4260-module/datasheet/
rakwireless-other-rak4270-breakout-board,RAKwireless,RAK4270-Breakout-Board,Source documentation available; dedicated specs not verified,,https://docs.rakwireless.com/product-categories/wisduo/rak4270-breakout-board/datasheet/
rakwireless-other-rak4270-module,RAKwireless,RAK4270-Module,Source documentation available; dedicated specs not verified,,https://docs.rakwireless.com/product-categories/wisduo/rak4270-module/datasheet/
rakwireless-other-rak4600-breakout-board,RAKwireless,RAK4600-Breakout-Board,Source documentation available; dedicated specs not verified,,https://docs.rakwireless.com/product-categories/wisduo/rak4600-breakout-board/datasheet/
rakwireless-other-rak4600-evaluation-board,RAKwireless,RAK4600-Evaluation-Board,Source documentation available; dedicated specs not verified,,https://docs.rakwireless.com/product-categories/wisduo/rak4600-evaluation-board/datasheet/
rakwireless-other-rak4600-module,RAKwireless,RAK4600-Module,Source documentation available; dedicated specs not verified,,https://docs.rakwireless.com/product-categories/wisduo/rak4600-module/datasheet/
rakwireless-other-rak4630-module,RAKwireless,RAK4630-Module,Source documentation available; dedicated specs not verified,,https://docs.rakwireless.com/product-categories/wisduo/rak4630-module/datasheet/
rakwireless-other-rak4631,RAKwireless,RAK4631,Source documentation available; dedicated specs not verified,,https://docs.rakwireless.com/product-categories/wisblock/rak4631/datasheet/
rakwireless-other-rak811-breakout-board,RAKwireless,RAK811-Breakout-Board,Source documentation available; dedicated specs not verified,,https://docs.rakwireless.com/product-categories/wisduo/rak811-breakout-board/datasheet/
rakwireless-other-rak811-breakout-board-high-rf,RAKwireless,RAK811-Breakout-Board High RF,Source documentation available; dedicated specs not verified,,https://docs.rakwireless.com/product-categories/wisduo/rak811-breakout-board/datasheet/
rakwireless-other-rak811-breakout-board-low-rf,RAKwireless,RAK811-Breakout-Board Low RF,Source documentation available; dedicated specs not verified,,https://docs.rakwireless.com/product-categories/wisduo/rak811-breakout-board/datasheet/
rakwireless-other-rak811-module,RAKwireless,RAK811-Module,Source documentation available; dedicated specs not verified,,https://docs.rakwireless.com/product-categories/wisduo/rak811-module/datasheet/
rakwireless-other-rak811-module-high-rf,RAKwireless,RAK811-Module High RF,Source documentation available; dedicated specs not verified,,https://docs.rakwireless.com/product-categories/wisduo/rak811-module/datasheet/
rakwireless-other-rak811-module-low-rf,RAKwireless,RAK811-Module Low RF,Source documentation available; dedicated specs not verified,,https://docs.rakwireless.com/product-categories/wisduo/rak811-module/datasheet/
rakwireless-other-rak813-module,RAKwireless,RAK813-Module,Source documentation available; dedicated specs not verified,,https://docs.rakwireless.com/product-categories/wisduo/rak813-module/datasheet/
rakwireless-other-wismesh-base,RAKwireless,WisMesh-Base,Source documentation available; dedicated specs not verified,,https://docs.rakwireless.com/product-categories/meshtastic/wismesh-base/datasheet/
seeed-studio-other-air602-wifi-development-board,Seeed Studio,Air602 WiFi Development Board,Source documentation available; dedicated specs not verified,,https://wiki.seeedstudio.com/Air602_WiFi_Development_Board/
seeed-studio-other-arch-ble,Seeed Studio,Arch BLE,Source documentation available; dedicated specs not verified,,https://wiki.seeedstudio.com/Arch_BLE/
seeed-studio-other-arch-gprs-v2,Seeed Studio,Arch GPRS V2,Source documentation available; dedicated specs not verified,,https://wiki.seeedstudio.com/Arch_GPRS_V2/
seeed-studio-other-arch-link,Seeed Studio,Arch Link,Source documentation available; dedicated specs not verified,,https://wiki.seeedstudio.com/Arch_Link/
seeed-studio-other-arch-max,Seeed Studio,Arch Max,Source documentation available; dedicated specs not verified,,https://wiki.seeedstudio.com/Arch_Max/
seeed-studio-other-arch-max-v1-1,Seeed Studio,Arch Max V1.1,Source documentation available; dedicated specs not verified,,https://wiki.seeedstudio.com/Arch_Max_v1.1/
seeed-studio-other-arch-mix,Seeed Studio,Arch Mix,Source documentation available; dedicated specs not verified,,https://wiki.seeedstudio.com/Arch_Mix/
seeed-studio-other-arch-pro,Seeed Studio,Arch Pro,Source documentation available; dedicated specs not verified,,https://wiki.seeedstudio.com/Arch_Pro/
seeed-studio-other-arch-v1-1,Seeed Studio,Arch V1.1,Source documentation available; dedicated specs not verified,,https://wiki.seeedstudio.com/Arch_V1.1/
seeed-studio-other-azure-sphere-mt3620-development-kit,Seeed Studio,Azure Sphere MT3620 Development Kit,Source documentation available; dedicated specs not verified,,https://wiki.seeedstudio.com/MT3620_Ethernet_Shield_v1.0/ | https://wiki.seeedstudio.com/Azure_Sphere_MT3620_Development_Kit/
seeed-studio-other-ble-dual-bee-v1-0,Seeed Studio,BLE (Dual) Bee V1.0,Source documentation available; dedicated specs not verified,,https://wiki.seeedstudio.com/BLE_dual_Bee_v1.0/
seeed-studio-other-ble-bee,Seeed Studio,BLE Bee,Source documentation available; dedicated specs not verified,,https://wiki.seeedstudio.com/BLE_Bee/
seeed-studio-other-ble-carbon,Seeed Studio,BLE Carbon,Source documentation available; dedicated specs not verified,,https://wiki.seeedstudio.com/BLE_Carbon/
seeed-studio-other-ble-micro,Seeed Studio,BLE Micro,Source documentation available; dedicated specs not verified,,https://wiki.seeedstudio.com/BLE_Micro/
seeed-studio-other-ble-nitrogen,Seeed Studio,BLE Nitrogen,Source documentation available; dedicated specs not verified,,https://wiki.seeedstudio.com/BLE_Nitrogen/
seeed-studio-other-cui32stem,Seeed Studio,CUI32Stem,Source documentation available; dedicated specs not verified,,https://wiki.seeedstudio.com/CUI32Stem/
seeed-studio-other-gd32-risc-v-dev-board,Seeed Studio,GD32 RISC-V Dev Board,Source documentation available; dedicated specs not verified,,https://wiki.seeedstudio.com/SeeedStudio-GD32-RISC-V-Dev-Board/
seeed-studio-other-mt3620-mini-dev-board,Seeed Studio,MT3620 Mini Dev Board,Source documentation available; dedicated specs not verified,,https://wiki.seeedstudio.com/MT3620_Mini_Dev_Board/
seeed-studio-other-rephone-core-2g-atmelsamd21,Seeed Studio,RePhone Core 2G-AtmelSAMD21,Source documentation available; dedicated specs not verified,, | https://wiki.seeedstudio.com/Rephone_core_2G-AtmelSAMD21/
seeed-studio-other-rephone-strap-kit-for-pebble,Seeed Studio,RePhone Strap Kit for Pebble,Source documentation available; dedicated specs not verified,,https://wiki.seeedstudio.com/RePhone_Strap_Kit_for_Pebble/
seeed-studio-other-rfbee-v1-1,Seeed Studio,RFbee V1.1,Source documentation available; dedicated specs not verified,,https://wiki.seeedstudio.com/RFbee_V1.1-Wireless_Arduino_compatible_node/
seeed-studio-other-seeeduino-arch,Seeed Studio,Seeeduino Arch,Source documentation available; dedicated specs not verified,,https://wiki.seeedstudio.com/Seeeduino_Arch/
seeed-studio-other-seeeduino-cortex-m0,Seeed Studio,Seeeduino Cortex-M0+,Source documentation available; dedicated specs not verified,,https://wiki.seeedstudio.com/Seeeduino-Cortex-M0/
seeed-studio-other-seeeduino-lotus-cortex-m0,Seeed Studio,Seeeduino Lotus Cortex-M0+,Source documentation available; dedicated specs not verified,,https://wiki.seeedstudio.com/Seeeduino_Lotus_Cortex-M0-/
seeed-studio-other-seeeduino-stalker,Seeed Studio,Seeeduino Stalker,Source documentation available; dedicated specs not verified,,https://wiki.seeedstudio.com/Seeeduino_Stalker/
seeed-studio-other-seeeduino-stalker-v3-1,Seeed Studio,Seeeduino Stalker V3.1,Source documentation available; dedicated specs not verified,,https://wiki.seeedstudio.com/Seeeduino_Stalker_V3.1/
seeed-studio-other-seeeduino-v2,Seeed Studio,Seeeduino V2,Source documentation available; dedicated specs not verified,,https://wiki.seeedstudio.com/Seeeduino/
seeed-studio-other-seeeduino-v2-2,Seeed Studio,Seeeduino V2.2,Source documentation available; dedicated specs not verified,,https://wiki.seeedstudio.com/Seeeduino_V2.2/
seeed-studio-other-seeeduino-v2-2-atmega168p,Seeed Studio,Seeeduino V2.2 (ATmega168P),Source documentation available; dedicated specs not verified,,https://wiki.seeedstudio.com/Seeeduino_V2.2/
seeed-studio-other-seeeduino-v2-21,Seeed Studio,Seeeduino V2.21,Source documentation available; dedicated specs not verified,,https://wiki.seeedstudio.com/Seeeduino_v2.21/
seeed-studio-other-seeeduino-v3-0,Seeed Studio,Seeeduino V3.0,Source documentation available; dedicated specs not verified,,https://wiki.seeedstudio.com/Seeeduino/ | https://wiki.seeedstudio.com/Seeeduino_v3.0/
seeed-studio-other-seeeduino-v4,Seeed Studio,Seeeduino V4,Source documentation available; dedicated specs not verified,,https://wiki.seeedstudio.com/Seeeduino/
seeed-studio-other-seeeduino-v4-2,Seeed Studio,Seeeduino V4.2,Source documentation available; dedicated specs not verified,,https://wiki.seeedstudio.com/Seeeduino/
seeed-studio-other-semtech-lr2021-lora-plus-evaluation-kit,Seeed Studio,Semtech LR2021 LoRa Plus Evaluation Kit,Source documentation available; dedicated specs not verified,,https://wiki.seeedstudio.com/semtech_lr2021_evk_getting_started/
seeed-studio-other-tiny-ble,Seeed Studio,Tiny BLE,Source documentation available; dedicated specs not verified,,https://wiki.seeedstudio.com/Tiny_BLE/
seeed-studio-other-w600-module,Seeed Studio,W600 Module,Source documentation available; dedicated specs not verified,,https://wiki.seeedstudio.com/W600_Module/
seeed-studio-other-wio-tracker-1110-dev-board,Seeed Studio,Wio Tracker 1110 Dev Board,Source documentation available; dedicated specs not verified,,https://wiki.seeedstudio.com/development_tutorial_for_Wio-trakcer/
seeed-studio-other-wio-tracker-1110-dev-kit-for-meshtastic,Seeed Studio,Wio Tracker 1110 Dev Kit for Meshtastic,Source documentation available; dedicated specs not verified,,https://wiki.seeedstudio.com/development_tutorial_for_Wio-trakcer/
seeed-studio-other-wio-e5-development-kit,Seeed Studio,Wio-E5 Development Kit,Source documentation available; dedicated specs not verified,,https://wiki.seeedstudio.com/LoRa_E5_Dev_Board/
seeed-studio-other-wio-e5-mini,Seeed Studio,Wio-E5 mini,Source documentation available; dedicated specs not verified,,https://wiki.seeedstudio.com/LoRa_E5_mini/
seeed-studio-other-wio-e5-stm32wle5jc-module,Seeed Studio,Wio-E5 STM32WLE5JC Module,Source documentation available; dedicated specs not verified,,https://wiki.seeedstudio.com/LoRa-E5_STM32WLE5JC_Module/
seeed-studio-other-wio-s3-wireless-module,Seeed Studio,Wio-S3 Wireless Module,Source documentation available; dedicated specs not verified,,https://wiki.seeedstudio.com/wio-s3_wireless_module_introduction/
seeed-studio-other-wio-wm1110-dev-kit,Seeed Studio,Wio-WM1110 Dev Kit,Source documentation available; dedicated specs not verified,,https://wiki.seeedstudio.com/Wio-WM1110_Dev_Kit_Hardware_Overview/ | https://wiki.seeedstudio.com/Get_Started_with_Wio-WM1110_Dev_Kit/
seeed-studio-other-xiao-mg24,Seeed Studio,XIAO MG24,Source documentation available; dedicated specs not verified,,https://wiki.seeedstudio.com/xiao_mg24_getting_started/
seeed-studio-other-xiao-mg24-sense,Seeed Studio,XIAO MG24 Sense,Source documentation available; dedicated specs not verified,,https://wiki.seeedstudio.com/xiao_mg24_getting_started/
seeed-studio-other-xiao-nrf52840,Seeed Studio,XIAO nRF52840,Source documentation available; dedicated specs not verified,,https://wiki.seeedstudio.com/XIAO_BLE/
seeed-studio-other-xiao-nrf52840-wio-sx1262-kit,Seeed Studio,XIAO nRF52840 & Wio-SX1262 Kit,Source documentation available; dedicated specs not verified,,https://wiki.seeedstudio.com/xiao_nrf52840&_wio_SX1262_kit_for_meshtastic/
seeed-studio-other-xiao-nrf52840-plus,Seeed Studio,XIAO nRF52840 Plus,Source documentation available; dedicated specs not verified,,https://wiki.seeedstudio.com/XIAO_BLE/
seeed-studio-other-xiao-nrf52840-sense,Seeed Studio,XIAO nRF52840 Sense,Source documentation available; dedicated specs not verified,,https://wiki.seeedstudio.com/XIAO_BLE/ | https://wiki.seeedstudio.com/XIAO-nRF52840-Zephyr-RTOS/
seeed-studio-other-xiao-nrf52840-sense-plus,Seeed Studio,XIAO nRF52840 Sense Plus,Source documentation available; dedicated specs not verified,,https://wiki.seeedstudio.com/XIAO_BLE/
seeed-studio-other-xiao-nrf54l15,Seeed Studio,XIAO nRF54L15,Source documentation available; dedicated specs not verified,,https://wiki.seeedstudio.com/xiao_nrf54l15_sense_getting_started/
seeed-studio-other-xiao-nrf54l15-sense,Seeed Studio,XIAO nRF54L15 Sense,Source documentation available; dedicated specs not verified,,https://wiki.seeedstudio.com/xiao_nrf54l15_sense_getting_started/
seeed-studio-other-xiao-nrf54lm20a,Seeed Studio,XIAO nRF54LM20A,Source documentation available; dedicated specs not verified,,https://wiki.seeedstudio.com/xiao_nrf54lm20a_getting_started/
seeed-studio-other-xiao-nrf54lm20a-sense,Seeed Studio,XIAO nRF54LM20A Sense,Source documentation available; dedicated specs not verified,,https://wiki.seeedstudio.com/xiao_nrf54lm20a_getting_started/
seeed-studio-other-xiao-ra4m1,Seeed Studio,XIAO RA4M1,Source documentation available; dedicated specs not verified,,https://wiki.seeedstudio.com/getting_started_xiao_ra4m1/
seeed-studio-other-xiao-samd21,Seeed Studio,XIAO SAMD21,Source documentation available; dedicated specs not verified,,https://wiki.seeedstudio.com/Seeeduino-XIAO/ | https://wiki.seeedstudio.com/XIAO-SAMD21-Zephyr-RTOS/ | https://wiki.seeedstudio.com/ArduPy/
seeed-studio-other-xiao-samd21-plus,Seeed Studio,XIAO SAMD21 Plus,Source documentation available; dedicated specs not verified,,https://wiki.seeedstudio.com/Seeeduino-XIAO/
sipeed-other-maix-bit-aiot-developer-kit,Sipeed,Maix Bit AIoT Developer Kit,Source documentation available; dedicated specs not verified,,https://www.waveshare.com/wiki/Maix_Bit_AIoT_Developer_Kit | https://www.waveshare.com/maix-bit-aiot-developer-kit.htm
sipeed-other-maix-go-aiot-developer-kit,Sipeed,Maix Go AIoT Developer Kit,Source documentation available; dedicated specs not verified,,https://www.waveshare.com/wiki/Maix_Go_AIoT_Developer_Kit | https://www.waveshare.com/maix-go-aiot-developer-kit.htm
sparkfun-other-arduino-pro-mini-328-3-3v-8mhz,SparkFun,Arduino Pro Mini 328 - 3.3V 8MHz,Source documentation available; dedicated specs not verified,,https://github.com/sparkfun/Arduino_Pro_Mini_328 | https://learn.sparkfun.com/tutorials/using-the-arduino-pro-mini-33v/all
sparkfun-other-arduino-pro-mini-328-5v-16mhz,SparkFun,Arduino Pro Mini 328 - 5V 16MHz,Source documentation available; dedicated specs not verified,,https://github.com/sparkfun/Arduino_Pro_Mini_328 | https://learn.sparkfun.com/tutorials/using-the-arduino-pro-mini-33v/all
stmicroelectronics-other-nucleo-f030r8,STMicroelectronics,NUCLEO-F030R8,Source documentation available; dedicated specs not verified,,https://www.waveshare.com/wiki/NUCLEO-F030R8 | https://os.mbed.com/platforms/ST-Nucleo-F030R8/
stmicroelectronics-other-nucleo-f031k6,STMicroelectronics,NUCLEO-F031K6,Source documentation available; dedicated specs not verified,,https://www.waveshare.com/wiki/NUCLEO-F031K6 | https://www.waveshare.com/nucleo-f031k6.htm | https://os.mbed.com/platforms/ST-Nucleo-F031K6/
stmicroelectronics-other-nucleo-f042k6,STMicroelectronics,NUCLEO-F042K6,Source documentation available; dedicated specs not verified,,https://www.waveshare.com/wiki/NUCLEO-F042K6 | https://os.mbed.com/platforms/ST-Nucleo-F042K6/
stmicroelectronics-other-nucleo-f070rb,STMicroelectronics,NUCLEO-F070RB,Source documentation available; dedicated specs not verified,,https://www.waveshare.com/wiki/NUCLEO-F070RB | https://os.mbed.com/platforms/ST-Nucleo-F070RB/
stmicroelectronics-other-nucleo-f072rb,STMicroelectronics,NUCLEO-F072RB,Source documentation available; dedicated specs not verified,,https://www.waveshare.com/wiki/NUCLEO-F072RB | https://os.mbed.com/platforms/ST-Nucleo-F072RB/
stmicroelectronics-other-nucleo-f091rc,STMicroelectronics,NUCLEO-F091RC,Source documentation available; dedicated specs not verified,,https://www.waveshare.com/wiki/NUCLEO-F091RC | https://www.waveshare.com/nucleo-f091rc.htm | https://os.mbed.com/platforms/ST-Nucleo-F091RC/
stmicroelectronics-other-nucleo-f103rb,STMicroelectronics,NUCLEO-F103RB,Source documentation available; dedicated specs not verified,,https://www.waveshare.com/wiki/NUCLEO-F103RB | https://os.mbed.com/platforms/ST-Nucleo-F103RB/
stmicroelectronics-other-nucleo-f207zg,STMicroelectronics,NUCLEO-F207ZG,Source documentation available; dedicated specs not verified,,https://www.waveshare.com/wiki/NUCLEO-F207ZG | https://www.waveshare.com/nucleo-f207zg.htm | https://os.mbed.com/platforms/ST-Nucleo-F207ZG/
stmicroelectronics-other-nucleo-f302r8,STMicroelectronics,NUCLEO-F302R8,Source documentation available; dedicated specs not verified,,https://www.waveshare.com/wiki/NUCLEO-F302R8 | https://www.waveshare.com/nucleo-f302r8.htm | https://os.mbed.com/platforms/ST-Nucleo-F302R8/
stmicroelectronics-other-nucleo-f303k8,STMicroelectronics,NUCLEO-F303K8,Source documentation available; dedicated specs not verified,,https://www.waveshare.com/wiki/NUCLEO-F303K8 | https://www.waveshare.com/nucleo-f303k8.htm | https://os.mbed.com/platforms/ST-Nucleo-F303K8/
stmicroelectronics-other-nucleo-f303re,STMicroelectronics,NUCLEO-F303RE,Source documentation available; dedicated specs not verified,,https://www.waveshare.com/wiki/NUCLEO-F303RE | https://os.mbed.com/platforms/ST-Nucleo-F303RE/
stmicroelectronics-other-nucleo-f303ze,STMicroelectronics,NUCLEO-F303ZE,Source documentation available; dedicated specs not verified,,https://www.waveshare.com/wiki/NUCLEO-F303ZE | https://os.mbed.com/platforms/ST-Nucleo-F303ZE/
stmicroelectronics-other-nucleo-f334r8,STMicroelectronics,NUCLEO-F334R8,Source documentation available; dedicated specs not verified,,https://www.waveshare.com/wiki/NUCLEO-F334R8 | https://os.mbed.com/platforms/ST-Nucleo-F334R8/
stmicroelectronics-other-nucleo-f401re,STMicroelectronics,NUCLEO-F401RE,Source documentation available; dedicated specs not verified,,https://www.waveshare.com/wiki/NUCLEO-F401RE | https://www.waveshare.com/nucleo-f401re.htm | https://os.mbed.com/platforms/ST-Nucleo-F401RE/
stmicroelectronics-other-nucleo-f410rb,STMicroelectronics,NUCLEO-F410RB,Source documentation available; dedicated specs not verified,,https://www.waveshare.com/wiki/NUCLEO-F410RB | https://os.mbed.com/platforms/ST-Nucleo-F410RB/
stmicroelectronics-other-nucleo-f411re,STMicroelectronics,NUCLEO-F411RE,Source documentation available; dedicated specs not verified,,https://www.waveshare.com/wiki/NUCLEO-F411RE | https://www.waveshare.com/nucleo-f411re.htm | https://os.mbed.com/platforms/ST-Nucleo-F411RE/
stmicroelectronics-other-nucleo-f429zi,STMicroelectronics,NUCLEO-F429ZI,Source documentation available; dedicated specs not verified,,https://www.waveshare.com/wiki/NUCLEO-F429ZI | https://www.waveshare.com/nucleo-f429zi.htm | https://os.mbed.com/platforms/ST-Nucleo-F429ZI/
stmicroelectronics-other-nucleo-f446re,STMicroelectronics,NUCLEO-F446RE,Source documentation available; dedicated specs not verified,,https://www.waveshare.com/wiki/NUCLEO-F446RE | https://www.waveshare.com/nucleo-f446re.htm | https://os.mbed.com/platforms/ST-Nucleo-F446RE/
stmicroelectronics-other-nucleo-f446ze,STMicroelectronics,NUCLEO-F446ZE,Source documentation available; dedicated specs not verified,,https://www.waveshare.com/wiki/NUCLEO-F446ZE | https://os.mbed.com/platforms/ST-Nucleo-F446ZE/
stmicroelectronics-other-nucleo-f746zg,STMicroelectronics,NUCLEO-F746ZG,Source documentation available; dedicated specs not verified,,https://www.waveshare.com/wiki/NUCLEO-F746ZG | https://www.waveshare.com/nucleo-f746zg.htm | https://os.mbed.com/platforms/ST-Nucleo-F746ZG/
stmicroelectronics-other-nucleo-f767zi,STMicroelectronics,NUCLEO-F767ZI,Source documentation available; dedicated specs not verified,,https://www.waveshare.com/wiki/NUCLEO-F767ZI | https://www.waveshare.com/nucleo-f767zi.htm | https://os.mbed.com/platforms/ST-Nucleo-F767ZI/
stmicroelectronics-other-nucleo-l053r8,STMicroelectronics,NUCLEO-L053R8,Source documentation available; dedicated specs not verified,,https://www.waveshare.com/wiki/NUCLEO-L053R8 | https://www.waveshare.com/nucleo-l053r8.htm | https://os.mbed.com/platforms/ST-Nucleo-L053R8/
stmicroelectronics-other-nucleo-l073rz,STMicroelectronics,NUCLEO-L073RZ,Source documentation available; dedicated specs not verified,,https://www.waveshare.com/wiki/NUCLEO-L073RZ | https://os.mbed.com/platforms/ST-Nucleo-L073RZ/
stmicroelectronics-other-nucleo-l152re,STMicroelectronics,NUCLEO-L152RE,Source documentation available; dedicated specs not verified,,https://www.waveshare.com/wiki/NUCLEO-L152RE | https://www.waveshare.com/nucleo-l152re.htm | https://os.mbed.com/platforms/ST-Nucleo-L152RE/
stmicroelectronics-other-nucleo-l476rg,STMicroelectronics,NUCLEO-L476RG,Source documentation available; dedicated specs not verified,,https://www.waveshare.com/wiki/NUCLEO-L476RG | https://www.waveshare.com/nucleo-l476rg.htm | https://os.mbed.com/platforms/ST-Nucleo-L476RG/
stmicroelectronics-other-stm32f072b-disco,STMicroelectronics,STM32F072B-DISCO,Source documentation available; dedicated specs not verified,,https://www.waveshare.com/wiki/STM32F072B-DISCO
stmicroelectronics-other-stm32f0discovery,STMicroelectronics,STM32F0DISCOVERY,Source documentation available; dedicated specs not verified,,https://www.waveshare.com/wiki/STM32F0DISCOVERY | https://www.waveshare.com/stm32f0discovery.htm
stmicroelectronics-other-stm32f3discovery,STMicroelectronics,STM32F3DISCOVERY,Source documentation available; dedicated specs not verified,,https://www.waveshare.com/wiki/STM32F3DISCOVERY | https://www.waveshare.com/stm32f3discovery.htm
stmicroelectronics-other-stm32f401c-disco,STMicroelectronics,STM32F401C-DISCO,Source documentation available; dedicated specs not verified,,https://www.waveshare.com/wiki/STM32F401C-DISCO | https://www.waveshare.com/stm32f401c-disco.htm
stmicroelectronics-other-stm32f411e-disco,STMicroelectronics,STM32F411E-DISCO,Source documentation available; dedicated specs not verified,,https://www.waveshare.com/wiki/STM32F411E-DISCO | https://www.waveshare.com/stm32f411e-disco.htm
stmicroelectronics-other-stm32f429i-disco,STMicroelectronics,STM32F429I-DISCO,Source documentation available; dedicated specs not verified,,https://www.waveshare.com/wiki/STM32F429I-DISCO | https://www.waveshare.com/stm32f429i-disco.htm
stmicroelectronics-other-stm32f469i-disco,STMicroelectronics,STM32F469I-DISCO,Source documentation available; dedicated specs not verified,,https://www.waveshare.com/wiki/STM32F469I-DISCO | https://www.waveshare.com/stm32f469i-disco.htm
stmicroelectronics-other-stm32f4discovery,STMicroelectronics,STM32F4DISCOVERY,Source documentation available; dedicated specs not verified,,https://www.waveshare.com/wiki/STM32F4DISCOVERY
stmicroelectronics-other-stm32f746g-disco,STMicroelectronics,STM32F746G-DISCO,Source documentation available; dedicated specs not verified,,https://www.waveshare.com/wiki/STM32F746G-DISCO
stmicroelectronics-other-stm32l-discovery,STMicroelectronics,STM32L-DISCOVERY,Source documentation available; dedicated specs not verified,,https://www.waveshare.com/wiki/STM32L-DISCOVERY
stmicroelectronics-other-stm32l152c-disco,STMicroelectronics,STM32L152C-DISCO,Source documentation available; dedicated specs not verified,,https://www.waveshare.com/wiki/STM32L152C-DISCO
stmicroelectronics-other-stm32l476g-disco,STMicroelectronics,STM32L476G-DISCO,Source documentation available; dedicated specs not verified,,https://www.waveshare.com/wiki/STM32L476G-DISCO | https://www.waveshare.com/stm32l476g-disco.htm
stmicroelectronics-other-stm32vldiscovery,STMicroelectronics,STM32VLDISCOVERY,Source documentation available; dedicated specs not verified,,https://www.waveshare.com/wiki/STM32VLDISCOVERY
stmicroelectronics-other-stm8a-discovery,STMicroelectronics,STM8A-DISCOVERY,Source documentation available; dedicated specs not verified,,https://www.waveshare.com/wiki/STM8A-DISCOVERY
stmicroelectronics-other-stm8l-discovery,STMicroelectronics,STM8L-DISCOVERY,Source documentation available; dedicated specs not verified,,https://www.waveshare.com/wiki/STM8L-DISCOVERY
stmicroelectronics-other-stm8s-discovery,STMicroelectronics,STM8S-DISCOVERY,Source documentation available; dedicated specs not verified,,https://www.waveshare.com/wiki/STM8S-DISCOVERY
stmicroelectronics-other-stm8svldiscovery,STMicroelectronics,STM8SVLDISCOVERY,Source documentation available; dedicated specs not verified,,https://www.waveshare.com/wiki/STM8SVLDISCOVERY
waveshare-other-core103r,Waveshare,Core103R,Source documentation available; dedicated specs not verified,,https://www.waveshare.com/wiki/Core103R | https://www.waveshare.com/core103r.htm
waveshare-other-core103v,Waveshare,Core103V,Source documentation available; dedicated specs not verified,,https://www.waveshare.com/wiki/Core103V | https://www.waveshare.com/core103v.htm
waveshare-other-core103z,Waveshare,Core103Z,Source documentation available; dedicated specs not verified,,https://www.waveshare.com/wiki/Core103Z | https://www.waveshare.com/core103z.htm
waveshare-other-core107v,Waveshare,Core107V,Source documentation available; dedicated specs not verified,,https://www.waveshare.com/wiki/Core107V
waveshare-other-core1106,Waveshare,Core1106,Source documentation available; dedicated specs not verified,,https://www.waveshare.com/core1106.htm
waveshare-other-core205r,Waveshare,Core205R,Source documentation available; dedicated specs not verified,,https://www.waveshare.com/wiki/Core205R | https://www.waveshare.com/core205r.htm
waveshare-other-core2530,Waveshare,Core2530,Source documentation available; dedicated specs not verified,,https://www.waveshare.com/wiki/Core2530
waveshare-other-core2530-b,Waveshare,Core2530 (B),Source documentation available; dedicated specs not verified,,https://www.waveshare.com/wiki/Core2530_(B) | https://www.waveshare.com/core2530-b.htm
waveshare-other-core3506,Waveshare,Core3506,Source documentation available; dedicated specs not verified,,https://www.waveshare.com/core3506.htm
waveshare-other-core3566,Waveshare,Core3566,Source documentation available; dedicated specs not verified,,https://www.waveshare.com/core3566.htm
waveshare-other-core3566-kit,Waveshare,Core3566-kit,Source documentation available; dedicated specs not verified,,https://www.waveshare.com/core3566-kit.htm
waveshare-other-core3576,Waveshare,Core3576,Source documentation available; dedicated specs not verified,,https://www.waveshare.com/core3576-module.htm
waveshare-other-core3s250e,Waveshare,Core3S250E,Source documentation available; dedicated specs not verified,,https://www.waveshare.com/wiki/Core3S250E | https://www.waveshare.com/core3s250e.htm
waveshare-other-core3s500e,Waveshare,Core3S500E,Source documentation available; dedicated specs not verified,,https://www.waveshare.com/wiki/Core3S500E | https://www.waveshare.com/core3s500e.htm
waveshare-other-core405r,Waveshare,Core405R,Source documentation available; dedicated specs not verified,,https://www.waveshare.com/wiki/Core405R | https://www.waveshare.com/core405r.htm
waveshare-other-core407i,Waveshare,Core407I,Source documentation available; dedicated specs not verified,,https://www.waveshare.com/wiki/Core407I | https://www.waveshare.com/core407i.htm
waveshare-other-core407v,Waveshare,Core407V,Source documentation available; dedicated specs not verified,,https://www.waveshare.com/wiki/Core407V | https://www.waveshare.com/core407v.htm
waveshare-other-core407z,Waveshare,Core407Z,Source documentation available; dedicated specs not verified,,https://www.waveshare.com/wiki/Core407Z | https://www.waveshare.com/core407z.htm
waveshare-other-core429i,Waveshare,Core429I,Source documentation available; dedicated specs not verified,,https://www.waveshare.com/wiki/Core429I | https://www.waveshare.com/core429i.htm
waveshare-other-core4337,Waveshare,Core4337,Source documentation available; dedicated specs not verified,,https://www.waveshare.com/wiki/Core4337 | https://www.waveshare.com/core4337.htm
waveshare-other-core4357,Waveshare,Core4357,Source documentation available; dedicated specs not verified,,https://www.waveshare.com/wiki/Core4357 | https://www.waveshare.com/core4357.htm
waveshare-other-core51822,Waveshare,Core51822,Source documentation available; dedicated specs not verified,,https://www.waveshare.com/core51822.htm | https://www.waveshare.com/nrf51822-eval-kit.htm | https://www.waveshare.com/wiki/Core51822
waveshare-other-core51822-b,Waveshare,Core51822 (B),Source documentation available; dedicated specs not verified,,https://www.waveshare.com/core51822-b.htm | https://www.waveshare.com/wiki/Core51822_(B)
waveshare-other-core52840,Waveshare,Core52840,Source documentation available; dedicated specs not verified,,https://www.waveshare.com/core52840.htm | https://www.waveshare.com/wiki/Core52840
waveshare-other-core746i,Waveshare,Core746I,Source documentation available; dedicated specs not verified,,https://www.waveshare.com/wiki/Core746I | https://www.waveshare.com/core746i.htm
waveshare-other-coreep4ce10,Waveshare,CoreEP4CE10,Source documentation available; dedicated specs not verified,,https://www.waveshare.com/wiki/CoreEP4CE10 | https://www.waveshare.com/coreep4ce10.htm
waveshare-other-coreep4ce6,Waveshare,CoreEP4CE6,Source documentation available; dedicated specs not verified,,https://www.waveshare.com/wiki/CoreEP4CE6 | https://www.waveshare.com/coreep4ce6.htm
waveshare-other-evk407i,Waveshare,EVK407I,Source documentation available; dedicated specs not verified,,https://www.waveshare.com/wiki/EVK407I | https://www.waveshare.com/evk407i.htm
waveshare-other-ex-stm8-q48a-105,Waveshare,EX-STM8-Q48A-105,Source documentation available; dedicated specs not verified,,https://www.waveshare.com/ex-stm8-q48a-105-standard.htm
waveshare-other-ex-stm8-q64a-207,Waveshare,EX-STM8-Q64A-207,Source documentation available; dedicated specs not verified,,https://www.waveshare.com/ex-stm8-q64a-207-premium.htm
waveshare-other-jetson-nano-mini,Waveshare,JETSON NANO MINI,Source documentation available; dedicated specs not verified,,https://www.waveshare.com/wiki/JETSON_NANO_MINI
waveshare-other-jetson-nano-dev-kit,Waveshare,JETSON-NANO-DEV-KIT,Source documentation available; dedicated specs not verified,,https://www.waveshare.com/wiki/JETSON-NANO-DEV-KIT
waveshare-other-jetson-nano-dev-kit-a,Waveshare,JETSON-NANO-DEV-KIT-A,Source documentation available; dedicated specs not verified,,https://www.waveshare.com/wiki/JETSON-NANO-DEV-KIT-A
waveshare-other-jetson-nano-lite-dev-kit,Waveshare,JETSON-NANO-LITE-DEV-KIT,Source documentation available; dedicated specs not verified,,https://www.waveshare.com/wiki/JETSON-NANO-LITE-DEV-KIT
waveshare-other-jetson-orin-nx-16g-dev-kit,Waveshare,JETSON-ORIN-NX-16G-DEV-KIT,Source documentation available; dedicated specs not verified,,https://www.waveshare.com/wiki/JETSON-ORIN-NX-16G-DEV-KIT
waveshare-other-jetson-tx2-nx-dev-kit,Waveshare,JETSON-TX2-NX-DEV-KIT,Source documentation available; dedicated specs not verified,,https://www.waveshare.com/wiki/JETSON-TX2-NX-DEV-KIT
waveshare-other-jetson-xavier-nx-dev-kit,Waveshare,JETSON-XAVIER-NX-DEV-KIT,Source documentation available; dedicated specs not verified,,https://www.waveshare.com/wiki/JETSON-XAVIER-NX-DEV-KIT
waveshare-other-nrf51822-eval-kit,Waveshare,NRF51822 Eval Kit,Source documentation available; dedicated specs not verified,,https://www.waveshare.com/wiki/NRF51822_Eval_Kit | https://www.waveshare.com/nrf51822-eval-kit.htm
waveshare-other-nrf52840-eval-kit,Waveshare,NRF52840 Eval Kit,Source documentation available; dedicated specs not verified,,https://www.waveshare.com/wiki/NRF52840_Eval_Kit | https://www.waveshare.com/nrf52840-eval-kit.htm | https://www.waveshare.com/core52840.htm
waveshare-other-open051c,Waveshare,Open051C,Source documentation available; dedicated specs not verified,,https://www.waveshare.com/wiki/Open051C
waveshare-other-open103c,Waveshare,Open103C,Source documentation available; dedicated specs not verified,,https://www.waveshare.com/wiki/Open103C
waveshare-other-open103r,Waveshare,Open103R,Source documentation available; dedicated specs not verified,,https://www.waveshare.com/wiki/Open103R | https://www.waveshare.com/open103r-standard.htm
waveshare-other-open103v,Waveshare,Open103V,Source documentation available; dedicated specs not verified,,https://www.waveshare.com/wiki/Open103V | https://www.waveshare.com/open103v-standard.htm
waveshare-other-open103z,Waveshare,Open103Z,Source documentation available; dedicated specs not verified,,https://www.waveshare.com/wiki/Open103Z | https://www.waveshare.com/open103z-standard.htm
waveshare-other-open107v,Waveshare,Open107V,Source documentation available; dedicated specs not verified,,https://www.waveshare.com/wiki/Open107V | https://www.waveshare.com/open107v-standard.htm
waveshare-other-open1114,Waveshare,Open1114,Source documentation available; dedicated specs not verified,,https://www.waveshare.com/wiki/Open1114 | https://www.waveshare.com/open1114-standard.htm
waveshare-other-open1343,Waveshare,Open1343,Source documentation available; dedicated specs not verified,,https://www.waveshare.com/wiki/Open1343 | https://www.waveshare.com/open1343-standard.htm
waveshare-other-open16f877a,Waveshare,Open16F877A,Source documentation available; dedicated specs not verified,,https://www.waveshare.com/wiki/Open16F877A
waveshare-other-open1768,Waveshare,Open1768,Source documentation available; dedicated specs not verified,,https://www.waveshare.com/wiki/Open1768 | https://www.waveshare.com/open1768-standard.htm
waveshare-other-open1788,Waveshare,Open1788,Source documentation available; dedicated specs not verified,,https://www.waveshare.com/wiki/Open1788 | https://www.waveshare.com/open1788-standard.htm
waveshare-other-open18f4520,Waveshare,Open18F4520,Source documentation available; dedicated specs not verified,,https://www.waveshare.com/wiki/Open18F4520 | https://www.waveshare.com/open18f4520-standard.htm
waveshare-other-open205r-c,Waveshare,Open205R-C,Source documentation available; dedicated specs not verified,,https://www.waveshare.com/wiki/Open205R-C
waveshare-other-open32f0-d,Waveshare,Open32F0-D,Source documentation available; dedicated specs not verified,,https://www.waveshare.com/wiki/Open32F0-D | https://www.waveshare.com/open32f0-d-standard.htm
waveshare-other-open32f3-d,Waveshare,Open32F3-D,Source documentation available; dedicated specs not verified,,https://www.waveshare.com/wiki/Open32F3-D | https://www.waveshare.com/open32f3-d-standard.htm
waveshare-other-open32l-d,Waveshare,Open32L-D,Source documentation available; dedicated specs not verified,,https://www.waveshare.com/wiki/Open32L-D
waveshare-other-open3s500e,Waveshare,Open3S500E,Source documentation available; dedicated specs not verified,,https://www.waveshare.com/wiki/Open3S500E | https://www.waveshare.com/open3s500e-standard.htm
waveshare-other-open405r-c,Waveshare,Open405R-C,Source documentation available; dedicated specs not verified,,https://www.waveshare.com/wiki/Open405R-C | https://www.waveshare.com/open405r-c-standard.htm
waveshare-other-open407i-c,Waveshare,Open407I-C,Source documentation available; dedicated specs not verified,,https://www.waveshare.com/wiki/Open407I-C
waveshare-other-open407v-c,Waveshare,Open407V-C,Source documentation available; dedicated specs not verified,,https://www.waveshare.com/wiki/Open407V-C | https://www.waveshare.com/open407v-c-standard.htm
waveshare-other-open407v-d,Waveshare,Open407V-D,Source documentation available; dedicated specs not verified,,https://www.waveshare.com/wiki/Open407V-D | https://www.waveshare.com/open407v-d-standard.htm
waveshare-other-open407z-c,Waveshare,Open407Z-C,Source documentation available; dedicated specs not verified,,https://www.waveshare.com/wiki/Open407Z-C | https://www.waveshare.com/open407z-c-standard.htm
waveshare-other-open429i-c,Waveshare,Open429I-C,Source documentation available; dedicated specs not verified,,https://www.waveshare.com/wiki/Open429I-C | https://www.waveshare.com/open429i-c-standard.htm
waveshare-other-open429z-d,Waveshare,Open429Z-D,Source documentation available; dedicated specs not verified,,https://www.waveshare.com/wiki/Open429Z-D | https://www.waveshare.com/open429z-d-standard.htm
waveshare-other-open746i-c,Waveshare,Open746I-C,Source documentation available; dedicated specs not verified,,https://www.waveshare.com/wiki/Open746I-C | https://www.waveshare.com/open746i-c-standard.htm
waveshare-other-openep4ce10-c,Waveshare,OpenEP4CE10-C,Source documentation available; dedicated specs not verified,,https://www.waveshare.com/wiki/OpenEP4CE10-C | https://www.waveshare.com/openep4ce10-c-standard.htm
waveshare-other-openep4ce6-c,Waveshare,OpenEP4CE6-C,Source documentation available; dedicated specs not verified,,https://www.waveshare.com/wiki/OpenEP4CE6-C | https://www.waveshare.com/openep4ce6-c-standard.htm
waveshare-other-openepm1270,Waveshare,OpenEPM1270,Source documentation available; dedicated specs not verified,,https://www.waveshare.com/wiki/OpenEPM1270 | https://www.waveshare.com/openepm1270-standard.htm
waveshare-other-openm128,Waveshare,OpenM128,Source documentation available; dedicated specs not verified,,https://www.waveshare.com/wiki/OpenM128
waveshare-other-port103z,Waveshare,Port103Z,Source documentation available; dedicated specs not verified,,https://www.waveshare.com/wiki/Port103Z | https://www.waveshare.com/port103z.htm
waveshare-other-port407z,Waveshare,Port407Z,Source documentation available; dedicated specs not verified,,https://www.waveshare.com/wiki/Port407Z
waveshare-other-r3-plus,Waveshare,R3 PLUS,Source documentation available; dedicated specs not verified,,https://www.waveshare.com/wiki/R3_PLUS
waveshare-other-uno-plus,Waveshare,UNO PLUS,Source documentation available; dedicated specs not verified,,https://www.waveshare.com/wiki/UNO_PLUS
waveshare-other-xcore407i,Waveshare,XCore407I,Source documentation available; dedicated specs not verified,,https://www.waveshare.com/wiki/XCore407I | https://www.waveshare.com/xcore407i.htm
waveshare-other-xnucleo-f030r8,Waveshare,XNUCLEO-F030R8,Source documentation available; dedicated specs not verified,,https://www.waveshare.com/wiki/upload/d/d1/Xnucleo-UserManual.pdf | https://www.waveshare.com/wiki/XNUCLEO-F030R8
waveshare-other-xnucleo-f103rb,Waveshare,XNUCLEO-F103RB,Source documentation available; dedicated specs not verified,,https://www.waveshare.com/wiki/upload/d/d1/Xnucleo-UserManual.pdf | https://www.waveshare.com/wiki/XNUCLEO-F103RB
waveshare-other-xnucleo-f302r8,Waveshare,XNUCLEO-F302R8,Source documentation available; dedicated specs not verified,,https://www.waveshare.com/wiki/XNUCLEO-F302R8
waveshare-other-xnucleo-f401re,Waveshare,XNUCLEO-F401RE,Source documentation available; dedicated specs not verified,,https://www.waveshare.com/wiki/upload/d/d1/Xnucleo-UserManual.pdf | https://www.waveshare.com/wiki/XNUCLEO-F401RE
waveshare-other-xnucleo-f411re,Waveshare,XNUCLEO-F411RE,Source documentation available; dedicated specs not verified,,https://www.waveshare.com/wiki/upload/d/d1/Xnucleo-UserManual.pdf | https://www.waveshare.com/wiki/XNUCLEO-F411RE
weact-studio-other-at32f405-48pin-core-board,WeAct Studio,AT32F405 48Pin Core Board,Source documentation available; dedicated specs not verified,,https://github.com/WeActStudio/WeActStudio.AT32F405_48Pin_CoreBoard/blob/27e349a3494b1fae5030fcf4ba69a639244aec90/Images/1.png | https://github.com/WeActStudio/WeActStudio.AT32F405_48Pin_CoreBoard
weact-studio-other-atmega328p-core-board,WeAct Studio,ATMEGA328P Core Board,Source documentation available; dedicated specs not verified,,https://github.com/WeActStudio/WeActStudio.ATMEGA328P_CoreBoard/blob/3df63b2c27f818dbc581f91d7a302b6cfe67acce/Hardware/WeAct-ATMEGA328PMU_CoreBoard_V10%20Pinout.png | https://github.com/WeActStudio/WeActStudio.ATMEGA328P_CoreBoard/blob/3df63b2c27f818dbc581f91d7a302b6cfe67acce/Images/1.png | https://github.com/WeActStudio/WeActStudio.ATMEGA328P_CoreBoard | https://github.com/WeActStudio/WeActStudio.ATMEGA328P_CoreBoard/blob/3df63b2c27f818dbc581f91d7a302b6cfe67acce/Hardware/WeAct-ATMEGA328PMU_CoreBoard_V10%20Pinout.pdf
weact-studio-other-ch32v003-core-board,WeAct Studio,CH32V003 Core Board,Source documentation available; dedicated specs not verified,,https://github.com/WeActStudio/WeActStudio.CH32V003CoreBoard/blob/adfb1a9893e0d822024b0cbe3500a9f86b42ba18/Images/1.png | https://github.com/WeActStudio/WeActStudio.CH32V003CoreBoard
weact-studio-other-ch32v00x-core-board,WeAct Studio,CH32V00x Core Board,Source documentation available; dedicated specs not verified,,https://github.com/WeActStudio/WeActStudio.CH32V00xCoreBoard/blob/be9a61808be68b175fd72d904bef268454be3197/Images/1.png | https://github.com/WeActStudio/WeActStudio.CH32V00xCoreBoard
weact-studio-other-ch32x035-core-board,WeAct Studio,CH32X035 Core Board,Source documentation available; dedicated specs not verified,,https://github.com/WeActStudio/WeActStudio.CH32X035CoreBoard/blob/6e97342657c121b1eb359aec47f82a626a242961/Images/1.png | https://github.com/WeActStudio/WeActStudio.CH32X035CoreBoard
weact-studio-other-ch552-core-board,WeAct Studio,CH552 Core Board,Source documentation available; dedicated specs not verified,,https://github.com/WeActStudio/WeActStudio.CH552CoreBoard/blob/ff6c6e391b4956b3e07b8181423744a587c71112/Images/image1.png | https://github.com/WeActStudio/WeActStudio.CH552CoreBoard
weact-studio-other-ministm32f4x1-v2-0,WeAct Studio,MiniSTM32F4x1 (v2.0+),Source documentation available; dedicated specs not verified,,https://github.com/WeActStudio/WeActStudio.MiniSTM32F4x1/blob/05380f5c41f38eea8966a81c5acdeb7512cd909f/images/STM32F4x1C_V20%2B.png | https://github.com/WeActStudio/WeActStudio.MiniSTM32F4x1/blob/05380f5c41f38eea8966a81c5acdeb7512cd909f/images/STM32F4x1_PinoutDiagram_RichardBalint.png | https://github.com/WeActStudio/WeActStudio.MiniSTM32F4x1/blob/05380f5c41f38eea8966a81c5acdeb7512cd909f/General%20document/STM32F4x1%20v2.0%2B%20Pin%20Layout.pdf | https://github.com/WeActStudio/WeActStudio.MiniSTM32F4x1
weact-studio-other-ministm32h723,WeAct Studio,MiniSTM32H723,Source documentation available; dedicated specs not verified,,https://github.com/WeActStudio/WeActStudio.MiniSTM32H723/blob/0a08d2808291a7ff38c8a4f89748693019257345/Images/1.png | https://github.com/WeActStudio/WeActStudio.MiniSTM32H723
weact-studio-other-ministm32h7b0,WeAct Studio,MiniSTM32H7B0,Source documentation available; dedicated specs not verified,,https://github.com/WeActStudio/WeActStudio.MiniSTM32H7B0
weact-studio-other-ministm32h7xx,WeAct Studio,MiniSTM32H7xx,Source documentation available; dedicated specs not verified,,https://github.com/WeActStudio/MiniSTM32H7xx
weact-studio-other-mspm0g3507-core-board,WeAct Studio,MSPM0G3507 Core Board,Source documentation available; dedicated specs not verified,,https://github.com/WeActStudio/WeActStudio.MSPM0G3507CoreBoard/blob/9f69a68b877a84120a1337aa1124b3191c4d4186/Images/1.png | https://github.com/WeActStudio/WeActStudio.MSPM0G3507CoreBoard
weact-studio-other-ra4m1-64pin-core-board,WeAct Studio,RA4M1 64Pin Core Board,Source documentation available; dedicated specs not verified,,https://github.com/WeActStudio/WeActStudio.RA4M1_64Pin_CoreBoard/blob/a24b68f83bc482181d731e32e15dd1a709a47dae/Images/1.png | https://github.com/WeActStudio/WeActStudio.RA4M1_64Pin_CoreBoard
weact-studio-other-stm32c5-100pin-core-board,WeAct Studio,STM32C5 100Pin Core Board,Source documentation available; dedicated specs not verified,,https://github.com/WeActStudio/WeActStudio.STM32C5_100Pin_CoreBoard/blob/55751be47eff80232dea54dd1dd9bacea245d94e/Images/1.png | https://github.com/WeActStudio/WeActStudio.STM32C5_100Pin_CoreBoard
weact-studio-other-stm32c5-48pin-core-board,WeAct Studio,STM32C5 48Pin Core Board,Source documentation available; dedicated specs not verified,,https://github.com/WeActStudio/WeActStudio.STM32C5_48Pin_CoreBoard/blob/c77ca0af90a8be033c9af6f169064c9828ab1124/Images/1.png | https://github.com/WeActStudio/WeActStudio.STM32C5_48Pin_CoreBoard
weact-studio-other-stm32f4-64pin-core-board,WeAct Studio,STM32F4 64Pin Core Board,Source documentation available; dedicated specs not verified,,https://github.com/WeActStudio/WeActStudio.STM32F4_64Pin_CoreBoard/blob/ff82fcef8b2c86de17ed5eaca488f3bac27b26ad/Images/1.png | https://github.com/WeActStudio/WeActStudio.STM32F4_64Pin_CoreBoard/blob/ff82fcef8b2c86de17ed5eaca488f3bac27b26ad/Images/2.png | https://github.com/WeActStudio/WeActStudio.STM32F4_64Pin_CoreBoard
weact-studio-other-stm32f401ccu6-black-pill,WeAct Studio,STM32F401CCU6 Black Pill,Source documentation available; dedicated specs not verified,,https://mischianti.org/weact-stm32f401ccu6-black-pill-high-resolution-pinout-and-specs/
weact-studio-other-stm32f411ceu6-black-pill,WeAct Studio,STM32F411CEU6 Black Pill,Source documentation available; dedicated specs not verified,,https://mischianti.org/weact-stm32f411ceu6-black-pill-high-resolution-pinout-and-specs/
weact-studio-other-stm32g0b1-core-board,WeAct Studio,STM32G0B1 Core Board,Source documentation available; dedicated specs not verified,,https://github.com/WeActStudio/WeActStudio.STM32G0B1CoreBoard/blob/9f236da4f75dbbfd4433bcde8ceed2ef9bf3836e/Images/1.png | https://github.com/WeActStudio/WeActStudio.STM32G0B1CoreBoard
weact-studio-other-stm32g0xxc0xx-core-board,WeAct Studio,STM32G0xxC0xx Core Board,Source documentation available; dedicated specs not verified,,https://github.com/WeActStudio/WeActStudio.STM32G0xxC0xxCoreBoard/blob/f692e4e2e853ae9610aa337e2222c6d6d73416d8/Images/1.png | https://github.com/WeActStudio/WeActStudio.STM32G0xxC0xxCoreBoard
weact-studio-other-stm32g4-100pin-core-board,WeAct Studio,STM32G4 100Pin Core Board,Source documentation available; dedicated specs not verified,,https://github.com/WeActStudio/WeActStudio.STM32G4_100Pin_CoreBoard/blob/8f53cf372020b51e96bffbdd18d69567af7541dc/Images/1.png | https://github.com/WeActStudio/WeActStudio.STM32G4_100Pin_CoreBoard
weact-studio-other-stm32g431-core-board,WeAct Studio,STM32G431 Core Board,Source documentation available; dedicated specs not verified,,https://github.com/WeActStudio/WeActStudio.STM32G431CoreBoard/blob/0af1943ee21bf7d5e172a2bfc6480d44aa229de3/Images/0.png | https://github.com/WeActStudio/WeActStudio.STM32G431CoreBoard/blob/0af1943ee21bf7d5e172a2bfc6480d44aa229de3/Images/1.png | https://github.com/WeActStudio/WeActStudio.STM32G431CoreBoard/blob/0af1943ee21bf7d5e172a2bfc6480d44aa229de3/Images/2.png | https://github.com/WeActStudio/WeActStudio.STM32G431CoreBoard/blob/0af1943ee21bf7d5e172a2bfc6480d44aa229de3/Images/3.png | https://github.com/WeActStudio/WeActStudio.STM32G431CoreBoard
weact-studio-other-stm32g474-core-board,WeAct Studio,STM32G474 Core Board,Source documentation available; dedicated specs not verified,,https://github.com/WeActStudio/WeActStudio.STM32G474CoreBoard/blob/2bb4e50a0b8b0ec660d63615df9c358864d7bfea/Images/0.png | https://github.com/WeActStudio/WeActStudio.STM32G474CoreBoard/blob/2bb4e50a0b8b0ec660d63615df9c358864d7bfea/Images/1.png | https://github.com/WeActStudio/WeActStudio.STM32G474CoreBoard/blob/2bb4e50a0b8b0ec660d63615df9c358864d7bfea/Images/2.png | https://github.com/WeActStudio/WeActStudio.STM32G474CoreBoard/blob/2bb4e50a0b8b0ec660d63615df9c358864d7bfea/Images/3.png | https://github.com/WeActStudio/WeActStudio.STM32G474CoreBoard
weact-studio-other-stm32h5-100pin-core-board,WeAct Studio,STM32H5 100Pin Core Board,Source documentation available; dedicated specs not verified,,https://github.com/WeActStudio/WeActStudio.STM32H5_100Pin_CoreBoard/blob/22cd66de0775b02ccdf7188d67e4327742030a15/Images/1.png | https://github.com/WeActStudio/WeActStudio.STM32H5_100Pin_CoreBoard
weact-studio-other-stm32h5-64pin-core-board,WeAct Studio,STM32H5 64Pin Core Board,Source documentation available; dedicated specs not verified,,https://github.com/WeActStudio/WeActStudio.STM32H5_64Pin_CoreBoard/blob/36e2f38356e6c9ee66288d7f6f31fd522256aac0/Images/1.png | https://github.com/WeActStudio/WeActStudio.STM32H5_64Pin_CoreBoard/blob/36e2f38356e6c9ee66288d7f6f31fd522256aac0/Images/2.png | https://github.com/WeActStudio/WeActStudio.STM32H5_64Pin_CoreBoard
weact-studio-other-stm32h503-core-board,WeAct Studio,STM32H503 Core Board,Source documentation available; dedicated specs not verified,,https://github.com/WeActStudio/WeActStudio.STM32H503CoreBoard/blob/0ff5a945ef108fff9ed9645288d1efe001811c90/Images/1.png | https://github.com/WeActStudio/WeActStudio.STM32H503CoreBoard
weact-studio-other-stm32h523-core-board,WeAct Studio,STM32H523 Core Board,Source documentation available; dedicated specs not verified,,https://github.com/WeActStudio/WeActStudio.STM32H523CoreBoard/blob/86bddc6dbe976ef0a963d5742ea326639c7566b7/Images/1.png | https://github.com/WeActStudio/WeActStudio.STM32H523CoreBoard/blob/86bddc6dbe976ef0a963d5742ea326639c7566b7/Images/2.png | https://github.com/WeActStudio/WeActStudio.STM32H523CoreBoard
weact-studio-other-stm32h7r3zx-core-board,WeAct Studio,STM32H7R3Zx Core Board,Source documentation available; dedicated specs not verified,,https://github.com/WeActStudio/WeActStudio.STM32H7R3Zx_CoreBoard/blob/d6bb6f06e1e4effee35793a8508461b1f3c13d69/Images/1.png | https://github.com/WeActStudio/WeActStudio.STM32H7R3Zx_CoreBoard
weact-studio-other-stm32u585cx-core-board,WeAct Studio,STM32U585Cx Core Board,Source documentation available; dedicated specs not verified,,https://github.com/WeActStudio/WeActStudio.STM32U585Cx_CoreBoard/blob/c1fe6b70a7cb20c3c9794c6f9f4f306c358d19f8/Images/1.png | https://github.com/WeActStudio/WeActStudio.STM32U585Cx_CoreBoard
weact-studio-other-stm32wb55-core-board,WeAct Studio,STM32WB55 Core Board,Source documentation available; dedicated specs not verified,,https://github.com/WeActStudio/WeActStudio.STM32WB55CoreBoard/blob/3b3b2160a231ed3441bea3453ae689a939419206/Images/1.png | https://github.com/WeActStudio/WeActStudio.STM32WB55CoreBoard
weact-studio-other-stm32wba6xcx-core-board,WeAct Studio,STM32WBA6xCx Core Board,Source documentation available; dedicated specs not verified,,https://github.com/WeActStudio/WeActStudio.STM32WBA6xCxCoreBoard/blob/4f502677e157e82955c6975470c5cec21ae0fd05/Images/1.png | https://github.com/WeActStudio/WeActStudio.STM32WBA6xCxCoreBoard
banana-pi-other-sbc-bananapi-bpi-cm5-pro,Banana Pi,BananaPi BPI-CM5 Pro,Source documentation available; dedicated specs not verified,,https://docs.banana-pi.org/en/BPI-CM5_Pro/BananaPi_BPI-CM5_Pro/Rockchip_RKNN_Guide
banana-pi-other-sbc-bpi-2k3000,Banana Pi,BPI-2K3000,Source documentation available; dedicated specs not verified,,https://docs.banana-pi.org/en/BPI-2K3000/BananaPi_BPI-2K3000
banana-pi-other-sbc-bpi-3a5000,Banana Pi,BPI-3A5000,Source documentation available; dedicated specs not verified,,https://docs.banana-pi.org/en/BPI-3A5000/BananaPi_BPI-3A5000
banana-pi-other-sbc-bpi-3a6000,Banana Pi,BPI-3A6000,Source documentation available; dedicated specs not verified,,https://docs.banana-pi.org/en/BPI-3A6000/BananaPi_BPI-3A6000
banana-pi-other-sbc-bpi-ai,Banana Pi,BPI-AI,Source documentation available; dedicated specs not verified,,https://docs.banana-pi.org/en/BPI-AI/BananaPi_BPI-AI
banana-pi-other-sbc-bpi-ai2h,Banana Pi,BPI-AI2H,Source documentation available; dedicated specs not verified,,https://docs.banana-pi.org/en/BPI-AI2H/BananaPi_BPI-AI2H
banana-pi-other-sbc-bpi-ai2n,Banana Pi,BPI-AI2N,Source documentation available; dedicated specs not verified,,https://docs.banana-pi.org/en/BPI-AI2N/BananaPi_BPI-AI2N
banana-pi-other-sbc-bpi-ai2n-carrier,Banana Pi,BPI-AI2N-Carrier,Source documentation available; dedicated specs not verified,,https://docs.banana-pi.org/en/BPI-AI2N-Carrier/BananaPi_BPI-AI2N-Carrier
banana-pi-other-sbc-bpi-aim7,Banana Pi,BPI-AIM7,Source documentation available; dedicated specs not verified,,https://docs.banana-pi.org/en/BPI-AIM7/BananaPi_BPI-AIM7
banana-pi-other-sbc-bpi-canmv-k230d,Banana Pi,BPI-CanMV-K230D,Source documentation available; dedicated specs not verified,,https://docs.banana-pi.org/en/BPI-CanMV-K230D/BananaPi_BPI-CanMV-K230D-Zero
banana-pi-other-sbc-bpi-cm2,Banana Pi,BPI-CM2,Source documentation available; dedicated specs not verified,,https://docs.banana-pi.org/en/BPI-CM2/BananaPi_BPI-CM2
banana-pi-other-sbc-bpi-cm4,Banana Pi,BPI-CM4,Source documentation available; dedicated specs not verified,,https://docs.banana-pi.org/en/BPI-CM4/BananaPi_BPI-CM4
banana-pi-other-sbc-bpi-cm4io,Banana Pi,BPI-CM4IO,Source documentation available; dedicated specs not verified,,https://docs.banana-pi.org/en/BPI-CM4IO/BananaPi_BPI-CM4IO
banana-pi-other-sbc-bpi-cm5,Banana Pi,BPI-CM5,Source documentation available; dedicated specs not verified,,https://docs.banana-pi.org/en/BPI-CM5/BananaPi_BPI-CM5
banana-pi-other-sbc-bpi-cm5-pro,Banana Pi,BPI-CM5 Pro,Specification link recorded,https://docs.banana-pi.org/en/BPI-CM5_Pro/BananaPi_BPI-CM5_Pro,https://docs.banana-pi.org/en/BPI-CM5_Pro/BananaPi_BPI-CM5_Pro
banana-pi-other-sbc-bpi-cm6,Banana Pi,BPI-CM6,Source documentation available; dedicated specs not verified,,https://docs.banana-pi.org/en/BPI-CM6/BananaPi_BPI-CM6
banana-pi-other-sbc-bpi-cm7,Banana Pi,BPI-CM7,Source documentation available; dedicated specs not verified,,https://docs.banana-pi.org/en/BPI-CM7/BananaPi_BPI-CM7
banana-pi-other-sbc-bpi-cm7io,Banana Pi,BPI-CM7IO,Source documentation available; dedicated specs not verified,,https://docs.banana-pi.org/en/BPI-CM7IO/BananaPi_BPI-CM7IO
banana-pi-other-sbc-bpi-cm7s,Banana Pi,BPI-CM7s,Source documentation available; dedicated specs not verified,,https://docs.banana-pi.org/en/BPI-CM7s/BananaPi_BPI-CM7s
banana-pi-other-sbc-bpi-f2,Banana Pi,BPI-F2,Source documentation available; dedicated specs not verified,,https://docs.banana-pi.org/en/BPI-F2/BananaPi_BPI-F2
banana-pi-other-sbc-bpi-f2p,Banana Pi,BPI-F2P,Source documentation available; dedicated specs not verified,,https://docs.banana-pi.org/en/BPI-F2P/BananaPi_BPI-F2P
banana-pi-other-sbc-bpi-f2s,Banana Pi,BPI-F2S,Source documentation available; dedicated specs not verified,,https://docs.banana-pi.org/en/BPI-F2S/BananaPi_BPI-F2S
banana-pi-other-sbc-bpi-f3,Banana Pi,BPI-F3,Source documentation available; dedicated specs not verified,,https://docs.banana-pi.org/en/BPI-F3/BananaPi_BPI-F3
banana-pi-other-sbc-bpi-f4,Banana Pi,BPI-F4,Specification link recorded,https://docs.banana-pi.org/en/BPI-F4/BananaPi_BPI-F4,https://docs.banana-pi.org/en/BPI-F4/BananaPi_BPI-F4
banana-pi-other-sbc-bpi-forge1,Banana Pi,BPI-Forge1,Source documentation available; dedicated specs not verified,,https://docs.banana-pi.org/en/BPI-Forge1/BananaPi_BPI-Forge1
banana-pi-other-sbc-bpi-kvm,Banana Pi,BPI-KVM,Source documentation available; dedicated specs not verified,,https://docs.banana-pi.org/en/BPI-KVM/BananaPi_BPI-KVM
banana-pi-other-sbc-bpi-m1,Banana Pi,BPI-M1,Specification link recorded,https://docs.banana-pi.org/en/BPI-M1/BananaPi_BPI-M1,https://docs.banana-pi.org/en/BPI-M1/BananaPi_BPI-M1
banana-pi-other-sbc-bpi-m1-plus,Banana Pi,BPI-M1 Plus,Specification link recorded,https://docs.banana-pi.org/en/BPI-M1_Plus/BananaPi_BPI-M1_Plus,https://docs.banana-pi.org/en/BPI-M1_Plus/BananaPi_BPI-M1_Plus
banana-pi-other-sbc-bpi-m1s,Banana Pi,BPI-M1S,Source documentation available; dedicated specs not verified,,https://docs.banana-pi.org/en/BPI-M1S/BananaPi_BPI-M1S
banana-pi-other-sbc-bpi-m2-berry,Banana Pi,BPI-M2 Berry,Source documentation available; dedicated specs not verified,,https://docs.banana-pi.org/en/BPI-M2_Berry/BananaPi_BPI-M2_Berry
banana-pi-other-sbc-bpi-m2-magic,Banana Pi,BPI-M2 Magic,Source documentation available; dedicated specs not verified,,https://docs.banana-pi.org/en/BPI-M2_Magic/BananaPi_BPI-M2_Magic
banana-pi-other-sbc-bpi-m2-plus,Banana Pi,BPI-M2 Plus,Source documentation available; dedicated specs not verified,,https://docs.banana-pi.org/en/BPI-M2_Plus/BananaPi_BPI-M2_Plus
banana-pi-other-sbc-bpi-m2-pro,Banana Pi,BPI-M2 Pro,Source documentation available; dedicated specs not verified,,https://docs.banana-pi.org/en/BPI-M2_Pro/BananaPi_BPI-M2_Pro
banana-pi-other-sbc-bpi-m2-super,Banana Pi,BPI-M2 Super,Source documentation available; dedicated specs not verified,,https://docs.banana-pi.org/en/BPI-M2_Super/BananaPi_BPI-M2_Super
banana-pi-other-sbc-bpi-m2-ultra,Banana Pi,BPI-M2 Ultra,Source documentation available; dedicated specs not verified,,https://docs.banana-pi.org/en/BPI-M2_Ultra/BananaPi_BPI-M2_Ultra
banana-pi-other-sbc-bpi-m2-zero,Banana Pi,BPI-M2 Zero,Source documentation available; dedicated specs not verified,,https://docs.banana-pi.org/en/BPI-M2_Zero/BananaPi_BPI-M2_Zero
banana-pi-other-sbc-bpi-m2c,Banana Pi,BPI-M2C,Source documentation available; dedicated specs not verified,,https://docs.banana-pi.org/en/BPI-M2C/BananaPi_BPI-M2C
banana-pi-other-sbc-bpi-m3,Banana Pi,BPI-M3,Source documentation available; dedicated specs not verified,,https://docs.banana-pi.org/en/BPI-M3/BananaPi_BPI-M3
banana-pi-other-sbc-bpi-m4,Banana Pi,BPI-M4,Source documentation available; dedicated specs not verified,,https://docs.banana-pi.org/en/BPI-M4/BananaPi_BPI-M4
banana-pi-other-sbc-bpi-m4-berry,Banana Pi,BPI-M4 Berry,Specification link recorded,https://docs.banana-pi.org/en/BPI-M4_Berry/BananaPi_BPI-M4_Berry,https://docs.banana-pi.org/en/BPI-M4_Berry/BananaPi_BPI-M4_Berry
banana-pi-other-sbc-bpi-m4-zero,Banana Pi,BPI-M4 Zero,Source documentation available; dedicated specs not verified,,https://docs.banana-pi.org/en/BPI-M4_Zero/BananaPi_BPI-M4_Zero
banana-pi-other-sbc-bpi-m4s,Banana Pi,BPI-M4S,Source documentation available; dedicated specs not verified,,https://docs.banana-pi.org/en/BPI-M4S/BananaPi_BPI-M4S
banana-pi-other-sbc-bpi-m5,Banana Pi,BPI-M5,Source documentation available; dedicated specs not verified,,https://docs.banana-pi.org/en/BPI-M5/BananaPi_BPI-M5 | https://docs.banana-pi.org/en/BPI-M5/BananaPi_BPI-M5_Pro
banana-pi-other-sbc-bpi-m6,Banana Pi,BPI-M6,Source documentation available; dedicated specs not verified,,https://docs.banana-pi.org/en/BPI-M6/BananaPi_BPI-M6
banana-pi-other-sbc-bpi-m64,Banana Pi,BPI-M64,Source documentation available; dedicated specs not verified,,https://docs.banana-pi.org/en/BPI-M64/BananaPi_BPI-M64
banana-pi-other-sbc-bpi-m7,Banana Pi,BPI-M7,Source documentation available; dedicated specs not verified,,https://docs.banana-pi.org/en/BPI-M7/BananaPi_BPI-M7
banana-pi-other-sbc-bpi-m7s,Banana Pi,BPI-M7S,Source documentation available; dedicated specs not verified,,https://docs.banana-pi.org/en/BPI-M7S/BananaPi_BPI-M7S
banana-pi-other-sbc-bpi-m8,Banana Pi,BPI-M8,Source documentation available; dedicated specs not verified,,https://docs.banana-pi.org/en/BPI-M8/BananaPi_BPI-M8
banana-pi-other-sbc-bpi-p2-pro,Banana Pi,BPI-P2 Pro,Source documentation available; dedicated specs not verified,,https://docs.banana-pi.org/en/BPI-P2_Pro/BananaPi_BPI-P2_Pro
banana-pi-other-sbc-bpi-p2-zero,Banana Pi,BPI-P2 Zero,Source documentation available; dedicated specs not verified,,https://docs.banana-pi.org/en/BPI-P2_Zero/BananaPi_BPI-P2_Zero
banana-pi-other-sbc-bpi-r1,Banana Pi,BPI-R1,Specification link recorded,https://docs.banana-pi.org/en/BPI-R1/BananaPi_BPI-R1,https://docs.banana-pi.org/en/BPI-R1/BananaPi_BPI-R1
banana-pi-other-sbc-bpi-r2,Banana Pi,BPI-R2,Specification link recorded,https://docs.banana-pi.org/en/BPI-R2/BananaPi_BPI-R2,https://docs.banana-pi.org/en/BPI-R2/BananaPi_BPI-R2
banana-pi-other-sbc-bpi-r2-mini,Banana Pi,BPI-R2 Mini,Source documentation available; dedicated specs not verified,,https://docs.banana-pi.org/en/BPI-R2_Mini/BananaPi_BPI-R2_Mini
banana-pi-other-sbc-bpi-r2-pro,Banana Pi,BPI-R2 Pro,Source documentation available; dedicated specs not verified,,https://docs.banana-pi.org/en/BPI-R2_Pro/BananaPi_BPI-R2_Pro
banana-pi-other-sbc-bpi-r3,Banana Pi,BPI-R3,Source documentation available; dedicated specs not verified,,https://docs.banana-pi.org/en/BPI-R3/BananaPi_BPI-R3
banana-pi-other-sbc-bpi-r3-mini,Banana Pi,BPI-R3 Mini,Source documentation available; dedicated specs not verified,,https://docs.banana-pi.org/en/BPI-R3_Mini/BananaPi_BPI-R3_Mini
banana-pi-other-sbc-bpi-r4,Banana Pi,BPI-R4,Source documentation available; dedicated specs not verified,,https://docs.banana-pi.org/en/BPI-R4/BananaPi_BPI-R4 | https://docs.banana-pi.org/en/BPI-R4/BananaPi_BPI-R4-NIC-BE14
banana-pi-other-sbc-bpi-r4-lite,Banana Pi,BPI-R4 Lite,Source documentation available; dedicated specs not verified,,https://docs.banana-pi.org/en/BPI-R4_Lite/BananaPi_BPI-R4_Lite
banana-pi-other-sbc-bpi-r4-mini,Banana Pi,BPI-R4 Mini,Source documentation available; dedicated specs not verified,,https://docs.banana-pi.org/en/BPI-R4_Mini/BananaPi_BPI-R4_Mini
banana-pi-other-sbc-bpi-r4-pro,Banana Pi,BPI-R4 Pro,Source documentation available; dedicated specs not verified,,https://docs.banana-pi.org/en/BPI-R4_Pro/BananaPi_BPI-R4_Pro
banana-pi-other-sbc-bpi-r64,Banana Pi,BPI-R64,Source documentation available; dedicated specs not verified,,https://docs.banana-pi.org/en/BPI-R64/BananaPi_BPI-R64
banana-pi-other-sbc-bpi-rk3588-coreboardanddevelopmentkit,Banana Pi,BPI-RK3588 CoreBoardAndDevelopmentKit,Source documentation available; dedicated specs not verified,,https://docs.banana-pi.org/en/BPI-RK3588_CoreBoardAndDevelopmentKit/BananaPi_BPI-RK3588_CoreBoardAndDevelopmentKit
banana-pi-other-sbc-bpi-rt2,Banana Pi,BPI-RT2,Source documentation available; dedicated specs not verified,,https://docs.banana-pi.org/en/BPI-RT2/BananaPi_BPI-RT2
banana-pi-other-sbc-bpi-rv2,Banana Pi,BPI-RV2,Source documentation available; dedicated specs not verified,,https://docs.banana-pi.org/en/BPI-RV2/BananaPi_BPI-RV2
banana-pi-other-sbc-bpi-s64-core,Banana Pi,BPI-S64 Core,Source documentation available; dedicated specs not verified,,https://docs.banana-pi.org/en/BPI-S64_Core/BananaPi_BPI-S64_Core
banana-pi-other-sbc-bpi-secure-pi,Banana Pi,BPI-Secure-Pi,Source documentation available; dedicated specs not verified,,https://docs.banana-pi.org/en/BPI-Secure-Pi/BananaPi_Secure-Pi
banana-pi-other-sbc-bpi-sm10,Banana Pi,BPI-SM10,Source documentation available; dedicated specs not verified,,https://docs.banana-pi.org/en/BPI-SM10/BananaPi_BPI-SM10
banana-pi-other-sbc-bpi-sm9-core,Banana Pi,BPI-SM9 Core,Source documentation available; dedicated specs not verified,,https://docs.banana-pi.org/en/BPI-SM9_Core/BananaPi_BPI-SM9
banana-pi-other-sbc-bpi-vp10,Banana Pi,BPI-VP10,Source documentation available; dedicated specs not verified,,https://docs.banana-pi.org/en/BPI-VP10/BananaPi_BPI-VP10
banana-pi-other-sbc-bpi-w2,Banana Pi,BPI-W2,Specification link recorded,https://docs.banana-pi.org/en/BPI-W2/BananaPi_BPI-W2,https://docs.banana-pi.org/en/BPI-W2/BananaPi_BPI-W2
banana-pi-other-sbc-bpi-w3,Banana Pi,BPI-W3,Source documentation available; dedicated specs not verified,,https://docs.banana-pi.org/en/BPI-W3/BananaPi_BPI-W3
banana-pi-other-sbc-bpi-wifi5,Banana Pi,BPI-WiFi5,Source documentation available; dedicated specs not verified,,https://docs.banana-pi.org/en/BPI-WiFi5/BananaPi_BPI-WiFi5_Router
banana-pi-other-sbc-bpi-wifi6-mini,Banana Pi,BPI-WiFi6 Mini,Source documentation available; dedicated specs not verified,,https://docs.banana-pi.org/en/BPI-WiFi6_Mini/BananaPi_BPI-WiFi6_Mini
banana-pi-other-sbc-bpi-wifi6-router,Banana Pi,BPI-WiFi6 Router,Source documentation available; dedicated specs not verified,,https://docs.banana-pi.org/en/BPI-WiFi6_Router/BananaPi_BPI-WiFi6_Router
banana-pi-other-sbc-openwrt-one,Banana Pi,OpenWRT-One,Source documentation available; dedicated specs not verified,,https://docs.banana-pi.org/en/OpenWRT-One/BananaPi_OpenWRT-One
beagleboard-org-other-sbc-beaglebone-ai-64,BeagleBoard.org,BeagleBone AI-64,Source documentation available; dedicated specs not verified,,https://github.com/beagleboard/docs.beagleboard.io/blob/16fe321218239da46f68cc6688347deddd044181/boards/beaglebone/ai-64/images/pinout/BeagleBone-AI-64-P8.png | https://github.com/beagleboard/docs.beagleboard.io/blob/16fe321218239da46f68cc6688347deddd044181/boards/beaglebone/ai-64/images/pinout/BeagleBone-AI-64-P9.png
beagleboard-org-other-sbc-beaglebone-blue,BeagleBoard.org,BeagleBone Blue,Source documentation available; dedicated specs not verified,,https://github.com/beagleboard/docs.beagleboard.io/blob/16fe321218239da46f68cc6688347deddd044181/boards/beaglebone/blue/images/BeagleBone_Blue_pinouts.jpg | https://github.com/beagleboard/docs.beagleboard.io/blob/16fe321218239da46f68cc6688347deddd044181/boards/beaglebone/blue/images/pinout.jpg
beagleboard-org-other-sbc-beaglev-ahead,BeagleBoard.org,BeagleV Ahead,Specification link recorded,https://github.com/beagleboard/beaglev-ahead/blob/main/README.md,https://github.com/beagleboard/docs.beagleboard.io/blob/16fe321218239da46f68cc6688347deddd044181/boards/beaglev/ahead/images/pinout/BeagleV-Ahead-P8.png | https://github.com/beagleboard/docs.beagleboard.io/blob/16fe321218239da46f68cc6688347deddd044181/boards/beaglev/ahead/images/pinout/BeagleV-Ahead-P9.png
beagleboard-org-other-sbc-beaglev-fire,BeagleBoard.org,BeagleV Fire,Specification link recorded,https://docs.beagle.cc/boards/beaglev/fire/index.html,https://github.com/beagleboard/docs.beagleboard.io/blob/16fe321218239da46f68cc6688347deddd044181/boards/beaglev/fire/images/pinout/BeagleV-Fire-P8.png | https://github.com/beagleboard/docs.beagleboard.io/blob/16fe321218239da46f68cc6688347deddd044181/boards/beaglev/fire/images/pinout/BeagleV-Fire-P9.png
beagleboard-org-other-sbc-beagley-ai,BeagleBoard.org,BeagleY AI,Specification link recorded,https://docs.beagleboard.org/boards/beagley/ai/index.html,https://github.com/beagleboard/docs.beagleboard.io/blob/16fe321218239da46f68cc6688347deddd044181/boards/beagley/ai/images/gpio/beagley-ai-pinout.png | https://github.com/beagleboard/docs.beagleboard.io/blob/16fe321218239da46f68cc6688347deddd044181/boards/beagley/ai/images/gpio/pinout.png
beagleboard-org-other-sbc-pocketbeagle,BeagleBoard.org,PocketBeagle,Source documentation available; dedicated specs not verified,,https://github.com/beagleboard/docs.beagleboard.io/blob/16fe321218239da46f68cc6688347deddd044181/boards/pocketbeagle/images/PocketBeagle_pinout.png
beagleboard-org-other-sbc-pocketbeagle-2,BeagleBoard.org,PocketBeagle 2,Source documentation available; dedicated specs not verified,,https://github.com/beagleboard/docs.beagleboard.io/blob/16fe321218239da46f68cc6688347deddd044181/boards/pocketbeagle-2/images/pinout/PocketBeagle-2-P1.png | https://github.com/beagleboard/docs.beagleboard.io/blob/16fe321218239da46f68cc6688347deddd044181/boards/pocketbeagle-2/images/pinout/PocketBeagle-2-P2.png
m5stack-other-sbc-cm4stack,M5Stack,CM4Stack,Source documentation available; dedicated specs not verified,,https://docs.m5stack.com/en/core/CM4Stack
m5stack-other-sbc-coremp135,M5Stack,CoreMP135,Source documentation available; dedicated specs not verified,,https://docs.m5stack.com/en/core/M5CoreMP135
m5stack-other-sbc-llm630-compute-kit,M5Stack,LLM630 Compute Kit,Source documentation available; dedicated specs not verified,,https://docs.m5stack.com/en/core/LLM630%20Compute%20Kit
milk-v-other-sbc-duo,Milk-V,Duo,Source documentation available; dedicated specs not verified,,https://github.com/milk-v/milkv.io/blob/01bc64d3d71bce30faec2bc4ba6dd34310e4ac8c/static/docs/duo/duo-wiringx-pinout-with-pin-name.png | https://github.com/milk-v/milkv.io/blob/01bc64d3d71bce30faec2bc4ba6dd34310e4ac8c/static/docs/duo/duo-wiringx-pinout.png | https://github.com/milk-v/milkv.io/blob/01bc64d3d71bce30faec2bc4ba6dd34310e4ac8c/static/docs/duo/duo/duo-pinout-01.webp | https://github.com/milk-v/milkv.io/blob/01bc64d3d71bce30faec2bc4ba6dd34310e4ac8c/static/docs/duo/pinout.webp | https://github.com/milk-v/milkv.io/blob/01bc64d3d71bce30faec2bc4ba6dd34310e4ac8c/static/duo/duo-pinout.webp
milk-v-other-sbc-duo-256m,Milk-V,Duo 256M,Specification link recorded,https://milkv.io/docs/duo/getting-started/duo256m,https://github.com/milk-v/milkv.io/blob/01bc64d3d71bce30faec2bc4ba6dd34310e4ac8c/static/docs/duo/duo256m/duo256m-pinout-01.webp
milk-v-other-sbc-duo-module-01-evb,Milk-V,Duo Module 01 EVB,Source documentation available; dedicated specs not verified,,https://github.com/milk-v/milkv.io/blob/01bc64d3d71bce30faec2bc4ba6dd34310e4ac8c/static/docs/duo/dm01/dm01-evb-pinout.webp
milk-v-other-sbc-duo-s,Milk-V,Duo S,Specification link recorded,https://milkv.io/docs/duo/getting-started/download,https://github.com/milk-v/milkv.io/blob/01bc64d3d71bce30faec2bc4ba6dd34310e4ac8c/static/docs/duo/duos/duos-poe-pinout.webp | https://github.com/milk-v/milkv.io/blob/01bc64d3d71bce30faec2bc4ba6dd34310e4ac8c/static/duo-s/duos-pinout.webp
milk-v-other-sbc-duo-s-v1-1,Milk-V,Duo S v1.1,Specification link recorded,https://milkv.io/docs/duo/getting-started/download,https://github.com/milk-v/milkv.io/blob/01bc64d3d71bce30faec2bc4ba6dd34310e4ac8c/static/docs/duo/duos/duos-pinout-v1.1.webp
orange-pi-other-sbc-2g-iot,Orange Pi,Orange Pi 2G-IoT,Source documentation available; dedicated specs not verified,,http://www.orangepi.org/orangepiwiki/index.php/Orange_Pi_2G-IoT
orange-pi-other-sbc-3,Orange Pi,Orange Pi 3,Source documentation available; dedicated specs not verified,,http://www.orangepi.org/orangepiwiki/index.php/Orange_Pi_3
orange-pi-other-sbc-3-lts,Orange Pi,Orange Pi 3 LTS,Source documentation available; dedicated specs not verified,,http://www.orangepi.org/orangepiwiki/index.php/Orange_Pi_3_LTS
orange-pi-other-sbc-3g-iot-a,Orange Pi,Orange Pi 3G- IoT -A,Source documentation available; dedicated specs not verified,,http://www.orangepi.org/orangepiwiki/index.php/Orange_Pi_3G-_IoT_-A
orange-pi-other-sbc-3g-iot-b,Orange Pi,Orange Pi 3G- IoT -B,Source documentation available; dedicated specs not verified,,http://www.orangepi.org/orangepiwiki/index.php/Orange_Pi_3G-_IoT_-B
orange-pi-other-sbc-4,Orange Pi,Orange Pi 4,Source documentation available; dedicated specs not verified,,http://www.orangepi.org/orangepiwiki/index.php/Orange_Pi_4
orange-pi-other-sbc-4-lts,Orange Pi,Orange Pi 4 LTS,Source documentation available; dedicated specs not verified,,http://www.orangepi.org/orangepiwiki/index.php/Orange_Pi_4_LTS
orange-pi-other-sbc-4a,Orange Pi,Orange Pi 4A,Specification link recorded,https://www.orangepi.org/html/hardWare/computerAndMicrocontrollers/details/Orange-Pi-4A.html,http://www.orangepi.org/orangepiwiki/index.php/Orange_Pi_4A
orange-pi-other-sbc-4b,Orange Pi,Orange Pi 4B,Source documentation available; dedicated specs not verified,,http://www.orangepi.org/orangepiwiki/index.php/Orange_Pi_4B
orange-pi-other-sbc-4g-iot,Orange Pi,Orange Pi 4G- IoT,Source documentation available; dedicated specs not verified,,http://www.orangepi.org/orangepiwiki/index.php/Orange_Pi_4G-_IoT
orange-pi-other-sbc-5,Orange Pi,Orange Pi 5,Source documentation available; dedicated specs not verified,,http://www.orangepi.org/orangepiwiki/index.php/26_Pin_Interface_Pin_Description | http://www.orangepi.org/orangepiwiki/index.php/Orange_Pi_5
orange-pi-other-sbc-5-plus,Orange Pi,Orange Pi 5 Plus,Source documentation available; dedicated specs not verified,,http://www.orangepi.org/orangepiwiki/index.php/Orange_Pi_5_Plus
orange-pi-other-sbc-5-ultra,Orange Pi,Orange Pi 5 Ultra,Source documentation available; dedicated specs not verified,,http://www.orangepi.org/orangepiwiki/index.php/Orange_Pi_5_Ultra
orange-pi-other-sbc-800,Orange Pi,Orange Pi 800,Source documentation available; dedicated specs not verified,,http://www.orangepi.org/orangepiwiki/index.php/Orange_Pi_800
orange-pi-other-sbc-cm4,Orange Pi,Orange Pi CM4,Source documentation available; dedicated specs not verified,,http://www.orangepi.org/orangepiwiki/index.php/Orange_Pi_CM4
orange-pi-other-sbc-cm4-with-expansion-board,Orange Pi,Orange Pi CM4 with expansion board,Source documentation available; dedicated specs not verified,,http://www.orangepi.org/orangepiwiki/index.php/Orange_Pi_CM4
orange-pi-other-sbc-i96,Orange Pi,Orange Pi i96,Source documentation available; dedicated specs not verified,,http://www.orangepi.org/orangepiwiki/index.php/Orange_Pi_i96
orange-pi-other-sbc-lite,Orange Pi,Orange Pi Lite,Source documentation available; dedicated specs not verified,,http://www.orangepi.org/orangepiwiki/index.php/Orange_Pi_Lite
orange-pi-other-sbc-lite-2,Orange Pi,Orange Pi Lite 2,Source documentation available; dedicated specs not verified,,http://www.orangepi.org/orangepiwiki/index.php/Orange_Pi_Lite_2
orange-pi-other-sbc-one,Orange Pi,Orange Pi One,Source documentation available; dedicated specs not verified,,http://www.orangepi.org/orangepiwiki/index.php/Orange_Pi_One
orange-pi-other-sbc-one-plus,Orange Pi,Orange Pi One Plus,Source documentation available; dedicated specs not verified,,http://www.orangepi.org/orangepiwiki/index.php/Orange_Pi_One_Plus
orange-pi-other-sbc-pc,Orange Pi,Orange Pi PC,Source documentation available; dedicated specs not verified,,http://www.orangepi.org/orangepiwiki/index.php/Orange_Pi_PC
orange-pi-other-sbc-pc-2,Orange Pi,Orange Pi PC 2,Source documentation available; dedicated specs not verified,,http://www.orangepi.org/orangepiwiki/index.php/Orange_Pi_PC_2
orange-pi-other-sbc-pc-plus,Orange Pi,Orange Pi PC Plus,Source documentation available; dedicated specs not verified,,http://www.orangepi.org/orangepiwiki/index.php/Orange_Pi_PC_Plus
orange-pi-other-sbc-plus-2e,Orange Pi,Orange Pi Plus 2E,Source documentation available; dedicated specs not verified,,http://www.orangepi.org/orangepiwiki/index.php/Orange_Pi_Plus_2E
orange-pi-other-sbc-prime,Orange Pi,Orange Pi Prime,Source documentation available; dedicated specs not verified,,http://www.orangepi.org/orangepiwiki/index.php/Orange_Pi_Prime
orange-pi-other-sbc-r1,Orange Pi,Orange Pi R1,Source documentation available; dedicated specs not verified,,http://www.orangepi.org/orangepiwiki/index.php/Orange_Pi_R1
orange-pi-other-sbc-r1-plus,Orange Pi,Orange Pi R1 Plus,Source documentation available; dedicated specs not verified,,http://www.orangepi.org/orangepiwiki/index.php/Orange_Pi_R1_Plus
orange-pi-other-sbc-r1-plus-lts,Orange Pi,Orange Pi R1 Plus LTS,Source documentation available; dedicated specs not verified,,http://www.orangepi.org/orangepiwiki/index.php/Orange_Pi_R1_Plus_LTS
orange-pi-other-sbc-r1-plus-lts-with-metal-case,Orange Pi,Orange Pi R1 Plus LTS（With Metal Case）,Source documentation available; dedicated specs not verified,,http://www.orangepi.org/orangepiwiki/index.php/Orange_Pi_R1_Plus_LTS%EF%BC%88With_Metal_Case%EF%BC%89
orange-pi-other-sbc-rk3399,Orange Pi,Orange Pi RK3399,Source documentation available; dedicated specs not verified,,http://www.orangepi.org/orangepiwiki/index.php/Orange_Pi_RK3399
orange-pi-other-sbc-rv2,Orange Pi,Orange Pi RV2,Specification link recorded,https://www.orangepi.org/orangepiwiki/index.php/Orange_Pi_RV2,http://www.orangepi.org/orangepiwiki/index.php/Orange_Pi_RV2
orange-pi-other-sbc-win-plus,Orange Pi,Orange Pi Win Plus,Source documentation available; dedicated specs not verified,,http://www.orangepi.org/orangepiwiki/index.php/Orange_Pi_Win_Plus
orange-pi-other-sbc-zero,Orange Pi,Orange Pi Zero,Source documentation available; dedicated specs not verified,,http://www.orangepi.org/orangepiwiki/index.php/Orange_Pi_Zero
orange-pi-other-sbc-zero-2,Orange Pi,Orange Pi Zero 2,Source documentation available; dedicated specs not verified,,http://www.orangepi.org/orangepiwiki/index.php/Orange_Pi_Zero_2
orange-pi-other-sbc-zero-2w,Orange Pi,Orange Pi Zero 2W,Source documentation available; dedicated specs not verified,,http://www.orangepi.org/orangepiwiki/index.php/Orange_Pi_Zero_2W | http://www.orangepi.org/html/hardWare/computerAndMicrocontrollers/details/Orange-Pi-Zero-2W.html
orange-pi-other-sbc-zero-3,Orange Pi,Orange Pi Zero 3,Source documentation available; dedicated specs not verified,,http://www.orangepi.org/orangepiwiki/index.php/Orange_Pi_Zero_3 | http://www.orangepi.org/html/hardWare/computerAndMicrocontrollers/details/Orange-Pi-Zero-3.html
orange-pi-other-sbc-zero-lts,Orange Pi,Orange Pi Zero LTS,Source documentation available; dedicated specs not verified,,http://www.orangepi.org/orangepiwiki/index.php/Orange_Pi_Zero_LTS
orange-pi-other-sbc-zero-plus,Orange Pi,Orange Pi Zero Plus,Source documentation available; dedicated specs not verified,,http://www.orangepi.org/orangepiwiki/index.php/Orange_Pi_Zero_Plus
orange-pi-other-sbc-zero-plus-2,Orange Pi,Orange Pi Zero Plus 2,Source documentation available; dedicated specs not verified,,http://www.orangepi.org/orangepiwiki/index.php/Orange_Pi_Zero_Plus_2
radxa-other-sbc-c200,Radxa,C200,Source documentation available; dedicated specs not verified,,https://github.com/radxa-docs/docs/blob/df97d99c4e1a12f8f9d2afb129ed86bc33c050b5/static/img/c200/c200-40-pin-gpio.webp | https://github.com/radxa-docs/docs/blob/df97d99c4e1a12f8f9d2afb129ed86bc33c050b5/static/img/c200/c200-other-gpio.webp
radxa-other-sbc-cubie-a5e,Radxa,Cubie A5E,Source documentation available; dedicated specs not verified,,https://github.com/radxa-docs/docs/blob/df97d99c4e1a12f8f9d2afb129ed86bc33c050b5/static/img/cubie/a5e/a5e_gpio.webp
radxa-other-sbc-cubie-a7a,Radxa,Cubie A7A,Source documentation available; dedicated specs not verified,,https://github.com/radxa-docs/docs/blob/df97d99c4e1a12f8f9d2afb129ed86bc33c050b5/static/img/cubie/a7a/a7a-gpio.webp
radxa-other-sbc-cubie-a7z,Radxa,Cubie A7Z,Source documentation available; dedicated specs not verified,,https://github.com/radxa-docs/docs/blob/df97d99c4e1a12f8f9d2afb129ed86bc33c050b5/static/img/cubie/a7z/a7z-gpio.webp
radxa-other-sbc-dragon-q6a,Radxa,Dragon Q6A,Source documentation available; dedicated specs not verified,,https://github.com/radxa-docs/docs/blob/df97d99c4e1a12f8f9d2afb129ed86bc33c050b5/static/img/dragon/q6a/q6a_gpio.webp
radxa-other-sbc-dragon-q8b,Radxa,Dragon Q8B,Source documentation available; dedicated specs not verified,,https://github.com/radxa-docs/docs/blob/df97d99c4e1a12f8f9d2afb129ed86bc33c050b5/static/img/dragon/q8b/q8b_gpio.webp
radxa-other-sbc-e24c,Radxa,E24C,Source documentation available; dedicated specs not verified,,https://github.com/radxa-docs/docs/blob/df97d99c4e1a12f8f9d2afb129ed86bc33c050b5/static/img/e/e24c/e24c-gpio-pinout.webp
radxa-other-sbc-orion-o6,Radxa,Orion O6,Source documentation available; dedicated specs not verified,,https://github.com/radxa-docs/docs/blob/df97d99c4e1a12f8f9d2afb129ed86bc33c050b5/static/img/orion/o6/pinout_gpio.webp | https://docs.radxa.com/en/orion/o6
radxa-other-sbc-rock-4d,Radxa,ROCK 4D,Specification link recorded,https://docs.radxa.com/en/rock4/rock4d,https://github.com/radxa-docs/docs/blob/df97d99c4e1a12f8f9d2afb129ed86bc33c050b5/static/img/rock4/4d/rock4d-40-pin-gpio.webp
radxa-other-sbc-taco-carrier,Radxa,TACO carrier,Source documentation available; dedicated specs not verified,,https://github.com/radxa-docs/docs/blob/df97d99c4e1a12f8f9d2afb129ed86bc33c050b5/static/img/accessories/taco/radxa-taco-gpio.webp
seeed-studio-other-sbc-beaglebone-green-wireless,Seeed Studio,BeagleBone Green Wireless,Source documentation available; dedicated specs not verified,, | https://wiki.seeedstudio.com/BeagleBone_Green_Wireless/
seeed-studio-other-sbc-eagleye-530s,Seeed Studio,Eagleye 530s,Source documentation available; dedicated specs not verified,,https://wiki.seeedstudio.com/Eagleye_530s/
seeed-studio-other-sbc-mini-ai-computer-t906,Seeed Studio,Mini AI Computer T906,Source documentation available; dedicated specs not verified,,https://wiki.seeedstudio.com/Mini_AI_Computer_T906/
seeed-studio-other-sbc-odyssey-stm32mp135d,Seeed Studio,ODYSSEY STM32MP135D,Source documentation available; dedicated specs not verified,,https://wiki.seeedstudio.com/ODYSSEY-STM32MP135D/
seeed-studio-other-sbc-odyssey-stm32mp157c,Seeed Studio,ODYSSEY STM32MP157C,Specification link recorded,https://wiki.seeedstudio.com/ODYSSEY-STM32MP157C/,https://wiki.seeedstudio.com/ODYSSEY-STM32MP157C/
seeed-studio-other-sbc-odyssey-x86j4105,Seeed Studio,ODYSSEY X86J4105,Source documentation available; dedicated specs not verified,,https://wiki.seeedstudio.com/Fan_Pinout/ | https://wiki.seeedstudio.com/ODYSSEY_Getting_Started/
seeed-studio-other-sbc-odyssey-x86j4125,Seeed Studio,ODYSSEY X86J4125,Specification link recorded,https://wiki.seeedstudio.com/ODYSSEY-X86J4105/,https://wiki.seeedstudio.com/ODYSSEY-X86J4105/
seeed-studio-other-sbc-odyssey-x86j4125-v2,Seeed Studio,ODYSSEY X86J4125 V2,Specification link recorded,https://wiki.seeedstudio.com/ODYSSEY-X86J4105/,https://wiki.seeedstudio.com/ODYSSEY-X86J4105/
seeed-studio-other-sbc-recomputer-classic-j501,Seeed Studio,reComputer Classic J501,Specification link recorded,https://wiki.seeedstudio.com/ai_robotics_seeed_agx_orin_dev_kit_getting_started/,https://wiki.seeedstudio.com/ai_robotics_seeed_agx_orin_dev_kit_getting_started/
seeed-studio-other-sbc-recomputer-super-j3010,Seeed Studio,reComputer Super J3010,Source documentation available; dedicated specs not verified,, | https://wiki.seeedstudio.com/recomputer_jetson_super_hardware_interfaces_usage/
seeed-studio-other-sbc-reserver-j2032,Seeed Studio,reServer J2032,Source documentation available; dedicated specs not verified,,https://wiki.seeedstudio.com/reServer_J2032_Flash_Jetpack/
seeed-studio-other-sbc-reserver-x86,Seeed Studio,reServer X86,Specification link recorded,https://wiki.seeedstudio.com/reServer-Getting-Started/,https://wiki.seeedstudio.com/reServer-Getting-Started/
seeed-studio-other-sbc-respeaker-core,Seeed Studio,reSpeaker Core,Source documentation available; dedicated specs not verified,,https://wiki.seeedstudio.com/ReSpeaker_Core/
0xcb-rp2040-gemini,0xCB,Gemini,Source documentation available; dedicated specs not verified,,https://github.com/0xCB-dev/0xCB-Gemini | https://circuitpython.org/board/0xcb_gemini/
0xcb-rp2040-helios,0xCB,Helios,Source documentation available; dedicated specs not verified,,https://github.com/0xCB-dev/0xCB-Helios | https://circuitpython.org/board/0xcb_helios/
2231puppy-rp2040-e-fidget,2231puppy,E-Fidget,Source documentation available; dedicated specs not verified,,https://e-fidget.xyz | https://circuitpython.org/board/e_fidget/
42-keebs-rp2040-the-frood,42. Keebs,The Frood,Source documentation available; dedicated specs not verified,,https://github.com/piit79/frood | https://circuitpython.org/board/42keebs_frood/
8086-consultancy-rp2040-rp2040-interfacer,8086 Consultancy,RP2040 Interfacer,Source documentation available; dedicated specs not verified,,https://circuitpython.org/board/8086_rp2040_interfacer/
8086-consultancy-rp2040-usb-interposer,8086 Consultancy,USB Interposer,Source documentation available; dedicated specs not verified,,https://circuitpython.org/board/8086_usb_interposer/
adafruit-rp2040-floppsy-rp2040,Adafruit,Adafruit Floppsy RP2040,Source documentation available; dedicated specs not verified,,https://www.adafruit.com/ | https://circuitpython.org/board/adafruit_floppsy_rp2040/
adafruit-rp2040-feather-rp2040,Adafruit,Feather RP2040,Source documentation available; dedicated specs not verified,,https://learn.adafruit.com/adafruit-feather-rp2040-pico/pinouts | https://www.adafruit.com/product/4884 | https://circuitpython.org/board/adafruit_feather_rp2040/
adafruit-rp2040-feather-rp2040-adalogger,Adafruit,Feather RP2040 Adalogger,Source documentation available; dedicated specs not verified,,https://learn.adafruit.com/adafruit-feather-rp2040-adalogger/pinouts | https://www.adafruit.com/product/5980 | https://circuitpython.org/board/adafruit_feather_rp2040_adalogger/
adafruit-rp2040-feather-rp2040-can-bus,Adafruit,Feather RP2040 CAN Bus,Source documentation available; dedicated specs not verified,,https://learn.adafruit.com/adafruit-rp2040-can-bus-feather/pinouts | https://www.adafruit.com/product/5724 | https://circuitpython.org/board/adafruit_feather_rp2040_can/
adafruit-rp2040-feather-rp2040-prop-maker,Adafruit,Feather RP2040 Prop-Maker,Source documentation available; dedicated specs not verified,,https://learn.adafruit.com/adafruit-rp2040-prop-maker-feather/pinouts | https://www.adafruit.com/product/5768 | https://circuitpython.org/board/adafruit_feather_rp2040_prop_maker/
adafruit-rp2040-feather-rp2040-rfm69,Adafruit,Feather RP2040 RFM69,Source documentation available; dedicated specs not verified,,https://learn.adafruit.com/feather-rp2040-rfm69/pinouts | https://www.adafruit.com/product/5712 | https://circuitpython.org/board/adafruit_feather_rp2040_rfm69/
adafruit-rp2040-feather-rp2040-rfm95,Adafruit,Feather RP2040 RFM95,Source documentation available; dedicated specs not verified,,https://learn.adafruit.com/feather-rp2040-rfm95/pinouts
adafruit-rp2040-feather-rp2040-rfm9x,Adafruit,Feather RP2040 RFM9x,Source documentation available; dedicated specs not verified,,https://www.adafruit.com/product/5714 | https://circuitpython.org/board/adafruit_feather_rp2040_rfm9x/
adafruit-rp2040-feather-rp2040-scorpio,Adafruit,Feather RP2040 SCORPIO,Source documentation available; dedicated specs not verified,,https://learn.adafruit.com/introducing-feather-rp2040-scorpio/pinouts | https://www.adafruit.com/product/5650 | https://circuitpython.org/board/adafruit_feather_rp2040_scorpio/
adafruit-rp2040-feather-rp2040-thinkink,Adafruit,Feather RP2040 ThinkInk,Source documentation available; dedicated specs not verified,,https://learn.adafruit.com/adafruit-rp2040-feather-thinkink/pinouts | https://www.adafruit.com/product/5727 | https://circuitpython.org/board/adafruit_feather_rp2040_thinkink/
adafruit-rp2040-feather-rp2040-with-dvi-output-port,Adafruit,Feather RP2040 with DVI Output Port,Source documentation available; dedicated specs not verified,,https://learn.adafruit.com/adafruit-feather-rp2040-dvi/pinouts | https://www.adafruit.com/product/5710 | https://circuitpython.org/board/adafruit_feather_rp2040_dvi/
adafruit-rp2040-feather-rp2040-with-usb-type-a-host,Adafruit,Feather RP2040 with USB Type A Host,Source documentation available; dedicated specs not verified,,https://learn.adafruit.com/adafruit-feather-rp2040-with-usb-type-a-host/pinouts | https://www.adafruit.com/product/5723 | https://circuitpython.org/board/adafruit_feather_rp2040_usb_host/
adafruit-rp2040-itsybitsy-rp2040,Adafruit,ItsyBitsy RP2040,Source documentation available; dedicated specs not verified,,https://learn.adafruit.com/adafruit-itsybitsy-rp2040/pinouts | https://www.adafruit.com/product/4888 | https://circuitpython.org/board/adafruit_itsybitsy_rp2040/
adafruit-rp2040-kb2040,Adafruit,KB2040,Source documentation available; dedicated specs not verified,,https://learn.adafruit.com/adafruit-kb2040/pinouts | https://www.adafruit.com/product/5302 | https://circuitpython.org/board/adafruit_kb2040/
adafruit-rp2040-macropad-rp2040,Adafruit,MacroPad RP2040,Source documentation available; dedicated specs not verified,,https://learn.adafruit.com/adafruit-macropad-rp2040/pinouts | https://www.adafruit.com/product/5128 | https://www.adafruit.com/product/5100 | https://circuitpython.org/board/adafruit_macropad_rp2040/
adafruit-rp2040-metro-rp2040,Adafruit,Metro RP2040,Source documentation available; dedicated specs not verified,,https://learn.adafruit.com/adafruit-metro-rp2040/pinouts | https://www.adafruit.com/product/5786 | https://circuitpython.org/board/adafruit_metro_rp2040/
adafruit-rp2040-qt-py-rp2040,Adafruit,QT Py RP2040,Source documentation available; dedicated specs not verified,,https://learn.adafruit.com/adafruit-qt-py-2040/pinouts | https://www.adafruit.com/product/4900 | https://circuitpython.org/board/adafruit_qtpy_rp2040/
adafruit-rp2040-trinkey-qt2040,Adafruit,Trinkey QT2040,Source documentation available; dedicated specs not verified,,https://learn.adafruit.com/adafruit-trinkey-qt2040/pinouts | https://www.adafruit.com/product/5056 | https://circuitpython.org/board/adafruit_qt2040_trinkey/
arduino-rp2040-nano-rp2040-connect,Arduino,Nano RP2040 Connect,Source documentation available; dedicated specs not verified,,https://store-usa.arduino.cc/products/arduino-nano-rp2040-connect | https://docs.arduino.cc/hardware/nano-rp2040-connect/ | https://github.com/arduino/docs-content/blob/dab66ecbd6ad52cd742da6c19c5b6330a7f2caae/content/hardware/nano/boards/nano-rp2040-connect/product.md | https://github.com/arduino/docs-content/blob/dab66ecbd6ad52cd742da6c19c5b6330a7f2caae/content/hardware/nano/boards/nano-rp2040-connect/tutorials/rp2040-01-technical-reference/assets/pinout.png | https://github.com/arduino/docs-content/blob/dab66ecbd6ad52cd742da6c19c5b6330a7f2caae/content/hardware/nano/boards/nano-rp2040-connect/downloads/ABX00053-full-pinout.pdf | https://circuitpython.org/board/arduino_nano_rp2040_connect/
banana-pi-rp2040-bpi-pico-2040,Banana Pi,BPI-Pico-2040,Source documentation available; dedicated specs not verified,,https://docs.banana-pi.org/en/BPI-Pico-2040/BananaPi_BPI-Pico-2040
benjamin-shockley-rp2040-figpi,Benjamin Shockley,FigPi,Source documentation available; dedicated specs not verified,,https://minifigboards.com/fig-pi | https://circuitpython.org/board/bwshockley_figpi/
boardsource-rp2040-blok,Boardsource,Blok,Source documentation available; dedicated specs not verified,,https://boardsource.xyz/store/628b95b494dfa308a6581622 | https://circuitpython.org/board/boardsource_blok/
brad-n-lane-studio-rp2040-explorer-badge-rp2040,Bradán Lane STUDIO,Bradán Lane STUDIO Explorer Badge RP2040,Source documentation available; dedicated specs not verified,,https://circuitpython.org/board/bradanlanestudio_explorer_rp2040/
breadstick-innovations-rp2040-raspberry-breadstick,Breadstick Innovations,Raspberry Breadstick,Source documentation available; dedicated specs not verified,,https://github.com/Breadstick-Innovations/Raspberry-Breadstick | https://www.crowdsupply.com/breadstick-innovations/raspberry-breadstick | https://circuitpython.org/board/breadstick_raspberry/
cytron-technologies-rp2040-edu-pico-for-pico-w,Cytron Technologies,EDU PICO for Pico W,Source documentation available; dedicated specs not verified,,https://www.cytron.io/p-edu-project-and-innovation-kits-for-pico-w | https://circuitpython.org/board/cytron_edu_pico_w/
cytron-technologies-rp2040-maker-nano-rp2040,Cytron Technologies,Maker Nano RP2040,Source documentation available; dedicated specs not verified,,https://www.cytron.io/p-maker-nano-rp2040 | https://circuitpython.org/board/cytron_maker_nano_rp2040/
cytron-technologies-rp2040-maker-pi-rp2040,Cytron Technologies,Maker Pi RP2040,Source documentation available; dedicated specs not verified,,https://www.cytron.io/p-maker-pi-rp2040 | https://www.adafruit.com/product/5129 | https://circuitpython.org/board/cytron_maker_pi_rp2040/
cytron-technologies-rp2040-maker-uno-rp2040,Cytron Technologies,Maker UNO RP2040,Source documentation available; dedicated specs not verified,,https://github.com/CytronTechnologies/Cytron-MAKER-UNO-RP2040/blob/8af0c9de58681f3ad5e1e4c3a3c8b01cd3d524c1/Images/MAKER-UNO-RP2040-pinout-diagram.png | https://my.cytron.io/p-maker-uno-rp2040 | https://circuitpython.org/board/cytron_maker_uno_rp2040/
datanoisetv-rp2040-picoadk-audio-development-kit,DatanoiseTV,PicoADK - Audio Development Kit,Source documentation available; dedicated specs not verified,,https://www.tindie.com/products/datanoisetv/picoadk-audio-development-kit-raspberry-rp2040/ | https://circuitpython.org/board/datanoise_picoadk/
elecfreaks-rp2040-pico-ed,ELECFREAKS,ELECFREAKS Pico:ed,Source documentation available; dedicated specs not verified,,https://www.elecfreaks.com/picoed.html | https://circuitpython.org/board/elecfreaks_picoed/
elecrow-rp2040-crowpanel-pico-hmi-2-4-inch-display,Elecrow,CrowPanel PICO HMI 2.4-inch Display,Source documentation available; dedicated specs not verified,,https://www.elecrow.com/wiki/CrowPanel_Pico_HMI_Display-2.4.html
elecrow-rp2040-crowpanel-pico-hmi-2-8-inch-display,Elecrow,CrowPanel PICO HMI 2.8-inch Display,Source documentation available; dedicated specs not verified,,https://www.elecrow.com/wiki/CrowPanel_Pico_HMI_Display-2.8.html
elecrow-rp2040-crowpanel-pico-hmi-4-3-inch-display,Elecrow,CrowPanel PICO HMI 4.3-inch Display,Source documentation available; dedicated specs not verified,,https://www.elecrow.com/wiki/CrowPanel_Pico_HMI_Display-4.3.html
elecrow-rp2040-pico-w5-rp2040-dev-board,Elecrow,PICO W5 RP2040 Dev Board,Source documentation available; dedicated specs not verified,,https://www.elecrow.com/wiki/PICO_W5_RP2040_Dev_Board.html
electrolama-rp2040-minik-octave,Electrolama,Electrolama minik Octave,Source documentation available; dedicated specs not verified,,https://github.com/electrolama/minik | https://circuitpython.org/board/electrolama_minik/
hack-club-rp2040-sprig,Hack Club,Hack Club Sprig,Source documentation available; dedicated specs not verified,,https://sprig.hackclub.com | https://circuitpython.org/board/hack_club_sprig/
hack-club-rp2040-orpheus-pico,Hack Club,Orpheus Pico,Source documentation available; dedicated specs not verified,,https://orpheuspico.hackclub.com/ | https://circuitpython.org/board/orpheus_pico/
heia-fr-rp2040-picomo-v2,HEIA-FR,PicoMo V2,Source documentation available; dedicated specs not verified,,https://go.heia-fr.ch/picomo | https://circuitpython.org/board/heiafr_picomo_v2/
heia-fr-rp2040-picomo-v3,HEIA-FR,PicoMo V3,Source documentation available; dedicated specs not verified,,https://go.heia-fr.ch/picomo | https://circuitpython.org/board/heiafr_picomo_v3/
hxr-dk-rp2040-sao-digital-multimeter,HXR.DK,SAO Digital Multimeter,Source documentation available; dedicated specs not verified,,https://github.com/flummer/dmm-sao | https://circuitpython.org/board/hxr_sao_dmm/
invector-labs-rp2040-challenger-nb-rp2040-wifi,Invector Labs,Challenger NB RP2040 WiFi,Source documentation available; dedicated specs not verified,,https://www.tindie.com/products/invector/challenger-nb-rp2040-wifi/ | https://circuitpython.org/board/challenger_nb_rp2040_wifi/
invector-labs-rp2040-challenger-rp2040-lora,Invector Labs,Challenger RP2040 LoRa,Source documentation available; dedicated specs not verified,,https://www.tindie.com/products/invector/challenger-rp2040-lora-915mhz/ | https://thepihut.com/products/challenger-rp2040-lora-868mhz | https://circuitpython.org/board/challenger_rp2040_lora/
invector-labs-rp2040-challenger-rp2040-lte,Invector Labs,Challenger RP2040 LTE,Source documentation available; dedicated specs not verified,,https://www.tindie.com/products/invector/challenger-rp2040-lte/ | https://circuitpython.org/board/challenger_rp2040_lte/
invector-labs-rp2040-challenger-rp2040-nfc,Invector Labs,Challenger RP2040 NFC,Source documentation available; dedicated specs not verified,,https://ilabs.se/product/challenger-rp2040-nfc/ | https://circuitpython.org/board/challenger_rp2040_nfc/
invector-labs-rp2040-challenger-rp2040-sd-rtc,Invector Labs,Challenger RP2040 SD/RTC,Source documentation available; dedicated specs not verified,,https://ilabs.se/product/challenger-rp2040-sd-rtc/ | https://circuitpython.org/board/challenger_rp2040_sdrtc/
invector-labs-rp2040-challenger-rp2040-subghz,Invector Labs,Challenger RP2040 SubGHz,Source documentation available; dedicated specs not verified,,https://ilabs.se/product/challenger-rp2040-subghz-915mhz/ | https://circuitpython.org/board/challenger_rp2040_subghz/
invector-labs-rp2040-challenger-rp2040-wifi,Invector Labs,Challenger RP2040 WiFi,Source documentation available; dedicated specs not verified,,https://www.tindie.com/products/invector/challenger-rp2040-wifi/ | https://circuitpython.org/board/challenger_rp2040_wifi/
invector-labs-rp2040-challenger-rp2040-wifi-ble,Invector Labs,Challenger RP2040 WiFi/BLE,Source documentation available; dedicated specs not verified,,https://ilabs.se/product/challenger-rp2040-wifi-ble-with-chip-antenna/ | https://circuitpython.org/board/challenger_rp2040_wifi_ble/
jpconstantineau-rp2040-encoderpad-rp2040,JPConstantineau,EncoderPad RP2040,Source documentation available; dedicated specs not verified,,https://github.com/jpconstantineau/EncoderPad_RP2040 | https://circuitpython.org/board/jpconstantineau_encoderpad_rp2040/
jpconstantineau-rp2040-pykey18-numpad,JPConstantineau,PyKey18 Numpad,Source documentation available; dedicated specs not verified,,https://github.com/jpconstantineau/PyKey60 | https://circuitpython.org/board/jpconstantineau_pykey18/
jpconstantineau-rp2040-pykey44-ergo-keyboard,JPConstantineau,PyKey44 Ergo Keyboard,Source documentation available; dedicated specs not verified,,https://github.com/jpconstantineau/PyKey60 | https://circuitpython.org/board/jpconstantineau_pykey44/
jpconstantineau-rp2040-pykey60-keyboard,JPConstantineau,PyKey60 Keyboard,Source documentation available; dedicated specs not verified,,https://github.com/jpconstantineau/PyKey60 | https://circuitpython.org/board/jpconstantineau_pykey60/
jpconstantineau-rp2040-pykey87-ten-key-less-tkl-keyboard,JPConstantineau,PyKey87 Ten Key Less (TKL) Keyboard,Source documentation available; dedicated specs not verified,,https://github.com/jpconstantineau/PyKey60 | https://circuitpython.org/board/jpconstantineau_pykey87/
lilygo-rp2040-t-display-rp2040,LILYGO,T-Display RP2040,Source documentation available; dedicated specs not verified,,https://github.com/Xinyuan-LilyGO/LILYGO-T-display-RP2040/blob/107393af5c4bc1ce7a8b3735c90db531b296bc14/img/T-display-RP2040.jpg | https://www.lilygo.cc/products/t-display-rp2040 | https://circuitpython.org/board/lilygo_t_display_rp2040/
lilygo-rp2040-t-picoc3,LILYGO,T-PicoC3,Source documentation available; dedicated specs not verified,,https://github.com/Xinyuan-LilyGO/T-PicoC3/blob/9565b8a0e10f5def2d0c34015f9e3328f846a751/image/T-PicoC3_en.jpg
maple-rp2040-elite-pi,Maple,Maple Elite-Pi,Source documentation available; dedicated specs not verified,,https://keeb.io/products/elite-pi-usb-c-pro-micro-replacement-rp2040 | https://circuitpython.org/board/maple_elite_pi/
melopero-rp2040-shake-rp2040,Melopero,Shake RP2040,Source documentation available; dedicated specs not verified,,https://www.melopero.com/melopero-shake-rp2040 | https://circuitpython.org/board/melopero_shake_rp2040/
music-thing-modular-rp2040-workshop-system,Music Thing Modular,Music Thing Modular Workshop System ,Source documentation available; dedicated specs not verified,,https://www.musicthing.co.uk/workshopsystem/ | https://circuitpython.org/board/mtm_computer/
newsan-rp2040-archi,Newsan,Archi,Source documentation available; dedicated specs not verified,,https://archikids.com.ar/documentacion | https://circuitpython.org/board/archi/
nologo-rp2040-rp2040-promicro,Nologo,RP2040 ProMicro,Source documentation available; dedicated specs not verified,,https://www.nologo.tech/product/raspberrypie/RP2040/RP2040ProMicro.html
nologo-rp2040-rp2040-promini,Nologo,RP2040 ProMini,Source documentation available; dedicated specs not verified,,https://www.nologo.tech/product/raspberrypie/RP2040/RP2040Promini.html
nologo-rp2040-rp2040-uno,Nologo,RP2040 Uno,Source documentation available; dedicated specs not verified,,https://www.nologo.tech/product/raspberrypie/RP2040/rp2040uno/
nologo-rp2040-rp2040-usb,Nologo,RP2040 USB,Source documentation available; dedicated specs not verified,,https://www.nologo.tech/product/raspberrypie/RP2040/rp2040usb/
nologo-rp2040-rp2040supermini,Nologo,RP2040SuperMini,Source documentation available; dedicated specs not verified,,https://www.nologo.tech/product/raspberrypie/RP2040/RP2040SuperMini.html
nullbits-rp2040-bit-c-pro,nullbits,Bit-C PRO,Source documentation available; dedicated specs not verified,,https://nullbits.co/bit-c-pro/ | https://circuitpython.org/board/nullbits_bit_c_pro/
oak-development-technologies-rp2040-bread-2040-dev-board,Oak Development Technologies,Bread 2040 Dev Board,Source documentation available; dedicated specs not verified,,https://www.tindie.com/products/24791/ | https://circuitpython.org/board/odt_bread_2040/
oak-development-technologies-rp2040-cast-away-rp2040,Oak Development Technologies,CAST-AWAY RP2040,Source documentation available; dedicated specs not verified,,https://www.tindie.com/products/oakdevtech/cast-away-rp2040-a-castellated-rp2040-dev-board/ | https://circuitpython.org/board/odt_cast_away_rp2040/
oak-development-technologies-rp2040-rpga-feather,Oak Development Technologies,RPGA Feather,Source documentation available; dedicated specs not verified,,https://www.tindie.com/products/oakdevtech/rpga-feather-rp2040-ice40/ | https://circuitpython.org/board/odt_rpga_feather/
otake-takayoshi-rp2040-octave,OTAKE Takayoshi,OTAKE Takayoshi Octave,Source documentation available; dedicated specs not verified,,https://github.com/takayoshiotake/octave-12-key-macropad | https://circuitpython.org/board/takayoshiotake_octave_rp2040/
pajenicko-s-r-o-rp2040-pajenicko-picopad,Pajenicko s.r.o.,Pajenicko Picopad,Source documentation available; dedicated specs not verified,,https://github.com/Pajenicko/Picopad | https://circuitpython.org/board/pajenicko_picopad/
pcbcupid-rp2040-glyph-mini-2040,Pcbcupid,Glyph Mini 2040,Source documentation available; dedicated specs not verified,,https://shop.pcbcupid.com/product/gdm001 | https://circuitpython.org/board/pcbcupid_glyph_mini_2040/
pimoroni-rp2040-badger-2040,Pimoroni,Badger 2040,Source documentation available; dedicated specs not verified,,https://shop.pimoroni.com/products/badger-2040 | https://circuitpython.org/board/pimoroni_badger2040/
pimoroni-rp2040-badger-2040-w-pico-w-aboard,Pimoroni,Badger 2040 W (Pico W Aboard),Source documentation available; dedicated specs not verified,,https://shop.pimoroni.com/products/badger-2040-w | https://circuitpython.org/board/pimoroni_badger2040w/
pimoroni-rp2040-inky-frame-5-7-pico-w-aboard,Pimoroni,"Inky Frame 5.7\"" (Pico W Aboard)",Source documentation available; dedicated specs not verified,,https://shop.pimoroni.com/products/inky-frame-5-7 | https://circuitpython.org/board/pimoroni_inky_frame_5_7/
pimoroni-rp2040-inky-frame-7-3-pico-w-aboard,Pimoroni,"Inky Frame 7.3\"" (Pico W Aboard)",Source documentation available; dedicated specs not verified,,https://shop.pimoroni.com/products/inky-frame-7-3 | https://circuitpython.org/board/pimoroni_inky_frame_7_3/
pimoroni-rp2040-interstate-75,Pimoroni,Interstate 75,Source documentation available; dedicated specs not verified,,https://shop.pimoroni.com/products/interstate-75 | https://www.adafruit.com/product/5342 | https://circuitpython.org/board/pimoroni_interstate75/
pimoroni-rp2040-keybow-2040,Pimoroni,Keybow 2040,Source documentation available; dedicated specs not verified,,https://shop.pimoroni.com/products/keybow-2040 | https://www.adafruit.com/product/4144 | https://circuitpython.org/board/pimoroni_keybow2040/
pimoroni-rp2040-motor-2040,Pimoroni,Motor 2040,Source documentation available; dedicated specs not verified,,https://shop.pimoroni.com/products/motor-2040 | https://circuitpython.org/board/pimoroni_motor2040/
pimoroni-rp2040-pga2040,Pimoroni,PGA2040,Source documentation available; dedicated specs not verified,,https://shop.pimoroni.com/products/pga2040 | https://circuitpython.org/board/pimoroni_pga2040/
pimoroni-rp2040-picosystem,Pimoroni,PicoSystem,Source documentation available; dedicated specs not verified,,https://shop.pimoroni.com/products/picosystem | https://circuitpython.org/board/pimoroni_picosystem/
pimoroni-rp2040-pico-dv-demo-base-for-pico,Pimoroni,Pimoroni Pico DV Demo Base for Pico,Source documentation available; dedicated specs not verified,,https://shop.pimoroni.com/en-us/products/pimoroni-pico-dv-demo-base | https://www.adafruit.com/product/5674 | https://circuitpython.org/board/pimoroni_pico_dv_base/
pimoroni-rp2040-pico-dv-demo-base-for-pico-w,Pimoroni,Pimoroni Pico DV Demo Base for Pico W,Source documentation available; dedicated specs not verified,,https://shop.pimoroni.com/en-us/products/pimoroni-pico-dv-demo-base | https://www.adafruit.com/product/5674 | https://circuitpython.org/board/pimoroni_pico_dv_base_w/
pimoroni-rp2040-pico-lipo-16mb,Pimoroni,Pimoroni Pico LiPo (16MB),Source documentation available; dedicated specs not verified,,https://shop.pimoroni.com/products/picolipo | https://circuitpython.org/board/pimoroni_picolipo_16mb/
pimoroni-rp2040-pico-lipo-4mb,Pimoroni,Pimoroni Pico LiPo (4MB),Source documentation available; dedicated specs not verified,,https://shop.pimoroni.com/products/picolipo | https://circuitpython.org/board/pimoroni_picolipo_4mb/
pimoroni-rp2040-plasma-2040,Pimoroni,Plasma 2040,Source documentation available; dedicated specs not verified,,https://shop.pimoroni.com/products/plasma-2040 | https://circuitpython.org/board/pimoroni_plasma2040/
pimoroni-rp2040-plasma-stick-2040-w-pico-w-aboard,Pimoroni,Plasma Stick 2040 W (Pico W Aboard),Source documentation available; dedicated specs not verified,,https://shop.pimoroni.com/products/plasma-stick-2040-w | https://circuitpython.org/board/pimoroni_plasma2040w/
pimoroni-rp2040-servo-2040,Pimoroni,Servo 2040,Source documentation available; dedicated specs not verified,,https://shop.pimoroni.com/products/servo-2040 | https://www.adafruit.com/product/5437 | https://circuitpython.org/board/pimoroni_servo2040/
pimoroni-rp2040-tiny-2040,Pimoroni,Tiny 2040,Source documentation available; dedicated specs not verified,,https://shop.pimoroni.com/products/tiny-2040
pimoroni-rp2040-tiny-2040-2mb,Pimoroni,Tiny 2040 (2MB),Source documentation available; dedicated specs not verified,,https://shop.pimoroni.com/products/tiny-2040?variant=39560012300371 | https://circuitpython.org/board/pimoroni_tiny2040_2mb/
pimoroni-rp2040-tiny-2040-8mb,Pimoroni,Tiny 2040 (8MB),Source documentation available; dedicated specs not verified,,https://shop.pimoroni.com/products/tiny-2040 | https://circuitpython.org/board/pimoroni_tiny2040/
pimoroni-rp2040-tiny-fx,Pimoroni,Tiny FX,Source documentation available; dedicated specs not verified,,https://shop.pimoroni.com/products/tinyfx | https://circuitpython.org/board/pimoroni_tinyfx/
potekku-rp2040-cosmo-pico,Potekku,COSMO-Pico,Source documentation available; dedicated specs not verified,,https://edtechzine.jp/article/detail/8715 | https://circuitpython.org/board/cosmo_pico/
proves-kit-rp2040-rp2040-v4,PROVES Kit,PROVES Kit RP2040 V4,Source documentation available; dedicated specs not verified,,https://docs.proveskit.space/en/latest/core_documentation/hardware/FC_board/ | https://circuitpython.org/board/proveskit_rp2040_v4/
quadbit-rp2040-upico,Quadbit,uPico,Source documentation available; dedicated specs not verified,,https://github.com/dotcypress/upico | https://circuitpython.org/board/upico/
radomir-dopieralski-rp2040-game-22,Radomir Dopieralski,µGame 22,Source documentation available; dedicated specs not verified,,https://hackaday.io/project/186921-game-22 | https://circuitpython.org/board/ugame22/
rakwireless-rp2040-rak11300-module,RAKwireless,RAK11300-Module,Source documentation available; dedicated specs not verified,,https://docs.rakwireless.com/product-categories/wisduo/rak11300-module/datasheet/
rakwireless-rp2040-rak11310,RAKwireless,RAK11310,Source documentation available; dedicated specs not verified,,https://docs.rakwireless.com/product-categories/wisblock/rak11310/datasheet/
raspberry-pi-rp2040-pico,Raspberry Pi,Raspberry Pi Pico,Source documentation available; dedicated specs not verified,,https://www.waveshare.com/raspberry-pi-pico.htm | https://www.waveshare.com/wiki/Raspberry_Pi_Pico | https://www.adafruit.com/product/4864 | https://www.adafruit.com/product/4883 | https://www.nologo.tech/product/raspberrypie/RP2040/RP2040Pico.html | https://www.adafruit.com/product/5525 | https://circuitpython.org/board/raspberry_pi_pico/
raspberry-pi-rp2040-pico-h,Raspberry Pi,Raspberry Pi Pico H,Source documentation available; dedicated specs not verified,,https://www.waveshare.com/raspberry-pi-pico-h.htm | https://www.waveshare.com/wiki/Raspberry_Pi_Pico_H
raspberry-pi-rp2040-pico-w,Raspberry Pi,Raspberry Pi Pico W,Source documentation available; dedicated specs not verified,,https://www.waveshare.com/raspberry-pi-pico-w.htm | https://www.waveshare.com/wiki/Raspberry_Pi_Pico_W | https://www.adafruit.com/product/5526 | https://www.adafruit.com/product/5544 | https://circuitpython.org/board/raspberry_pi_pico_w/
rf-guru-rp2040-pico,RF.Guru,µPico,Source documentation available; dedicated specs not verified,,https://github.com/Guru-RF/MicroPico | https://circuitpython.org/board/rfguru_rp2040/
securinghardware-com-rp2040-xiaomao,SecuringHardware.com,Xiaomao,Source documentation available; dedicated specs not verified,,https://circuitpython.org/board/securinghw-xiaomao/
seeed-studio-rp2040-wio-rp2040-mini-dev-board,Seeed Studio,Wio RP2040 mini Dev Board,Source documentation available; dedicated specs not verified,,https://wiki.seeedstudio.com/Wio_RP2040_mini_Dev_Board-Onboard_Wifi/
seeed-studio-rp2040-wio-rp2040-module,Seeed Studio,Wio RP2040 Module,Source documentation available; dedicated specs not verified,,https://wiki.seeedstudio.com/Wio_RP2040_Module_Build-in_Wireless_2.4G/
seeed-studio-rp2040-xiao-rp2040,Seeed Studio,XIAO RP2040,Source documentation available; dedicated specs not verified,,https://wiki.seeedstudio.com/XIAO-RP2040/ | https://wiki.seeedstudio.com/XIAO-RP2040-Zephyr-RTOS/ | https://www.seeedstudio.com/XIAO-RP2040-v1-0-p-5026.html | https://circuitpython.org/board/seeeduino_xiao_rp2040/
seeed-studio-rp2040-xiao-rp2040-plus,Seeed Studio,XIAO RP2040 Plus,Source documentation available; dedicated specs not verified,,https://wiki.seeedstudio.com/XIAO-RP2040/
silicognition-llc-rp2040-rp2040-shim,Silicognition LLC,RP2040-Shim,Source documentation available; dedicated specs not verified,,https://github.com/xorbit/RP2040-Shim | https://circuitpython.org/board/silicognition_rp2040_shim/
solder-party-rp2040-bb-q20-keyboard-with-trackpad,Solder Party,BB Q20 Keyboard with trackpad,Source documentation available; dedicated specs not verified,,https://www.solder.party/docs/bbq20kbd/ | https://circuitpython.org/board/solderparty_bbq20kbd/
solder-party-rp2040-rp2040-stamp,Solder Party,RP2040 STAMP,Source documentation available; dedicated specs not verified,,https://www.solder.party/docs/rp2xxx-stamp-related/rp2040-stamp/downloads/ | https://www.solder.party/docs/rp2040-stamp/ | https://circuitpython.org/board/solderparty_rp2040_stamp/
sparkfun-rp2040-micromod-rp2040-processor,SparkFun,MicroMod RP2040 Processor,Specification link recorded,https://www.sparkfun.com/products/17720,https://www.sparkfun.com/products/17720 | https://circuitpython.org/board/sparkfun_micromod_rp2040/ | https://github.com/sparkfun/Graphical_Datasheets/tree/736369896be44fae46b1e04bd370dd88ef73a227
sparkfun-rp2040-pro-micro-rp2040,SparkFun,Pro Micro RP2040,Source documentation available; dedicated specs not verified,,https://www.sparkfun.com/sparkfun-pro-micro-rp2040.html | https://www.sparkfun.com/products/17717 | https://circuitpython.org/board/sparkfun_pro_micro_rp2040/
sparkfun-rp2040-thing-plus-rp2040,SparkFun,Thing Plus - RP2040,Source documentation available; dedicated specs not verified,https://learn.sparkfun.com/tutorials/rp2040-thing-plus-hookup-guide/all,https://learn.sparkfun.com/tutorials/rp2040-thing-plus-hookup-guide/all | https://www.sparkfun.com/products/17745 | https://circuitpython.org/board/sparkfun_thing_plus_rp2040/
splitkb-rp2040-liatris,SplitKB,Liatris,Source documentation available; dedicated specs not verified,,https://splitkb.com/products/liatris | https://circuitpython.org/board/splitkb_liatris/
tinycircuits-rp2040-thumby,TinyCircuits,Thumby,Source documentation available; dedicated specs not verified,,https://thumby.us/ | https://tinycircuits.com/products/thumby | https://circuitpython.org/board/tinycircuits_thumby/
vcc-gnd-studio-rp2040-yd-rp2040,VCC-GND Studio,YD-RP2040,Source documentation available; dedicated specs not verified,,https://www.aliexpress.us/item/3256803817805852.html | https://circuitpython.org/board/vcc_gnd_yd_rp2040/
waveshare-rp2040-rp2040-ble,Waveshare,RP2040-BLE,Source documentation available; dedicated specs not verified,,https://www.waveshare.com/rp2040-ble.htm | https://www.waveshare.com/wiki/RP2040-BLE
waveshare-rp2040-rp2040-eth,Waveshare,RP2040-ETH,Source documentation available; dedicated specs not verified,,https://www.waveshare.com/wiki/RP2040-ETH | https://www.waveshare.com/rp2040-eth.htm
waveshare-rp2040-rp2040-geek,Waveshare,RP2040-GEEK,Source documentation available; dedicated specs not verified,,https://www.waveshare.com/wiki/RP2040-GEEK | https://www.waveshare.com/rp2040-geek.htm | https://circuitpython.org/board/waveshare_rp2040_geek/
waveshare-rp2040-rp2040-keyboard-3,Waveshare,RP2040-Keyboard-3,Source documentation available; dedicated specs not verified,,https://www.waveshare.com/wiki/RP2040-Keyboard-3 | https://www.waveshare.com/rp2040-keyboard-3.htm
waveshare-rp2040-rp2040-lcd-0-96,Waveshare,RP2040-LCD-0.96,Source documentation available; dedicated specs not verified,,https://www.waveshare.com/rp2040-lcd-0.96.htm | https://www.waveshare.com/wiki/RP2040-LCD-0.96 | https://circuitpython.org/board/waveshare_rp2040_lcd_0_96/
waveshare-rp2040-rp2040-lcd-0-99-b,Waveshare,RP2040-LCD-0.99-B,Source documentation available; dedicated specs not verified,,https://www.waveshare.com/wiki/RP2040-LCD-0.99-B | https://www.waveshare.com/rp2040-lcd-0.99-b.htm
waveshare-rp2040-rp2040-lcd-1-28,Waveshare,RP2040-LCD-1.28,Source documentation available; dedicated specs not verified,,https://www.waveshare.com/rp2040-lcd-1.28.htm | https://www.waveshare.com/rp2040-lcd-1.28-b.htm | https://www.waveshare.com/wiki/RP2040-LCD-1.28 | https://circuitpython.org/board/waveshare_rp2040_lcd_1_28/
waveshare-rp2040-rp2040-lora,Waveshare,RP2040-LoRa,Source documentation available; dedicated specs not verified,,https://www.waveshare.com/wiki/RP2040-LoRa | https://www.waveshare.com/rp2040-lora.htm
waveshare-rp2040-rp2040-matrix,Waveshare,RP2040-Matrix,Source documentation available; dedicated specs not verified,,https://www.waveshare.com/wiki/RP2040-Matrix | https://www.waveshare.com/rp2040-matrix.htm
waveshare-rp2040-rp2040-one,Waveshare,RP2040-One,Source documentation available; dedicated specs not verified,,https://www.waveshare.com/wiki/RP2040-One | https://www.waveshare.com/rp2040-one.htm | https://www.waveshare.com/product/rp2040-one.htm | https://circuitpython.org/board/waveshare_rp2040_one/
waveshare-rp2040-rp2040-pizero,Waveshare,RP2040-PiZero,Source documentation available; dedicated specs not verified,,https://www.waveshare.com/wiki/RP2040-PiZero | https://www.waveshare.com/rp2040-pizero.htm | https://circuitpython.org/board/waveshare_rp2040_pizero/
waveshare-rp2040-rp2040-plus,Waveshare,RP2040-Plus,Source documentation available; dedicated specs not verified,,https://www.waveshare.com/rp2040-plus.htm | https://www.waveshare.com/wiki/RP2040-Plus | https://docs.waveshare.com/RP2040-Plus
waveshare-rp2040-rp2040-plus-with-16mb-flash,Waveshare,RP2040-Plus with 16MB Flash,Source documentation available; dedicated specs not verified,,https://www.waveshare.com/rp2040-plus.htm | https://circuitpython.org/board/waveshare_rp2040_plus_16mb/
waveshare-rp2040-rp2040-plus-with-4mb-flash,Waveshare,RP2040-Plus with 4MB Flash,Source documentation available; dedicated specs not verified,,https://www.waveshare.com/rp2040-plus.htm | https://circuitpython.org/board/waveshare_rp2040_plus_4mb/
waveshare-rp2040-rp2040-tiny,Waveshare,RP2040-Tiny,Source documentation available; dedicated specs not verified,,https://www.waveshare.com/rp2040-tiny.htm | https://www.waveshare.com/wiki/RP2040-Tiny | https://circuitpython.org/board/waveshare_rp2040_tiny/
waveshare-rp2040-rp2040-touch-lcd-1-28,Waveshare,RP2040-Touch-LCD-1.28,Source documentation available; dedicated specs not verified,,https://www.waveshare.com/wiki/RP2040-Touch-LCD-1.28 | https://www.waveshare.com/rp2040-touch-lcd-1.28.htm | https://www.waveshare.com/rp2040-touch-lcd-1.28-b.htm | https://www.waveshare.com/product/raspberry-pi/boards-kits/raspberry-pi-pico-cat/rp2040-touch-lcd-1.28.htm | https://circuitpython.org/board/waveshare_rp2040_touch_lcd_1_28/
waveshare-rp2040-rp2040-touch-lcd-1-69,Waveshare,RP2040-Touch-LCD-1.69,Source documentation available; dedicated specs not verified,,https://www.waveshare.com/rp2040-touch-lcd-1.69.htm | https://www.waveshare.com/wiki/RP2040-Touch-LCD-1.69
waveshare-rp2040-rp2040-zero,Waveshare,RP2040-Zero,Source documentation available; dedicated specs not verified,,https://www.waveshare.com/rp2040-zero.htm | https://www.waveshare.com/wiki/RP2040-Zero | https://mischianti.org/waveshare-rp2040-zero-high-resolution-pinout-and-specs/ | https://circuitpython.org/board/waveshare_rp2040_zero/
weact-studio-rp2040-rp2040-core,WeAct Studio,RP2040 Core,Source documentation available; dedicated specs not verified,,https://mischianti.org/weact-studio-rp2040-high-resolution-pinout-and-specs/ | https://github.com/WeActStudio/WeActStudio.RP2040CoreBoard/blob/2d438e5033b969a7b885bd5ffcd49acaeb08e0ff/HDK/PINout.PNG | https://github.com/WeActStudio/WeActStudio.RP2040CoreBoard
weact-studio-rp2040-pico,WeAct Studio,WeAct Studio Pico,Source documentation available; dedicated specs not verified,,https://www.aliexpress.com/item/3256803521775546.html | https://circuitpython.org/board/weact_studio_pico/
weact-studio-rp2040-pico-16mb-variant,WeAct Studio,WeAct Studio Pico (16MB Variant),Source documentation available; dedicated specs not verified,,https://www.aliexpress.com/item/3256803521775546.html?skuId=12000026898823783 | https://circuitpython.org/board/weact_studio_pico_16mb/
wee-noise-makers-rp2040-noise-nugget-2040,Wee Noise Makers,Noise Nugget 2040,Source documentation available; dedicated specs not verified,,https://weenoisemakers.com/noise-nugget-2040/ | https://circuitpython.org/board/weenoisemakers_noisenugget/
wee-noise-makers-rp2040-noise-nugget-2040-breakout,Wee Noise Makers,Noise Nugget 2040 Breakout,Source documentation available; dedicated specs not verified,,https://weenoisemakers.com/noise-nugget-2040/
wee-noise-makers-rp2040-noise-nugget-2040-development-kit,Wee Noise Makers,Noise Nugget 2040 Development Kit,Source documentation available; dedicated specs not verified,,https://weenoisemakers.com/noise-nugget-2040/
weekin-rp2040-wk-50-bat-shaped-keyboard,WEEKIN,WK-50 Bat Shaped Keyboard,Source documentation available; dedicated specs not verified,,https://hackaday.io/project/197550-wk-50-trackball-keyboard | https://circuitpython.org/board/wk-50/
wisdpi-rp2040-ardu2040m,WisdPi,WisdPi Ardu2040M,Source documentation available; dedicated specs not verified,,https://www.wisdpi.com/products/ardu2040m-rp2040-arduino-style-dev-board | https://circuitpython.org/board/wisdpi_ardu2040m/
wisdpi-rp2040-tiny-rp2040,WisdPi,WisdPi Tiny RP2040,Source documentation available; dedicated specs not verified,,https://www.wisdpi.com/products/wisdpi-tiny-rp2040-a-tiny-cool-rp2040-dev-board-with-4mb-flash | https://circuitpython.org/board/wisdpi_tiny_rp2040/
wiznet-rp2040-w5100s-evb-pico,WIZnet,W5100S-EVB-Pico,Source documentation available; dedicated specs not verified,,https://docs.wiznet.io/Product/Chip/Ethernet/W5100S/w5100s-evb-pico | https://www.wiznet.io/product-item/w5100s-evb-pico/ | https://circuitpython.org/board/wiznet_w5100s_evb_pico/
wiznet-rp2040-w5500-evb-pico,WIZnet,W5500-EVB-Pico,Source documentation available; dedicated specs not verified,,https://docs.wiznet.io/Product/Chip/Ethernet/W5500/w5500-evb-pico | https://www.wiznet.io/product-item/w5500-evb-pico/ | https://circuitpython.org/board/wiznet_w5500_evb_pico/
wiznet-rp2040-w55rp20-evb-pico,WIZnet,W55RP20-EVB-Pico,Source documentation available; dedicated specs not verified,,https://docs.wiznet.io/Product/Chip/MCU/W55RP20/w55rp20-evb-pico | https://circuitpython.org/board/wiznet_w55rp20_evb_pico/
zach-richard-rp2040-rp2-65-f,Zach Richard,RP2.65-F,Source documentation available; dedicated specs not verified,,https://github.com/BigTuna94/RP2.65-F | https://circuitpython.org/board/zrichard_rp2.65-f/
adafruit-rp2350-tinychad-rp2350,Adafruit,Adafruit TinyChad RP2350,Source documentation available; dedicated specs not verified,,https://www.adafruit.com/ | https://circuitpython.org/board/adafruit_tinychad_rp2350/
adafruit-rp2350-feather-rp2350,Adafruit,Feather RP2350,Source documentation available; dedicated specs not verified,,https://learn.adafruit.com/adafruit-feather-rp2350/pinouts | https://www.adafruit.com/product/6000 | https://circuitpython.org/board/adafruit_feather_rp2350/
adafruit-rp2350-feather-rp2350-adalogger,Adafruit,Feather RP2350 Adalogger,Source documentation available; dedicated specs not verified,,https://www.adafruit.com/ | https://circuitpython.org/board/adafruit_feather_rp2350_adalogger/
adafruit-rp2350-fruit-jam-mini-rp2350-computer,Adafruit,Fruit Jam - Mini RP2350 Computer,Specification link recorded,https://www.adafruit.com/product/6200,https://www.adafruit.com/product/6200 | https://circuitpython.org/board/adafruit_fruit_jam/ | https://github.com/adafruit/Adafruit-Fruit-Jam-PCB/tree/252dc09456ee447b3d7eeb4fa99877898503e81a
adafruit-rp2350-metro-rp2350,Adafruit,Metro RP2350,Source documentation available; dedicated specs not verified,,https://learn.adafruit.com/adafruit-metro-rp2350/pinouts | https://www.adafruit.com/product/6003 | https://www.adafruit.com/product/6267 | https://circuitpython.org/board/adafruit_metro_rp2350/
cytron-technologies-rp2350-edu-pico-2-for-pico-2-w,Cytron Technologies,EDU PICO 2 for Pico 2 W,Source documentation available; dedicated specs not verified,,https://www.cytron.io/p-edu-pico2 | https://circuitpython.org/board/cytron_edu_v2_pico_2w/
cytron-technologies-rp2350-iriv-io-controller-rp2350,Cytron Technologies,IRIV IO Controller (RP2350),Source documentation available; dedicated specs not verified,,https://www.cytron.io/p-iriv-ioc | https://circuitpython.org/board/cytron_iriv_io_controller/
cytron-technologies-rp2350-motion-2350-pro,Cytron Technologies,Motion 2350 Pro,Source documentation available; dedicated specs not verified,,https://github.com/CytronTechnologies/Cytron-MOTION-2350-PRO/blob/46996400595d917670a9a6a31cfa07c2297f39c1/images/Pinout_Diagram_MOTION-2350-Pro.png | https://www.cytron.io/p-motion-2350-pro | https://circuitpython.org/board/cytron_motion_2350_pro/
datanoise-rp2350-picoadk-v2-audio-development-kit,Datanoise,PicoADK v2 - Audio Development Kit,Source documentation available; dedicated specs not verified,,https://datanoise.shop/products/picoadk-v2 | https://circuitpython.org/board/datanoise_picoadk_v2/
elecrow-rp2350-rp2350-pico-w5,Elecrow,RP2350 Pico W5,Source documentation available; dedicated specs not verified,,https://www.elecrow.com/wiki/Elecrow_RP2350_Pico_W5_Board.html
invector-labs-rp2350-challenger-rp2350-bconnect,Invector Labs,Challenger+ RP2350 BConnect,Source documentation available; dedicated specs not verified,,https://ilabs.se/product/challenger-rp2350-bconnect/ | https://circuitpython.org/board/challenger_rp2350_bconnect/
invector-labs-rp2350-challenger-rp2350-wifi6-ble5,Invector Labs,Challenger+ RP2350 WiFi6 BLE5,Source documentation available; dedicated specs not verified,,https://ilabs.se/product/challenger-rp2350-wifi-ble/ | https://circuitpython.org/board/challenger_rp2350_wifi6_ble5/
lilygo-rp2350-t-pico-2350,LILYGO,T-PICO-2350,Source documentation available; dedicated specs not verified,,https://wiki.lilygo.cc/products/other/t-pico-2350/
nologo-rp2350-rp2350-pico2,Nologo,RP2350 Pico2,Source documentation available; dedicated specs not verified,,https://www.nologo.tech/product/raspberrypie/RP2350/rp2350pico/
nologo-rp2350-rp2350-promicro,Nologo,RP2350 ProMicro,Source documentation available; dedicated specs not verified,,https://www.nologo.tech/product/raspberrypie/RP2350/rp2350promicro/
nologo-rp2350-rp2350-supermini,Nologo,RP2350 SuperMini,Source documentation available; dedicated specs not verified,,https://www.nologo.tech/product/raspberrypie/RP2350/rp2350supermini/
nologo-rp2350-rp2350-uno,Nologo,RP2350 Uno,Source documentation available; dedicated specs not verified,,https://www.nologo.tech/product/raspberrypie/RP2350/rp2350uno/
nologo-rp2350-rp2350-usb,Nologo,RP2350 USB,Source documentation available; dedicated specs not verified,,https://www.nologo.tech/product/raspberrypie/RP2350/rp2350usb/
nologo-rp2350-rp2350b-super,Nologo,RP2350B Super,Source documentation available; dedicated specs not verified,,https://www.nologo.tech/product/raspberrypie/RP2350/rp2350b_super/superrp2350b.html | https://www.nologo.tech/product/raspberrypie/RP2350/rp2350b_super/
pimoroni-rp2350-badger-2350,Pimoroni,Badger 2350,Source documentation available; dedicated specs not verified,,https://shop.pimoroni.com/products/badger-2350 | https://circuitpython.org/board/pimoroni_badger2350/
pimoroni-rp2350-pga2350,Pimoroni,PGA2350,Source documentation available; dedicated specs not verified,,https://shop.pimoroni.com/products/pga2350 | https://circuitpython.org/board/pimoroni_pga2350/
pimoroni-rp2350-pico-plus-2,Pimoroni,Pico Plus 2,Source documentation available; dedicated specs not verified,,https://shop.pimoroni.com/products/pimoroni-pico-plus-2 | https://circuitpython.org/board/pimoroni_pico_plus2/
pimoroni-rp2350-pico-plus-2-w,Pimoroni,Pico Plus 2 W,Source documentation available; dedicated specs not verified,,https://shop.pimoroni.com/products/pimoroni-pico-plus-2-w | https://circuitpython.org/board/pimoroni_pico_plus2w/
pimoroni-rp2350-explorer-rp2350,Pimoroni,Pimoroni Explorer (RP2350),Source documentation available; dedicated specs not verified,,https://circuitpython.org/board/pimoroni_explorer2350/
pimoroni-rp2350-plasma-2350,Pimoroni,Plasma 2350,Source documentation available; dedicated specs not verified,,https://shop.pimoroni.com/products/plasma-2350 | https://circuitpython.org/board/pimoroni_plasma2350/
pimoroni-rp2350-plasma-2350-w,Pimoroni,Plasma 2350 W,Source documentation available; dedicated specs not verified,,https://shop.pimoroni.com/products/plasma-2350-w | https://circuitpython.org/board/pimoroni_plasma2350w/
pimoroni-rp2350-tiny-2350,Pimoroni,Tiny 2350,Source documentation available; dedicated specs not verified,,https://shop.pimoroni.com/products/tiny-2350 | https://www.adafruit.com/product/6248 | https://circuitpython.org/board/pimoroni_tiny2350/
raspberry-pi-rp2350-pico-2,Raspberry Pi,Raspberry Pi Pico 2,Source documentation available; dedicated specs not verified,,https://www.waveshare.com/raspberry-pi-pico-2.htm | https://www.waveshare.com/wiki/Raspberry_Pi_Pico_2 | https://www.raspberrypi.com/products/raspberry-pi-pico-2/ | https://circuitpython.org/board/raspberry_pi_pico2/
raspberry-pi-rp2350-pico-2-w,Raspberry Pi,Raspberry Pi Pico 2 W,Source documentation available; dedicated specs not verified,,https://www.waveshare.com/raspberry-pi-pico-2-w.htm | https://www.waveshare.com/wiki/Raspberry_Pi_Pico_2_W | https://github.com/raspberrypi/documentation/blob/34dfb87309abda0c73e8cbc454f999fd8eaca73f/documentation/asciidoc/microcontrollers/pico-series/images/pico2w-pinout.png | https://www.adafruit.com/product/6087 | https://circuitpython.org/board/raspberry_pi_pico2_w/
seeed-studio-rp2350-xiao-rp2350,Seeed Studio,XIAO RP2350,Source documentation available; dedicated specs not verified,,https://wiki.seeedstudio.com/xiao_rp2350_arduino/ | https://wiki.seeedstudio.com/xiao_rp2350_microblocks/ | https://www.seeedstudio.com/Seeed-XIAO-RP2350-p-5944.html | https://circuitpython.org/board/seeeduino_xiao_rp2350/
solder-party-rp2350-rp2350-stamp,Solder Party,RP2350 STAMP,Source documentation available; dedicated specs not verified,,https://www.solder.party/docs/rp2xxx-stamp-related/rp2350-stamp/downloads/ | https://www.solder.party/docs/rp2350-stamp/ | https://circuitpython.org/board/solderparty_rp2350_stamp/
solder-party-rp2350-rp2350-stamp-xl,Solder Party,RP2350 STAMP XL,Source documentation available; dedicated specs not verified,,https://www.solder.party/docs/rp2xxx-stamp-related/rp2350-stamp-xl/downloads/ | https://www.solder.party/docs/rp2350-stamp-xl/ | https://circuitpython.org/board/solderparty_rp2350_stamp_xl/
sparkfun-rp2350-pro-micro-rp2350,SparkFun,Pro Micro - RP2350,Source documentation available; dedicated specs not verified,,https://www.sparkfun.com/products/24870 | https://circuitpython.org/board/sparkfun_pro_micro_rp2350/ | https://docs.sparkfun.com/SparkFun_Pro_Micro_RP2350/hardware_overview/ | https://docs.sparkfun.com/SparkFun_Pro_Micro_RP2350/assets/img/Pro_Micro_RP2350-GPIO_Back.jpg
sparkfun-rp2350-thing-plus-rp2350,SparkFun,Thing Plus - RP2350,Source documentation available; dedicated specs not verified,,https://www.sparkfun.com/products/25134 | https://circuitpython.org/board/sparkfun_thing_plus_rp2350/ | https://docs.sparkfun.com/SparkFun_Thing_Plus_RP2350/hardware_overview/ | https://docs.sparkfun.com/SparkFun_Thing_Plus_RP2350/assets/img/Thing_Plus_RP2350-Pinout.jpg
spotpear-manufacturer-unconfirmed-rp2350-rp2350b-lcd-2-25,Spotpear (manufacturer unconfirmed),RP2350B-LCD-2.25,Source documentation available; dedicated specs not verified,,https://spotpear.com/shop/Raspberry-Pi-Pico-2-RP2350B-2.25-inch-LCD-76x284-RGB-Lighting.html
studiolab-rp2350-real-pico-expander,StudioLab,Real Pico Expander,Source documentation available; dedicated specs not verified,,https://id-studiolab.github.io/Connected-Interaction-Kit/test/components/pico-expander/pico-expander | https://circuitpython.org/board/ide_tudelft_realpicoexpander/
teenage-engineering-rp2350-ep-2350-ting,Teenage Engineering,EP–2350 ting,Source documentation available; dedicated specs not verified,,https://teenage.engineering/guides/ep-2350 | https://circuitpython.org/board/teenage_engineering_ep2350/
tinycircuits-rp2350-thumby-color,TinyCircuits,Thumby Color,Source documentation available; dedicated specs not verified,,https://color.thumby.us/ | https://tinycircuits.com/products/thumby-color | https://circuitpython.org/board/tinycircuits_thumby_color/
waveshare-rp2350-core2350b,Waveshare,Core2350B,Source documentation available; dedicated specs not verified,,https://www.waveshare.com/wiki/Core2350B0 | https://www.waveshare.com/core2350b.htm
waveshare-rp2350-rp2350-can,Waveshare,RP2350-CAN,Source documentation available; dedicated specs not verified,,https://www.waveshare.com/rp2350-can.htm | https://www.waveshare.com/wiki/RP2350-CAN
waveshare-rp2350-rp2350-eth,Waveshare,RP2350-ETH,Source documentation available; dedicated specs not verified,,https://www.waveshare.com/rp2350-eth.htm | https://www.waveshare.com/wiki/RP2350-ETH
waveshare-rp2350-rp2350-eth-8di-8ro,Waveshare,RP2350-ETH-8DI-8RO,Source documentation available; dedicated specs not verified,,https://www.waveshare.com/rp2350-eth-8di-8ro.htm | https://www.waveshare.com/wiki/RP2350-ETH-8DI-8RO
waveshare-rp2350-rp2350-geek,Waveshare,RP2350-GEEK,Source documentation available; dedicated specs not verified,,https://www.waveshare.com/wiki/RP2350-GEEK | https://www.waveshare.com/rp2350-geek.htm | https://circuitpython.org/board/waveshare_rp2350_geek/
waveshare-rp2350-rp2350-lcd-0-85,Waveshare,RP2350-LCD-0.85,Source documentation available; dedicated specs not verified,,https://docs.waveshare.com/RP2350-LCD-0.85 | https://www.waveshare.com/rp2350-lcd-0.85.htm
waveshare-rp2350-rp2350-lcd-0-96,Waveshare,RP2350-LCD-0.96,Source documentation available; dedicated specs not verified,,https://www.waveshare.com/wiki/RP2350-LCD-0.96 | https://www.waveshare.com/rp2350-lcd-0.96.htm | https://circuitpython.org/board/waveshare_rp2350_lcd_0_96/
waveshare-rp2350-rp2350-lcd-1-28,Waveshare,RP2350-LCD-1.28,Source documentation available; dedicated specs not verified,,https://www.waveshare.com/rp2350-lcd-1.28.htm | https://www.waveshare.com/wiki/RP2350-LCD-1.28 | https://circuitpython.org/board/waveshare_rp2350_lcd_1_28/
waveshare-rp2350-rp2350-lcd-1-47-a,Waveshare,RP2350-LCD-1.47-A,Source documentation available; dedicated specs not verified,,https://www.waveshare.com/rp2350-lcd-1.47-a.htm | https://www.waveshare.com/wiki/RP2350-LCD-1.47-A
waveshare-rp2350-rp2350-lcd-1-47-b,Waveshare,RP2350-LCD-1.47-B,Source documentation available; dedicated specs not verified,,https://www.waveshare.com/wiki/RP2350-LCD-1.47-B | https://www.waveshare.com/rp2350-lcd-1.47-a.htm
waveshare-rp2350-rp2350-matrix,Waveshare,RP2350-Matrix,Source documentation available; dedicated specs not verified,,https://www.waveshare.com/rp2350-matrix.htm | https://www.waveshare.com/wiki/RP2350-Matrix
waveshare-rp2350-rp2350-one,Waveshare,RP2350-One,Source documentation available; dedicated specs not verified,,https://www.waveshare.com/wiki/RP2350-One | https://www.waveshare.com/rp2350-one.htm | https://www.waveshare.com/product/rp2350-one.htm | https://circuitpython.org/board/waveshare_rp2350_one/
waveshare-rp2350-rp2350-pizero,Waveshare,RP2350-PiZero,Source documentation available; dedicated specs not verified,,https://www.waveshare.com/wiki/RP2350-PiZero | https://www.waveshare.com/rp2350-pizero.htm
waveshare-rp2350-rp2350-plus,Waveshare,RP2350-Plus,Source documentation available; dedicated specs not verified,,https://www.waveshare.com/rp2350-plus.htm | https://www.waveshare.com/wiki/RP2350-Plus | https://circuitpython.org/board/waveshare_rp2350_plus/
waveshare-rp2350-rp2350-poe-eth,Waveshare,RP2350-POE-ETH,Source documentation available; dedicated specs not verified,,https://www.waveshare.com/rp2350-poe-eth.htm | https://docs.waveshare.com/RP2350-POE-ETH
waveshare-rp2350-rp2350-relay-6ch,Waveshare,RP2350-Relay-6CH,Source documentation available; dedicated specs not verified,,https://www.waveshare.com/rp2350-relay-6ch.htm | https://www.waveshare.com/wiki/RP2350-Relay-6CH
waveshare-rp2350-rp2350-tiny,Waveshare,RP2350-Tiny,Source documentation available; dedicated specs not verified,,https://www.waveshare.com/wiki/RP2350-Tiny | https://www.waveshare.com/rp2350-tiny.htm | https://circuitpython.org/board/waveshare_rp2350_tiny/
waveshare-rp2350-rp2350-touch-amoled-1-43,Waveshare,RP2350-Touch-AMOLED-1.43,Source documentation available; dedicated specs not verified,,https://www.waveshare.com/rp2350-touch-amoled-1.43.htm | https://www.waveshare.com/wiki/RP2350-Touch-AMOLED-1.43
waveshare-rp2350-rp2350-touch-amoled-1-64,Waveshare,RP2350-Touch-AMOLED-1.64,Source documentation available; dedicated specs not verified,,https://www.waveshare.com/rp2350-touch-amoled-1.64-m.htm | https://www.waveshare.com/wiki/RP2350-Touch-AMOLED-1.64 | https://spotpear.com/shop/Raspberry-Pi-Pico-2-RP2350-1.64-inch-AMOLED-280x456-Display-TouchScreen-QMI8658-QSPI.html
waveshare-rp2350-rp2350-touch-amoled-1-75,Waveshare,RP2350-Touch-AMOLED-1.75,Source documentation available; dedicated specs not verified,,https://docs.waveshare.com/RP2350-Touch-AMOLED-1.75 | https://www.waveshare.com/rp2350-touch-amoled-1.75.htm
waveshare-rp2350-rp2350-touch-amoled-1-8,Waveshare,RP2350-Touch-AMOLED-1.8,Source documentation available; dedicated specs not verified,,https://www.waveshare.com/rp2350-touch-amoled-1.8.htm | https://www.waveshare.com/wiki/RP2350-Touch-AMOLED-1.8
waveshare-rp2350-rp2350-touch-amoled-2-41,Waveshare,RP2350-Touch-AMOLED-2.41,Source documentation available; dedicated specs not verified,,https://www.waveshare.com/rp2350-touch-amoled-2.41.htm | https://www.waveshare.com/wiki/RP2350-Touch-AMOLED-2.41 | https://spotpear.com/shop/Raspberry-Pi-Pico-2-RP2350B-2.41-inch-AMOLED-450x600-Display-TouchScreen-QMI8658-QSPI/RP2350-Touch-AMOLED-2.41.html
waveshare-rp2350-rp2350-touch-epaper-1-54,Waveshare,RP2350-Touch-ePaper-1.54,Source documentation available; dedicated specs not verified,,https://docs.waveshare.com/RP2350-Touch-ePaper-1.54 | https://www.waveshare.com/rp2350-epaper-1.54.htm
waveshare-rp2350-rp2350-touch-lcd-1-28,Waveshare,RP2350-Touch-LCD-1.28,Source documentation available; dedicated specs not verified,,https://www.waveshare.com/rp2350-touch-lcd-1.28.htm | https://www.waveshare.com/wiki/RP2350-Touch-LCD-1.28 | https://circuitpython.org/board/waveshare_rp2350_touch_lcd_1_28/
waveshare-rp2350-rp2350-touch-lcd-1-46,Waveshare,RP2350-Touch-LCD-1.46,Source documentation available; dedicated specs not verified,,https://www.waveshare.com/rp2350-touch-lcd-1.46.htm | https://www.waveshare.com/wiki/RP2350-Touch-LCD-1.46
waveshare-rp2350-rp2350-touch-lcd-1-54,Waveshare,RP2350-Touch-LCD-1.54,Source documentation available; dedicated specs not verified,,https://docs.waveshare.com/RP2350-Touch-LCD-1.54 | https://www.waveshare.com/rp2350-lcd-1.54.htm
waveshare-rp2350-rp2350-touch-lcd-1-69,Waveshare,RP2350-Touch-LCD-1.69,Source documentation available; dedicated specs not verified,,https://www.waveshare.com/rp2350-touch-lcd-1.69.htm | https://www.waveshare.com/wiki/RP2350-Touch-LCD-1.69
waveshare-rp2350-rp2350-touch-lcd-1-85c,Waveshare,RP2350-Touch-LCD-1.85C,Source documentation available; dedicated specs not verified,,https://www.waveshare.com/rp2350-touch-lcd-1.85c.htm | https://www.waveshare.com/wiki/RP2350-Touch-LCD-1.85C
waveshare-rp2350-rp2350-touch-lcd-2,Waveshare,RP2350-Touch-LCD-2,Source documentation available; dedicated specs not verified,,https://www.waveshare.com/rp2350-touch-lcd-2.htm | https://www.waveshare.com/wiki/RP2350-Touch-LCD-2
waveshare-rp2350-rp2350-touch-lcd-2-1,Waveshare,RP2350-Touch-LCD-2.1,Source documentation available; dedicated specs not verified,,https://www.waveshare.com/rp2350-touch-lcd-2.1.htm | https://www.waveshare.com/wiki/RP2350-Touch-LCD-2.1
waveshare-rp2350-rp2350-touch-lcd-2-8,Waveshare,RP2350-Touch-LCD-2.8,Source documentation available; dedicated specs not verified,,https://www.waveshare.com/rp2350-touch-lcd-2.8.htm | https://www.waveshare.com/wiki/RP2350-Touch-LCD-2.8
waveshare-rp2350-rp2350-touch-lcd-2-8c,Waveshare,RP2350-Touch-LCD-2.8C,Source documentation available; dedicated specs not verified,,https://www.waveshare.com/rp2350-touch-lcd-2.8c.htm | https://www.waveshare.com/wiki/RP2350-Touch-LCD-2.8C
waveshare-rp2350-rp2350-touch-lcd-3-49,Waveshare,RP2350-Touch-LCD-3.49,Source documentation available; dedicated specs not verified,,https://www.waveshare.com/rp2350-touch-lcd-3.49.htm | https://www.waveshare.com/wiki/RP2350-Touch-LCD-3.49
waveshare-rp2350-rp2350-touch-lcd-3-5,Waveshare,RP2350-Touch-LCD-3.5,Source documentation available; dedicated specs not verified,,https://www.waveshare.com/rp2350-touch-lcd-3.5.htm | https://docs.waveshare.com/RP2350-Touch-LCD-3.5
waveshare-rp2350-rp2350-touch-lcd-4,Waveshare,RP2350-Touch-LCD-4,Source documentation available; dedicated specs not verified,,https://www.waveshare.com/wiki/RP2350-Touch-LCD-4 | https://www.waveshare.com/rp2350-lcd-4.htm
waveshare-rp2350-rp2350-touch-lcd-4-3b,Waveshare,RP2350-Touch-LCD-4.3B,Source documentation available; dedicated specs not verified,,https://www.waveshare.com/rp2350-touch-lcd-4.3b.htm | https://www.waveshare.com/wiki/RP2350-Touch-LCD-4.3B
waveshare-rp2350-rp2350-touch-lcd-7,Waveshare,RP2350-Touch-LCD-7,Source documentation available; dedicated specs not verified,,https://www.waveshare.com/wiki/RP2350-Touch-LCD-7 | https://www.waveshare.com/rp2350-touch-lcd-7.htm
waveshare-rp2350-rp2350-usb-a,Waveshare,RP2350-USB-A,Source documentation available; dedicated specs not verified,,https://www.waveshare.com/rp2350-usb-a.htm | https://www.waveshare.com/wiki/RP2350-USB-A
waveshare-rp2350-rp2350-usb-c,Waveshare,RP2350-USB-C,Source documentation available; dedicated specs not verified,,https://www.waveshare.com/rp2350-usb-c.htm | https://docs.waveshare.com/RP2350-USB-C
waveshare-rp2350-rp2350-zero,Waveshare,RP2350-Zero,Source documentation available; dedicated specs not verified,,https://www.waveshare.com/rp2350-zero.htm | https://www.waveshare.com/wiki/RP2350-Zero | https://circuitpython.org/board/waveshare_rp2350_zero/
waveshare-rp2350-rp2350-zero-cm,Waveshare,RP2350-Zero-CM,Source documentation available; dedicated specs not verified,,https://www.waveshare.com/rp2350-zero-cm.htm | https://docs.waveshare.com/RP2350-Zero-CM
waveshare-rp2350-rp2350b-plus-w,Waveshare,RP2350B-Plus-W,Source documentation available; dedicated specs not verified,,https://www.waveshare.com/rp2350b-plus-w.htm | https://www.waveshare.com/wiki/RP2350B-Plus-W
weact-studio-rp2350-rp2350a-core-board,WeAct Studio,RP2350A Core Board,Source documentation available; dedicated specs not verified,,https://github.com/WeActStudio/WeActStudio.RP2350ACoreBoard
weact-studio-rp2350-rp2350a-core-v1-0,WeAct Studio,RP2350A Core v1.0,Source documentation available; dedicated specs not verified,,https://github.com/WeActStudio/WeActStudio.RP2350ACoreBoard/blob/dd0bf693ffbbb6b663294b1c82d65462b7d29710/RP2350A_V10/HDK/V10_PinOUT.png
weact-studio-rp2350-rp2350a-core-v2-0,WeAct Studio,RP2350A Core v2.0,Source documentation available; dedicated specs not verified,,https://github.com/WeActStudio/WeActStudio.RP2350ACoreBoard/blob/dd0bf693ffbbb6b663294b1c82d65462b7d29710/RP2350A_V20/HDK/%E4%BB%8B%E7%BB%8D%20-%201.png
weact-studio-rp2350-rp2350b-core,WeAct Studio,RP2350B Core,Source documentation available; dedicated specs not verified,,https://github.com/WeActStudio/WeActStudio.RP2350BCoreBoard/blob/5b165b5c0ad4b4432137721ac10e469205e8e350/HDK/RP2350B_PINOUT.png | https://github.com/WeActStudio/WeActStudio.RP2350BCoreBoard | https://github.com/WeActStudio | https://circuitpython.org/board/weact_studio_rp2350b_core/
wiznet-rp2350-w5100s-evb-pico2,WIZnet,W5100S-EVB-Pico2,Source documentation available; dedicated specs not verified,,https://docs.wiznet.io/Product/Chip/Ethernet/W5100S/w5100s-evb-pico2 | https://docs.wiznet.io/Product/iEthernet/W5100S/w5100s-evb-pico2 | https://circuitpython.org/board/wiznet_w5100s_evb_pico2/
wiznet-rp2350-w5500-evb-pico2,WIZnet,W5500-EVB-Pico2,Source documentation available; dedicated specs not verified,,https://docs.wiznet.io/Product/Chip/Ethernet/W5500/w5500-evb-pico2 | https://docs.wiznet.io/Product/iEthernet/W5500/w5500-evb-pico2 | https://circuitpython.org/board/wiznet_w5500_evb_pico2/
diodes-delight-raspberry-pi-sbc-piunora,Diodes Delight,Piunora,Source documentation available; dedicated specs not verified,,https://www.crowdsupply.com/diodes-delight/piunora | https://www.adafruit.com/product/5404 | https://www.adafruit.com/product/5403 | https://circuitpython.org/board/diodes_delight_piunora/
raspberry-pi-raspberry-pi-sbc-40-pin-gpio-header-shared-computer-board-reference,Raspberry Pi,40-pin GPIO header - shared computer-board reference,Source documentation available; dedicated specs not verified,,https://github.com/raspberrypi/documentation/blob/34dfb87309abda0c73e8cbc454f999fd8eaca73f/documentation/asciidoc/computers/raspberry-pi/images/GPIO-Pinout-Diagram-2.png
raspberry-pi-raspberry-pi-sbc-compute-module-4,Raspberry Pi,Compute Module 4,Source documentation available; dedicated specs not verified,,https://www.raspberrypi.com/products/compute-module-4/ | https://www.adafruit.com/product/4782 | https://www.adafruit.com/product/4788 | https://www.adafruit.com/product/4790 | https://www.adafruit.com/product/4791 | https://www.adafruit.com/product/4982 | https://circuitpython.org/board/raspberrypi_cm4/
raspberry-pi-raspberry-pi-sbc-compute-module-4-io-board,Raspberry Pi,Compute Module 4 IO Board,Source documentation available; dedicated specs not verified,,https://www.raspberrypi.com/products/compute-module-4-io-board/ | https://www.adafruit.com/product/4787 | https://circuitpython.org/board/raspberrypi_cm4io/
raspberry-pi-raspberry-pi-sbc-model-b-revisions-and-40-pin-header-comparison,Raspberry Pi,Model B revisions and 40-pin header comparison,Source documentation available; dedicated specs not verified,,https://learn.adafruit.com/adafruits-raspberry-pi-lesson-4-gpio-setup/the-gpio-connector
raspberry-pi-raspberry-pi-sbc-pi-4-model-b,Raspberry Pi,Pi 4 Model B,Source documentation available; dedicated specs not verified,,https://www.raspberrypi.com/products/raspberry-pi-4-model-b/ | https://www.adafruit.com/product/4295 | https://www.adafruit.com/product/4292 | https://www.adafruit.com/product/4296 | https://www.adafruit.com/product/4564 | https://www.adafruit.com/product/4297 | https://circuitpython.org/board/raspberrypi_pi4b/
raspberry-pi-raspberry-pi-sbc-3-model-a,Raspberry Pi,Raspberry Pi 3 Model A+,Source documentation available; dedicated specs not verified,,https://www.waveshare.com/wiki/Raspberry_Pi_3_Model_A%2B
raspberry-pi-raspberry-pi-sbc-3-model-b,Raspberry Pi,Raspberry Pi 3 Model B+,Source documentation available; dedicated specs not verified,,https://www.waveshare.com/wiki/Raspberry_Pi_3_Model_B%2B | https://www.waveshare.com/raspberry-pi-3-model-b-plus.htm
raspberry-pi-raspberry-pi-sbc-4-model-b,Raspberry Pi,Raspberry Pi 4 Model B,Source documentation available; dedicated specs not verified,,https://www.raspberrypi.com/documentation/computers/raspberry-pi.html#gpio-and-the-40-pin-header | https://www.waveshare.com/wiki/Raspberry_Pi_4_Model_B | https://www.waveshare.com/raspberry-pi-4-model-b-2gb-ram.htm | https://www.waveshare.com/raspberry-pi-4-model-b-4gb-ram.htm | https://www.waveshare.com/raspberry-pi-4-model-b-8gb-ram.htm | https://www.waveshare.com/raspberry-pi-4-model-b-3gb-ram.htm
raspberry-pi-raspberry-pi-sbc-5,Raspberry Pi,Raspberry Pi 5,Source documentation available; dedicated specs not verified,,https://www.waveshare.com/wiki/Raspberry_Pi_5 | https://www.waveshare.com/raspberry-pi-5.htm | https://www.waveshare.com/raspberry-pi-5-kit.htm
raspberry-pi-raspberry-pi-sbc-500,Raspberry Pi,Raspberry Pi 500,Source documentation available; dedicated specs not verified,,https://www.waveshare.com/wiki/Raspberry_Pi_500 | https://www.waveshare.com/raspberry-pi-500.htm
raspberry-pi-raspberry-pi-sbc-500-plus,Raspberry Pi,Raspberry Pi 500 Plus,Source documentation available; dedicated specs not verified,,https://www.waveshare.com/wiki/Raspberry_Pi_500_Plus | https://www.waveshare.com/raspberry-pi-500-plus.htm
raspberry-pi-raspberry-pi-sbc-zero,Raspberry Pi,Raspberry Pi Zero,Source documentation available; dedicated specs not verified,,https://www.waveshare.com/wiki/Raspberry_Pi_Zero | https://www.raspberrypi.com/products/raspberry-pi-zero/ | https://www.adafruit.com/product/2885 | https://www.adafruit.com/product/3644 | https://circuitpython.org/board/raspberrypi_zero/
raspberry-pi-raspberry-pi-sbc-zero-2-w,Raspberry Pi,Raspberry Pi Zero 2 W,Source documentation available; dedicated specs not verified,,https://github.com/raspberrypi/documentation/blob/34dfb87309abda0c73e8cbc454f999fd8eaca73f/documentation/asciidoc/computers/raspberry-pi/images/zero2-pad-diagram.png | https://www.waveshare.com/wiki/Raspberry_Pi_Zero_2_W | https://www.waveshare.com/raspberry-pi-zero-2-w.htm | https://www.raspberrypi.com/products/raspberry-pi-zero-2-w/ | https://www.adafruit.com/product/5291 | https://circuitpython.org/board/raspberrypi_zero2w/
raspberry-pi-raspberry-pi-sbc-zero-w,Raspberry Pi,Raspberry Pi Zero W,Source documentation available; dedicated specs not verified,,https://www.waveshare.com/wiki/Raspberry_Pi_Zero_W | https://www.waveshare.com/raspberry-pi-zero-w.htm | https://www.raspberrypi.com/products/raspberry-pi-zero-w/ | https://www.adafruit.com/product/3400 | https://www.adafruit.com/product/3408 | https://www.adafruit.com/product/3409 | https://www.adafruit.com/product/3410 | https://www.adafruit.com/product/3411 | https://www.adafruit.com/product/3414 | https://www.adafruit.com/product/3415 | https://circuitpython.org/board/raspberrypi_zero_w/
raspberry-pi-raspberry-pi-sbc-zero-wh,Raspberry Pi,Raspberry Pi Zero WH,Source documentation available; dedicated specs not verified,,https://www.waveshare.com/wiki/Raspberry_Pi_Zero_WH
raspberry-pi-raspberry-pi-sbc-rpi3-b,Raspberry Pi,RPi3 B,Source documentation available; dedicated specs not verified,,https://www.waveshare.com/wiki/RPi3_B
pjrc-teensy-teensy-1-0,PJRC,Teensy 1.0,Source documentation available; dedicated specs not verified,,https://www.pjrc.com/teensy/pinout.html
pjrc-teensy-teensy-2-0,PJRC,Teensy 2.0,Source documentation available; dedicated specs not verified,,https://www.pjrc.com/teensy/pinout.html
pjrc-teensy-teensy-3-0,PJRC,Teensy 3.0,Source documentation available; dedicated specs not verified,,https://www.pjrc.com/teensy/pinout.html
pjrc-teensy-teensy-3-1,PJRC,Teensy 3.1,Source documentation available; dedicated specs not verified,,https://www.pjrc.com/teensy/pinout.html
pjrc-teensy-teensy-3-2,PJRC,Teensy 3.2,Source documentation available; dedicated specs not verified,,https://www.pjrc.com/teensy/pinout.html
pjrc-teensy-teensy-3-5,PJRC,Teensy 3.5,Source documentation available; dedicated specs not verified,,https://www.pjrc.com/teensy/pinout.html
pjrc-teensy-teensy-3-6,PJRC,Teensy 3.6,Source documentation available; dedicated specs not verified,,https://www.pjrc.com/teensy/pinout.html
pjrc-teensy-teensy-4-0,PJRC,Teensy 4.0,Source documentation available; dedicated specs not verified,,https://www.pjrc.com/teensy/pinout.html
pjrc-teensy-teensy-4-1,PJRC,Teensy 4.1,Source documentation available; dedicated specs not verified,,https://www.pjrc.com/teensy/pinout.html
pjrc-teensy-teensy-lc,PJRC,Teensy LC,Source documentation available; dedicated specs not verified,,https://www.pjrc.com/teensy/pinout.html
pjrc-teensy-teensy-plus-plus-1-0,PJRC,Teensy++ 1.0,Source documentation available; dedicated specs not verified,,https://www.pjrc.com/teensy/pinout.html
pjrc-teensy-teensy-plus-plus-2-0,PJRC,Teensy++ 2.0,Source documentation available; dedicated specs not verified,,https://www.pjrc.com/teensy/pinout.html
source-board-57492cac1e1ae8b467,M5Stack,6060-Push,Source documentation needed,,
source-board-da525b9c655706bb3f,M5Stack,Aluminium Extrusions,Source documentation needed,,
source-board-49d8c6099b3a7b5286,M5Stack,Connector,Source documentation needed,,
source-board-d11fb46eaa1e2c11c3,M5Stack,Corner,Source documentation needed,,
source-board-c7bfcef1d68fc45b83,M5Stack,Nut,Source documentation needed,,
source-board-b58ecc1d34dcdc3e04,M5Stack,1.27-Socket Kit for Stamp-S3,Source documentation needed,,
source-board-0a22ad2de84e38d923,M5Stack,485T,Source documentation needed,,
source-board-bf541458bf93d6b6b1,M5Stack,Atomic ToChain Base,Source documentation needed,,
source-board-4c6dddf9466ba9c6e6,M5Stack,Atomic ToUnit Base,Source documentation needed,,
source-board-61dc2315aba1d78807,M5Stack,BAVG to Socket,Source documentation needed,,
source-board-c1836e18c8afadc61f,M5Stack,Bus Socket SMD 13.2,Source documentation needed,,
source-board-b430b7d9b47753112b,M5Stack,CamModule SC850SL,Source documentation needed,,
source-board-42bedf822aedda5aac,M5Stack,Capsule Proto,Source documentation needed,,
source-board-7f3220c8f565ad56c8,M5Stack,Cardputer Accessory Kit,Source documentation needed,,
source-board-dbd35b902578999c85,M5Stack,Chain Bridge,Source documentation needed,,
source-board-826db93b53b37a89ef,M5Stack,Chain Return,Source documentation needed,,
source-board-60237e7bb4061c03d2,M5Stack,CLIP-A,Source documentation needed,,
source-board-a193e8448eda7a6fb6,M5Stack,CLIP-B,Source documentation needed,,
source-board-5a60b64daebe8b5c0e,M5Stack,Display 1.14 Inch,Source documentation needed,,
source-board-47b9df028bbb8a10b4,M5Stack,Frame,Source documentation needed,,
source-board-6e4b9ee9a0f3979694,M5Stack,Grove Converter,Source documentation needed,,
source-board-da76e277a8985719d4,M5Stack,Grove T,Source documentation needed,,
source-board-8b7bc8abf33e9365fe,M5Stack,Grove to 4P,Source documentation needed,,
source-board-8cb9bff718fbbf41b6,M5Stack,Grove to Grove,Source documentation needed,,
source-board-cc0272832d61950412,M5Stack,Grove to PIN,Source documentation needed,,
source-board-9e85c320e96566c801,M5Stack,Grove to Servo,Source documentation needed,,
source-board-1a18c2638cb34d6a64,M5Stack,Grove to USBC,Source documentation needed,,
source-board-d1dbab67bcc1e40dfe,M5Stack,Guide Rail,Source documentation needed,,
source-board-954672a436eee96512,M5Stack,HY2.0-4P SMD,Source documentation needed,,
source-board-2aa95729cf01c806de,M5Stack,KeyCap,Source documentation needed,,
source-board-474f37d1111c89e165,M5Stack,Magnet Nut,Source documentation needed,,
source-board-e6d5bcae9df6feb312,M5Stack,Magnetic Type-C Cable,Source documentation needed,,
source-board-b481048324688ec6c4,M5Stack,Module Proto Frame,Source documentation needed,,
source-board-6449cd36be938ca196,M5Stack,Panel Frame,Source documentation needed,,
source-board-571cc8955eea98117f,M5Stack,Proto Board,Source documentation needed,,
source-board-31b1a147337ceaa48e,M5Stack,SandwichC,Source documentation needed,,
source-board-1f73053fe9b2e13ec0,M5Stack,Servo Kit 180°,Source documentation needed,,
source-board-78bad7861e820767c0,M5Stack,Stamp-S3 GroveBreakOut,Source documentation needed,,
source-board-dc0349f59be7face17,M5Stack,Stick Watch Accessory Kit,Source documentation needed,,
source-board-4682de2b379124784c,M5Stack,StickC-Plus2 Watch Kit,Source documentation needed,,
source-board-762c4c86bf177e5fd1,M5Stack,Unit Proto Case,Source documentation needed,,
source-board-33ddabc2939210a641,M5Stack,Watch Dev Kit v1.1,Source documentation needed,,
source-board-a3ee65a1394cc4d38c,M5Stack,Atom Display,Source documentation needed,,
source-board-208741696f5b5c40f5,M5Stack,Atom DTU LoRaWAN-CN470,Source documentation needed,,
source-board-d86cb3a1d711815839,M5Stack,Atom DTU NBIoT2,Source documentation needed,,
source-board-59012570dfcf09c535,M5Stack,Atom DTU NBIoT2 v1.1,Source documentation needed,,
source-board-aa931d3d6bb37fa0e3,M5Stack,Atom Hub Proto,Source documentation needed,,
source-board-cf4122c1d7809c7742,M5Stack,Atom Mate,Source documentation needed,,
source-board-4f4a1ccca28f3161bc,M5Stack,Atom QRCode v1.1,Source documentation needed,,
source-board-6ce7c855d2c2fd76a1,M5Stack,Atom Socket,Source documentation needed,,
source-board-d821d9916a24b95388,M5Stack,Atom Switch,Source documentation needed,,
source-board-2d16b7a61d15ccb3db,M5Stack,Atom TFCard,Source documentation needed,,
source-board-7241298c7f9e0d6a09,M5Stack,Atom Voice,Source documentation needed,,
source-board-1c1077044dcd101eba,M5Stack,Atom VoiceS3R,Source documentation needed,,
source-board-474ca0108b4acc2297,M5Stack,Atom-Lite,Source documentation needed,,
source-board-41f8fa131b3051248e,M5Stack,Atom-Matrix,Source documentation needed,,
source-board-e238e5312b86803043,M5Stack,Atomic,Source documentation needed,,
source-board-ddb091241f3a888f96,M5Stack,Atomic Audio-3.5 Base,Source documentation needed,,
source-board-a86363e851e441d1f3,M5Stack,Atomic Battery Base,Source documentation needed,,
source-board-d967181ddc065b5c5b,M5Stack,Atomic CAN Base,Source documentation needed,,
source-board-01b49114bc8c1f6a97,M5Stack,Atomic Display Base,Source documentation needed,,
source-board-de7bf9d45be54755ea,M5Stack,Atomic GPS Base,Source documentation needed,,
source-board-d8f1456f5c9d5feb9d,M5Stack,Atomic GPS Base v2.0,Source documentation needed,,
source-board-6e44b53e5d49d49550,M5Stack,Atomic Motion Base,Source documentation needed,,
source-board-0e99ed6e4a3fa9eed5,M5Stack,Atomic PoE Base,Source documentation needed,,
source-board-2bf34f5de70db40699,M5Stack,Atomic QRCode2 Base,Source documentation needed,,
source-board-631525883d75f9b024,M5Stack,Atomic SPK Base,Source documentation needed,,
source-board-06fe25e5fc818123d1,M5Stack,Atomic Stepmotor Base,Source documentation needed,,
source-board-0faecc933796bd04ba,M5Stack,Atomic Voice Base,Source documentation needed,,
source-board-db00a56414b9489bd5,M5Stack,AtomS3,Source documentation needed,,
source-board-016709a97c893351b5,M5Stack,Tail Bat,Source documentation needed,,
source-board-a50b02ed4a8c219c1c,M5Stack,Tail RS485,Source documentation needed,,
source-board-1b6514403a237a2b59,M5Stack,Voice Pyramid,Source documentation needed,,
source-board-9e5ac27cf6564d62a7,M5Stack,Base AAA,Source documentation needed,,
source-board-222dd07c366a164425,M5Stack,Base AC Power,Source documentation needed,,
source-board-05fc81318ac639cb54,M5Stack,Base Bottom v1.1,Source documentation needed,,
source-board-ebd0730db329290f94,M5Stack,Base BTC,Source documentation needed,,
source-board-776cf248a085c91f5b,M5Stack,Base DIN,Source documentation needed,,
source-board-e3736b3da12836828d,M5Stack,Base DMX,Source documentation needed,,
source-board-b06551639f7a523f9f,M5Stack,Base Dual 16340,Source documentation needed,,
source-board-1765fafdbeffdee8ac,M5Stack,Base LAN,Source documentation needed,,
source-board-595c083ddc9277addb,M5Stack,Base LAN PoE v1.2,Source documentation needed,,
source-board-8db6b3a7d82af5e109,M5Stack,Base M5GO Bottom,Source documentation needed,,
source-board-f7de86290aace08049,M5Stack,Base M5GO Bottom2 v1.3,Source documentation needed,,
source-board-51455af15d25dddd34,M5Stack,Base M5GO Charger,Source documentation needed,,
source-board-94cf55d3384002471a,M5Stack,Base PLC-M12,Source documentation needed,,
source-board-fddbe7e2c2e3a86e03,M5Stack,Base X,Source documentation needed,,
source-board-b3ff3fa15c5e1dc487,M5Stack,Base15,Source documentation needed,,
source-board-78096def53a41357fa,M5Stack,Base26,Source documentation needed,,
source-board-9febb1a95664acbbdf,M5Stack,IoT Base CatM,Source documentation needed,,
source-board-91f67729d0cbe1a390,M5Stack,IoT Base NBIoT-CN,Source documentation needed,,
source-board-4387171815548b2ff4,M5Stack,IoT Base Thermal Online CatM,Source documentation needed,,
source-board-5ecba9322a25331bc8,M5Stack,StackChan Body,Source documentation needed,,
source-board-c9149fec7e585fb545,M5Stack,Cap CC1101,Source documentation needed,,
source-board-58b723a0e6d0c4f9f5,M5Stack,Cap LoRa-1262,Source documentation needed,,
source-board-6feafee61eb3334d5e,M5Stack,Cap LoRa868,Source documentation needed,,
source-board-b1a05b454e3b933e4e,M5Stack,Cardputer,Source documentation needed,,
source-board-d77e014d519192bc08,M5Stack,Cardputer Mesh Kit,Source documentation needed,,
source-board-f5f80748f890bf0b9a,M5Stack,Chain Angle,Source documentation needed,,
source-board-86185be9fb0acf9187,M5Stack,Chain Blank,Source documentation needed,,
source-board-018197c2ee57fb1b2f,M5Stack,Chain Buzzer,Source documentation needed,,
source-board-60579f1faed5fea3f0,M5Stack,Chain DualKey,Source documentation needed,,
source-board-afc62a0b699d555d6b,M5Stack,Chain Encoder,Source documentation needed,,
source-board-b75894da7240bc0597,M5Stack,Chain Joystick,Source documentation needed,,
source-board-11fe49807dca386af1,M5Stack,Chain Key,Source documentation needed,,
source-board-f3beadd48f89c7cd3e,M5Stack,Chain Mono,Source documentation needed,,
source-board-43452e19ccc479c268,M5Stack,Chain Mount,Source documentation needed,,
source-board-9a4821dd6b3132ad0e,M5Stack,Chain PIR,Source documentation needed,,
source-board-f7a61346daa4a5d9d1,M5Stack,Chain ToF,Source documentation needed,,
source-board-b5d19cbbec5a5c8ee7,M5Stack,AI Pyramid,Source documentation needed,,
source-board-df22717fc35261a7fc,M5Stack,LLM-8850 Card,Source documentation needed,,
source-board-7636669ce880cc63ca,M5Stack,LLM-8850 Kit,Source documentation needed,,
source-board-b39a307feb2956657f,M5Stack,Basic,Source documentation needed,,
source-board-7248f9fc326a4d6853,M5Stack,Core Metal,Source documentation needed,,
source-board-d43cf2169f45b52c21,M5Stack,Core2 For AWS,Source documentation needed,,
source-board-e26c1d94097665811a,M5Stack,Core2 For AWS v1.3,Source documentation needed,,
source-board-4bb8e8491bfda69bc4,M5Stack,Core2 v1.3,Source documentation needed,,
source-board-9a155c0d44af0ff70d,M5Stack,CoreS3 Thread BR,Source documentation needed,,
source-board-5b49f71851046f66df,M5Stack,Fire,Source documentation needed,,
source-board-4cc4250cd910efda18,M5Stack,StackChan,Source documentation needed,,
source-board-16add3f5d8350cb185,M5Stack,Tough,Source documentation needed,,
source-board-b565ce3b072df52f79,M5Stack,Faces Bottom3,Source documentation needed,,
source-board-9eefc93576d6d2e68e,M5Stack,Faces Calculator3,Source documentation needed,,
source-board-84312f51f4f10bbd1a,M5Stack,Faces Gamepad3,Source documentation needed,,
source-board-a390fe2249279e4af6,M5Stack,Faces Keyboard3,Source documentation needed,,
source-board-cf10c114c8ee9a736d,M5Stack,Hat 18650C,Source documentation needed,,
source-board-105bcbcfa4c4e66ee4,M5Stack,Hat 8Servos v1.1,Source documentation needed,,
source-board-4877090d95c8cc8f2d,M5Stack,Hat ADC,Source documentation needed,,
source-board-ee823cc0c739cc68a9,M5Stack,Hat CBack Driver,Source documentation needed,,
source-board-3555cd753818111656,M5Stack,Hat CBack NBIoT,Source documentation needed,,
source-board-1d0ea8ec55f0a394ad,M5Stack,Hat DAC2,Source documentation needed,,
source-board-399ef10be4806ce3ed,M5Stack,Hat DLight,Source documentation needed,,
source-board-3cedaa892782fc5525,M5Stack,Hat ENV-III,Source documentation needed,,
source-board-7b5f0350320324f1f7,M5Stack,Hat Finger,Source documentation needed,,
source-board-d2d3f4c368230182e4,M5Stack,Hat JoyC,Source documentation needed,,
source-board-e6b5d24c07beacbcef,M5Stack,Hat Joystick,Source documentation needed,,
source-board-649edcf48a6fd38ddc,M5Stack,Hat Mini EncoderC,Source documentation needed,,
source-board-dc2d1e6efbc6a3aec1,M5Stack,Hat Mini JoyC,Source documentation needed,,
source-board-3dd88ccd022a68d8c4,M5Stack,Hat NCIR,Source documentation needed,,
source-board-58e701d75367d6990c,M5Stack,Hat PIR,Source documentation needed,,
source-board-370b1f4efeb3ea0a02,M5Stack,Hat Proto,Source documentation needed,,
source-board-b74501e755e031e6a7,M5Stack,Hat RS485,Source documentation needed,,
source-board-ed7f3f5ab940b544a5,M5Stack,Hat Servo,Source documentation needed,,
source-board-11ec39816e44d7ec1f,M5Stack,Hat SPK,Source documentation needed,,
source-board-cc4c1aeca6adcb313e,M5Stack,Hat Thermal,Source documentation needed,,
source-board-6f2f741b0af65afa7a,M5Stack,Hat ToF,Source documentation needed,,
source-board-dd1dfe21c8f7ff15bc,M5Stack,Hat Vibrator,Source documentation needed,,
source-board-7f498022d5cd12274a,M5Stack,Atom JoyStick,Source documentation needed,,
source-board-e79956a4c0b01a40b6,M5Stack,Atom JoyStick v1.1,Source documentation needed,,
source-board-226e53b100adda2b6a,M5Stack,BugC2,Source documentation needed,,
source-board-0b2d1ea98a7d7a686e,M5Stack,Demo Board,Source documentation needed,,
source-board-1be2470e4282a1d527,M5Stack,Demo Board-SHT30,Source documentation needed,,
source-board-0d52d9da07e5dc63a9,M5Stack,LidarBot,Source documentation needed,,
source-board-d8775e9e36120c2195,M5Stack,PM2.5 Air Quality Kit-SHT30,Source documentation needed,,
source-board-0b4fcf9abac318ec5a,M5Stack,Scales Kit,Source documentation needed,,
source-board-5e4088c95cfe8d7990,M5Stack,StampFly,Source documentation needed,,
source-board-00671040984b2260ab,M5Stack,StampFly v1.1,Source documentation needed,,
source-board-8ab88ebf65cd65ab2c,M5Stack,T-Lite,Source documentation needed,,
source-board-6e3dc9690edea8068a,M5Stack,Module 4EncoderMotor,Source documentation needed,,
source-board-a56f7ffa7285274433,M5Stack,Module 4EncoderMotor v1.1,Source documentation needed,,
source-board-3b299715f598234f5a,M5Stack,Module Air Quality,Source documentation needed,,
source-board-30d9237b1f6dcddf5c,M5Stack,Module ASR,Source documentation needed,,
source-board-c203ae1acad081e528,M5Stack,Module Battery,Source documentation needed,,
source-board-4a5f789a23ee2fe5d5,M5Stack,Module Bus,Source documentation needed,,
source-board-27ec83602a0e893308,M5Stack,Module CC1101,Source documentation needed,,
source-board-83e8ae5da6a0f34206,M5Stack,Module COMMU,Source documentation needed,,
source-board-a3728068228391b3e1,M5Stack,Module COMX Cat1,Source documentation needed,,
source-board-c560ffe2964a48351a,M5Stack,Module ExtPort For Core2,Source documentation needed,,
source-board-95f3859b605dab0a85,M5Stack,Module Fan v1.1,Source documentation needed,,
source-board-c6c79d67f42fa85245,M5Stack,Module Gateway H2,Source documentation needed,,
source-board-44364c1110885a327e,M5Stack,Module GPS v2.1,Source documentation needed,,
source-board-05507662d78ca9da33,M5Stack,Module HMI,Source documentation needed,,
source-board-5184d306f94dee5e99,M5Stack,Module LoRa433 v1.1,Source documentation needed,,
source-board-19fedbc3541758cfe4,M5Stack,Module LoRaWAN-EU868,Source documentation needed,,
source-board-f09cfb45256c52238e,M5Stack,Module Proto,Source documentation needed,,
source-board-ca5ac5069f3672db8c,M5Stack,Module13.2 2Relay,Source documentation needed,,
source-board-9180b6a15972b74fad,M5Stack,Module13.2 4In8Out,Source documentation needed,,
source-board-de2383c9a997eba58a,M5Stack,Module13.2 4Relay v1.1,Source documentation needed,,
source-board-0b4a243a3290908eda,M5Stack,Module13.2 AIN4-20mA,Source documentation needed,,
source-board-a0521067c5e5c9ec95,M5Stack,Module13.2 Battery,Source documentation needed,,
source-board-0297d6aa0621cf50c4,M5Stack,Module13.2 BLDC Drvier,Source documentation needed,,
source-board-8e3d770acbcff70eaa,M5Stack,Module13.2 Display,Source documentation needed,,
source-board-4973313592458e3a6a,M5Stack,Module13.2 Dual Kmeter,Source documentation needed,,
source-board-0792da4c3ab81f4173,M5Stack,Module13.2 ECG,Source documentation needed,,
source-board-b51092673193244dbf,M5Stack,Module13.2 GoPlus2,Source documentation needed,,
source-board-84d351cb075336ebda,M5Stack,Module13.2 GRBL,Source documentation needed,,
source-board-c72b7f5c7431b5dc7f,M5Stack,Module13.2 PPS,Source documentation needed,,
source-board-8fbf3b9eb29a1eb700,M5Stack,Module13.2 Proto,Source documentation needed,,
source-board-d80bde771aecefeb74,M5Stack,Module13.2 Proto-Meas,Source documentation needed,,
source-board-b9e9cca64dddf0e6aa,M5Stack,Module13.2 QRCode,Source documentation needed,,
source-board-428d05b083fd4de67e,M5Stack,Module13.2 RCA,Source documentation needed,,
source-board-5e56132d0a5c47db56,M5Stack,Module13.2 RS232F,Source documentation needed,,
source-board-f0d28a23bf4b251145,M5Stack,Module13.2 Servo2,Source documentation needed,,
source-board-252d28a0c9ecfb3277,M5Stack,Stamp ISP,Source documentation needed,,
source-board-60f1879faa5e41dd97,M5Stack,Stamp Timer Power,Source documentation needed,,
source-board-4a3f46fbd1ee9fafcc,M5Stack,Air Quality,Source documentation needed,,
source-board-c7abeb928b8dabd964,M5Stack,Air Quality v1.1,Source documentation needed,,
source-board-a363aa4df93d30377d,M5Stack,Arduino Nesso N1,Source documentation needed,,
source-board-2e468ee183dfdf8945,M5Stack,Dial v1.1,Source documentation needed,,
source-board-78312b711a6be4a8c3,M5Stack,DinMeter,Source documentation needed,,
source-board-f896f8e97d84ac2686,M5Stack,NanoC6,Source documentation needed,,
source-board-6185da76f83b0f69dd,M5Stack,PowerHub,Source documentation needed,,
source-board-e457087f1495af50c8,M5Stack,StopWatch,Source documentation needed,,
source-board-8acd9ca04c54eb4648,M5Stack,SwitchC6,Source documentation needed,,
source-board-e1d2f2e92df36ccd92,M5Stack,VAMeter,Source documentation needed,,
source-board-96cbaa9b0a7a27839f,M5Stack,CoreInk,Source documentation needed,,
source-board-30a956c87d7dcf4e3c,M5Stack,CoreInk Proto Base,Source documentation needed,,
source-board-5654dd9b9e82931965,M5Stack,Paper,Source documentation needed,,
source-board-dcfd0558f06c475600,M5Stack,PaperColor,Source documentation needed,,
source-board-ec1a5f98814395d523,M5Stack,PaperMono,Source documentation needed,,
source-board-7a09d81ba79e06acb2,M5Stack,PaperS3,Source documentation needed,,
source-board-fce2e6219b7df281a8,M5Stack,Stamp Cat1,Source documentation needed,,
source-board-d469340b08b191e4f2,M5Stack,Stamp IO,Source documentation needed,,
source-board-530769f84cc4ce6441,M5Stack,Stamp PWR485,Source documentation needed,,
source-board-26502d3bfd4e3d490f,M5Stack,Stamp-C3,Source documentation needed,,
source-board-3f9607529b57eb2ff6,M5Stack,Stamp-S3 BreakOut,Source documentation needed,,
source-board-8894cb7c12ef3c5b52,M5Stack,Stamp-S3A PIN1.27,Source documentation needed,,
source-board-aacdff2ecaa00a03c9,M5Stack,Stamp-S3A PIN2.54,Source documentation needed,,
source-board-a88a1fadbe8a66e238,M5Stack,StamPLC,Source documentation needed,,
source-board-caaf0accdd6bf81861,M5Stack,StamPLC AC,Source documentation needed,,
source-board-a59b6e38adee032109,M5Stack,StamPLC IO,Source documentation needed,,
source-board-74eada22f46e8feb79,M5Stack,StamPLC PoE,Source documentation needed,,
source-board-33e2cea8feb8e51971,M5Stack,StickC-Plus SE,Source documentation needed,,
source-board-baa53577358800c353,M5Stack,StickS3,Source documentation needed,,
source-board-b62f34dd7646a14976,M5Stack,StickT2,Source documentation needed,,
source-board-f638cdc063642c1013,M5Stack,Tab5,Source documentation needed,,
source-board-2c598ac059aab841e4,M5Stack,Tab5 Keyboard,Source documentation needed,,
source-board-1555d961d806689c58,M5Stack,ESP32-CAM PSRAM,Source documentation needed,,
source-board-19e516de7475584e02,M5Stack,M5Camera-X,Source documentation needed,,
source-board-95245d48ae18b8809f,M5Stack,TimerCamera-F,Source documentation needed,,
source-board-65eb2a314dd301abcc,M5Stack,Unit 2Relay,Source documentation needed,,
source-board-11aeaf594ae1cec034,M5Stack,Unit 3.96,Source documentation needed,,
source-board-7a1c360932c2af5e64,M5Stack,Unit 4Relay,Source documentation needed,,
source-board-0711046c6ae397d072,M5Stack,Unit 8Angle,Source documentation needed,,
source-board-834f40b2126ac18fbc,M5Stack,Unit 8Encoder,Source documentation needed,,
source-board-aac83aba13e5a6ef0c,M5Stack,Unit 8Servos,Source documentation needed,,
source-board-1236d859c33d2398ca,M5Stack,Unit 8Servos2-Chain,Source documentation needed,,
source-board-c9be29dd4aabd2546e,M5Stack,Unit Accel,Source documentation needed,,
source-board-5ed3e9384fdd5e49f7,M5Stack,Unit ACSSR,Source documentation needed,,
source-board-0cbb8cb1ff28e5754b,M5Stack,Unit ADC,Source documentation needed,,
source-board-6f842c1018055cc899,M5Stack,Unit AIN4-20mA,Source documentation needed,,
source-board-a7f71367218db84e3a,M5Stack,Unit AMeter,Source documentation needed,,
source-board-17bd07bc39eefffb8d,M5Stack,Unit Angle,Source documentation needed,,
source-board-8d4a15e405a597d1dd,M5Stack,Unit ASR,Source documentation needed,,
source-board-5beb5c4cbdf08dc7a4,M5Stack,Unit AudioPlayer,Source documentation needed,,
source-board-a428555279fa49793a,M5Stack,Unit BLDC Driver,Source documentation needed,,
source-board-93f8f5b86b82e353c4,M5Stack,Unit Button,Source documentation needed,,
source-board-801de8099af0a1c5c4,M5Stack,Unit Buzzer,Source documentation needed,,
source-board-a5c1c864be6e705563,M5Stack,Unit ByteButton,Source documentation needed,,
source-board-49a7e629a0418a8886,M5Stack,Unit ByteSwitch,Source documentation needed,,
source-board-4cbd9ff0b6a21ef607,M5Stack,Unit C6L,Source documentation needed,,
source-board-833dff9546137267f1,M5Stack,Unit Camera,Source documentation needed,,
source-board-83b053da889c2603e0,M5Stack,Unit CamS3,Source documentation needed,,
source-board-399179cf665cf2d916,M5Stack,Unit CardKB2,Source documentation needed,,
source-board-d282e51761a64c9876,M5Stack,Unit Cat1-CN,Source documentation needed,,
source-board-6383c92a87a114d737,M5Stack,Unit Catch,Source documentation needed,,
source-board-4d02ce62687c830d61,M5Stack,Unit CatM GNSS,Source documentation needed,,
source-board-676c051d840ed74fac,M5Stack,Unit ChainBus,Source documentation needed,,
source-board-f2b5b135d118cd8838,M5Stack,Unit CO2,Source documentation needed,,
source-board-db86e14f80111eba4c,M5Stack,Unit CO2L,Source documentation needed,,
source-board-9a0f004d0cc6c8536e,M5Stack,Unit Color,Source documentation needed,,
source-board-8ce1cf3d0ee0a51ed1,M5Stack,Unit DAC,Source documentation needed,,
source-board-18ed5c1f767cc2e793,M5Stack,Unit DAC2,Source documentation needed,,
source-board-4a314d8882fe8ac2fe,M5Stack,Unit DDS,Source documentation needed,,
source-board-d890bd2a0d89c86ad4,M5Stack,Unit DLight,Source documentation needed,,
source-board-1c76a6c25ec80de5ed,M5Stack,Unit DMX,Source documentation needed,,
source-board-943d0b181f92dbfc8e,M5Stack,Unit Dual Button,Source documentation needed,,
source-board-695142eef6e58984e3,M5Stack,Unit Earth,Source documentation needed,,
source-board-a70dad63858e101475,M5Stack,Unit Encoder,Source documentation needed,,
source-board-0473b4084149e1e41f,M5Stack,Unit ENV-III,Source documentation needed,,
source-board-7d1e4ea106c3456c6e,M5Stack,Unit EXT.IO,Source documentation needed,,
source-board-57db784a8a3386d537,M5Stack,Unit ExtEncoder,Source documentation needed,,
source-board-f9da2d5a1b80c5b285,M5Stack,Unit Fader,Source documentation needed,,
source-board-48f3df202a3e5ba049,M5Stack,Unit Fan,Source documentation needed,,
source-board-8535ed7db495c46a54,M5Stack,Unit Finger,Source documentation needed,,
source-board-6f6f329bfe576d3657,M5Stack,Unit Fingerprint2,Source documentation needed,,
source-board-c41af7f5f00e2de084,M5Stack,Unit FlashLight,Source documentation needed,,
source-board-19e3832e05505eee62,M5Stack,Unit Gateway H2,Source documentation needed,,
source-board-46e754cf4dc301964c,M5Stack,Unit Gesture,Source documentation needed,,
source-board-0f797f4fc6408ab69e,M5Stack,Unit Glass,Source documentation needed,,
source-board-3cae9c1bced8e16a80,M5Stack,Unit Glass2,Source documentation needed,,
source-board-4469908e23dfc1079d,M5Stack,Unit GPS,Source documentation needed,,
source-board-7cb5c281a1564e4e60,M5Stack,Unit Grove to Grove,Source documentation needed,,
source-board-7b051a6f89f7b3a4ec,M5Stack,Unit Heart,Source documentation needed,,
source-board-6d75103d33b3617063,M5Stack,Unit HEX,Source documentation needed,,
source-board-ec1ecab334af3f64bb,M5Stack,Unit Hub,Source documentation needed,,
source-board-160e2efda6b63a95da,M5Stack,Unit ID,Source documentation needed,,
source-board-d82cd9b4c678a7e51d,M5Stack,Unit IR,Source documentation needed,,
source-board-8b464318f392fbaf9c,M5Stack,Unit Joystick v1.1,Source documentation needed,,
source-board-637ca1de735dc5e859,M5Stack,Unit Joystick2,Source documentation needed,,
source-board-91a88779058500669a,M5Stack,Unit Key,Source documentation needed,,
source-board-37fa4c27be8e1e21b0,M5Stack,Unit KMeter-ISO,Source documentation needed,,
source-board-4a0ca9b6dca33a5d46,M5Stack,Unit Laser RX,Source documentation needed,,
source-board-583a02cdb5e4a40a07,M5Stack,Unit LCD,Source documentation needed,,
source-board-13ce62af46e87a241c,M5Stack,Unit Light,Source documentation needed,,
source-board-2527d2ea1ad559d94d,M5Stack,Unit Limit,Source documentation needed,,
source-board-cfb352c345e0ddda30,M5Stack,Unit LoRaE220-433,Source documentation needed,,
source-board-6d9ef7d2c385a09d32,M5Stack,Unit MIDI,Source documentation needed,,
source-board-470857140b66a94f21,M5Stack,Unit Mini BPS v1.1,Source documentation needed,,
source-board-3a474e2b3486b9fc9a,M5Stack,Unit Mini CAN,Source documentation needed,,
source-board-58a3464523a4a2c02e,M5Stack,Unit Mini IMU-Pro,Source documentation needed,,
source-board-006d629d6c06146f9f,M5Stack,Unit Mini OLED,Source documentation needed,,
source-board-018e46d081f1e9de6a,M5Stack,Unit Mini PDM,Source documentation needed,,
source-board-d98aa688f305d3abc1,M5Stack,Unit Mini Proto,Source documentation needed,,
source-board-ca806d76c33d111205,M5Stack,Unit Mini Scales,Source documentation needed,,
source-board-ae1823dbebbc124a83,M5Stack,Unit Mini ToF-90°,Source documentation needed,,
source-board-30f44e0d1f3cddc27a,M5Stack,Unit MQ,Source documentation needed,,
source-board-5b1db598f87b36cea5,M5Stack,Unit MQTT,Source documentation needed,,
source-board-1e341275ea454a4761,M5Stack,Unit NBIoT2,Source documentation needed,,
source-board-e91ee02407ca7da244,M5Stack,Unit NCIR,Source documentation needed,,
source-board-41bab4646e04facc82,M5Stack,Unit NCIR2,Source documentation needed,,
source-board-70d2c75f72335b6063,M5Stack,Unit Neco,Source documentation needed,,
source-board-71358175817868c0a7,M5Stack,Unit NeoHEX,Source documentation needed,,
source-board-78a7dee46ac529b42e,M5Stack,Unit NFC,Source documentation needed,,
source-board-ee98e1a23278e9d676,M5Stack,Unit OLED,Source documentation needed,,
source-board-f9ca4d6557f8a63eb1,M5Stack,Unit OP180,Source documentation needed,,
source-board-d8ff421aaf3fa9b688,M5Stack,Unit OP90,Source documentation needed,,
source-board-ba9e5f605961dcedee,M5Stack,Unit PaHub,Source documentation needed,,
source-board-2d9e671dd6280fac66,M5Stack,Unit PaHub v2.1,Source documentation needed,,
source-board-ab6064cda4c6d6cbe9,M5Stack,Unit PIR,Source documentation needed,,
source-board-f995d7ef19a31f3d9a,M5Stack,Unit PoE CAM-W,Source documentation needed,,
source-board-2477653d0c88e3be88,M5Stack,Unit PoE CAM-W v1.1,Source documentation needed,,
source-board-7ef12a9cd3c02d0fcf,M5Stack,Unit Proto,Source documentation needed,,
source-board-d31271066d46e5fd4b,M5Stack,Unit Puzzle,Source documentation needed,,
source-board-1ca67ec53bf2a3ce3a,M5Stack,Unit QRCode,Source documentation needed,,
source-board-cfb551b6de8e6c1587,M5Stack,Unit RCA,Source documentation needed,,
source-board-3d09118d5e48953680,M5Stack,Unit Reflective IR,Source documentation needed,,
source-board-d68745531c69f4b7db,M5Stack,Unit Relay,Source documentation needed,,
source-board-f9bf0afb3681ad50aa,M5Stack,Unit RGB,Source documentation needed,,
source-board-2f8863fd57f131c6f0,M5Stack,Unit Roller485,Source documentation needed,,
source-board-5b205f64cb5a1f17ef,M5Stack,Unit Scales,Source documentation needed,,
source-board-be68305d414b05d2df,M5Stack,Unit Scroll,Source documentation needed,,
source-board-0deb3cc52909696465,M5Stack,Unit SSR,Source documentation needed,,
source-board-bcfccaf958283fb56a,M5Stack,Unit Step16,Source documentation needed,,
source-board-0e3122dd0f2d467be1,M5Stack,Unit Thermal2,Source documentation needed,,
source-board-d3430af2798820c2fa,M5Stack,Unit TimerPWR,Source documentation needed,,
source-board-310aca6f9b5384b17b,M5Stack,Unit TMOS PIR,Source documentation needed,,
source-board-b435576274d054c7ef,M5Stack,Unit ToF,Source documentation needed,,
source-board-e19808c11c1b09dfd3,M5Stack,Unit ToF4M,Source documentation needed,,
source-board-f128bcb679828e9993,M5Stack,Unit Tube Pressure,Source documentation needed,,
source-board-c360f4f6b8e1f0310a,M5Stack,Unit UHF-RFID,Source documentation needed,,
source-board-a2285d667efa547c38,M5Stack,Unit Ultrasonic,Source documentation needed,,
source-board-1944bd7d1e9fc877a6,M5Stack,Unit Ultrasonic-I2C,Source documentation needed,,
source-board-fd2e7091a16298609a,M5Stack,Unit UWB,Source documentation needed,,
source-board-cc26469cbed814787b,M5Stack,Unit Vibrator,Source documentation needed,,
source-board-4828539aa387945544,M5Stack,Unit Watering,Source documentation needed,,
source-board-12e23574aab03d88d0,M5Stack,Unit Weight,Source documentation needed,,
source-board-3f04e1ad26e264e446,M5Stack,Unit Weight-I2C,Source documentation needed,,
source-board-4e7417c1932cd71113,M5Stack,UnitV-M12,Source documentation needed,,
source-board-b6cf96dfe427e79e40,M5Stack,UnitV2,Source documentation needed,,
source-board-2cd1c4eb9846edebf1,M5Stack,UnitV2-M12,Source documentation needed,,
source-board-cb0b52d3056fb07548,M5Stack,UnitV2-USB,Source documentation needed,,
source-board-2eef993ff78502144a,Seeed Studio,Grove Vision AI Module,Source documentation needed,,
source-board-26f61aaf24516ca6f8,Seeed Studio,Grove Vision AI Module V2,Source documentation needed,,
source-board-0607bf62a8c1b08271,Seeed Studio,reCamera 2002,Source documentation needed,,
source-board-8ee6f9d2d3009c621c,Seeed Studio,reCamera Gimbal,Source documentation needed,,
source-board-97cd27180910ffb7e1,Seeed Studio,reCamera Pro,Source documentation needed,,
source-board-09dd14dad4781f80a9,Seeed Studio,SenseCAP A1101 (LoRaWAN Vision AI Sensor),Source documentation needed,,
source-board-77ca519cf5f8247c4a,Seeed Studio,SenseCAP Watcher,Source documentation needed,,
source-board-2570effe06236b7059,Seeed Studio,XIAO Vision AI Camera,Source documentation needed,,
source-board-336396f404881e0a83,Seeed Studio,Arch GPRS,Source documentation needed,,
source-board-0125766f84e25cab16,Seeed Studio,2.7inch Triple-Color E-Ink Shield for Arduino,Source documentation needed,,
source-board-c4a96654ff0a57dbef,Seeed Studio,2.8inch TFT Touch Shield V1.0,Source documentation needed,,
source-board-e3bee503f79ffc95d9,Seeed Studio,4A Motor Shield,Source documentation needed,,
source-board-34081ad4dcf2c3133c,Seeed Studio,Bees Shield,Source documentation needed,,
source-board-50d591837f6f543f8b,Seeed Studio,BLE Shield V1,Source documentation needed,,
source-board-46065da89493865d31,Seeed Studio,Bluetooth Shield,Source documentation needed,,
source-board-11f5675979fe1c1234,Seeed Studio,Bluetooth Shield V2,Source documentation needed,,
source-board-6414cf9e032e514c05,Seeed Studio,Brushless Motor Shield (TB6605FTG),Source documentation needed,,
source-board-82e0c9235720f8e4b0,Seeed Studio,CAN-BUS Shield V2.0,Source documentation needed,,
source-board-b8e4a52c1bf4f3f9ec,Seeed Studio,EL Shield,Source documentation needed,,
source-board-aa774fd5f32cdd361e,Seeed Studio,Energy Shield,Source documentation needed,,
source-board-5f60f6f9c93c672168,Seeed Studio,Ethernet Shield,Source documentation needed,,
source-board-ad6e29a3089269dff2,Seeed Studio,Ethernet Shield V1.0,Source documentation needed,,
source-board-477b72e580c41d2dcd,Seeed Studio,Ethernet Shield V2.0,Source documentation needed,,
source-board-ca30a7d721dd769b1f,Seeed Studio,GPRS Shield,Source documentation needed,,
source-board-71023119c4e0204aef,Seeed Studio,GPRS Shield V1.0,Source documentation needed,,
source-board-1eb8973c898cb26489,Seeed Studio,GPRS Shield V2.0,Source documentation needed,,
source-board-01b7475cdd9591c082,Seeed Studio,GPRS Shield V3.0,Source documentation needed,,
source-board-9314f0a5a8d895f75f,Seeed Studio,Mbed Shield,Source documentation needed,,
source-board-f6adaa1dd31d95a91d,Seeed Studio,Motor Shield,Source documentation needed,,
source-board-7ecb1896feb348bce1,Seeed Studio,Motor Shield V1.0,Source documentation needed,,
source-board-e74acb5fa3062d1a14,Seeed Studio,Motor Shield V2.0,Source documentation needed,,
source-board-f780c4169c6a1a8fb7,Seeed Studio,Music Shield,Source documentation needed,,
source-board-8c8fec6e2e476249b8,Seeed Studio,Music Shield V1.0,Source documentation needed,,
source-board-2eeb4df5cafb6816af,Seeed Studio,Music Shield V2.2,Source documentation needed,,
source-board-ce826f8bec58242641,Seeed Studio,NFC Shield V2.0,Source documentation needed,,
source-board-8d91194d92869ea61f,Seeed Studio,Protoshield Kit for Arduino,Source documentation needed,,
source-board-1e3110a20ad606a6d3,Seeed Studio,Relay Shield,Source documentation needed,,
source-board-fa842f6706aa8b0e1c,Seeed Studio,Relay Shield V1.0,Source documentation needed,,
source-board-6aeb5e0870c0407e21,Seeed Studio,Relay Shield V2.0,Source documentation needed,,
source-board-83e3ef9039a1017e79,Seeed Studio,Relay Shield V3,Source documentation needed,,
source-board-43ddb7886e3b68d733,Seeed Studio,RGBW Stripe Wireless Shield V1.0,Source documentation needed,,
source-board-7f1b762a917eb8a0cd,Seeed Studio,RS232 Shield,Source documentation needed,,
source-board-a8aa492386e019644e,Seeed Studio,SD Card Shield V3.0,Source documentation needed,,
source-board-0bd3959bed5fd4c416,Seeed Studio,SD Card Shield V4.0,Source documentation needed,,
source-board-0522a16a6e39ed467a,Seeed Studio,Shield Bot V1.1,Source documentation needed,,
source-board-86ab6a844f7d2db033,Seeed Studio,Shield MaTrix V0.9,Source documentation needed,,
source-board-c35d7f91d6d4f5a52c,Seeed Studio,Small e-Paper Shield,Source documentation needed,,
source-board-f85cd857916a872a69,Seeed Studio,Small e-Paper Shield V2,Source documentation needed,,
source-board-2d6fdb698418c77a39,Seeed Studio,Solar Charger Shield,Source documentation needed,,
source-board-826c092d15ca798f84,Seeed Studio,Solar Charger Shield V2.2,Source documentation needed,,
source-board-b932254fe511e4237b,Seeed Studio,Starter Shield EN,Source documentation needed,,
source-board-1e8d793f9b27cb4414,Seeed Studio,W5500 Ethernet Shield V1.0,Source documentation needed,,
source-board-0d910c74cda08f4f93,Seeed Studio,Wifi Shield,Source documentation needed,,
source-board-6e6297bc9551ed2ac2,Seeed Studio,Wifi Shield (Fi250) V1.1,Source documentation needed,,
source-board-d0ca02c8c62437c9af,Seeed Studio,Wifi Shield V1.0,Source documentation needed,,
source-board-ce1f990d20c98b6b79,Seeed Studio,Wifi Shield V1.1,Source documentation needed,,
source-board-d2e5a0fe79714054e2,Seeed Studio,Wireless Gate Shield V1.0,Source documentation needed,,
source-board-c4aab704827e8fa8e6,Seeed Studio,XBee Shield V2.0,Source documentation needed,,
source-board-b98860e81260dea498,Seeed Studio,BeagleBone Blue,Source documentation needed,,
source-board-be7cc52b09843da466,Seeed Studio,BeagleBone Green,Source documentation needed,,
source-board-1b9fbe6e6c74c97b22,Seeed Studio,BeagleBone Green Eco,Source documentation needed,,
source-board-92925ce4377c66f0c9,Seeed Studio,BeagleBone Green Gateway,Source documentation needed,,
source-board-d39ab40c96b76009aa,Seeed Studio,BeagleBone Green HDMI Cape,Source documentation needed,,
source-board-75e0efa418d0aa3d8a,Seeed Studio,Motor Bridge Cape V1.0,Source documentation needed,,
source-board-3fda0d79435e5e6385,Seeed Studio,reTerminal D1001,Source documentation needed,,
source-board-affe34611e23a71386,Seeed Studio,reTerminal E1001,Source documentation needed,,
source-board-3c0a71f5bc3d7061d7,Seeed Studio,reTerminal E1002,Source documentation needed,,
source-board-d95572958eb41df8dd,Seeed Studio,reTerminal E1003,Source documentation needed,,
source-board-b6f74353d0de2230ed,Seeed Studio,reTerminal Sticky,Source documentation needed,,
source-board-1c8333bd42896ca6b7,Seeed Studio,SenseCAP Indicator for Meshtastic,Source documentation needed,,
source-board-750c8afdaeb3a6b56f,Seeed Studio,XIAO ePaper Display Board EE02,Source documentation needed,,
source-board-2836c886514d0fd146,Seeed Studio,XIAO ePaper Display Board EE03,Source documentation needed,,
source-board-123c024de4e07e9960,Seeed Studio,XIAO ePaper Display Board EE04,Source documentation needed,,
source-board-98b162eb92f8fd1d66,Seeed Studio,XIAO ePaper Display Board EE05,Source documentation needed,,
source-board-9e7113085098fd354c,Seeed Studio,XIAO ePaper Display Board EN04,Source documentation needed,,
source-board-d745c212b37971519a,Seeed Studio,XIAO ePaper Display Board EN05,Source documentation needed,,
source-board-7dcfd81099ece50e65,Seeed Studio,Base Shield V2,Source documentation needed,,
source-board-1693a7d0c2aa221a4e,Seeed Studio,BitMaker,Source documentation needed,,
source-board-c5feae5a57ba67f8a9,Seeed Studio,BitMaker Lite,Source documentation needed,,
source-board-ae7e50de81b20a51b0,Seeed Studio,BitPlayer,Source documentation needed,,
source-board-4f6c0dc43f4b242d4c,Seeed Studio,BitWear,Source documentation needed,,
source-board-c219ddbb601c475420,Seeed Studio,Grove - Base Shield for IOIO-OTG,Source documentation needed,,
source-board-a4388d63a62bacb53d,Seeed Studio,Grove - Mega Shield,Source documentation needed,,
source-board-9c816d9f975c7f0db0,Seeed Studio,Grove - Protoshield,Source documentation needed,,
source-board-838efa674dcac12fa7,Seeed Studio,Grove Base Cape for BeagleBone V2,Source documentation needed,,
source-board-e3a347ef6612592656,Seeed Studio,Grove Base HAT,Source documentation needed,,
source-board-df9b36454f16b53f6e,Seeed Studio,Grove Base Shield for NodeMCU V1.0,Source documentation needed,,
source-board-b5a886dc67e44a7a2a,Seeed Studio,Grove Base Shield for Photon,Source documentation needed,,
source-board-f3ba78f8e9b88aa08e,Seeed Studio,Grove Beginner Kit for Arduino,Source documentation needed,,
source-board-8f6616a53c6803d732,Seeed Studio,Grove Cape for BeagleBone Series,Source documentation needed,,
source-board-39a2114c0a0f24ce52,Seeed Studio,Grove Shield for Intel Joule,Source documentation needed,,
source-board-16121f72660f3c5746,Seeed Studio,Grove Starter Kit for Azure Sphere MT3620 Development Kit,Source documentation needed,,
source-board-9411f7846292008faf,Seeed Studio,MT3620 Grove Shield,Source documentation needed,,
source-board-2305dbb9fe7f16d9f2,Seeed Studio,Arduino Breakout for LinkIt Smart 7688 Duo,Source documentation needed,,
source-board-0dfef0d3f815db929a,Seeed Studio,Breakout for LinkIt Smart 7688,Source documentation needed,,
source-board-df48c497c5307de060,Seeed Studio,Breakout for LinkIt Smart 7688 V2.0,Source documentation needed,,
source-board-fe6e96ae8e667278de,Seeed Studio,Grove Breakout for LinkIt Smart 7688 Duo,Source documentation needed,,
source-board-ab35086a0b3ba00bff,Seeed Studio,LinkIt Connect 7681,Source documentation needed,,
source-board-14a0e935d969a8ead0,Seeed Studio,LinkIt Smart 7688,Source documentation needed,,
source-board-87d29f352fbd9321b8,Seeed Studio,LinkIt Smart 7688 Duo,Source documentation needed,,
source-board-9a55e6ea941837767b,Seeed Studio,RePhone Core 2G-Atmel32u4,Source documentation needed,,
source-board-1970dd513570e6290f,Seeed Studio,RePhone Extension Pack,Source documentation needed,,
source-board-c8379204438b83599a,Seeed Studio,RePhone Geo Kit,Source documentation needed,,
source-board-63992f8c5d1df48acc,Seeed Studio,RePhone Lumi Kit,Source documentation needed,,
source-board-0f5329461fd5c05e1a,Seeed Studio,LinkStar H28K,Source documentation needed,,
source-board-2a6f76cf24fa45181f,Seeed Studio,LinkStar H68K,Source documentation needed,,
source-board-fadff82abb37efa3ea,Seeed Studio,LinkStar H68K V2,Source documentation needed,,
source-board-e899956e609c824cdd,Seeed Studio,NPi i.MX6ULL Dev Board,Source documentation needed,,
source-board-1edff47c9cee97fc9c,Seeed Studio,Quantum Mini Linux Development Kit,Source documentation needed,,
source-board-769f4e73d34427714a,Seeed Studio,reComputer RK3576 Module Dev Kit,Source documentation needed,,
source-board-4eeb492918be405a72,Seeed Studio,reComputer RK3576-20,Source documentation needed,,
source-board-fd10e45093cc77bb26,Seeed Studio,reComputer RK3576-30,Source documentation needed,,
source-board-d58ca32f6fa0b35423,Seeed Studio,reComputer RK3588-30,Source documentation needed,,
source-board-b4dea0da76a7bbd456,Seeed Studio,SOM STM32MP157C,Source documentation needed,,
source-board-1bc9746fa7191f556e,Seeed Studio,4WD Driver Platform V1.0,Source documentation needed,,
source-board-127efc76086a5f08cd,Seeed Studio,AI Assistant (STM32N657),Source documentation needed,,
source-board-3a69c1ce6cc7bc4ff9,Seeed Studio,Atom Node,Source documentation needed,,
source-board-b767d4380f07dca705,Seeed Studio,EdgeBox-ESP-100,Source documentation needed,,
source-board-9dc75d0723bea0c85a,Seeed Studio,FSM-55,Source documentation needed,,
source-board-d220203c496d8c8dd6,Seeed Studio,Fubarino SD,Source documentation needed,,
source-board-f779602767197be572,Seeed Studio,Hercules Dual 15A 6-20V Motor Controller,Source documentation needed,,
source-board-8b56d9293a7661b819,Seeed Studio,IoT Fast Prototyping Kit S5D9,Source documentation needed,,
source-board-25736f1f8dac893df4,Seeed Studio,MT3620 Ethernet Shield V1.0,Source documentation needed,,
source-board-ef2965a55971c4ecb5,Seeed Studio,Rainbow Cube Kit - RGB 4x4x4,Source documentation needed,,
source-board-f77727d723ad08c0d0,Seeed Studio,Rainbowduino,Source documentation needed,,
source-board-f28df9241f25674096,Seeed Studio,Rainbowduino LED Driver Platform - ATmega328,Source documentation needed,,
source-board-502c8c324d0cebff83,Seeed Studio,Rainbowduino V3.0,Source documentation needed,,
source-board-8663674c7e8620a6d6,Seeed Studio,Spartan Edge Accelerator Board,Source documentation needed,,
source-board-69b0df3dc8b7d67e52,Seeed Studio,Bluetooth Multimeter,Source documentation needed,,
source-board-072e30f9c1edcad3c6,Seeed Studio,Bus Pirate V3,Source documentation needed,,
source-board-d7ae45564724234773,Seeed Studio,DSO Nano V3,Source documentation needed,,
source-board-e0a23349cd64bf2454,Seeed Studio,Lipo Rider Plus,Source documentation needed,,
source-board-edfaabdc714ee27cdb,Seeed Studio,Lipo Rider Pro,Source documentation needed,,
source-board-1662f8895b0c44a9ce,Seeed Studio,Lipo Rider V1.1,Source documentation needed,,
source-board-982542c02b82f4ed6f,Seeed Studio,Logic DC Jack,Source documentation needed,,
source-board-cbc4d89eab0178569d,Seeed Studio,UartSBee V5,Source documentation needed,,
source-board-8b3ee5760ce281c8f4,Seeed Studio,USB To Uart 3V3,Source documentation needed,,
source-board-60b8a0e4ad9ffdfd90,Seeed Studio,USB To Uart 5V,Source documentation needed,,
source-board-06371a7dd03c1eeea5,Seeed Studio,USB To Uart 5V-3V3,Source documentation needed,,
source-board-06f212159c0fa5b28d,Seeed Studio,2-Channel CAN-BUS FD Shield for Raspberry Pi,Source documentation needed,,
source-board-c30706f3dad957e401,Seeed Studio,4-Channel SPDT Relay HAT for Raspberry Pi,Source documentation needed,,
source-board-19fe0ec05e6e5bbd00,Seeed Studio,8-Channel 12-Bit ADC for Raspberry Pi (STM32F030),Source documentation needed,,
source-board-8669627ca0e540609e,Seeed Studio,Grove AI HAT for Edge Computing,Source documentation needed,,
source-board-1f5a3d1fe25d2bf80c,Seeed Studio,PCIe 3.0 to Dual M.2 HAT for Raspberry Pi 5,Source documentation needed,,
source-board-6b7476508f551376e7,Seeed Studio,Raspberry Pi 4G LTE HAT,Source documentation needed,,
source-board-484fb596c42404bf51,Seeed Studio,Raspberry Pi Breakout Board V1.0,Source documentation needed,,
source-board-b9c55548e5b3a79215,Seeed Studio,Raspberry Pi Motor Driver Board V1.0,Source documentation needed,,
source-board-d943afbce934f575ba,Seeed Studio,Raspberry Pi RS232 Board V1.0,Source documentation needed,,
source-board-a9d27e11131283217b,Seeed Studio,Edge Box RPi-200,Source documentation needed,,
source-board-299914265863831ad1,Seeed Studio,reComputer AI Industrial R2135,Source documentation needed,,
source-board-148df812ff7d82e56c,Seeed Studio,reComputer AI R2000 Series,Source documentation needed,,
source-board-b59a2c2c3e25128d7c,Seeed Studio,reComputer Industrial R20xx,Source documentation needed,,
source-board-4d82cbc4a058e209e3,Seeed Studio,reComputer Industrial R21xx,Source documentation needed,,
source-board-30061f1f606eee24f5,Seeed Studio,reComputer Industrial R22xx,Source documentation needed,,
source-board-2ab6a5daaffc0de1ce,Seeed Studio,reComputer R1000,Source documentation needed,,
source-board-f0242ad3488d9ed6d2,Seeed Studio,reComputer R1000 V1.1,Source documentation needed,,
source-board-113b9f4130aafe6eec,Seeed Studio,reComputer R1100,Source documentation needed,,
source-board-aacb33b2fb93109d60,Seeed Studio,reComputer R1225,Source documentation needed,,
source-board-f271a8debb70adc43e,Seeed Studio,reRouter CM4,Source documentation needed,,
source-board-20a7df6f0ca907b518,Seeed Studio,reTerminal DM,Source documentation needed,,
source-board-4a9c04e448c0594475,Seeed Studio,reTerminal E10-1,Source documentation needed,,
source-board-8a6ca60b3f21712d8a,Seeed Studio,A203 Carrier Board,Source documentation needed,,
source-board-b2530201efa3873193,Seeed Studio,A203E Mini PC,Source documentation needed,,
source-board-30302252fc47f679fc,Seeed Studio,A205 Carrier Board,Source documentation needed,,
source-board-898e4bd259b43937dd,Seeed Studio,A205E Carrier Board,Source documentation needed,,
source-board-4b43a23fae89f9579e,Seeed Studio,A205E Mini PC,Source documentation needed,,
source-board-ea5a9400b09023d4d4,Seeed Studio,A206 Carrier Board,Source documentation needed,,
source-board-3828a950e19fb1aa02,Seeed Studio,A603 Carrier Board,Source documentation needed,,
source-board-7e935064cf6e2ee755,Seeed Studio,A607 Carrier Board,Source documentation needed,,
source-board-4a5be486bd304d3ef9,Seeed Studio,J101 Carrier Board,Source documentation needed,,
source-board-c23c330b669652db37,Seeed Studio,J202 Carrier Board,Source documentation needed,,
source-board-117e877111f3bbb924,Seeed Studio,J401 Carrier Board,Source documentation needed,,
source-board-d6c8ce7a020faa7bcc,Seeed Studio,J401-Mini Carrier Board,Source documentation needed,,
source-board-83eada24dce1ad6b97,Seeed Studio,J401B Carrier Board,Source documentation needed,,
source-board-3231b0b4eb40cd42ba,Seeed Studio,J501 Carrier Board,Source documentation needed,,
source-board-25890607e136c2f767,Seeed Studio,Jetson Mate,Source documentation needed,,
source-board-452a66d3eb8fbd3417,Seeed Studio,Mini J501 Carrier Board,Source documentation needed,,
source-board-d07c7d9d8c8a3d8f38,Seeed Studio,reComputer Industrial J2011,Source documentation needed,,
source-board-c43745b5a06481df20,Seeed Studio,reComputer J1010,Source documentation needed,,
source-board-475453a94502db1013,Seeed Studio,reComputer J1020 V1,Source documentation needed,,
source-board-1aac133918fc097d3f,Seeed Studio,reComputer J1020 V2,Source documentation needed,,
source-board-158f8749acec6e9ad7,Seeed Studio,reComputer J2011,Source documentation needed,,
source-board-234003088cbdf81859,Seeed Studio,reComputer J3010,Source documentation needed,,
source-board-1a27b9220305d01d61,Seeed Studio,reComputer J4012,Source documentation needed,,
source-board-8d737c6cb5d66d4f70,Seeed Studio,reComputer Jetson Series,Source documentation needed,,
source-board-e9d9af7d1114221e3e,Seeed Studio,reComputer Mini J3010,Source documentation needed,,
source-board-5fbb170630fc19a33d,Seeed Studio,reComputer Mini J3011,Source documentation needed,,
source-board-5c1db1d671dea0dbc2,Seeed Studio,reComputer Robotics J3010,Source documentation needed,,
source-board-6f48011d267f2d1ef4,Seeed Studio,reComputer Robotics J501,Source documentation needed,,
source-board-93aed86ced57dd734c,Seeed Studio,reComputer Robotics J601,Source documentation needed,,
source-board-3fa466addb77f4d351,Seeed Studio,reComputer Rugged J401,Source documentation needed,,
source-board-7cf65477191ee9846a,Seeed Studio,reComputer Super J3011,Source documentation needed,,
source-board-7f29cc7024abf427a8,Seeed Studio,reServer Industrial J2011,Source documentation needed,,
source-board-7de6fd7504825d6327,Seeed Studio,reServer J501,Source documentation needed,,
source-board-5d54dc68faf9496bcc,Seeed Studio,Robotics J401 Carrier Board,Source documentation needed,,
source-board-f4f10eb1386711951c,Seeed Studio,Robotics J601 Carrier Board,Source documentation needed,,
source-board-b2d3dd8ee676eeb89f,Seeed Studio,reSpeaker 2-Mics Pi HAT,Source documentation needed,,
source-board-b84e8a922e3a30cb4f,Seeed Studio,reSpeaker 4-Mic Array for Raspberry Pi,Source documentation needed,,
source-board-e9e6dfdd8e5811d456,Seeed Studio,reSpeaker 4-Mic Linear Array Kit for Raspberry Pi,Source documentation needed,,
source-board-df361a596271197c9d,Seeed Studio,reSpeaker 6-Mic Circular Array Kit for Raspberry Pi,Source documentation needed,,
source-board-f9c8b22056aff7ee5d,Seeed Studio,reSpeaker Clip,Source documentation needed,,
source-board-ef3849c9841f7e80da,Seeed Studio,reSpeaker Core V2.0,Source documentation needed,,
source-board-aa6405f26a11fada29,Seeed Studio,reSpeaker Flex Circular Mic Array,Source documentation needed,,
source-board-6cff07730366ff4b43,Seeed Studio,reSpeaker Flex Linear Mic Array,Source documentation needed,,
source-board-82e3454064f9081a15,Seeed Studio,reSpeaker USB 4-Mic Array XVF3000 V2.0,Source documentation needed,,
source-board-d621c05b7c575ff0d3,Seeed Studio,reSpeaker USB 4-Mic Array XVF3000 V3.0,Source documentation needed,,
source-board-862b85bf3d9027c3e4,Seeed Studio,reSpeaker USB Mic Array,Source documentation needed,,
source-board-5fc752650eb8ceacc3,Seeed Studio,Grove - Joint V2.0,Source documentation needed,,
source-board-0a8506110cfa3707bb,Seeed Studio,Seeeduino ADK Main Board,Source documentation needed,,
source-board-f6083779010d881b32,Seeed Studio,Seeeduino Cloud,Source documentation needed,,
source-board-f108aaa0da380f731b,Seeed Studio,Seeeduino Crypto (ATmega4809 ECC608),Source documentation needed,,
source-board-d961153f752c60f409,Seeed Studio,Seeeduino Ethernet,Source documentation needed,,
source-board-1d7e921e3904247e8c,Seeed Studio,Seeeduino GPRS,Source documentation needed,,
source-board-fa2828bb33736dc422,Seeed Studio,Seeeduino Lite,Source documentation needed,,
source-board-08acbdc74782d9deda,Seeed Studio,Seeeduino LoRaWAN,Source documentation needed,,
source-board-06de7748e531b85b2f,Seeed Studio,Seeeduino Lotus,Source documentation needed,,
source-board-3c45046ee247bf482f,Seeed Studio,Seeeduino Mega,Source documentation needed,,
source-board-aee3cebfd65083aedf,Seeed Studio,Seeeduino Nano,Source documentation needed,,
source-board-fe83e52f4b213af3e2,Seeed Studio,Seeeduino Stalker V1.0,Source documentation needed,,
source-board-81647f2bd43b44ede6,Seeed Studio,Seeeduino Stalker V2.3,Source documentation needed,,
source-board-841f15b713f34747aa,Seeed Studio,Seeeduino Stalker V3,Source documentation needed,,
source-board-79da39109c298c1c4c,Seeed Studio,Seeeduino V4.0,Source documentation needed,,
source-board-da3e9881423f9b6dad,Seeed Studio,IoT Button,Source documentation needed,,
source-board-138969b01817b1e472,Seeed Studio,IoT Button for AWS,Source documentation needed,,
source-board-93e8ed5cc8e7d6d1af,Seeed Studio,SenseCAP Card Tracker T1000-E,Source documentation needed,,
source-board-53ef0544272aaa560c,Seeed Studio,SenseCAP M1 LoRaWAN Indoor Gateway,Source documentation needed,,
source-board-83c49520a589e74cfa,Seeed Studio,SenseCAP M2 Multi-Platform Gateway,Source documentation needed,,
source-board-ea973389e5013fc905,Seeed Studio,SenseCAP MeshTracker X1,Source documentation needed,,
source-board-543509c5ebc201f64b,Seeed Studio,SenseCAP Solar Node P1,Source documentation needed,,
source-board-50c907769be71a034c,Seeed Studio,SenseCAP T1000 Tracker,Source documentation needed,,
source-board-93fd6c4164c1453cf3,Seeed Studio,SenseCAP T2000 Tracker,Source documentation needed,,
source-board-e0696dfc461225e348,Seeed Studio,LPWAN Dev Kit for Sidewalk,Source documentation needed,,
source-board-4dd0645e437d9bb35b,Seeed Studio,Wio Extension RTC,Source documentation needed,,
source-board-881e745251b7644609,Seeed Studio,Wio Link,Source documentation needed,,
source-board-8bd6582e4235bc3775,Seeed Studio,Wio Lite MG126,Source documentation needed,,
source-board-1829d3f600c1767de9,Seeed Studio,Wio Lite RISC-V GD32VF103 with ESP8266,Source documentation needed,,
source-board-817835a4e7b98f45d8,Seeed Studio,Wio Lite W600,Source documentation needed,,
source-board-5d61cf770f4b2e3207,Seeed Studio,Wio LTE Cat M1-NB-IoT Tracker,Source documentation needed,,
source-board-b97fc057797792a3c6,Seeed Studio,Wio LTE Cat.1,Source documentation needed,,
source-board-1d1d1bc4a94c83068b,Seeed Studio,Wio Node,Source documentation needed,,
source-board-51eb849298243e37e1,Seeed Studio,Wio Terminal Chassis - Battery (650mAh),Source documentation needed,,
source-board-e480465de04274a647,Seeed Studio,Wio Terminal LoRaWAN Chassis with Antenna-built-in LoRa-E5 and GNSS,Source documentation needed,,
source-board-37f9bdc8a14fc66753,Seeed Studio,"Wio Tracker - GPS, BT3.0, GSM",Source documentation needed,,
source-board-7f5c6549cf76f5e412,Seeed Studio,Wio Tracker L1,Source documentation needed,,
source-board-976577678dfc4cebe8,Seeed Studio,Wio Tracker L1 E-Ink,Source documentation needed,,
source-board-73106bbb60db7faf8b,Seeed Studio,Wio Tracker L1 Pro,Source documentation needed,,
source-board-0cb846db3217a93759,Seeed Studio,Wio Tracker L2,Source documentation needed,,
source-board-2e3986c06a4bd69eb2,Seeed Studio,2KM Long Range RF Link Kit,Source documentation needed,,
source-board-f1f0e06a863ef1294b,Seeed Studio,315MHz RF Link Kit,Source documentation needed,,
source-board-e647bd642b7bcbb4a8,Seeed Studio,Bluetooth Bee - Standalone,Source documentation needed,,
source-board-1839886bc22caa270e,Seeed Studio,Bluetooth V4.0 HM-11 BLE Module,Source documentation needed,,
source-board-a17635f8ee434814e3,Seeed Studio,Grove - Node,Source documentation needed,,
source-board-4a797fd4d0f753b7e3,Seeed Studio,Grove - Wio-E5,Source documentation needed,,
source-board-8b0e3f03922c352347,Seeed Studio,Grove - XBee Carrier,Source documentation needed,,
source-board-6ee8ce359d809bce59,Seeed Studio,LoNet 808 - Mini GSM-GPRS + GPS Breakout,Source documentation needed,,
source-board-0dcaac442f6ce018ea,Seeed Studio,LoRa-LoRaWAN Gateway Kit,Source documentation needed,,
source-board-ec912e26d3fcc14eb3,Seeed Studio,Wi-Fi HaLow Module for reCamera,Source documentation needed,,
source-board-162d81500e3c01ba14,Seeed Studio,Wifi Bee,Source documentation needed,,
source-board-46cc91e23ccadb5750,Seeed Studio,Wio-LR1121,Source documentation needed,,
source-board-bea007a7950ac7b820,Seeed Studio,Wio-WM1110 Module,Source documentation needed,,
source-board-9741860a7ed890420c,Seeed Studio,Xadow - 1.54 inch Touchscreen,Source documentation needed,,
source-board-8140d9f3e2e3bc859c,Seeed Studio,Xadow - 3-Axis Accelerometer,Source documentation needed,,
source-board-760407a57add0c79b9,Seeed Studio,Xadow - 3-Axis Digital Accelerometer (±400g),Source documentation needed,,
source-board-3f1ebaab3d0ce223f5,Seeed Studio,Xadow - Audio,Source documentation needed,,
source-board-456f84f8bad3aa3e68,Seeed Studio,Xadow - Barometer,Source documentation needed,,
source-board-02d0f40df13ec735e8,Seeed Studio,Xadow - Barometer BMP180,Source documentation needed,,
source-board-b559332bf40915efce,Seeed Studio,Xadow - Basic Sensors,Source documentation needed,,
source-board-d1f05dd33e46312345,Seeed Studio,Xadow - BLE,Source documentation needed,,
source-board-7882531805d6e08aa0,Seeed Studio,Xadow - BLE (Dual Model) V1.0,Source documentation needed,,
source-board-6c8de1d39d78b75c1e,Seeed Studio,Xadow - BLE Slave,Source documentation needed,,
source-board-93d8f17792275456ee,Seeed Studio,Xadow - Breakout,Source documentation needed,,
source-board-bdd41cb388ce2d746e,Seeed Studio,Xadow - Buzzer,Source documentation needed,,
source-board-0572d7a186005e7de8,Seeed Studio,Xadow - Compass,Source documentation needed,,
source-board-f14ef57c3dbead5c50,Seeed Studio,Xadow - Duino,Source documentation needed,,
source-board-5414779ffdbc65a2f0,Seeed Studio,Xadow - Gesture V1.0,Source documentation needed,,
source-board-27844ac1e9c8730096,Seeed Studio,Xadow - GPS V2,Source documentation needed,,
source-board-e780a26a33ed65ed4a,Seeed Studio,Xadow - GSM Breakout,Source documentation needed,,
source-board-cb748eaee737a77b70,Seeed Studio,Xadow - IMU 10DOF,Source documentation needed,,
source-board-7f96232cc48554253d,Seeed Studio,Xadow - IMU 9DOF,Source documentation needed,,
source-board-bfc165752a28124f33,Seeed Studio,Xadow - LED 5x7,Source documentation needed,,
source-board-7fd009287a0f9932df,Seeed Studio,Xadow - M0,Source documentation needed,,
source-board-43a2f3a40bbde6d48a,Seeed Studio,Xadow - Main Board,Source documentation needed,,
source-board-cf94c05464f1df9ad4,Seeed Studio,Xadow - Motor Driver,Source documentation needed,,
source-board-e3a84d91705df46b1d,Seeed Studio,Xadow - Multichannel Gas Sensor,Source documentation needed,,
source-board-8b620b9bf093f9fc7c,Seeed Studio,Xadow - NFC V2,Source documentation needed,,
source-board-05e1108602f96cdaaf,Seeed Studio,Xadow - Pebble Time Adapter,Source documentation needed,,
source-board-3ed41ac2f7590b1856,Seeed Studio,Xadow - Q Touch Sensor,Source documentation needed,,
source-board-b7a01acf3f960b5f03,Seeed Studio,Xadow - RGB OLED 96x64,Source documentation needed,,
source-board-9487d629d3d167d1c6,Seeed Studio,Xadow Wearable Kit for Edison,Source documentation needed,,
source-board-237a8854b3461dfe7f,Seeed Studio,2-Channel Wi-Fi AC Relay Module,Source documentation needed,,
source-board-9196615d93d4734b0d,Seeed Studio,24GHz mmWave for XIAO,Source documentation needed,,
source-board-6e59abd77014f717d8,Seeed Studio,6-Channel Wi-Fi Relay Module,Source documentation needed,,
source-board-a1072b0b8018f0fe99,Seeed Studio,Bus Servo Driver Board,Source documentation needed,,
source-board-0779a1bafc1bf0d053,Seeed Studio,COB LED Driver Board for XIAO,Source documentation needed,,
source-board-0238ffd3a86f18796a,Seeed Studio,ePaper Breakout Board for XIAO,Source documentation needed,,
source-board-87745abe4316759f71,Seeed Studio,ePaper Driver Board for XIAO V2,Source documentation needed,,
source-board-5b3ae6e603546a5545,Seeed Studio,IO Expander for XIAO,Source documentation needed,,
source-board-e3199ac49cb857fde7,Seeed Studio,mmWave Human Detection Sensor Kit (MR24HPC1),Source documentation needed,,
source-board-6a46acf091548bef03,Seeed Studio,MR60BHA2 60GHz mmWave Breathing and Heartbeat Detection Sensor Kit with XIAO ESP32C6,Source documentation needed,,
source-board-1efb48e63932be5801,Seeed Studio,Relay Add On Module for XIAO,Source documentation needed,,
source-board-97304de8e4eba3d420,Seeed Studio,Round Display for XIAO,Source documentation needed,,
source-board-9e4525fbacabe917ab,Seeed Studio,Sound Event Detection Module,Source documentation needed,,
source-board-e8913abb586f21436f,Seeed Studio,TRMNL 7.5inch (OG) DIY Kit,Source documentation needed,,
source-board-3a832a8f02c1f6a4cd,Seeed Studio,XIAO 0.96inch IPS Display (ESP32S3),Source documentation needed,,
source-board-52ca232e284ac4b5e6,Seeed Studio,XIAO 0.96inch IPS Display (nRF52840),Source documentation needed,,
source-board-e7082eb182f614652b,Seeed Studio,XIAO 1.14inch IPS Display (ESP32S3),Source documentation needed,,
source-board-bd5e884db0b986f040,Seeed Studio,XIAO 1.14inch IPS Display (nRF52840),Source documentation needed,,
source-board-a7c495d474ce74ef6d,Seeed Studio,XIAO 1.47inch IPS Touch Display (ESP32S3),Source documentation needed,,
source-board-1120ad25cf95f165f8,Seeed Studio,XIAO 1.47inch IPS Touch Display (nRF52840),Source documentation needed,,
source-board-41d8dcc7a655426e80,Seeed Studio,XIAO 2-Channel Wi-Fi AC Energy Meter,Source documentation needed,,
source-board-002270abd5db43ec4e,Seeed Studio,XIAO 7.5inch ePaper Panel,Source documentation needed,,
source-board-5c82ea74255eb28bc7,Seeed Studio,XIAO Bus Servo Adapter,Source documentation needed,,
source-board-bc55b23b3301baeb8e,Seeed Studio,XIAO CAN Bus Expansion Board,Source documentation needed,,
source-board-4c7a32b6f6919ca9aa,Seeed Studio,XIAO IR Mate Smart IR Remote,Source documentation needed,,
source-board-edc5342af766fe6ef7,Seeed Studio,XIAO MIDI Synthesizer,Source documentation needed,,
source-board-86ebac141812f19aab,Seeed Studio,XIAO Soil Moisture Sensor,Source documentation needed,,
source-board-933b042800cc892e4b,Seeed Studio,XIAO W5500 Ethernet Adapter,Source documentation needed,,
source-board-43f9349d98852db142,Waveshare,Micro-bit V2,Source documentation needed,,
source-board-58c935f3ada73fde17,Unattributed chip reference,ATmega,Source documentation needed,,
source-board-0bb50be3f1eb6412d9,Unattributed chip reference,ATtiny,Source documentation needed,,
lilygo-gpio-device-t-lora-pager,LILYGO,T-LoRa Pager,Source documentation available; dedicated specs not verified,,https://wiki.lilygo.cc/products/t-lora-series/t-lora-pager/
lilygo-gpio-device-t-echo-lite,LILYGO,T-Echo Lite,Source documentation available; dedicated specs not verified,,https://github.com/Xinyuan-LilyGO/T-Echo-Lite
lilygo-gpio-device-t-echo-lite-core-v1-0,LILYGO,T-Echo Lite Core V1.0,Source documentation available; dedicated specs not verified,,https://github.com/Xinyuan-LilyGO/T-Echo-Lite
lilygo-gpio-device-t-watch-2019,LILYGO,T-Watch 2019,Source documentation available; dedicated specs not verified,,https://github.com/Xinyuan-LilyGO/TTGO_TWatch_Library
wiphone-gpio-device-bus-pirate-daughter-board-v1-1,WiPhone,WiPhone Bus Pirate Daughter Board V1.1,Source documentation available; dedicated specs not verified,,https://www.wiphone.io/docs/Bus_Pirate/latest/
lilygo-gpio-device-t-embed-cc1101-plus,LILYGO,T-Embed CC1101 Plus,Source documentation available; dedicated specs not verified,,https://lilygo.cc/products/t-embed-cc1101-plus
sparkfun-esp32-thing-plus-wrl-20168,SparkFun,ESP32 Thing Plus (USB-C),Source documentation available; dedicated specs not verified,,https://cdn.sparkfun.com/assets/3/9/5/f/e/SparkFun_Thing_Plus_ESP32_WROOM_C_graphical_datasheet2.pdf
sparkfun-esp32-thing-plus-wrl-15663,SparkFun,ESP32 Thing Plus (micro-B),Source documentation available; dedicated specs not verified,,https://cdn.sparkfun.com/assets/learn_tutorials/8/5/2/ESP32ThingPlusV20.pdf
adafruit-feather-nrf52840,Adafruit,Feather nRF52840,Specification link recorded,https://www.adafruit.com/product/4062,https://www.adafruit.com/product/4062 | https://github.com/adafruit/Adafruit-nRF52-Bluefruit-Feather-PCB/tree/20cfdfdcf656a3c3dd9d07e3db91b0f1ac79b31a
adafruit-metro-328p,Adafruit,Metro 328P,Specification link recorded,https://www.adafruit.com/product/2466,https://www.adafruit.com/product/2466 | https://github.com/adafruit/Adafruit-METRO-328-PCB/tree/1d635d70533c446c925ec77240370cfee4fba7ad
adafruit-metro-mini,Adafruit,Metro Mini (legacy),Specification link recorded,https://www.adafruit.com/product/2590,https://www.adafruit.com/product/2590 | https://github.com/adafruit/Adafruit-METRO-328-PCB/tree/1d635d70533c446c925ec77240370cfee4fba7ad
adafruit-trinket-3v,Adafruit,Trinket 3V,Specification link recorded,https://www.adafruit.com/product/1500,https://www.adafruit.com/product/1500 | https://github.com/adafruit/Adafruit-Trinket-PCB/tree/3a2695463e52f72434d20daca6502fc62e8e2fcc
adafruit-trinket-5v,Adafruit,Trinket 5V,Specification link recorded,https://www.adafruit.com/product/1501,https://www.adafruit.com/product/1501 | https://github.com/adafruit/Adafruit-Trinket-PCB/tree/3a2695463e52f72434d20daca6502fc62e8e2fcc
adafruit-feather-m0-basic-proto,Adafruit,Feather M0 Basic Proto,Specification link recorded,https://www.adafruit.com/product/2772,https://www.adafruit.com/product/2772 | https://github.com/adafruit/Adafruit-Feather-M0-Basic-Proto-PCB/tree/1de541ff46165575234d826ae64be64a82e8bc93
adafruit-pro-trinket-3v,Adafruit,Pro Trinket 3V,Specification link recorded,https://www.adafruit.com/product/2010,https://www.adafruit.com/product/2010 | https://github.com/adafruit/Adafruit-Pro-Trinket-PCBs/tree/8b181a70f0e2f6ba9ef7d983176a14ac0cc9c31a
adafruit-pro-trinket-5v,Adafruit,Pro Trinket 5V,Specification link recorded,https://www.adafruit.com/product/2000,https://www.adafruit.com/product/2000 | https://github.com/adafruit/Adafruit-Pro-Trinket-PCBs/tree/8b181a70f0e2f6ba9ef7d983176a14ac0cc9c31a
adafruit-feather-32u4-bluefruit-le,Adafruit,Feather 32u4 Bluefruit LE,Specification link recorded,https://www.adafruit.com/product/2829,https://www.adafruit.com/product/2829 | https://github.com/adafruit/Adafruit-Feather-32u4-Bluefruit-LE-PCB/tree/fab08d3f5f0755a29559b81ad54239b746906b56
adafruit-feather-32u4-rfm69,Adafruit,Feather 32u4 RFM69,Specification link recorded,https://www.adafruit.com/product/3076,https://www.adafruit.com/product/3076 | https://github.com/adafruit/Adafruit-Feather-32u4-RFM-LoRa-PCB/tree/ace22faec73dda4b8dcfec16e1667551456689dd
adafruit-feather-32u4-rfm9x,Adafruit,Feather 32u4 RFM9x,Specification link recorded,https://www.adafruit.com/product/3078,https://www.adafruit.com/product/3078 | https://github.com/adafruit/Adafruit-Feather-32u4-RFM-LoRa-PCB/tree/ace22faec73dda4b8dcfec16e1667551456689dd
adafruit-pygamer,Adafruit,PyGamer,Specification link recorded,https://www.adafruit.com/product/4242,https://www.adafruit.com/product/4242 | https://github.com/adafruit/Adafruit-PyGamer-PCB/tree/6725ded4a2049f7bf44a9078c141ceb65a5547e9
adafruit-trinket-m0,Adafruit,Trinket M0,Specification link recorded,https://www.adafruit.com/product/3500,https://www.adafruit.com/product/3500 | https://github.com/adafruit/Adafruit-Trinket-M0-PCB/tree/4103b9cd2722fadc28dc3969bbe067c6873e0540
adafruit-feather-m0-winc1500,Adafruit,Feather M0 WINC1500,Specification link recorded,https://www.adafruit.com/product/3010,https://www.adafruit.com/product/3010 | https://github.com/adafruit/Adafruit-Feather-M0-WiFi-WINC1500-PCB/tree/20e781d8d7d0b31002f9d2a8eaef18429f983815
adafruit-feather-m0-express,Adafruit,Feather M0 Express,Specification link recorded,https://www.adafruit.com/product/3403,https://www.adafruit.com/product/3403 | https://github.com/adafruit/Adafruit-Feather-M0-Express-PCB/tree/5017ef41885371f8a26ba1b8ab9dd700bd7ce655
adafruit-feather-m4-express,Adafruit,Feather M4 Express,Specification link recorded,https://www.adafruit.com/product/3857,https://www.adafruit.com/product/3857 | https://github.com/adafruit/Adafruit-Feather-M4-Express-PCB/tree/d98407a6071813bc35c39c6e88ca09c0c9ef6f18
adafruit-qt-py-samd21,Adafruit,QT Py SAMD21,Specification link recorded,https://www.adafruit.com/product/4600,https://www.adafruit.com/product/4600 | https://github.com/adafruit/Adafruit-QT-Py-PCB/tree/a8caed9ad5f2670c662f0b0a68af62cceb3cec96
adafruit-feather-m0-rfm69,Adafruit,Feather M0 RFM69,Specification link recorded,https://www.adafruit.com/product/3176,https://www.adafruit.com/product/3176 | https://github.com/adafruit/Adafruit-Feather-M0-RFM-LoRa-PCB/tree/1b3616c9daf1cd0643bb7f6a98f4e3c71fe16c83
adafruit-feather-m0-rfm9x,Adafruit,Feather M0 RFM9x,Specification link recorded,https://www.adafruit.com/product/3178,https://www.adafruit.com/product/3178 | https://github.com/adafruit/Adafruit-Feather-M0-RFM-LoRa-PCB/tree/1b3616c9daf1cd0643bb7f6a98f4e3c71fe16c83
adafruit-itsybitsy-m4-express,Adafruit,ItsyBitsy M4 Express,Specification link recorded,https://www.adafruit.com/product/3800,https://www.adafruit.com/product/3800 | https://github.com/adafruit/Adafruit-ItsyBitsy-M4-Express-PCB/tree/77ccac24a6eb36fca6f780fd45511d039f0e574f
adafruit-grand-central-m4-express,Adafruit,Grand Central M4 Express,Specification link recorded,https://www.adafruit.com/product/4064,https://www.adafruit.com/product/4064 | https://github.com/adafruit/Adafruit-Grand-Central-PCB/tree/9e59fe3cd1ea37aa6caaf5780fa80956e6ccd74b
adafruit-feather-nrf52840-sense,Adafruit,Feather nRF52840 Sense,Specification link recorded,https://www.adafruit.com/product/4516,https://www.adafruit.com/product/4516 | https://github.com/adafruit/Adafruit-Feather-nRF52840-Sense-PCB/tree/afeb0acb67e98c807cfdfbf7b5fe5e6e49490796
adafruit-feather-m0-adalogger,Adafruit,Feather M0 Adalogger,Specification link recorded,https://www.adafruit.com/product/2796,https://www.adafruit.com/product/2796 | https://github.com/adafruit/Adafruit-Feather-M0-Adalogger-PCB/tree/0147a7204c11ae57fc42c5424d5c700bcca875b2
adafruit-metro-m4-express,Adafruit,Metro M4 Express,Specification link recorded,https://www.adafruit.com/product/3382,https://www.adafruit.com/product/3382 | https://github.com/adafruit/Adafruit-Metro-M4-Express-PCB/tree/4aafb2ac645c0d93eed7e4fd6cb71c8eef1a3ac6
adafruit-itsybitsy-m0,Adafruit,ItsyBitsy M0,Specification link recorded,https://www.adafruit.com/product/3727,https://www.adafruit.com/product/3727 | https://github.com/adafruit/Adafruit-ItsyBitsy-M0-PCB/tree/faa92dda428868c7042f9ee04685ffdc70849725
adafruit-hallowing-m0,Adafruit,HalloWing M0,Specification link recorded,https://www.adafruit.com/product/3900,https://www.adafruit.com/product/3900 | https://github.com/adafruit/Adafruit-Hallowing-M0-PCB/tree/c0585b0672ce13e163b8da6ce9215ec600c63d64
adafruit-neotrellis-m4,Adafruit,NeoTrellis M4,Specification link recorded,https://www.adafruit.com/product/3938,https://www.adafruit.com/product/3938 | https://github.com/adafruit/Adafruit-NeoTrellis-M4-PCB-and-Enclosure/tree/3e6e7d4f37c7df0f40a096f67ab64dfadd4c15db
adafruit-neo-trinkey,Adafruit,Neo Trinkey,Specification link recorded,https://www.adafruit.com/product/4870,https://www.adafruit.com/product/4870 | https://github.com/adafruit/Adafruit-Neo-Trinkey-PCB/tree/65c1e5f1d3c088cec327f7b2b0489bb7e085eed8
adafruit-neokey-trinkey,Adafruit,NeoKey Trinkey,Specification link recorded,https://www.adafruit.com/product/5020,https://www.adafruit.com/product/5020 | https://github.com/adafruit/Adafruit-NeoKey-Trinkey-PCB/tree/c6a77bea3980cbdd7b0163c4f5c0aa1f4dfe51e6
adafruit-gemma-m0,Adafruit,GEMMA M0,Specification link recorded,https://www.adafruit.com/product/3501,https://www.adafruit.com/product/3501 | https://github.com/adafruit/Adafruit-Gemma-M0-PCB/tree/682dbf68e51ad478915fdf6520119f15588f4375
adafruit-metro-m0-express,Adafruit,Metro M0 Express,Specification link recorded,https://www.adafruit.com/product/3505,https://www.adafruit.com/product/3505 | https://github.com/adafruit/Adafruit-Metro-M0-Express-PCB/tree/6cdfd4d238f82ee87c0b3b3b91f90878fcc6a125
adafruit-itsybitsy-nrf52840,Adafruit,ItsyBitsy nRF52840,Specification link recorded,https://www.adafruit.com/product/4481,https://www.adafruit.com/product/4481 | https://github.com/adafruit/Adafruit-ItsyBitsy-nRF52840-Express-PCB/tree/3a3a478c8059b5ab06fbf25c2583ac7d3a8ca3eb
adafruit-circuit-playground-bluefruit,Adafruit,Circuit Playground Bluefruit,Specification link recorded,https://www.adafruit.com/product/4333,https://www.adafruit.com/product/4333 | https://github.com/adafruit/Adafruit-Circuit-Playground-Bluefruit-PCB/tree/87ab89a043b8c01b602eeaf1bcf08474abe0336d
adafruit-feather-m4-express-can,Adafruit,Feather M4 Express CAN,Specification link recorded,https://www.adafruit.com/product/4759,https://www.adafruit.com/product/4759 | https://github.com/adafruit/Adafruit-Feather-M4-CAN-PCB/tree/d82af0d26250cb47e0685715276474798bb79470
adafruit-feather-328p,Adafruit,Feather 328P,Specification link recorded,https://www.adafruit.com/product/3458,https://www.adafruit.com/product/3458 | https://github.com/adafruit/Adafruit-Feather-328P-PCB/tree/62859c243921da2d1221681373356f1559855cbc
adafruit-itsy-bitsy-32u4-3v,Adafruit,Itsy Bitsy 32u4 3V,Specification link recorded,https://www.adafruit.com/product/3675,https://www.adafruit.com/product/3675 | https://github.com/adafruit/Adafruit-ItsyBitsy-32u4-PCB/tree/b48fb1454afa84d1d83d4641d6c31fb49d360222
adafruit-itsy-bitsy-32u4-5v,Adafruit,Itsy Bitsy 32u4 5V,Specification link recorded,https://www.adafruit.com/product/3677,https://www.adafruit.com/product/3677 | https://github.com/adafruit/Adafruit-ItsyBitsy-32u4-PCB/tree/b48fb1454afa84d1d83d4641d6c31fb49d360222
adafruit-matrixportal-m4,Adafruit,MatrixPortal M4,Specification link recorded,https://www.adafruit.com/product/4745,https://www.adafruit.com/product/4745 | https://github.com/adafruit/Adafruit-MatrixPortal-M4-PCB/tree/200f94f83a08dd23e0b6cb51ff53554e0a123f94
adafruit-feather-m0-bluefruit-le,Adafruit,Feather M0 Bluefruit LE,Specification link recorded,https://www.adafruit.com/product/2995,https://www.adafruit.com/product/2995 | https://github.com/adafruit/Adafruit-Feather-M0-Bluefruit-LE-PCB/tree/b2e0b3f2930568da3471d6c42cb4919d573d3481
adafruit-feather-32u4-basic-proto,Adafruit,Feather 32u4 Basic Proto,Specification link recorded,https://www.adafruit.com/product/2771,https://www.adafruit.com/product/2771 | https://github.com/adafruit/Adafruit-Feather-32u4-Basic-Proto-PCB/tree/42d06b39d8afeb23881364d3a9fabe1cc80b6dd5
adafruit-gemma,Adafruit,Gemma,Specification link recorded,https://www.adafruit.com/product/1222,https://www.adafruit.com/product/1222 | https://github.com/adafruit/Adafruit-Gemma-PCB/tree/88b3cb1a0c9ede216d3a93f904ab7ded9e63daed
adafruit-pyportal,Adafruit,PyPortal,Specification link recorded,https://www.adafruit.com/product/4116,https://www.adafruit.com/product/4116 | https://github.com/adafruit/Adafruit-PyPortal-PCB/tree/90d9aa7ba3f892fd4adb31815c99ede26c10757c
adafruit-pyportal-pynt,Adafruit,PyPortal Pynt,Specification link recorded,https://www.adafruit.com/product/4465,https://www.adafruit.com/product/4465 | https://github.com/adafruit/Adafruit-PyPortal-PCB/tree/90d9aa7ba3f892fd4adb31815c99ede26c10757c
adafruit-pyportal-titano,Adafruit,PyPortal Titano,Specification link recorded,https://www.adafruit.com/product/4444,https://www.adafruit.com/product/4444 | https://github.com/adafruit/Adafruit-PyPortal-PCB/tree/90d9aa7ba3f892fd4adb31815c99ede26c10757c
adafruit-nrf52840-clue,Adafruit,nRF52840 CLUE,Specification link recorded,https://www.adafruit.com/product/4500,https://www.adafruit.com/product/4500 | https://github.com/adafruit/Adafruit-CLUE-PCB/tree/ce323d9f40e63fbe0ae231c9287abce5d2070663
adafruit-qt-py-ch32v203,Adafruit,QT Py CH32V203,Specification link recorded,https://www.adafruit.com/product/5996,https://www.adafruit.com/product/5996 | https://github.com/adafruit/Adafruit-QT-Py-CH32V203-PCB/tree/c5c1580d9823d2f8923778530339179531d024f6
adafruit-proximity-trinkey,Adafruit,Proximity Trinkey,Specification link recorded,https://www.adafruit.com/product/5022,https://www.adafruit.com/product/5022 | https://github.com/adafruit/Adafruit-Proximity-Trinkey-PCB/tree/6e99b157c7857fc71afc03e713dce83d44b6d750
adafruit-rotary-trinkey,Adafruit,Rotary Trinkey,Specification link recorded,https://www.adafruit.com/product/4964,https://www.adafruit.com/product/4964 | https://github.com/adafruit/Adafruit-Rotary-Trinkey-PCB/tree/b93b2aeaabbfbfd231eec6c88afc6694d4581410
adafruit-hallowing-m4,Adafruit,HalloWing M4,Specification link recorded,https://www.adafruit.com/product/4300,https://www.adafruit.com/product/4300 | https://github.com/adafruit/Adafruit-Hallowing-M4-PCB/tree/24076afe1a14927e0a7cc2fb2cabb8cb0a7cdd27
adafruit-ch552-qt-py,Adafruit,CH552 QT Py,Specification link recorded,https://www.adafruit.com/product/5960,https://www.adafruit.com/product/5960 | https://github.com/adafruit/Adafruit-CH552-QT-Py-PCB/tree/475a3a83213fda98c1a530a84eb6e167cd187b4b
adafruit-slider-trinkey,Adafruit,Slider Trinkey,Specification link recorded,https://www.adafruit.com/product/5021,https://www.adafruit.com/product/5021 | https://github.com/adafruit/Adafruit-Slider-Trinkey-PCB/tree/77c27c2c1ccb6c2714d88b02618fdd5bbb70acdd
adafruit-metro-m7-with-microsd,Adafruit,Metro M7 with microSD,Specification link recorded,https://www.adafruit.com/product/5600,https://www.adafruit.com/product/5600 | https://github.com/adafruit/Adafruit-Metro-M7-with-microSD-PCB/tree/d7e0bc2ff4d5b9304a915f01442e9cbdc6535e0e
adafruit-trrs-trinkey,Adafruit,TRRS Trinkey,Specification link recorded,https://www.adafruit.com/product/5954,https://www.adafruit.com/product/5954 | https://github.com/adafruit/Adafruit-TRRS-Trinkey-PCB/tree/d244f5b5658d5cd1b1bf62de57265185179cdf0f
adafruit-sht4x-trinkey,Adafruit,SHT45 Trinkey,Specification link recorded,https://www.adafruit.com/product/5896,https://www.adafruit.com/product/5896 | https://github.com/adafruit/Adafruit-SHT4x-Trinkey-PCB/tree/56dc3b26c14a202ee8db53184b9ac5c2ba787e03
adafruit-feather-32u4-adalogger,Adafruit,Feather 32u4 Adalogger,Specification link recorded,https://www.adafruit.com/product/2795,https://www.adafruit.com/product/2795 | https://github.com/adafruit/Adafruit-Feather-32u4-Adalogger-PCB/tree/c7e87d6e0feb5d3e048c3715038c0e4ce71cdfa0
adafruit-metro-m4-express-airlift,Adafruit,Metro M4 Express AirLift,Specification link recorded,https://www.adafruit.com/product/4000,https://www.adafruit.com/product/4000 | https://github.com/adafruit/Adafruit-Metro-M4-Express-AirLift-PCB/tree/502637b33ce97a9a3048938506316001ef6dcd72
adafruit-pixel-trinkey,Adafruit,Pixel Trinkey,Specification link recorded,https://www.adafruit.com/product/5953,https://www.adafruit.com/product/5953 | https://github.com/adafruit/Adafruit-Pixel-Trinkey-PCB/tree/3331f2f048f8ea2769698f96f35f18969f4f3619
adafruit-sparkle-motion-stick,Adafruit,Sparkle Motion Stick,Specification link recorded,https://www.adafruit.com/product/6332,https://www.adafruit.com/product/6332 | https://github.com/adafruit/Adafruit-Sparkle-Motion-Stick-PCB/tree/5a2fd7a7e1ae0e15677335af38f3ba7fcb5a308f
sparkfun-qwiic-pocket-development-board-esp32-c6,SparkFun,Qwiic Pocket Development Board - ESP32-C6,Specification link recorded,https://github.com/sparkfun/SparkFun_Qwiic_Pocket_Dev_Board_ESP32_C6,https://github.com/sparkfun/SparkFun_Qwiic_Pocket_Dev_Board_ESP32_C6 | https://github.com/sparkfun/SparkFun_Qwiic_Pocket_Dev_Board_ESP32_C6/tree/242b9740cadc2667aff62b3298838541b47ff371
sparkfun-bluesmirf-v2,SparkFun,BlueSMiRF v2,Specification link recorded,https://github.com/sparkfun/SparkFun_BlueSMiRF-v2,https://github.com/sparkfun/SparkFun_BlueSMiRF-v2 | https://github.com/sparkfun/SparkFun_BlueSMiRF-v2/tree/21329b716bf7cf05acca52f890d63939239e0961
sparkfun-iot-brushless-motor-driver,SparkFun,IoT Brushless Motor Driver,Specification link recorded,https://github.com/sparkfun/SparkFun_IoT_Brushless_Motor_Driver,https://github.com/sparkfun/SparkFun_IoT_Brushless_Motor_Driver | https://github.com/sparkfun/SparkFun_IoT_Brushless_Motor_Driver/tree/dc769199c2106d3e00daf72636e0bca1ebe4baf3
sparkfun-pro-micro-esp32-c3,SparkFun,Pro Micro - ESP32-C3,Specification link recorded,https://github.com/sparkfun/SparkFun_Pro_Micro-ESP32C3,https://github.com/sparkfun/SparkFun_Pro_Micro-ESP32C3 | https://github.com/sparkfun/SparkFun_Pro_Micro-ESP32C3/tree/b302fbc429a90b87865145877b96f189ad4d5460
sparkfun-qwiic-pro-mini-esp32,SparkFun,Qwiic Pro Mini - ESP32,Specification link recorded,https://github.com/sparkfun/SparkFun_ESP32_Qwiic_Pro_Mini,https://github.com/sparkfun/SparkFun_ESP32_Qwiic_Pro_Mini | https://github.com/sparkfun/SparkFun_ESP32_Qwiic_Pro_Mini/tree/096c783fe9ea9842083e910e3605da65074924de
sparkfun-artemis-development-kit,SparkFun,Artemis Development Kit,Specification link recorded,https://github.com/sparkfun/ArtemisDevKit,https://github.com/sparkfun/ArtemisDevKit | https://github.com/sparkfun/ArtemisDevKit/tree/4d5afc951a0887709fc2ba3bf365e2c71c42151a
opensourcesdrlab-portapack-h4m,OpenSourceSDRLab,PortaPack H4M,Specification link recorded,https://github.com/portapack-mayhem/mayhem-mdk,https://github.com/portapack-mayhem/mayhem-mdk | https://github.com/portapack-mayhem/mayhem-mdk/tree/c0c3d7f75790d5ac829c8d751840500f28994439
sparkfun-azurewave-thing-plus-aw-cu488,SparkFun,AzureWave Thing Plus AW-CU488,Specification link recorded,https://www.sparkfun.com/products/19957,https://www.sparkfun.com/products/19957 | https://github.com/sparkfun/Graphical_Datasheets/tree/736369896be44fae46b1e04bd370dd88ef73a227
sparkfun-blackboard-artemis,SparkFun,BlackBoard Artemis,Specification link recorded,https://learn.sparkfun.com/tutorials/hookup-guide-for-the-blackboard-artemis/all,https://learn.sparkfun.com/tutorials/hookup-guide-for-the-blackboard-artemis/all | https://www.sparkfun.com/products/15332 | https://github.com/sparkfun/Graphical_Datasheets/tree/736369896be44fae46b1e04bd370dd88ef73a227
sparkfun-quicklogic-thing-plus-eos-s3,SparkFun,QuickLogic Thing Plus EOS S3,Specification link recorded,https://www.sparkfun.com/products/17273,https://www.sparkfun.com/products/17273 | https://github.com/sparkfun/Graphical_Datasheets/tree/736369896be44fae46b1e04bd370dd88ef73a227
sparkfun-esp32-s2-thing-plus,SparkFun,ESP32-S2 Thing Plus,Specification link recorded,https://www.sparkfun.com/products/17743,https://www.sparkfun.com/products/17743 | https://github.com/sparkfun/Graphical_Datasheets/tree/736369896be44fae46b1e04bd370dd88ef73a227
sparkfun-esp32-thing-plus-micro-b-wrl-14689,SparkFun,ESP32 Thing Plus (micro-B) - WRL-14689,Specification link recorded,https://www.sparkfun.com/products/14689,https://www.sparkfun.com/products/14689 | https://github.com/sparkfun/Graphical_Datasheets/tree/736369896be44fae46b1e04bd370dd88ef73a227
sparkfun-esp32-thing,SparkFun,ESP32 Thing,Specification link recorded,https://www.sparkfun.com/products/13907,https://www.sparkfun.com/products/13907 | https://github.com/sparkfun/Graphical_Datasheets/tree/736369896be44fae46b1e04bd370dd88ef73a227
sparkfun-micromod-esp32-processor,SparkFun,MicroMod ESP32 Processor,Specification link recorded,https://www.sparkfun.com/products/16781,https://www.sparkfun.com/products/16781 | https://github.com/sparkfun/Graphical_Datasheets/tree/736369896be44fae46b1e04bd370dd88ef73a227
sparkfun-blynk-board-esp8266,SparkFun,Blynk Board ESP8266,Specification link recorded,https://www.sparkfun.com/products/13794,https://www.sparkfun.com/products/13794 | https://github.com/sparkfun/Graphical_Datasheets/tree/736369896be44fae46b1e04bd370dd88ef73a227
sparkfun-freesoc2,SparkFun,FreeSoC2,Specification link recorded,https://github.com/sparkfun/Graphical_Datasheets/tree/736369896be44fae46b1e04bd370dd88ef73a227/Datasheets/FreeSoC,https://github.com/sparkfun/Graphical_Datasheets/tree/736369896be44fae46b1e04bd370dd88ef73a227/Datasheets/FreeSoC | https://www.sparkfun.com/products/13229 | https://github.com/sparkfun/Graphical_Datasheets/tree/736369896be44fae46b1e04bd370dd88ef73a227
sparkfun-thing-plus-nora-w306,SparkFun,Thing Plus NORA-W306,Specification link recorded,https://www.sparkfun.com/products/21637,https://www.sparkfun.com/products/21637 | https://github.com/sparkfun/Graphical_Datasheets/tree/736369896be44fae46b1e04bd370dd88ef73a227
sparkfun-photon-redboard,SparkFun,Photon RedBoard,Specification link recorded,https://github.com/sparkfun/Graphical_Datasheets/tree/736369896be44fae46b1e04bd370dd88ef73a227/Datasheets/PhotonRedboard,https://github.com/sparkfun/Graphical_Datasheets/tree/736369896be44fae46b1e04bd370dd88ef73a227/Datasheets/PhotonRedboard | https://www.sparkfun.com/products/13321 | https://github.com/sparkfun/Graphical_Datasheets/tree/736369896be44fae46b1e04bd370dd88ef73a227
sparkfun-pro-micro-5v-16mhz,SparkFun,Pro Micro 5V 16MHz,Specification link recorded,https://www.sparkfun.com/products/12640,https://www.sparkfun.com/products/12640 | https://github.com/sparkfun/Graphical_Datasheets/tree/736369896be44fae46b1e04bd370dd88ef73a227
sparkfun-pro-micro-3-3v-8mhz,SparkFun,Pro Micro 3.3V 8MHz,Specification link recorded,https://www.sparkfun.com/products/12587,https://www.sparkfun.com/products/12587 | https://github.com/sparkfun/Graphical_Datasheets/tree/736369896be44fae46b1e04bd370dd88ef73a227
sparkfun-qwiic-pro-micro-usb-c,SparkFun,Qwiic Pro Micro USB-C,Specification link recorded,https://www.sparkfun.com/products/15795,https://www.sparkfun.com/products/15795 | https://github.com/sparkfun/Graphical_Datasheets/tree/736369896be44fae46b1e04bd370dd88ef73a227
sparkfun-qduino-mini,SparkFun,Qduino Mini,Specification link recorded,https://www.sparkfun.com/products/13614,https://www.sparkfun.com/products/13614 | https://github.com/sparkfun/Graphical_Datasheets/tree/736369896be44fae46b1e04bd370dd88ef73a227
sparkfun-thing-plus-ra6m5,SparkFun,Thing Plus RA6M5,Specification link recorded,https://www.sparkfun.com/products/24243,https://www.sparkfun.com/products/24243 | https://github.com/sparkfun/Graphical_Datasheets/tree/736369896be44fae46b1e04bd370dd88ef73a227
sparkfun-redboard-plus,SparkFun,RedBoard Plus,Specification link recorded,https://www.sparkfun.com/products/18158,https://www.sparkfun.com/products/18158 | https://github.com/sparkfun/Graphical_Datasheets/tree/736369896be44fae46b1e04bd370dd88ef73a227
sparkfun-redboard-dev-12757,SparkFun,RedBoard DEV-12757,Specification link recorded,https://www.sparkfun.com/products/12757,https://www.sparkfun.com/products/12757 | https://github.com/sparkfun/Graphical_Datasheets/tree/736369896be44fae46b1e04bd370dd88ef73a227
sparkfun-redboard-dev-13975,SparkFun,RedBoard DEV-13975,Specification link recorded,https://www.sparkfun.com/products/13975,https://www.sparkfun.com/products/13975 | https://github.com/sparkfun/Graphical_Datasheets/tree/736369896be44fae46b1e04bd370dd88ef73a227
sparkfun-redboard-turbo,SparkFun,RedBoard Turbo,Specification link recorded,https://www.sparkfun.com/products/14812,https://www.sparkfun.com/products/14812 | https://github.com/sparkfun/Graphical_Datasheets/tree/736369896be44fae46b1e04bd370dd88ef73a227
sparkfun-qwiic-micro-samd21,SparkFun,Qwiic Micro SAMD21,Specification link recorded,https://www.sparkfun.com/products/15423,https://www.sparkfun.com/products/15423 | https://github.com/sparkfun/Graphical_Datasheets/tree/736369896be44fae46b1e04bd370dd88ef73a227
sparkfun-samd21-dev-breakout,SparkFun,SAMD21 Dev Breakout,Specification link recorded,https://www.sparkfun.com/products/13672,https://www.sparkfun.com/products/13672 | https://github.com/sparkfun/Graphical_Datasheets/tree/736369896be44fae46b1e04bd370dd88ef73a227
sparkfun-samd21-mini-breakout,SparkFun,SAMD21 Mini Breakout,Specification link recorded,https://www.sparkfun.com/products/13664,https://www.sparkfun.com/products/13664 | https://github.com/sparkfun/Graphical_Datasheets/tree/736369896be44fae46b1e04bd370dd88ef73a227
sparkfun-pro-rf-lora-915mhz,SparkFun,Pro RF LoRa 915MHz,Specification link recorded,https://www.sparkfun.com/products/15836,https://www.sparkfun.com/products/15836 | https://github.com/sparkfun/Graphical_Datasheets/tree/736369896be44fae46b1e04bd370dd88ef73a227
sparkfun-micromod-samd51-processor,SparkFun,MicroMod SAMD51 Processor,Specification link recorded,https://www.sparkfun.com/products/16791,https://www.sparkfun.com/products/16791 | https://github.com/sparkfun/Graphical_Datasheets/tree/736369896be44fae46b1e04bd370dd88ef73a227
sparkfun-thing-plus-samd51,SparkFun,Thing Plus SAMD51,Specification link recorded,https://www.sparkfun.com/products/14713,https://www.sparkfun.com/products/14713 | https://github.com/sparkfun/Graphical_Datasheets/tree/736369896be44fae46b1e04bd370dd88ef73a227
sparkfun-micromod-stm32-processor,SparkFun,MicroMod STM32 Processor,Specification link recorded,https://www.sparkfun.com/products/17713,https://www.sparkfun.com/products/17713 | https://github.com/sparkfun/Graphical_Datasheets/tree/736369896be44fae46b1e04bd370dd88ef73a227
sparkfun-pro-nrf52840-mini,SparkFun,Pro nRF52840 Mini,Specification link recorded,https://www.sparkfun.com/products/15025,https://www.sparkfun.com/products/15025 | https://github.com/sparkfun/Graphical_Datasheets/tree/736369896be44fae46b1e04bd370dd88ef73a227
sparkfun-thing-plus-esp32-c6,SparkFun,Thing Plus ESP32-C6,Specification link recorded,https://docs.sparkfun.com/SparkFun_Thing_Plus_ESP32_C6/,https://docs.sparkfun.com/SparkFun_Thing_Plus_ESP32_C6/ | https://github.com/sparkfun/SparkFun_Thing_Plus_ESP32_C6/tree/fb7352f770b885fa9d5767bd25a168b90a11d4e5
sparkfun-thing-plus-esp32-s3,SparkFun,Thing Plus ESP32-S3,Specification link recorded,https://docs.sparkfun.com/SparkFun_Thing_Plus_ESP32-S3/,https://docs.sparkfun.com/SparkFun_Thing_Plus_ESP32-S3/ | https://github.com/sparkfun/SparkFun_Thing_Plus_ESP32-S3/tree/c9fc69fc1d79e1f3e45f7f2e50d5e357b4dd9242
sipeed-tang-nano-4k,Sipeed,Tang Nano 4K,Specification link recorded,https://wiki.sipeed.com/hardware/en/tang/Tang-Nano-4K/Nano-4K.html,https://wiki.sipeed.com/hardware/en/tang/Tang-Nano-4K/Nano-4K.html
sipeed-tang-nano-20k,Sipeed,Tang Nano 20K,Specification link recorded,https://wiki.sipeed.com/hardware/en/tang/tang-nano-20k/nano-20k.html,https://wiki.sipeed.com/hardware/en/tang/tang-nano-20k/nano-20k.html
1bitsquared-icebreaker-v1-0b,1BitSquared,iCEBreaker v1.0b,Specification link recorded,https://docs.icebreaker-fpga.org/hardware/icebreaker/,https://docs.icebreaker-fpga.org/hardware/icebreaker/
lattepanda-iota,LattePanda,IOTA,Specification link recorded,https://docs.lattepanda.com/content/iota_edition/io_playability_Internal/,https://docs.lattepanda.com/content/iota_edition/io_playability_Internal/ | https://docs.lattepanda.com/content/iota_edition/io_playability/
lattepanda-sigma,LattePanda,Sigma,Specification link recorded,https://docs.lattepanda.com/content/sigma_edition/IO_Playability_Internal/,https://docs.lattepanda.com/content/sigma_edition/IO_Playability_Internal/ | https://docs.lattepanda.com/content/sigma_edition/IO_Playability/
lattepanda-v1,LattePanda,V1,Specification link recorded,https://docs.lattepanda.com/content/1st_edition/hardware_introduction/,https://docs.lattepanda.com/content/1st_edition/hardware_introduction/
lattepanda-3-delta,LattePanda,3 Delta,Specification link recorded,https://docs.lattepanda.com/content/3rd_delta_edition/io_playability/,https://docs.lattepanda.com/content/3rd_delta_edition/io_playability/
lattepanda-mu,LattePanda,Mu,Specification link recorded,https://docs.lattepanda.com/content/mu_edition/introduction/,https://docs.lattepanda.com/content/mu_edition/introduction/ | https://github.com/LattePandaTeam/LattePanda-Mu/tree/de2262501378bcbc710625b733b5bf4b4b3d6e39 | https://github.com/LattePandaTeam/LattePanda-Mu/tree/de2262501378bcbc710625b733b5bf4b4b3d6e39/Electricals/Pinouts
lattepanda-mu-ultra,LattePanda,Mu Ultra,Specification link recorded,https://docs.lattepanda.com/content/mu_ultra_edition/introduction/,https://docs.lattepanda.com/content/mu_ultra_edition/introduction/ | https://github.com/LattePandaTeam/LattePanda-Mu-Ultra/tree/8dbe7f9f4fec959ac0394cef9a78c958e5154067 | https://github.com/LattePandaTeam/LattePanda-Mu-Ultra/tree/8dbe7f9f4fec959ac0394cef9a78c958e5154067/Electricals/Pinouts
milk-v-mars,Milk-V,Mars,Specification link recorded,https://milkv.io/docs/mars/getting-started/gpio,https://milkv.io/docs/mars/getting-started/gpio | https://github.com/milk-v/milkv.io/tree/01bc64d3d71bce30faec2bc4ba6dd34310e4ac8c
lattepanda-alpha,LattePanda,Alpha,Specification link recorded,https://docs.lattepanda.com/content/alpha_edition/io_playability/,https://docs.lattepanda.com/content/alpha_edition/io_playability/
lattepanda-delta,LattePanda,Delta,Specification link recorded,https://docs.lattepanda.com/content/alpha_edition/io_playability/,https://docs.lattepanda.com/content/alpha_edition/io_playability/
